id,energy_usage,previous hour,simple LightGBM,clean model,v4,LightGBM-imputed model,best_model recipe,candidate_final recipe
SY071560,77.3,83.0,73.19870357344655,75.56149919356227,75.35712537875384,78.19900580696932,77.84262744484501,77.34644167850468
SY008128,68.5,41.55,62.88769605411165,62.65838121000621,61.78326279849882,63.59923920804547,63.85312973463543,63.05444628518147
SY078549,34.8,36.6,38.33297619885274,38.00938531505889,38.273068763185094,37.65536332864658,37.72855787076996,37.84067495900813
SY074886,49.6,49.9,51.67861869824328,47.06561973405368,46.62281901474772,47.77852204061314,47.44691691232332,47.43181113285351
SY012312,26.1,25.3,27.135908216654837,25.071149008781273,25.437684450930195,24.933657981314624,24.809055982199766,25.084865922199295
SY096921,50.8,54.1,50.10370704229147,45.938943060856914,45.84268107046749,45.696167200999774,45.737168296592756,45.74012136184009
SY085113,65.4,74.3,71.3965098048703,74.08253624332258,72.6907714848112,73.4171740642482,73.39561435179195,73.19925329041709
SY022269,63.5,64.4,61.54793203093504,62.529825441364665,61.2002156415789,63.10098805781293,62.71070416764833,62.530756332942715
SY033451,56.0,55.0,57.355964803778164,56.37730700866983,56.85461818408906,55.97142054020651,56.299655778498064,56.236379833371274
SY021897,50.2,50.7,49.62909307318421,45.87266932758497,49.117111113653834,46.2094985958726,46.8533292620955,47.08178235120697
SY033377,41.9,47.7,40.584323054076755,40.55907387312206,39.356361093236934,39.04742854517729,38.75068119409267,39.14010830959518
SY061616,118.9,119.4,130.9327910471292,120.07484761382153,119.56732730268355,119.44400217533277,119.18586307931422,119.48099971353798
SY073741,60.2,62.6,61.86012663359869,60.28560729214913,59.977157859784434,59.95135947408458,60.06282799371931,59.95909898979453
SY037775,16.5,17.7,18.045197910507806,19.459241413357212,19.93027000678064,18.9816858188613,19.157751849370612,19.2662610752371
SY076756,47.1,46.7,46.4642398841968,45.320767799349426,45.8915957866957,43.770831013139905,44.43739286466392,44.40706044520664
SY078343,19.5,17.8,17.50372365132187,16.072795382859283,16.114140025721483,15.847440125320778,16.08629740786383,15.927450095440989
SY086097,40.6,36.3,44.660711220954546,39.56790334500283,37.220268321367854,39.81842703806042,39.45871438893673,39.03897942305265
SY013318,23.9,23.5,25.227762987536078,22.770198005597443,22.419225319093186,22.40942600935284,22.463315196457664,22.41236580227494
SY017679,49.4,46.8,47.699663418369134,48.04266128270683,48.007411216468356,48.17335257504832,48.1666921120721,48.12357016747433
SY050601,50.9,54.5,50.35929664918527,49.49615939853857,51.37844423852031,49.0416824867139,50.148850729028034,49.74271101225582
SY012696,29.0,31.5,28.535712175471964,32.32016041462719,30.964641339535504,30.072500327636487,30.602758161887113,30.34014263120619
SY097245,38.7,38.0,37.5115360830087,37.5558120643115,35.92114905264205,38.68368837919604,38.14826153463567,37.85492658122985
SY008470,44.4,46.5,45.031064584283946,46.552789862792984,46.38017057660831,46.744842237495874,46.799893862588576,46.6354407392296
SY010219,51.5,44.3,45.34013070676173,44.29600207741959,44.524389605546304,43.504606958454225,43.65920578091363,43.81054175258185
SY081829,26.2,27.1,25.572929238297707,26.998879819034173,26.276996180745492,27.093877498630167,26.90071260652801,26.848813103264764
SY019719,24.6,16.8,23.432368229907905,27.2972343667904,27.372741459218854,25.408894589329048,26.159676330121634,25.998048650295992
SY083549,26.3,17.0,19.459248665188053,23.42602322667019,22.312868973525482,23.794585675842278,23.82140456110093,23.35007066514724
SY027419,95.5,97.0,94.9285038896858,94.97671802173377,95.61061944772169,95.13859670670995,95.20952262476987,95.28020352901346
SY022600,63.5,80.9,73.24687085834456,72.42753636604733,71.8267163230038,74.70009005943524,74.1763051659052,73.8380779385058
SY077387,35.6,35.3,34.94572806236016,33.68524612219156,33.735626214165094,33.75591976543433,33.759071719792914,33.749831700053555
SY095131,36.2,37.3,34.79920116499509,35.6073102305848,35.304559403848614,36.66461187833691,36.34927025776806,36.25659613599042
SY072591,23.6,25.0,25.42289274829075,23.743130218401728,23.34980705073044,23.558082310314525,23.57109324295339,23.495599732439295
SY029472,81.5,62.2,68.64182230702039,70.5331500436433,70.435139515593,69.57704146116774,70.04358273916762,69.8344708774953
SY098090,23.0,23.2,26.163774675631842,22.85660584940998,22.900143139060276,22.656045482506034,22.441169326793705,22.729274779472306
SY004362,25.0,27.6,26.193216829464998,25.63626719656383,26.206071652459208,23.840112508686126,24.40752476488465,24.54990025181805
SY036485,12.0,14.7,13.750071420969764,12.066407744293603,12.756210001387883,13.274349253939983,13.336945834567498,13.118907478174352
SY038752,22.8,25.1,29.734030404408482,27.774559395015253,24.671224929843934,28.23043552099292,27.514269367591965,27.16267234364822
SY007437,85.5,89.6,78.20476058547978,81.7084508092029,82.01269658938409,83.06724717697954,82.45693354815725,82.7508820007009
SY055047,36.9,35.9,34.68619267860438,37.86540131593611,33.921375104243346,39.709234027050044,38.89968456126422,37.97287635020803
SY073374,23.6,22.4,22.94716932553913,22.81746160887246,23.035404475443052,23.250617288812283,22.388319657367425,23.186053444801512
SY062639,64.6,65.5,64.4760707704359,61.0455584093404,60.30527810429827,65.47061897865365,64.57649842919993,63.921016716347026
SY032574,14.4,15.7,16.583573713284434,17.298456132277668,16.686739069136372,17.353706052575326,17.37230027369142,17.15361595754364
SY003148,20.1,21.0,22.304353153312842,22.230510479707426,22.385765729347924,21.418236960745286,21.68342940837099,21.708495591326077
SY018724,71.3,66.3,61.90239332573939,65.87935190332665,65.59662541420305,66.36795581662572,66.37898489137115,66.13655669589892
SY009477,46.3,42.8,42.819317826769776,44.32610306104444,44.685890405304754,43.27237536126667,43.600265721625796,43.69642987447809
SY097875,21.5,22.8,21.341114907140796,22.99335980182903,22.467414290546937,23.54313393470342,23.196438756112176,23.220418041456476
SY031780,13.9,16.8,17.863648151350997,18.317183563580162,18.207478383400456,18.555738300267272,18.560405569496517,18.451260325207226
SY015040,68.8,72.8,72.29043032090776,69.01012188151478,71.53557465226399,67.8126870702127,68.71020916438982,68.9295533448281
SY076921,31.6,36.6,36.418449987615496,36.219457450754376,35.92424313141637,37.59503965329709,37.36085101010611,37.09380069673287
SY038271,34.9,37.6,38.94526187889906,37.07486854250099,37.10540489524173,36.014598626683465,36.489630276461654,36.34184050725094
SY040715,84.6,92.2,90.49576401101933,93.66736852538867,90.99993066956817,94.08234192433925,93.55789389080594,93.15761854790792
SY029292,39.8,37.3,38.00306722884235,38.74369321890841,39.49710712402067,38.38695593406071,38.31571537466948,38.720001291048696
SY053223,27.8,25.4,27.587671412442358,27.697082351774426,26.192221978188023,27.867279858329262,27.253500256460192,27.36476249428689
SY017149,39.9,39.4,40.3786736752398,38.66312196737792,38.53054071991797,40.12678907499955,38.993945417604635,39.64791456847507
SY077302,36.2,41.3,46.35128011889204,36.5020395901662,37.16168145864732,33.19833196797258,34.32979490963014,34.387336815175
SY098236,27.6,15.6,30.69980928071752,32.507033825349495,30.12333117747272,31.675861972004753,30.781320977686338,31.210102733645144
SY028325,46.6,46.5,49.3947600750934,46.814938041293566,47.19199378333498,46.27461196450223,46.469554161447974,46.54982651015205
SY023267,74.9,64.2,72.01380472528777,71.88011229011872,70.51390937636131,73.41063006851265,72.9949853087638,72.54161386086724
SY095889,27.6,52.8,31.466511103968124,36.90787023621761,40.07164336447522,42.68020353577164,42.41906276180788,41.89763548438271
SY033369,21.3,23.2,22.644939438147098,23.547007725087433,22.97484097447548,22.69355078643943,22.981193615176736,22.777937842850246
SY026761,55.2,52.5,54.13132740559757,57.400182317996105,55.362674388677675,56.47321523426174,56.12716354602832,56.14005298058652
SY003335,50.3,56.8,47.48722345558247,45.36338952825706,46.3508577051287,48.10421236225206,47.85736588021512,47.57820596511505
SY034845,37.3,70.9,35.60777531306823,48.65330093829301,45.55212812100898,53.662655422977124,51.54105802543539,51.22949723238668
SY066560,60.5,77.8,70.79923187380129,72.14591659448814,72.95026195657987,73.61247721779158,73.29789727771141,73.41381263942806
SY080094,74.4,76.0,72.83821500977355,76.80577398579017,76.71571765477962,78.19867839375446,77.75476922776575,77.75379017206201
SY025758,76.5,74.7,73.28959671252782,75.71793918187689,74.85237706727007,76.33583671068592,75.8197302629828,75.89079881766116
SY089887,26.0,26.5,24.745881732651096,26.11822988286405,25.94901493634519,27.523155624785414,27.29671620688721,27.050913418253344
SY031875,79.1,70.5,76.43033330526673,78.85233941907109,73.39689371314225,79.04483636494203,78.01998129142359,77.35045356940209
SY078834,115.1,109.6,108.70108714207474,108.09890880564203,110.01756957014571,107.45182454627351,107.68418241901595,108.22154805343516
SY022755,37.3,38.6,37.42371043866636,36.070132582241484,38.43051334416686,35.71726406097267,36.209499198081474,36.53123884593092
SY057039,59.6,59.2,56.28826334772192,56.66456983383915,57.0217332635938,57.232748690683216,57.1797535967004,57.169444062556394
SY007688,60.1,58.0,59.07593669624374,59.81305205574633,60.23348299584521,60.08030678370621,60.207201768168126,60.12625964734791
SY037611,37.3,36.9,37.48766013122866,38.60944286567033,37.71042635425608,39.45468128510322,39.00197485393623,38.93140480584908
SY034277,51.8,48.6,46.54771690415096,47.122019647550474,46.95417174759143,47.9349312133346,47.86827737842255,47.64070337361165
SY005901,21.1,21.9,22.935822528206437,22.180504953591527,21.154001938350824,22.279356306287962,21.803279420722305,21.941749995906818
SY031766,61.4,67.9,67.35754820728489,64.60501576595809,65.29552693170683,63.461737803486926,64.18897670476954,64.01187454195289
SY061654,45.5,46.9,46.967077205280155,51.74689501748034,51.65467660502379,47.99234904905411,49.181343329274796,49.09104731584502
SY097792,74.0,75.8,78.7933173721249,74.34186717105356,75.55590273058289,73.97040852360287,74.3890868093184,74.44605678569687
SY098006,83.8,84.1,85.50682042955074,87.3956391760362,86.14582360812568,87.27952045505714,87.25190323354467,86.9394114009777
SY091242,21.2,22.9,22.869266086127478,23.800803677847597,24.07232053607016,23.893270387303552,24.093501135910962,23.946985431933534
SY078629,45.0,39.9,40.944821593159006,41.11512171799737,40.69199720423977,42.118563152668756,41.82134138201809,41.69059336814006
SY065443,79.0,79.9,83.40732257070832,80.78184648044153,80.32481847141798,81.29253431624412,81.08041437705992,81.00221956279627
SY054062,13.1,13.1,16.018417281848958,18.71120887302149,16.567184192551924,16.664628590441364,16.486104032907154,16.635395271074533
SY028818,27.5,26.8,26.359909915815813,22.090483715155642,22.366596298151627,16.8093363717486,17.965644552605873,18.476514349669507
SY033326,24.3,25.9,26.052983431277614,25.867941721921724,26.793643600487677,25.35231014037502,25.677951608005188,25.784710178408815
SY003889,54.6,48.8,44.305778101325465,48.45479764257885,49.32761936594689,48.72457970506811,48.76391642499105,48.90549160333174
SY034795,26.1,29.3,27.914061222199752,28.962313445023547,29.522722644915476,28.072025732616215,28.35365424169861,28.50723480630599
SY030549,34.3,37.3,37.071895381014606,36.93135358292544,37.88538809229657,35.729518922554895,36.08895442478926,36.3762796734774
SY059057,91.4,92.7,92.12978992894745,95.66508487761823,94.85538632988293,95.33019581738179,95.27949975015872,95.18775297113214
SY017829,45.5,51.6,50.87135314508435,51.93590200024873,51.427531092851865,51.84928084573196,51.73536539640023,51.72275591986793
SY013698,121.9,116.9,118.02314731835244,113.5120890646712,113.96766459956163,113.75828734422547,113.87800048238574,113.82110052082629
SY089508,50.1,37.3,42.42773658794339,39.50496140017492,40.94809589384932,37.69190062748024,38.41449019822617,38.66875920739096
SY071235,29.8,26.3,34.21972094783121,35.033668854185365,33.568015730002315,34.585752847740785,34.16189286455513,34.280431712419244
SY082739,127.1,130.4,127.98494408755803,125.69705893779555,127.76838859101069,125.58766821436534,126.17767922790581,126.24188432735895
SY000358,68.4,66.8,60.40466251460262,62.96555715424945,63.664128447411365,63.424807857052215,63.53223553015109,63.49660403415996
SY039988,80.4,80.4,81.51044013094244,80.53628446808573,79.79854073389852,81.2386340751979,80.85055936517307,80.80660607280808
SY096622,45.1,50.9,49.99628584648952,43.88541729544991,44.59148875428332,41.459017059862596,41.822619939396674,42.39875856818881
SY049153,71.5,74.2,71.33143582155287,68.75909379803738,67.29042352002051,71.18188115218629,70.06574196365575,70.01444386253655
SY092259,73.4,67.1,69.77552287070557,68.6653298171303,66.83665220093093,69.36514499955155,68.5871286787675,68.60659715996536
SY045691,28.8,29.7,28.567615996012048,29.854540607162033,30.534685609328584,28.07390366689997,28.716142095945287,28.812138249628553
SY040624,74.4,82.4,76.7760047556814,71.09670590584797,75.58866687273053,70.37476270405787,71.57760793019187,71.93893395465966
SY057603,35.6,29.3,36.03641607875142,36.16513115928177,34.03223857171794,36.31254856199253,35.871356766153056,35.62845556491015
SY025351,43.5,40.2,40.38402977881356,45.42238436498468,42.42737002719824,45.7537665314949,45.163366664407455,44.755847580205895
SY010237,90.4,88.0,74.17164230364426,77.33345300635322,80.69490712014561,81.45299920115971,81.37877480198642,81.22557157685549
SY082494,125.5,126.1,124.19683404796204,123.85031821609786,123.44976470937831,123.97199970919193,124.28137598530496,123.81532920924784
SY087009,62.3,49.4,64.4683461503736,63.05622705983954,59.6441459519139,65.09230341334799,63.423729877346275,63.457856174917765
SY002130,47.6,48.9,48.8609797974187,45.76378823912347,48.920882641524166,46.91776800422789,47.678530889183286,47.51870239541677
SY052268,47.5,52.4,49.90619464585259,48.11440148839465,48.12111648191379,49.6352880703069,49.2197317109951,49.18103659378896
SY018313,26.1,27.6,27.948679489029256,28.818249912023845,29.082737497921954,29.48678143533532,29.161479485396633,29.36556825411131
SY039874,65.8,47.5,72.91793978603293,60.70923309833598,58.73479635012551,60.71704977344914,60.72889575932429,60.12237374645205
SY083074,54.5,53.5,53.938128062172865,57.9491999681326,55.526617890977185,58.34862385065155,57.529328940121175,57.502022062749234
SY029150,39.0,33.8,42.12093432953816,39.34816766083382,40.50932502007987,38.94635783662215,39.16944431145516,39.41524799165946
SY099980,81.6,83.1,85.66455834413134,84.8924607873527,84.87378497550411,84.21146614384038,84.48434776032246,84.4101617933395
SY062179,34.6,38.2,34.32527069097669,36.2207803454522,36.86582875915346,35.05512818925139,35.508098495373766,35.59833836022201
SY081936,32.3,73.7,44.68031573012803,50.95868754085133,52.41946692981314,54.55613098152526,53.67323904164134,53.91513176601162
SY096047,51.3,46.7,53.3294294881649,54.67504531919387,52.37490728823908,52.97878621431314,52.7497650907096,52.79762253649092
SY080614,34.4,23.9,31.37046931469536,36.23812953018569,33.50175463298377,34.784816063721316,34.27084916141367,34.39989763450005
SY078789,59.7,63.4,61.33591398080597,63.85632517240646,61.64855590487702,64.94694746116268,64.08124252162308,63.95742999427698
SY003000,50.0,42.2,49.495742441027275,51.64827241043014,50.39212377583465,51.29151604219756,51.09877466568157,51.02169836228868
SY087524,26.9,28.5,25.735667955163322,26.539546797699863,26.974916648436846,26.41161310829462,26.587437987315706,26.58060417033729
SY073617,46.0,44.8,45.66524546567298,46.97211887508861,47.28177910920651,46.63776412075378,46.92053849893432,46.8309686172896
SY084104,63.7,62.5,69.25637844712148,64.7290684037165,66.8564816934821,62.299970295520325,63.63394642229404,63.66692371490885
SY003013,27.4,24.5,29.22323017991759,23.935860268887037,22.963281943438147,24.9807051359493,25.42062940949842,24.37547817819595
SY023810,29.5,26.3,27.218237058922202,27.315159861106167,26.85425848540859,27.45800270217949,26.924103386568213,27.276879437148217
SY026763,21.8,20.8,20.32052017581766,20.74361346785822,20.513799451733124,20.753254450359137,20.62225926923043,20.681417950771333
SY030983,16.9,19.9,19.304838565977885,20.1926756613269,20.442131582666804,19.933599217507833,20.2759188417951,20.086158927055525
SY051634,22.6,18.8,22.228669962017374,21.229137082058912,20.875032377985406,21.323706109109605,21.771144376146594,21.18910398977234
SY014976,47.4,43.7,43.65560643005026,47.761655465616045,47.401482658216075,47.05417216002278,47.18885456398086,47.158365309480764
SY035597,49.1,56.5,56.164504592286676,56.17431335240953,56.223643841813704,56.312966023455786,56.29600712599216,56.28616936896316
SY003715,65.1,68.7,66.01650371496906,69.20258098214394,70.16914890564419,69.18019592109124,69.57726949237357,69.47688181645712
SY032610,79.1,70.5,73.8542020445149,70.68828932324084,68.41894312570386,69.91407167374886,69.4874220926311,69.46553310933535
SY080078,26.5,24.6,27.275469562562154,24.780270813878523,24.381177056257698,20.892417035812826,22.35553735127876,21.939045041946287
SY074579,31.9,25.6,29.66217299467744,32.13378971106453,30.707899848112422,32.480186079510254,32.01668497964631,31.948500210090902
SY092490,80.1,80.8,83.52798307174466,77.72344180738122,76.71263504715151,79.77347577211567,79.26060730545274,78.85522355462642
SY072157,30.4,31.6,28.742911472772754,26.986634023581836,27.664472910853092,26.40100919211584,26.957080778251925,26.78004830773701
SY028056,39.5,40.9,40.596354458692204,41.39851968556749,40.80793081788674,41.30573548405269,41.29744843779639,41.1563940842029
SY054609,54.2,45.4,43.06425953705157,51.699235625746546,48.75861739208638,53.03592175495454,52.35435982521996,51.75273044609409
SY020105,79.3,75.9,76.9186059820527,75.35415428524836,73.09153196500014,76.54122937820725,75.85217822061952,75.50632015424512
SY063407,25.4,26.9,25.317867116861738,26.963191451805066,27.04513445807457,26.971560516961585,27.07257021294712,26.99363269929548
SY096806,51.8,52.3,56.457115013478614,51.4183529602944,54.64550686604079,48.59162260007065,49.70389613909587,50.40778787986169
SY012216,26.5,26.1,24.53992730636658,26.187620145593343,26.756276067329303,25.98977651308086,26.283964275826122,26.219726379355393
SY070442,67.4,68.4,73.78052255169284,72.08113929100017,74.07611371250579,67.05891258029007,69.4276703418071,69.16407291995478
SY045106,86.4,88.1,83.01713037700245,86.46815518377537,85.33201396418517,88.95375136143456,87.91453730388932,87.86723014225973
SY073582,78.1,84.2,79.29486082203539,74.90929094624968,80.55233465337906,76.16587411717367,77.68148802764529,77.48181227803528
SY010435,64.5,56.2,58.16625117354826,58.50039066102708,58.61277109111726,57.34198785909511,57.720268661810955,57.72322282870175
SY070706,29.9,32.2,29.580618997701222,30.993118926845035,32.4421324226184,30.476650454970798,30.89826430751337,31.06629504526508
SY057901,38.2,42.4,39.53281581884869,40.49674968007341,40.98149403338302,40.0367503047367,40.2172862236462,40.320173423330594
SY013196,98.9,115.2,101.47196203744957,103.48859426232704,104.88587064680429,103.84659552723228,104.39826610628131,104.15837806310387
SY081300,11.0,13.0,14.753109092576569,15.450107165334229,15.8905503385979,13.436879932198178,14.422673024817646,14.172981054118093
SY038362,23.9,25.7,27.34282919619108,29.12846053288733,28.76194834979292,30.42524223972162,29.941520114443424,29.92625407274301
SY078075,66.5,69.3,69.7580538282719,66.51658219035164,66.42643906822536,67.00433544960379,66.65052105841545,66.83096653519026
SY039459,29.6,19.3,29.321675907490448,26.968847961398044,26.86246391458986,26.260925153085868,26.446510402543716,26.441386781537062
SY065570,39.9,64.4,46.63585874121839,46.18357550378154,49.30904238979216,44.970171266731256,45.818875896028594,46.27183260364953
SY009362,28.0,27.6,27.789542854419278,25.297089830471453,25.359362176818728,26.648544642893302,26.100972656999502,26.261789903070927
SY025849,112.8,100.8,104.93484436592436,104.21314927481387,103.33389909274642,104.43085516622583,103.97855813582525,104.101768344182
SY047606,62.7,29.9,44.03268492756011,42.10820811877721,37.33456594548454,41.99490343223262,40.67385822948279,40.596802186208194
SY029845,36.4,36.0,42.84259527283075,39.862494250748455,38.5616217104868,40.99154161230206,40.727693772750705,40.262565641757476
SY018774,47.2,51.4,49.21258454033791,50.87419534817846,50.93673451615046,50.84264783264677,50.854627191974814,50.87087383769787
SY027028,68.6,77.9,69.98036151575751,71.19663044752807,75.48497361328724,70.02040089557667,71.57950435645027,71.65977271088984
SY039808,44.3,47.3,46.10695756238601,46.65558645913978,46.80526103429745,45.9163029697625,45.998760032154856,46.18299038912298
SY004438,76.1,72.3,75.18968661896265,74.04553030408306,73.73606120601532,74.28770392177783,73.99571986509343,74.12221110704908
SY087963,18.1,18.1,17.767456563978847,18.615254968952698,18.90447876639726,17.943418596608094,18.256434568388133,18.231736647544842
SY096860,17.5,16.6,16.248101126880556,15.73395358696218,15.302488616473044,16.267038640049982,16.26978376420435,15.9776736329769
SY040894,46.4,45.3,46.615967345594264,44.245738490714686,44.5383440786902,45.3724266128617,44.73187908186733,45.12220185261025
SY081794,48.5,41.9,47.81175105273407,48.331100732545934,46.52490626553085,47.5249543653548,47.41737296490455,47.22493993540762
SY060781,42.5,34.2,46.71786578088534,43.174517357282625,41.35824360760604,42.865278261683095,42.58753758235612,42.413167865459975
SY031448,51.8,44.1,48.05684575829398,54.87555604956533,54.24540617065287,55.32786706210125,55.12025961725193,55.003128794666736
SY060965,76.2,77.3,76.71291889466043,72.24880392531726,72.856458633831,73.14319184499513,72.73225877599421,73.05717188164589
SY038804,66.5,60.4,70.71728694740823,66.90336153701907,67.04945546901543,66.10071379956807,66.20319470614945,66.38533630040227
SY073679,78.3,79.7,79.6321644684633,77.04971940881764,76.8939916497099,76.90900302008126,77.19630581584056,76.90449960896984
SY084403,95.9,71.7,77.3034973143707,88.25935274501171,89.77023110731648,76.63577152903638,80.47048256003204,80.5761094025204
SY082552,70.4,71.1,72.40160975117206,72.40472048152286,71.03106496774089,72.6334218896845,71.93988478687447,72.15271481310141
SY064630,83.9,92.1,88.94318252009386,91.1804854247906,89.12989177551873,92.84606997340107,91.72517068528751,91.73121651403636
SY076458,64.3,51.5,59.59190929797207,58.172329522855506,59.411906940011434,56.49048065342655,57.484977570038325,57.36690853940201
SY012324,79.5,78.5,68.34069378615064,64.81422292631923,70.02600163352665,63.670927142522565,65.14779289234951,65.57744948982379
SY044891,23.9,24.1,23.75448962811756,25.770611190720935,24.419578734297573,26.690199268349602,25.927491884154307,26.009013108133992
SY039979,18.2,16.3,16.476114759928095,20.189041269341928,18.65533538714459,20.480730923052544,20.27123196834784,19.933112262280154
SY041207,67.4,61.1,57.7314994409821,54.27901091571586,54.2007422517203,55.90769870842654,56.02329621588598,55.395611771414664
SY064303,48.6,45.0,39.36152462984915,46.19367116143791,46.83832077804238,45.88212536138601,46.39061869189645,46.16898398638292
SY047073,14.4,15.4,14.917051212766886,15.21012953250884,14.928135022255644,15.076497080703376,14.907831486033542,15.031988463169055
SY000398,41.3,38.4,38.11662388468614,38.32599087552713,42.18460185716434,37.678434092509704,38.911935837337865,39.030284421906096
SY065708,18.6,18.9,18.19849518175731,19.38609655474133,19.002590309581784,18.550059361586662,18.351270818380712,18.685818645985197
SY069942,82.0,80.9,79.18110937217133,79.36620403709284,77.2539860028537,78.10564931505546,78.36512036344183,77.85015032139492
SY026617,44.8,54.6,48.99183859899297,46.22495795898461,45.34846297198101,46.49368865894324,46.04688360098882,46.15012095285457
SY026024,24.5,29.3,27.444620608208346,27.701852095251745,28.208039640239882,28.812717776487744,28.564883000718808,28.631314335613382
SY017620,26.4,24.7,26.55964515676767,29.82537842459172,28.966536149739873,34.16379456241886,32.66622864740223,32.60461703861516
SY035267,13.3,14.8,13.779741176796554,12.175415493118399,14.80715961538385,10.484272388555528,11.40565279027454,11.781138556604024
SY053706,26.3,24.1,26.139020920274252,28.40687817115949,28.17136689977821,28.026055374832822,27.915875140229836,28.069648832316435
SY002932,61.5,65.4,60.78264406667056,60.59733790249852,61.75644431222793,60.031753611414146,60.62314871242991,60.549160821658276
SY072403,21.4,19.1,22.189785393289494,21.956644620485484,20.83896830442494,22.275917447994008,21.90745111458629,21.844832704923288
SY076233,44.8,40.2,45.88877387517806,48.529171592319116,44.31690044456387,49.107480352810576,47.87496314291705,47.67030638033656
SY062865,81.1,84.8,79.38467501498815,82.36267118976872,83.55075574934801,85.43615184379982,85.00719818090002,84.87053301546428
SY074795,42.7,40.0,39.84533354129469,41.12755864715439,41.50989367470416,40.75573813899219,40.81679687042916,40.981984799705785
SY096631,15.7,16.1,15.67269394518087,15.66976469858661,15.738299803073367,15.892150135640744,15.770374253574682,15.84599503587053
SY044713,20.1,18.6,17.81592670620023,18.946314919006127,18.380458698279632,19.826490529144042,19.454267865642706,19.39268097988472
SY074852,53.9,52.8,57.44014680350947,55.64327388470081,55.79952531407833,55.73951861117867,56.286949374157,55.75752062204856
SY009387,39.4,57.8,41.279821772587454,44.74012255317614,47.65108837600219,43.27615742004359,44.369709680826574,44.58863670683117
SY092581,47.3,49.7,49.42822535626604,50.37456895035841,50.36982817051557,50.37469241007532,50.24947177953797,50.37323313820739
SY011779,83.7,94.9,84.79153427647515,88.0649224101748,89.48992510674638,89.91361673152431,90.18505748341083,89.78650924409092
SY091395,27.2,25.8,26.351781453984696,24.88743471400855,26.001064827853984,24.06400763186935,24.665356349452992,24.645124790664738
SY012475,53.4,49.8,51.87995329538022,52.363968019785865,52.4416560138162,50.08660662212884,50.534396406627124,50.793121439635044
SY016343,65.5,58.0,61.34929373481925,66.21249109965328,62.495879514245836,65.21918886176002,64.52705124780864,64.40219605750576
SY068512,26.4,28.1,28.073685370603506,28.124896963374887,27.401760996646473,28.88398898691699,28.53926056429136,28.43932058983583
SY018601,35.6,40.7,37.264614842365305,36.34170515997185,34.867579886536646,38.11049258518002,37.82043531199277,37.137618775587
SY063322,31.2,31.4,29.614182544372607,30.59789915573362,30.95702635076571,29.930974985103166,30.13844900292142,30.238790394801924
SY026854,37.9,43.3,36.32655787990635,32.55856460951357,34.31102260135926,31.752391548576888,32.61787374774992,32.5199808644116
SY078348,68.2,69.7,72.9660140983512,73.68597204602425,71.61661012763693,74.10807218702602,73.44265743743969,73.3606335692093
SY021769,23.9,29.3,29.193482591770724,29.29435985030372,29.446605622405045,29.710585758540322,29.23044029812951,29.631391717699735
SY093364,50.8,37.6,45.360558356923754,45.28585802937772,46.39711534238906,44.823631899208706,45.30493187364206,45.295676932162806
SY006226,29.8,32.4,30.025457844432577,30.717724380774882,28.3821262077513,31.61724279833623,30.733219195434902,30.646707821160746
SY069530,30.1,23.1,31.07625880299696,32.60963274386217,30.898191478337303,31.021139539079627,31.01839191970418,30.98425512085693
SY037894,43.0,40.0,41.42937720285369,38.537662181279195,39.545742831898124,37.873430148404175,37.88465896879825,38.37512395345236
SY087860,37.8,38.5,37.281996024280716,37.45462731662509,37.79387114182822,36.836604068254,37.23839135380288,37.12378419032626
SY001454,33.9,31.9,33.87355748330583,34.71051342408019,33.787305096795194,36.13661669469525,35.137283935573414,35.43182321532523
SY007910,48.7,62.5,61.16425079443208,58.661309543550615,59.03316089308007,64.41069038716311,62.862779008160494,62.7974315389382
SY077986,40.6,25.5,35.99361754739847,37.28351883338374,36.27397401508919,37.79571280843764,37.41489904900473,37.339191170433104
SY041855,36.2,34.0,36.246179448702115,40.09373580658118,39.86985915930476,38.49653578149805,38.5971307686423,38.90853279484006
SY080501,122.3,101.6,87.36998483310626,125.07402215404653,124.96945259768938,118.93732859402876,122.04438129266467,120.74696579512693
SY041524,77.1,58.25,68.32932155726354,61.70884856255367,60.8617844570267,59.69280684334247,60.155146908717086,60.04350012744773
SY046674,27.1,24.0,24.79287116724844,23.348624493098583,25.91019530242207,24.42544318630637,23.755219650630668,24.87086882114108
SY085304,140.3,132.5,133.6305320260142,133.69506830896992,135.66430015840086,133.4425233099558,134.08308996289554,134.1090563644893
SY021996,55.4,50.2,45.87772436312167,58.22622577648493,53.85020237464329,59.316713049620525,57.15384490904019,57.67675984712734
SY058666,49.3,47.1,39.38365192678822,42.795274665573515,43.63834849995662,44.34626373623245,43.418269611819056,44.1338891653497
SY000309,34.9,32.2,35.69240306117337,37.78868593710189,39.59768876355528,40.16494972570159,40.2269290647525,39.99477143705769
SY034805,18.9,16.4,17.415228366164722,17.885197790831434,16.70650826592491,18.19433391839516,17.7776569841864,17.747986222654085
SY086498,89.5,127.5,114.44899381491902,108.42136385577646,108.83836666048003,113.62046458113704,112.29588428100553,112.18583520493993
SY062940,25.0,28.8,29.91984541993875,27.908592294814035,28.47731161668409,26.699641084658545,27.17690748431694,27.232942244266205
SY067257,78.4,78.2,73.28128048078366,72.90711600892894,73.1179196384341,77.12045514103477,76.07062054369841,75.91969449025457
SY054670,47.6,58.8,39.31464269490804,48.7568698418917,50.78271531569699,41.15617860628024,43.42971916424608,44.044139619105266
SY050626,43.3,32.4,44.92128666249209,44.298428669419174,43.59030127510336,43.83442122013953,43.98824971618701,43.76118523662868
SY057596,43.2,45.0,45.48599107204219,43.00171543437638,44.20806615698291,43.79091240221568,44.0526143289868,43.91605852864585
SY059272,22.1,25.9,23.94189594124984,25.29311219317836,25.87418729841641,24.541427714940664,25.07149277612624,24.941255589983385
SY029634,62.3,58.1,57.161534010684576,56.786184774276464,55.67763817258123,56.65268349982949,56.42996600862953,56.36016990165501
SY072013,64.7,58.6,61.72650991084472,62.045245918775606,61.673629416345044,61.65616271293352,61.72220512634474,61.66140272395698
SY047626,68.3,68.9,70.46198613785201,68.60867296980874,70.50756903211436,68.50986742362423,68.87558717371958,69.10917790617127
SY053128,104.7,102.0,102.98902524767941,104.89649150272554,104.75817445238239,105.97110490966593,105.71122717075959,105.60722577248086
SY045491,61.1,30.6,40.28401377644438,40.629182955503424,34.679416076367005,44.46594560370175,42.07232590930036,41.529986745501326
SY094154,64.7,48.0,56.99295121194802,51.96628514243125,51.64274053194855,51.447289896446115,51.46663413351112,51.50592508709684
SY027637,18.3,30.2,28.12551241498948,29.553973495253782,26.5840787092733,33.66653748841152,32.98374397687728,31.541799854670053
SY096989,62.0,64.3,56.89262766848351,60.51514421651723,61.31202356609886,61.35041496709366,61.01223912841297,61.338897546795216
SY015767,54.8,52.0,56.90653687696194,56.387648190288324,57.77808939287879,54.80226571432705,55.751852830091956,55.69501281789256
SY045720,73.8,77.1,77.23536596088208,76.75248060699784,77.22229642671581,75.47998091301768,75.91551321392396,76.00267556712711
SY090224,62.5,59.4,61.79256265691487,58.91319319564272,61.263002114187294,61.72241421217723,61.160411051331,61.58459058278024
SY046550,81.0,86.0,82.71322144880563,88.36729472192592,86.81806814835728,89.83432045263115,88.97768405189487,88.92944476134898
SY064595,65.5,66.1,63.11088781963472,63.686216760719695,62.85745579866505,64.39117031104279,63.98296818584865,63.93105595732946
SY058468,50.8,45.7,46.77128472769474,49.67243047959686,47.45527798704354,50.478711462628155,49.64636609040724,49.57168141995277
SY038511,22.8,23.6,22.94260017115776,21.760114234979902,21.376222319973408,20.9106590633123,21.411198589742575,21.05032804031063
SY054647,49.3,54.8,50.99120432676028,49.76293454867806,51.91163179215393,45.69806343461608,47.69061285604273,47.562133941877434
SY027035,16.5,19.1,19.18048160004031,19.24046320158189,19.46006787109163,18.529592490706207,18.918449274560828,18.808735104821835
SY040705,79.3,76.6,74.09476796384227,76.62547661690294,76.4771877005473,77.38272503524618,76.97548934927845,77.11106383483651
SY009659,55.1,63.2,56.054293769452755,57.80796849322523,57.38838670533568,58.51703294849703,58.28937010516385,58.178439075548624
SY092907,37.7,68.7,38.39247946211921,44.29730745878902,45.38154927943855,45.62111198611573,45.63706070316746,45.549243174112576
SY013472,54.5,61.3,57.045689570897906,57.46576278162125,60.13689339060838,56.0460457225491,57.12631252364438,57.27330002296688
SY055823,59.5,62.0,71.75948695763388,70.69687814691093,70.95312322295209,64.36093859377476,66.15611861568121,66.33859398252795
SY051423,29.0,31.5,30.986016571892733,34.885152590562384,33.024078928421034,34.58274928877442,33.963810678901034,34.115148180668406
SY061057,65.8,65.5,66.01094793536761,63.338803931059786,67.50351070439066,60.86375683678999,62.755955719020655,62.85568299707019
SY016158,46.4,33.2,37.99507287845491,42.94708878444104,41.52042703934686,42.789136144999,42.37546412028674,42.40852341330336
SY053736,100.6,98.1,98.77234734396842,100.555555145742,100.33377618985622,102.50923048632217,101.78123914851513,101.85659419738238
SY021573,82.5,82.5,79.34742076169543,83.58175483183578,80.35525943359289,86.22166950260313,84.39917333699098,84.46174648190006
SY096393,60.6,59.0,59.11886837140975,61.252677345339855,60.01387217442405,62.26035395629615,61.84444391697498,61.586409421734515
SY085385,29.7,43.4,33.839544412502484,33.85449110054907,35.51141430782917,33.2541672170171,33.713193539329424,33.931341344260716
SY096177,59.9,72.6,63.2895616545705,62.5521416444234,64.87079142139973,63.770099539748614,64.14975956612511,64.10030710424394
SY010849,20.4,22.9,22.05606312522841,24.446012421021877,24.706651672582698,24.419406754424745,24.7130410483678,24.50558022987213
SY018021,19.6,16.2,17.431732736135984,18.014032389485088,16.79306096813596,18.232635330110206,18.034097860438212,17.80076302151793
SY054208,115.5,68.4,87.80777182790895,106.3290829724553,103.03674132921411,113.78471162516708,111.85350418000779,110.56032053638118
SY055115,40.7,44.2,48.75057342980371,44.560956087836644,45.68268616494875,43.8794537778532,43.94631169643242,44.420423493981865
SY066349,14.5,15.4,15.215574075308004,16.23703879311629,16.064264007899453,16.161917426204838,16.3011394514934,16.13262140071322
SY031813,39.5,22.8,40.8378064863107,46.86640830039053,39.36496693242218,42.09309882506413,42.42872682682042,41.274659257271544
SY078071,42.4,39.3,43.96226949864435,44.47321497518275,43.44178498501372,46.22221049334705,45.633428940987,45.38808284084705
SY019011,54.8,53.1,53.236953360456276,53.60039243683306,54.292539041045686,53.71832166779067,53.49683020697627,53.89058687976717
SY087756,28.8,29.8,32.87343179237995,34.20695847028555,32.93832398525036,32.83928158268688,32.59429694917879,32.86899430345592
SY095354,53.5,53.8,52.22326309860577,50.71022866836185,50.85261252929442,50.315084846938774,50.61351239749792,50.476343151645466
SY054912,48.1,47.2,49.81394115002129,48.31269070444293,46.227384333942034,50.43873538596149,49.326061893240954,49.175330070355656
SY072684,13.0,11.8,14.164228184029682,11.785538884605621,13.149277063823009,11.044493856053231,11.876139116234187,11.675928818384165
SY024185,71.3,69.4,71.68484985978871,71.41954022128236,71.24246638540916,71.76837903128269,71.79349481974566,71.61060523752063
SY026729,21.5,24.3,22.296514876478792,22.864892450649023,21.797415348270818,24.2565735523678,23.679906374038517,23.518826091138703
SY022057,41.1,37.7,41.52141428245653,39.453453061978976,39.12799072734956,39.98685874096789,39.60828387023408,39.72919833688239
SY080233,64.0,65.0,63.85973146865563,65.70236254796824,67.53475982836913,63.07026344310996,64.2740008835131,64.40961235868771
SY077803,13.5,10.0,13.37767832470355,11.268970446007284,9.78332495941036,11.19462570330696,10.758739062801748,10.771235480137978
SY044559,14.0,14.9,13.300744536131544,10.918149081666217,13.406910830723202,9.15263439258571,10.119388237966756,10.428917324026958
SY010057,40.6,45.9,41.82634132036969,40.45162470272399,42.018277322912375,41.035461900596566,41.11695260978112,41.330306527291306
SY071788,69.1,72.2,76.28821020233327,77.5321637732333,76.13785088968382,77.81644927043777,77.83689432663725,77.31286975621158
SY026920,68.1,76.0,68.51285623945996,66.86604513342051,68.41931185358172,69.35105233979881,69.00531739953016,69.07153019393368
SY010569,56.7,45.9,45.6155608179588,49.48778238543803,49.99055054676032,46.92171192566318,47.3200758044018,47.842363511992325
SY078606,121.1,120.0,118.33675946320861,114.09910223943055,115.5372707703839,115.80267704135386,115.52597134559028,115.72305516006286
SY023301,67.4,68.5,65.73371128110074,68.74801590151051,68.16991062730557,68.42523808144637,68.25584492304498,68.34863984520412
SY030907,80.3,72.0,79.88127185597372,73.78949569547444,74.70210806768672,72.85389238084888,72.88574966363444,73.40835708690022
SY083458,57.2,53.9,60.01207315721238,56.96479114430028,59.64833313741748,54.68934367901518,55.74092518144316,56.17704051653587
SY074617,18.5,17.8,18.831134496279965,18.220299293277126,18.640371447479495,17.513512446416144,17.976116888465018,17.85157014673515
SY010580,59.5,62.5,60.293691500959625,63.13447677157662,61.85023743808398,64.28504155087107,63.710202624221395,63.55460031703494
SY080913,32.7,33.4,31.914422450763034,32.70841240021007,29.841290658411417,35.50071555258631,34.0771119086474,33.80288808433384
SY012946,37.5,39.2,37.830293182719544,36.65307563145042,35.923790795955554,38.212841544098005,37.74211177390799,37.52612631965527
SY072071,42.6,44.0,44.81176809702487,44.156469144774064,43.24326800525922,45.58326503434639,45.02924545741693,44.881265925620234
SY012979,27.0,27.5,26.332939653206864,26.896124658320467,25.165033866268605,28.24389716357006,27.481426664110884,27.320238174379625
SY045275,44.8,48.1,46.656369509770435,49.593227389690185,49.406591785671935,50.017696210408076,50.14895543487269,49.83436488298723
SY072904,84.8,75.2,75.60666306883341,73.10903924291367,74.10385879950164,75.85978665858697,75.33119402919482,75.33300830086137
SY011816,30.0,29.5,29.817436875296146,32.78457669518207,33.1630779862398,32.1744919683437,32.6687470151214,32.47106777371253
SY007856,30.7,27.55,29.420027109480824,30.116236829128184,31.4981551413986,29.74560750970507,30.39016231926309,30.271371799213128
SY045582,52.9,50.7,52.782179962376794,53.482440068996354,52.05352211855722,53.71894657241019,53.56022261332417,53.21931923625429
SY049079,15.3,17.3,16.674946698020197,15.668417474676183,16.308600268039118,16.091531954386674,16.08788100881324,16.156652448482408
SY076257,61.3,52.4,56.6299425957415,54.68521261409635,54.42464502600777,53.84599433025461,53.748208544533206,54.019589538980554
SY031099,42.2,37.4,38.02571467818909,38.47754189430987,38.949304496904816,36.47003290765205,37.67894502356532,37.21381438442788
SY069645,18.5,18.9,19.88584692636828,20.790788945155082,20.380333244971307,20.9115333438502,20.762652740847532,20.75217331418653
SY060687,63.9,54.1,62.202267056164125,62.227566396790756,61.51890235102856,61.65166633952977,62.133954052267015,61.6118371429794
SY009390,27.4,23.8,28.229494135033185,26.86429208486951,26.971294180199497,26.33149075145269,26.378117880042044,26.523431780076734
SY075852,95.1,83.8,86.99407133807549,88.07906086109793,86.28386279079967,89.22589679318142,88.43995559646244,88.3432865924669
SY022151,23.3,25.0,23.807697870664388,23.86446409285113,24.143305051605612,23.435164161400785,23.557058811483238,23.647606428462232
SY008183,38.2,36.5,36.927164642956335,35.7401084389555,34.339547417828165,37.29191239616116,36.49395216867279,36.40620290266126
SY098003,28.1,27.4,25.080508266976214,27.10864068046188,27.92219357627667,26.208718805969248,26.636155726642023,26.722761237061473
SY033429,57.5,48.6,50.02593593263077,57.37540913662221,56.84417497589245,60.70799366685715,58.918651145113714,59.54884805956773
SY066791,75.3,73.0,73.06759544234379,74.28792982196349,73.93388071213103,74.8102655257661,74.67053884666468,74.54735008167557
SY096886,38.9,30.9,42.57656598406119,43.05079930911164,40.28913311773669,44.814898322206915,43.875269778231335,43.45716876086584
SY028556,36.7,40.4,42.19359470085414,37.52414393831192,39.00118378141783,36.60142894222737,37.358087203068656,37.32135539398451
SY014106,38.9,28.0,36.613119243682,37.35618499407502,36.46211326656619,35.8904066982405,36.31370599952281,36.0619186687382
SY024716,37.4,38.9,38.69224867730534,39.52228981365013,40.03913346885689,38.92140942674794,39.19438000385178,39.256726639380624
SY000787,65.1,62.5,63.23791142734484,62.04015222571626,62.565729325667085,61.91631073713516,62.06135252382071,62.11113631369474
SY013529,17.4,16.1,15.925863982732457,18.15509294298346,17.262650405837242,16.760897376039694,16.96209147497299,16.91142328497896
SY037704,17.9,18.6,17.693921497275436,18.88945571644921,18.85911307038257,19.040686386424106,18.960939179469683,18.986214391611647
SY024309,26.9,43.8,35.46235524265068,36.9608611467963,39.66170905310835,38.35474499176845,38.62988762940491,38.74683421017042
SY068590,22.8,23.5,23.279136966717463,22.11526110380284,22.295132706447447,22.992924941045363,23.26651225357523,22.783587270665986
SY089588,26.3,25.5,26.429910867621604,26.372580342240422,26.662298231278456,25.58433249018517,25.8338623366721,25.907722212513153
SY019180,25.7,25.0,26.33987902732815,26.351880453056914,27.06496834792076,26.324497308691726,26.712706971848178,26.546638620460435
SY092634,33.5,64.1,50.56337934732217,45.07890202030961,45.97234504589813,42.490166125154644,43.39584430069841,43.53481980137769
SY069570,67.6,68.1,69.48576811888401,67.29991941544054,66.62825123569075,69.7613350842874,69.17070264068619,68.8214099297084
SY013603,38.4,36.7,38.51758039754273,39.539373819050695,40.708164014584526,38.35061818327307,38.605739493050805,39.057881932666504
SY060683,70.1,65.9,70.21566739123767,70.26326631468642,67.69465374091186,71.27051546724873,70.86570466553725,70.19775694934766
SY068747,53.0,35.3,43.75127988966542,45.81157112446071,42.90142388209989,46.69488844533417,45.53960098191261,45.55684907636388
SY045320,41.9,45.2,41.06659796432958,42.82263395091441,43.32625203972,42.535218645478096,42.707130061554594,42.77252866375066
SY094440,25.2,25.2,25.669670785154366,25.99402281280077,27.743546984213978,25.188799769545305,25.8936320536116,25.955223933945906
SY073500,55.3,52.3,56.12226386108598,57.86159630779774,57.335608224655154,55.49372150723882,56.14662902076473,56.046287522463714
SY090458,61.1,59.5,59.83335880765943,60.54453678608836,59.6550676671206,61.2658384250361,60.890067799692204,60.78260719766145
SY025945,51.4,45.3,52.996755686052964,55.71090780172378,50.80753437338542,56.27072247952441,54.5701619685736,54.63176604768271
SY089737,45.6,59.9,53.44777765150827,56.17487453284534,57.391345546587,54.78016773906237,55.40990158127286,55.563521081319756
SY060012,44.6,43.4,41.30125595657336,42.4538523509149,43.397732980307055,42.27413735577984,42.24568987586699,42.611216043138
SY019346,44.8,47.6,46.2912139252983,47.72610096911441,48.380188775879404,49.157873272331486,48.96212614390991,48.924567923395855
SY024883,60.3,68.2,65.01272111236045,58.13291838434495,64.10156922368,59.78205381743951,61.48381520708016,61.077908439311656
SY034783,25.1,26.9,24.85028910268458,22.554082193706982,24.257360700912084,23.00259979339344,23.716182129069505,23.37902806564903
SY072540,71.3,69.6,68.62085841081002,67.59470530522006,66.80594232076213,69.01091645144393,68.57738936580498,68.34942421223938
SY024479,91.2,98.2,92.55148964375763,93.93604368644984,92.13851336716583,95.18374120839306,94.25735755947419,94.27017285602489
SY099856,25.6,29.9,27.386650389887876,29.3441866995305,28.324482607325805,30.32816466128161,29.76559593509995,29.727060045094866
SY011869,36.4,42.6,39.50723502213937,44.15878157034483,40.740409695020205,46.293645942750345,44.74363469056142,44.6276750684313
SY008675,106.1,111.4,113.39673903392895,113.72534777387494,110.5359025125482,113.75097899712094,113.16808456721131,112.7864560517491
SY054429,49.0,60.4,55.67000136882766,56.7182225235481,56.812696576831215,56.671048889463734,56.63666375052276,56.71354319567398
SY012617,25.8,25.7,27.76980751258642,26.894750138352574,26.764556197103342,26.272086679843664,26.2132962828581,26.419827535021565
SY033923,27.9,58.1,37.248566654666746,39.67561887829999,42.61042058649768,45.737489212728555,45.002314448525055,44.79936862485929
SY012174,24.0,33.9,25.70477865898028,28.13059377059502,27.568299680149266,28.271410904890494,28.610777706482903,28.060477537468124
SY017301,66.8,62.7,60.438395077723996,62.34978069218121,61.98931245849052,62.89250392359696,62.55047351034604,62.62154648406502
SY035272,33.8,31.5,32.45238975441947,33.47257412571729,31.41521090350382,33.37988500994696,32.905532337442054,32.79048277801402
SY086650,14.5,17.1,17.56093605951822,18.62967689877163,18.256601409680716,18.93800705131464,18.725056602895464,18.73358535882446
SY002283,69.0,51.5,60.12240162735775,57.58933999893211,57.60782801738268,56.12781757237288,56.31015650052128,56.571820705875815
SY094212,35.5,48.7,47.48854478307755,45.394373834079595,49.29977561552453,46.46122616303127,47.63038732835267,47.31279099877925
SY051450,38.1,35.5,38.3752878458187,37.8910090254214,37.953324301038094,36.750152910615135,36.9450167085988,37.11110432774202
SY099757,35.8,38.9,38.49408589963108,38.34412027634046,38.53018674449907,37.7275649038838,37.929505366045746,37.96835145606838
SY078544,38.0,38.8,45.624012189462476,46.37113020794018,46.73001569497531,44.072277900707014,44.86685986203467,44.869599238987504
SY019829,34.8,34.5,35.46308395246192,36.52092147638245,36.354013346398446,35.98521942698444,35.876659214851244,36.09585760280864
SY041657,38.1,37.1,37.694033578991196,37.19743332583229,38.0074824697338,37.21745793661237,37.23322932496973,37.4544652965488
SY068791,108.9,107.9,102.08624347147352,104.33465540394408,103.01140500790373,106.28652767314497,105.87432498106074,105.30399087357259
SY047275,28.9,30.3,29.670460994566046,32.606216837421584,32.02304170981654,32.85789446882615,32.916946272532925,32.60743864112327
SY052201,22.9,22.3,23.942240487778214,20.576062714320948,21.611222600792736,18.445949274381228,19.164176348387645,19.39553127230468
SY074366,73.9,80.4,72.58728213229685,75.08135632051376,76.24116580283678,78.94286691003832,78.0834520665554,78.13235657787786
SY026411,65.7,64.9,68.39148663257562,69.5481012414075,67.54706416110389,69.73483320764993,69.29058992499822,69.07850249368612
SY077087,32.9,46.6,35.12944153216411,35.940299554432976,38.87234258991673,34.37570911212541,35.446709204954445,35.72469915546281
SY038137,24.5,24.0,22.83243034172365,22.481977705343333,22.867598605809636,23.41712416787846,23.475097122628434,23.25226649925781
SY085220,81.5,82.5,85.92654191310008,84.07973224832716,85.53546440908048,86.76065989013422,86.35416694150224,86.39310124581809
SY059139,27.9,28.0,30.904447970785792,32.88392750646005,31.25902963226271,31.89533762850406,31.541445274625413,31.704445229631652
SY076395,35.0,78.6,42.47852881189544,51.330813312416474,53.42632522479984,54.281973782452795,53.83130750177091,54.02527921515691
SY041526,48.4,56.8,56.698403715602495,54.693375376754965,58.19810595424571,58.10712997456286,58.19908975681265,58.13442276846771
SY020019,18.8,32.7,27.03414266676924,23.307492841617574,24.324416809051,24.128961498393984,23.86498457294602,24.187598091591088
SY073577,61.4,62.6,63.76407746844442,62.428149062888,62.48140504266611,62.32142806021776,62.53315328900095,62.36942115495226
SY093309,47.7,48.3,47.70117020505899,48.785269884981545,48.805786157232724,48.28110420453739,48.41574248075362,48.43850879034599
SY013148,41.0,40.5,39.66375842847111,41.55848519081324,41.186724043179986,41.59431409897763,41.67365657400964,41.47203708223833
SY002462,74.2,76.5,74.83717180301832,76.77564768484586,76.25585427537303,76.84873608424138,76.82462008903644,76.67087154158088
SY080912,72.2,69.1,75.97347204070468,73.77518186563839,71.91416865879084,72.57968361312119,72.26295230219147,72.38002912682208
SY036919,103.1,108.5,104.89832806012635,106.3299834853425,106.63892416091551,107.09488747633422,106.99591471510614,106.9580984817086
SY055656,33.5,28.7,35.8020605232752,36.3069125706285,35.3062658452802,35.866330544224624,36.1795485916781,35.6983111345413
SY042398,21.5,24.0,22.152326469811996,24.425066405253432,23.81960148576104,25.791451046999793,25.395520352746047,25.199896178628165
SY043970,39.9,38.7,44.123846537762724,42.36302436850464,43.07722585527253,40.24730537897853,41.36010221540175,41.09628152186673
SY008347,17.5,17.0,17.563104617236966,19.90800479740995,19.92539446844961,19.636658849702425,19.713169131510178,19.72327953532658
SY086094,30.1,30.9,30.14496931655922,29.729632773243445,31.453059621728315,29.751885076830256,30.415363901401673,30.26223744029967
SY092530,109.4,107.3,106.66703619093238,103.90363220053172,105.94920906901035,106.17733910121532,106.25630996084737,106.10890009155382
SY048296,52.5,51.9,47.13472630599548,48.9205789216526,49.27041438813623,49.952764108160316,49.79535876845784,49.748059192153086
SY077863,45.7,48.5,43.07686460398184,43.891505896911696,46.34273522558871,43.84421666447721,44.31706978851379,44.59377223281066
SY068371,62.5,64.4,58.37114907489328,54.53963659671511,57.974082628074584,55.58448118437817,56.88587033951964,56.30136161748709
SY099218,74.8,69.3,72.7594900862711,73.50378227589192,72.49726915244655,73.39773338341054,73.24836128187096,73.12759411412134
SY051157,66.9,65.5,69.04218800078128,68.01852808567762,67.14821612823049,67.6459482945521,67.16968880501076,67.49662864465562
SY041012,23.0,23.4,23.984532955282933,26.583118205063556,23.861000778139008,24.95046946654118,24.579977023248233,24.623628860020524
SY064378,70.6,69.6,70.21901646512744,71.19197855894933,69.20495294925838,71.92538906812352,71.48158411164694,71.10925823246399
SY054885,52.9,47.6,50.65398109881354,50.674987503789154,52.575609778394956,50.45883944844384,51.23312622987969,51.09387054742918
SY015975,61.3,68.3,64.7650769809733,66.82656917755759,65.68039267978867,67.10303684909691,66.7388495016117,66.67624359830444
SY029349,22.8,20.1,24.76390861749478,23.838068370784917,23.61269772336027,24.65704110725927,24.310100589014322,24.343738092089566
SY005022,39.1,37.6,39.41475370324815,38.66470699467257,39.09806944127098,38.722334125128796,38.85990062776074,38.83505471997145
SY030636,52.9,46.3,47.44382942319362,46.20019721760174,44.961229832076434,46.525405708710004,46.22889545335107,46.05615294571993
SY092491,70.7,77.0,71.81759690649614,72.3969386373283,71.52324223175937,72.03360392096403,72.13158484297595,71.88049541420263
SY062544,32.6,33.8,34.408293307503925,35.18330693062923,36.183082198930904,33.340824840990685,33.9148204292037,34.19350204837275
SY000515,64.7,64.2,63.38753324584656,64.68703301118725,66.23699757028926,61.37230006030902,62.731479793428406,62.831709313303094
SY054548,20.2,19.8,20.642717613658622,20.924219013058888,19.603195081989288,21.810004222534644,21.01869453531341,21.147961480371038
SY041648,29.1,29.7,30.019736300827333,33.047524471758,31.284438423724367,33.48531608186899,32.82052204705431,32.8250527844256
SY004382,104.6,101.8,98.64793309413476,99.6905609547411,101.23623108345075,98.27544010609996,99.21080331514298,99.16367739930519
SY048220,22.5,31.3,31.609135669890712,32.52420265683094,32.04643767869135,30.968729374414217,31.084517895135022,31.292041865697357
SY016769,57.3,59.5,65.84935037280664,63.892775675107984,63.27975846767366,63.908115403577085,63.84204666127948,63.71960832280605
SY014378,23.0,18.9,19.340107504449033,20.659671243623336,19.926991978887624,20.25239324383459,19.924150048651978,20.154772864350498
SY069825,120.3,90.1,104.76661435478182,107.49504590846121,102.31526984235299,110.2752386981778,108.53240174741632,107.88724804143035
SY045569,37.2,40.3,39.99840602857568,39.940288682972835,40.25271012016963,39.496631042819146,39.62603532515254,39.72345476602429
SY067710,38.8,46.0,41.980834490908435,43.852197621322034,44.41586476529497,43.2122877461597,43.548124794162554,43.57336085190028
SY042647,64.8,68.9,72.65806956808454,71.73806257294275,72.2247979563875,69.81892243695934,70.5623714336406,70.54068509278778
SY012911,38.6,35.5,39.95570591341891,37.724397941026744,40.76511562464856,36.10981102799026,37.300434877936226,37.506402406987746
SY001285,39.8,37.3,37.74709516252524,37.3402317186267,37.517726440756704,37.00551372570858,37.13728944308572,37.15917754022301
SY054427,23.5,24.0,24.049317713006296,24.87143281734692,26.034648581467003,23.80364294655353,24.083036902378133,24.47294463702757
SY065234,20.4,19.8,21.01614850246051,19.65691666294306,19.00161303741082,19.927666559879608,19.58633144770301,19.64985050313897
SY018378,74.6,71.5,79.34058320110832,74.66212649356426,76.4214592142525,75.62280291848326,75.64836511978874,75.86239980721402
SY010396,21.0,19.4,21.274497600999155,20.278967418470444,20.051309698214492,20.582873336956425,20.673622242419963,20.423404245333842
SY032164,74.4,73.5,71.68992418851852,70.88552312506475,72.94912492838223,70.68193132181582,71.08293650803627,71.36208940378575
SY026315,23.1,23.0,23.8925707023674,23.34462127532749,23.31004549899927,23.611560486095883,23.687454228432376,23.521105989966898
SY000727,50.4,48.7,48.87966130561532,49.68025327946677,50.023181615330145,49.41073317036616,49.518530524111775,49.59446770385535
SY024696,127.6,111.3,116.01674457015656,114.66962669574808,115.9037705241251,115.54858152140586,115.78940110200621,115.65513822222164
SY076742,70.5,86.1,67.60472072677321,70.40078199942562,73.07036420635133,70.91901430452859,70.78449625509501,71.56441927507541
SY028022,26.2,25.3,29.09997988543378,32.53296199776785,28.30491966572138,33.911922781877784,32.797941825291744,32.22982184703086
SY053675,47.9,51.4,48.9515951945983,51.0677705202275,52.179862214002576,50.89606369010151,51.547587425112795,51.281203247271826
SY093441,79.0,75.2,77.91829697956653,77.90243872941446,76.33429591206776,77.32945689270471,77.1243044642343,77.03090859851362
SY018925,69.4,68.8,71.67511901650917,72.27355327237726,71.10149307885814,71.72915968633424,71.61457527447712,71.5408597040914
SY035103,51.1,49.3,54.92703395601878,58.51791824915717,56.7581910734459,58.62123811410411,58.15971018254254,58.062324001906646
SY047563,46.1,51.35,43.170020834024065,42.52003055366183,43.94815622609352,42.55991534016376,42.76601523218839,42.97638760594269
SY026646,18.7,19.0,19.512114799156766,21.62632311694584,17.563063261901885,23.849255872327117,22.597819057633526,21.963398089199544
SY041491,38.2,41.4,39.626757027118195,40.10793206813034,40.81214835896151,38.94170252046787,39.38904611422609,39.50283627201596
SY085458,77.5,68.75,73.90184703736753,75.1518857826779,76.36408083485414,69.17097547798426,70.91081887389322,71.32890708504522
SY046955,80.7,89.9,88.26894664673517,90.68838122751524,90.59670512833726,96.1057471820452,94.64154179279454,94.45303456593282
SY070564,36.1,33.2,41.49949821703549,38.771820977723465,38.95048900187774,37.243395694829005,37.70444392080611,37.755523686943626
SY017338,53.8,49.7,51.99214676578411,51.610011894839424,52.282910426047756,51.70869453425755,51.803180204231765,51.88095930179461
SY030437,37.9,42.3,40.160624051822545,40.88915773681309,41.307941725361935,39.99437799550882,40.185011690187444,40.38844711446475
SY096355,35.8,31.6,38.305191594231545,36.859340944846636,36.032829759399135,39.23024871579618,38.430479014269814,38.27102302887707
SY099495,68.1,71.8,69.72351098900772,69.27534686975248,69.89609726332014,70.22470338164,69.92699341826952,70.12612154614403
SY073588,66.5,43.6,55.4646898709707,51.973299539266925,50.55548594474196,52.33360130985667,51.94111787361304,51.80016670032225
SY021101,21.6,19.8,21.329652760259773,20.877907866293143,20.54548567717124,20.896146781178707,21.064717113606008,20.790948449976465
SY096001,11.6,12.1,13.564612731811492,10.34774644600158,11.772453051521204,7.827034363680295,8.848862326383623,9.010659970032567
SY091102,20.4,20.0,19.382827072407405,19.141346575055213,19.862698978959873,17.91946730178064,18.505852946471276,18.50243680493441
SY066312,53.7,49.6,52.45669420396485,52.50581804011627,50.80214577815937,52.8169633050768,52.538314328907965,52.212518047001566
SY099685,44.2,52.2,46.432897806509025,45.144077397615156,43.607885306916,44.67449328224609,44.255248135357704,44.35451088964706
SY031929,88.4,91.7,90.68744279351522,95.31709417329543,93.87328734720889,97.71262691561415,96.9140329670307,96.56082504509257
SY098023,63.8,62.8,65.76052311108987,64.39735930897783,64.25890098920459,64.20721272456079,64.31931637788684,64.22271920395393
SY000305,75.8,78.1,74.22029088243178,76.34249908119912,76.02726078658014,77.86272238059146,77.39158808586986,77.31208390238807
SY008715,23.6,24.9,27.080658010622447,28.97938543459689,26.364916992163053,29.640487828562943,28.05087499441248,28.657816577642976
SY066962,75.1,71.0,74.84007368433717,72.86076492483195,71.75681027914432,72.54291318016405,72.33474136262362,72.30708230985812
SY053483,51.1,47.7,48.929664711179264,50.49492288757305,51.22234930393168,49.26572203246211,49.637519283720145,49.852710213902974
SY024193,22.5,22.0,22.140552709767928,24.189279662257608,22.37104171880737,24.208566024516774,23.63691368825308,23.65730873280395
SY052462,12.6,12.9,13.812999841606999,12.973720261155052,12.4055704075221,16.86513145881372,15.912286987632724,15.527263143426234
SY069009,14.5,14.4,14.46402430161272,12.513793609161933,14.957494158953054,16.36860364033918,15.77394799510816,15.945270795923342
SY004221,53.7,59.4,53.77478242267922,56.1556105060242,56.40787317155162,57.02731669146658,56.87370036689073,56.8414836354921
SY097654,83.3,89.0,84.64330854791122,86.83232824347613,86.06123291367118,88.48484434308376,87.86117635283897,87.75776091425999
SY084853,93.3,96.2,96.24539531251105,95.32812635688865,94.33244549210315,95.6971656207489,95.26360193938856,95.28774958215517
SY063475,26.1,27.4,27.323705648625015,28.967992399010946,29.350909226921242,26.682351030806636,27.43985895278271,27.482918489641015
SY096312,51.4,51.4,48.69699829970883,57.19692328822518,57.79717159444229,55.113803256848655,55.953580791062045,55.918813758126745
SY057488,62.0,56.0,66.71953945692188,64.17456735717185,64.48567158282347,63.50460354965476,64.75022989313649,63.79892395960537
SY089659,47.4,44.7,46.60731626565571,46.19545008566947,47.38428908594516,45.414739354863485,46.13529807056773,46.00560427418799
SY034176,34.3,38.4,38.31827778889701,35.247419883952944,35.25380741209682,37.084631969569394,36.404506400741454,36.53538460232762
SY087436,29.8,31.9,29.04143607776127,29.196900062089227,29.768721425383198,30.330807626991003,30.263689363098493,30.16218176650866
SY098036,54.8,32.7,47.96539053002384,43.399603435940136,39.33444223371353,43.321055602064725,42.179788639130855,42.12507159155936
SY045515,25.7,27.6,25.402120972933453,27.355908289314407,28.459664940039463,27.398925326705644,27.610317718686353,27.717147210705786
SY060946,43.5,45.0,45.815045990459744,45.88083712950474,47.230625514858374,45.87722427043809,46.334239489801845,46.28324464376417
SY028376,35.0,36.3,36.95105170093856,37.1554569649093,36.75795860009819,37.04867161397233,37.03161415014654,36.961457709810084
SY059942,118.4,115.2,114.72905596840687,115.01613852740576,113.64441907127633,115.9965041844633,115.71337379813836,115.29087865050721
SY032745,28.6,52.0,28.805714789651514,33.52755337048677,39.84669634929597,32.241567680978015,34.59481674176785,34.5231062814734
SY075728,17.0,19.0,18.134742860811546,19.190700813552404,19.39106754160676,18.169315743978146,18.544190010190814,18.535841283266727
SY030071,38.3,39.0,40.51602682149583,39.11633535067923,39.84779060376954,38.133050434459406,38.4482888026616,38.64747248525244
SY079658,67.0,72.9,72.63871129579023,72.16194581993318,71.46656097068724,71.75724396159187,71.87417308752775,71.67003906432048
SY071043,28.5,36.3,37.87034109878787,37.91478789221152,37.0302688354794,40.51842173268692,39.69056360128717,39.47197586352466
SY077452,91.8,115.4,105.4040294312368,101.41981803172169,101.08412108139373,105.70350389934563,104.69402567250818,104.31768905396005
SY087627,30.3,31.4,30.950779309592228,32.791512727229744,32.472460895832256,32.63669472686449,32.42539559166743,32.58742457755482
SY021241,68.1,59.1,62.1914148823451,61.82210781228924,61.0302101369376,62.417789138476124,62.1775837500988,62.001515438014565
SY050781,69.0,58.8,64.3943668858101,62.0084366734466,61.464216778285945,63.00591055488076,63.11033687954466,62.54340242190231
SY006530,74.4,78.1,77.96792389531973,79.5947243123583,81.2648024957985,82.96938256529502,82.5995470625447,82.45800854444606
SY079250,45.8,22.9,42.87520525607615,42.211809923092105,34.62552465620614,40.46859823413281,38.966693519611795,38.71567616075481
SY040571,41.9,46.4,51.692064221218985,48.48882002806671,48.65320543451837,48.812982712425196,48.945399540370275,48.765049529053144
SY075185,17.7,16.3,17.087188908503688,18.13291449360357,18.536352699257566,17.101153254332473,17.43325009912892,17.53171308781
SY080550,18.3,16.9,16.35289084919049,15.484924441396457,16.124681170218086,15.09886108353501,15.479401139553811,15.40660710953993
SY084686,61.4,61.6,65.52947336675348,61.11378826010513,61.18607582349537,62.15956830493103,61.58228759650581,61.867520560500324
SY035020,35.2,51.0,29.233088678298838,33.599401762230315,34.61468229830891,35.9153979510789,35.558019542202345,35.5251832552479
SY004343,74.1,87.69999999999999,69.4111210270731,75.855414117267,77.98095611599896,74.58667016269179,75.72340747036262,75.60495594868394
SY013433,66.6,66.8,63.44470873626602,63.40223677734078,63.59348893614463,63.66936331443236,63.7682417289559,63.646601000946035
SY054815,72.0,74.1,72.04281597069097,71.16413850577432,71.3955246539787,71.06900382057798,71.04492285830597,71.16696007059818
SY088405,66.2,69.2,67.0207136438932,65.81677885226229,66.01105954906575,67.03645850129647,66.70784506714298,66.72883881562726
SY023699,83.7,58.0,52.47797218805002,54.433236653382835,54.45845994964331,53.26090300123745,53.69215074181761,53.62017008575921
SY011243,51.1,45.3,52.362829382719525,50.92861281127375,51.587021111069845,49.56530438607869,49.82814389025843,50.17181940357604
SY028220,53.4,59.8,54.3414900497304,53.387558231081,51.14253131937619,55.48836074473422,54.23704767868588,54.18461191712681
SY024214,22.9,21.4,19.305182033158626,22.036556234008433,22.531481393402537,21.157479589474168,21.302409295284566,21.569680130652678
SY092687,41.4,43.5,41.49185239218659,42.217935650022554,43.672366582126166,41.1926170843691,41.958773338042526,41.93654193369622
SY037622,17.1,15.6,15.843061459540841,15.798391191434078,15.905761113527202,15.059030628090706,15.23081338832786,15.313049773721653
SY079422,53.8,59.0,50.88132473709557,50.16630656860838,49.978548466694434,48.16327299475718,48.56672183170791,48.70785563633835
SY049074,75.8,72.0,72.73299486540515,71.72159899140561,73.70079034847566,71.87096441413351,72.2205769820204,72.41991219443615
SY056738,38.6,40.2,39.35805982440513,40.14000223932137,40.29476554902895,39.63140302630613,39.72992612382534,39.830411783122976
SY034114,27.7,27.7,27.739923006932187,29.11764682984483,29.669024973726813,28.6298698365728,28.944326455830435,28.941616377719
SY096232,63.3,60.3,60.021908303417604,59.78355916674147,60.032758501771426,59.76961337352873,59.854455561466,59.848556912001534
SY005221,129.2,115.9,119.8691606073521,116.4424804915243,117.28486379054816,116.83981166556887,116.95659999036685,116.97332730306265
SY079445,39.9,39.5,40.783715842819426,40.12766448499271,41.60085211164213,40.16188870858308,40.1603021548347,40.593577729500794
SY083054,95.3,97.6,94.07463025727456,85.77245617132392,89.5953224706899,92.8834142216019,93.03466819716672,91.89698669632828
SY047460,55.0,49.2,49.1346063409128,48.71971153489778,49.50978200489325,48.68208767953346,49.11295839576183,48.9303959771414
SY041374,40.1,39.3,39.23533061397802,41.5152032561184,41.077643429238194,41.56135167133577,41.231897876727956,41.41623919870649
SY031449,44.4,50.6,41.813905838566704,41.97167813948487,41.577153306853475,42.10651686161344,41.87580138659587,41.94770779518545
SY048441,30.1,27.4,32.676764294058614,33.871482603913314,32.38122609835212,32.97238180948206,32.74556599782737,32.79503509614308
SY085545,23.8,26.4,28.41412994767399,27.536928837813385,26.8709419360087,26.29088459387841,26.484410127738748,26.464901796517495
SY097251,47.0,42.7,45.96885168196571,47.552345355848644,47.29621271322158,44.85008682410996,45.161020354420614,45.58392459084344
SY069114,93.6,75.9,80.4768230712587,80.97522159638294,81.11714048778504,80.20203017676991,80.5196199675943,80.47656327007444
SY035495,31.3,31.9,31.58515485841811,31.024710155632334,31.20822158633932,32.574492657253806,32.260115639986964,32.16461133597946
SY005863,97.8,98.7,94.2238825137005,95.8405681931522,95.05759433318059,97.214979297787,96.76157423798196,96.56776380840506
SY062923,32.1,34.8,37.05392718417742,36.728382010704905,37.749032356698564,36.68076545948627,37.104898485276635,37.00124552864995
SY015427,31.0,31.7,33.49199466489821,34.137194126029435,33.8337897037553,33.95211677070025,33.694229174786194,33.91661865061676
SY037766,28.5,23.6,30.541792076528925,29.343244733627976,28.1262289544535,28.763250911199936,28.4125088498833,28.572144324176005
SY053045,66.1,67.8,69.1693907493175,67.20665112833487,67.80073656939376,66.64016175534536,66.6715910400821,66.98833419955987
SY090704,22.7,23.0,21.204387663012145,23.51859269360653,22.91994512633966,22.81350108481451,22.746583720805383,22.845434297272053
SY003627,27.5,26.1,25.792467519437576,24.731314314901148,24.949128842474416,24.110188078477726,24.258472048975875,24.361870307676732
SY068153,70.6,75.1,71.10152195742661,70.54192006630772,70.04783424163304,71.22806791604742,71.01986121164964,70.87399781372311
SY071239,72.5,72.3,71.91413173949084,71.78416333122736,70.80872564255742,71.70197719494959,71.57900170141909,71.43400172923194
SY007172,81.0,82.8,89.03206211263974,89.93605157358192,90.7108498931915,85.5487087660421,87.46028485146155,87.09735110418691
SY021025,67.0,64.4,68.06787066806349,68.19578037195514,66.74585555153865,68.13506234548603,67.78821339059067,67.71830030730182
SY067125,55.9,59.2,60.25089001920523,56.869912349805446,57.387856174049446,57.083908632967315,57.31900630968752,57.175092895291954
SY049846,66.3,67.4,62.53711320218248,65.27517143876086,64.13557596829696,66.54370272663414,65.55887859233825,65.82126469913298
SY056653,45.3,47.2,46.52805880005815,48.86872348804998,49.342750505495545,48.20727459877808,48.528369061306066,48.547917370793314
SY012241,89.8,94.6,88.34751460879357,82.82798557214,86.86307366983786,82.37372374650178,83.1766354081891,83.7205287235026
SY026770,19.8,22.5,20.77264614985432,23.904964134242142,22.661246191931788,23.39653349002309,23.39723775171175,23.175947300595695
SY056572,73.2,71.2,69.58094714149765,72.58655341460815,72.54766561810666,73.47158955309797,73.28395059670449,73.19441237260057
SY095331,17.9,27.0,22.911078394660738,22.787597378115695,22.9653131743002,23.180018119297323,23.142062179216857,23.115606635798184
SY032406,39.3,42.6,40.9754845330443,38.015147478551526,38.78184392083731,38.3919436446058,39.03942388796634,38.50891372747525
SY027992,55.8,49.5,56.05413454379157,54.338713589027634,54.334314062529955,53.85340496091659,53.798928184884765,53.9976776914006
SY013753,59.7,59.1,56.53876689356582,56.05070939692891,55.613177350032274,55.78928476101714,55.57270248860017,55.736452537721675
SY044734,70.0,57.6,63.95342299129968,65.23085937438525,63.7322987215708,63.7065481691008,63.86712028656822,63.71427333484179
SY020342,31.6,33.4,34.763157595663934,35.732203258749294,36.156274263452744,35.89804374092216,36.04345688355118,35.975512897681334
SY007077,97.7,86.1,86.47192098989711,92.28861189742139,89.28375582461459,92.07420219734458,91.2930986528107,91.23706828552557
SY035750,106.5,81.1,90.80670441686091,104.58511417207916,101.94018258712049,107.87738499369694,105.12206258192045,106.096224271724
SY068043,37.3,34.2,33.15440498385771,32.88161091403365,31.987521867442933,35.41742166538489,34.46274455202304,34.3884517260023
SY042021,19.9,20.5,21.48831630457972,21.263051636494495,21.222835874568577,20.91231090709095,20.921335406031233,21.00546839733424
SY072658,43.5,64.4,49.765270365791594,51.49359897294562,55.057915088721856,52.00124633170891,52.972412089381166,52.918246958812794
SY013461,55.0,63.6,56.63245404129613,62.43730263600927,61.142713750827404,60.99036009296053,61.106842430433524,61.03606619032058
SY035689,27.1,30.2,30.171447227150264,29.147819118302554,29.466410177496225,29.478599245748303,28.99572284894835,29.474942525272677
SY009170,59.9,53.5,58.554837463548296,55.073529910098486,54.315725510652875,55.299463937288024,54.73622207542102,55.00434240929747
SY088482,57.9,53.7,58.7166984250092,55.768346108979294,56.573477450968795,55.80173179051784,55.99116750423717,56.033255488653126
SY079084,35.8,36.3,39.18370796673516,36.01006183501577,37.975655277560584,34.09845262177329,35.231094125335225,35.26161341850948
SY094032,29.6,37.2,32.22536325610795,32.699974317721576,33.73194609753519,32.5760429370816,32.77934491238538,32.92281388521768
SY014530,20.0,20.4,20.85391217865746,20.913356012190995,21.63547973394352,20.284828947729114,20.66930383037799,20.690024183593437
SY091919,33.6,34.7,37.06527555579768,38.09577403039215,36.15278703276316,37.680699026314464,37.23847427666318,37.22232542824907
SY059780,15.8,18.05,15.438463318294888,19.058341553272086,19.03464877568362,18.01574521206002,18.30065448905426,18.321416281147098
SY034464,31.2,36.0,34.97096631971914,33.844896034957976,34.96505275644557,32.414334367428985,33.17119338116443,33.17954988413396
SY018079,74.7,63.1,71.6180370919852,72.97258377625363,68.96344200193676,74.62595457967424,73.0714251920584,72.927200806353
SY089909,25.6,32.2,29.095136956544078,27.2535006000948,28.91800073065625,27.690939870241557,28.01580154192991,28.05905812836596
SY069113,40.4,36.4,35.297504636390485,36.99818404544588,37.684905901934755,38.19174109939145,38.06239937693532,38.03969054015444
SY036579,67.4,48.5,51.6716250726282,49.71728195008882,50.7970295516071,46.943166993800446,48.06701390527742,48.09932576114244
SY045998,78.1,81.6,72.01576942739821,76.17480252499185,77.99024311105853,75.94072229956473,76.56215356018876,76.55557854301287
SY038407,60.8,63.9,62.77139799572077,61.657583401435275,62.80104218278488,65.28555690873574,64.74236214560055,64.54020249095049
SY079182,44.2,43.4,44.875766976255356,44.31352285230571,44.85520348235569,43.32937892890905,43.53700177591452,43.787126294943036
SY044731,63.7,71.0,67.31538407960608,69.77934672650213,66.67339845081834,71.98338940594388,71.45303974836234,70.39039211940621
SY098401,14.6,15.7,15.8136384373663,16.4655662220736,16.305777382168557,16.50703746810952,16.32139257961362,16.44665944232723
SY094130,16.4,18.3,17.558142851087094,17.86698433875698,17.29701238402509,17.76201223347847,17.997684127443815,17.622512278642454
SY028697,43.9,45.4,46.06068133703565,44.62454148461765,44.13176318335974,44.342189505840544,44.242878651288635,44.2790616090963
SY075003,88.3,101.6,84.57209557344075,100.12538079119997,97.44663578621483,97.16374632549717,97.63924710649388,97.24861316371246
SY050382,19.0,21.3,21.666498084728644,23.137146990225148,23.0391265826835,22.920403620896604,22.9966275308864,22.956020509432673
SY022293,72.4,71.5,73.98755347145438,68.10612860728764,68.67913119365674,68.01543954201114,68.67914037476368,68.21454703750481
SY000014,46.0,41.1,45.07600028741521,44.56621307022789,44.39964525179103,44.16010253613883,44.36679803221038,44.231965350834486
SY034383,14.8,12.6,14.026591785141086,16.951518492839085,15.14185832288051,16.48356174874021,16.333894728961756,16.0810507209823
SY042875,45.1,29.1,41.343974714841586,39.026482769517884,39.285339958283124,37.00811489267276,37.64222639410854,37.69128241235587
SY059811,33.9,37.0,37.268203726296804,38.25230054363678,38.992961254478416,38.46865187658297,38.595807731487966,38.625944689951595
SY060342,51.5,56.5,58.31968528268904,58.72346752183418,58.03915912908674,59.42855915716153,57.03509979116143,59.01173914873909
SY008015,39.0,38.3,38.44351255113011,37.888344138941555,37.48256449195301,36.41505829916228,36.590380015277624,36.735310156999496
SY055001,62.2,60.6,62.03999297074457,61.559062283316734,61.41395460657369,61.493630198993074,61.42245104664363,61.46972752126725
SY061309,35.2,34.7,34.58449232545615,34.23628705864982,33.400750528756326,36.00159107436278,35.38476909243504,35.22133891068084
SY096479,41.4,40.1,39.09763654051032,43.13359424389476,40.57348325216921,42.69659612507535,42.21509271277256,42.059662263203506
SY051652,20.3,27.6,32.499311985591795,29.363398538147454,28.801012527787194,30.05693718707611,30.090823188994772,29.680159789289434
SY082032,31.9,34.2,30.393845598524162,33.447161131247164,34.09199522813926,34.952110273544854,34.74416488929061,34.69407575992317
SY009561,34.1,36.8,29.685098740398878,33.32154766836394,34.473935926618736,32.7396348880492,33.07717906571581,33.25992519962006
SY048513,64.9,43.3,64.71492684401308,61.515215929506226,62.39600434794596,60.86087205844799,61.11044783351556,61.321411745297375
SY049905,38.0,34.0,39.902638069643466,41.97474643818539,40.06152342630932,41.53417668800273,40.808265862163424,41.092380709494705
SY083451,44.4,42.8,44.32100328143234,48.637601353596004,48.92645391872681,47.50522843351196,48.40665592459001,47.931596079076414
SY016857,98.8,101.5,97.24808918284431,98.90691260798621,98.44791513429546,99.57987039871855,99.46803441465501,99.24028381939162
SY049389,92.4,109.3,94.8527288455727,102.65758122721418,100.553210055142,104.65648388987924,103.54129409632696,103.42550173945807
SY079682,21.6,20.3,20.18168894354563,19.170341280113426,19.936454535718017,18.887040416105055,19.10391024461431,19.20186465198894
SY033799,20.9,21.7,22.256285131341095,22.118636509406358,21.626052275241705,21.81285243198976,21.804198823858265,21.756812384965343
SY031116,56.0,56.85,57.41348688879844,58.154016904223056,56.769860303580856,58.510531317874594,57.697280928856614,57.98833001358648
SY036330,24.1,25.2,25.82966735164989,27.378192998727837,25.81942389784595,29.47871817077647,28.539567944619712,28.380929888897313
SY052963,33.9,33.0,35.56669029147157,40.49246159429364,38.84538671970796,39.82646412174722,39.714949272379826,39.53214090113544
SY074143,71.7,73.9,73.13947577451404,69.51309489724683,70.4262061192289,69.69955336975768,69.69143926539994,69.91754919459903
SY062316,20.2,22.2,22.603434986630447,24.29597947542647,24.467424412549903,23.912683849258876,24.06768299749781,24.079106018246183
SY016547,41.3,82.2,68.85635942267389,67.32883335744859,69.63233349475426,70.53383660412067,70.32814281774866,70.26338567131074
SY012797,101.7,96.1,103.88622238028084,103.19846405471907,101.1338973490084,103.9615076740491,103.23234196267578,103.11322457653688
SY042791,53.9,63.3,61.24751797801505,57.30809663776457,59.463722933378335,55.69633599273702,56.61947068973623,56.82655207492941
SY078996,22.2,23.6,23.623761060948617,25.088066575101713,25.017842669248648,25.381125992130883,25.34255669512371,25.272140995266213
SY050664,19.4,19.1,19.360280463176256,18.26784513394982,18.433782980245375,18.42534608638999,18.659464367803743,18.427877154546604
SY006704,70.4,69.2,67.72046997618281,67.09985451061097,68.59402248911913,69.29818050000937,68.6828236292235,69.08693309674229
SY031338,65.4,67.6,62.959754243866435,65.96995773324426,66.70631951232775,64.82179516754861,65.54601147087715,65.38715247098236
SY085535,50.0,46.5,51.784170633395156,49.720390636757834,48.8306654627802,51.094687559480164,50.29467730467253,50.415480930470174
SY099410,16.8,33.4,24.92479804412962,25.992522636495394,27.982227565763992,25.508363968633738,25.879053563455912,26.25052304777281
SY081439,64.2,63.9,65.0214729660981,62.93233531668112,64.55160023146024,62.73584611635258,63.077180219249335,63.280572350884874
SY088725,82.8,74.6,76.18210702117148,72.32376052418329,73.6188105110077,71.39863670877739,72.20650490637671,72.06468884944647
SY029705,104.0,97.1,106.67618572875733,101.69118759012808,104.00611248246214,100.46817385972955,101.37261771603804,101.52955544654932
SY012846,48.4,52.0,52.19076692602042,51.643011109132544,51.46770272999127,51.167157366952,51.15907067305078,51.25732097586378
SY033382,37.3,37.1,35.027168490872796,36.86966519922059,37.630277424228694,37.47723549017754,37.78626498597308,37.523148070392885
SY074688,82.6,68.8,69.1728945138009,67.72544337848898,68.66826494691622,67.95020876315155,68.03887768803533,68.16562561828096
SY037497,43.4,47.2,48.973579179218554,50.93083919397333,49.63827436216398,51.08655046974483,50.16359249014826,50.65206763747057
SY009781,74.6,79.1,76.10200602415705,74.36501057680879,74.33484922846712,73.73465763430386,73.69949358115372,73.91471511255284
SY078213,86.4,67.3,77.06798765749205,82.36738580261306,78.19231335422744,84.92377503904649,82.85503663075167,82.90433653360077
SY024597,70.9,62.4,66.24792719066879,66.934834923666,67.20760777086295,67.92914498576067,67.61531076383234,67.71268382129135
SY008836,51.0,46.3,44.0818212991238,44.98168261110999,43.937809213501744,44.91837460775183,44.58773897631989,44.6242049894768
SY031541,100.9,97.8,97.58753696055588,98.21067119807654,98.69840714174909,98.42954301337824,98.61596676578849,98.51020225188948
SY037972,36.1,35.7,34.633859746103326,36.225904215505054,35.87957971420112,37.23753720196904,36.919285788670805,36.83014995563866
SY003587,86.8,76.4,79.30244451885983,80.44647942010583,79.5470540138511,82.04430517732388,81.33197981455135,81.29512982828204
SY005151,69.8,68.3,71.83267859454428,72.0480948449297,70.88975532105573,71.50532692101858,71.38214245050696,71.32065544102971
SY016475,82.2,83.5,79.05702409390864,81.4272733324425,80.90368318822848,79.67920738555283,79.52257491607776,80.04655012635553
SY025020,15.6,15.1,16.878501916177814,17.489462994783914,15.93672036141627,17.579043920903313,17.145380300006845,17.0863468530572
SY089929,42.0,41.1,41.46635510203235,40.163205194513544,41.19450987288246,39.66615454581016,39.59630858462103,40.124661143931846
SY059684,47.8,46.0,51.5741871706298,48.98247025089172,50.129939866306,49.72242383146849,49.792334767964135,49.84467864191974
SY003898,40.5,32.7,33.257786003666766,40.97059283411288,39.85514541720066,42.73306633761753,42.39881469242738,41.86969006149246
SY073293,79.6,84.5,74.254882831306,82.15075665360288,81.95601460433477,76.62668694386808,77.94686137312013,78.22548524200808
SY010240,57.1,56.8,55.04618478571256,56.62087154436732,57.773548092035426,55.18004851077901,56.22879478463851,55.958098385155935
SY014569,36.5,35.4,36.926046044353996,35.548464588086276,35.58347300771127,35.77246011148732,35.60206811936284,35.7157639803545
SY081193,64.0,62.9,55.797559932059194,63.662237625546936,61.6910827737756,68.1834679934942,66.06551940768472,66.23575242757862
SY054640,44.3,27.25,42.62071720573796,49.204589698046995,49.0645430945202,50.62200047338614,52.46543662190893,50.15476325972635
SY061077,133.0,126.7,123.93107047254666,121.14854877600365,125.184458926091,123.96141797525061,123.98757726461324,124.32833026050272
SY076826,59.9,61.5,61.25322723712762,62.61644966744109,59.354866478243316,65.65128311638972,64.54771141808588,63.7623581249458
SY029650,53.9,50.2,53.58235768259099,50.92259479671761,52.50691258373125,51.42213478859939,51.55639675254345,51.74756812713895
SY013341,98.0,98.7,91.48657963554474,92.76423827845085,93.38420919008068,93.35664064325081,93.63273398896368,93.36491120729977
SY077865,38.6,36.2,42.3725819745079,40.289460840926054,38.83005031725111,38.47305335598019,38.58216971065682,38.58015244436147
SY093769,66.7,82.19999999999999,77.25296016494593,78.8418038684703,81.60018036496828,67.64661118690363,70.5248598179505,71.83268194032303
SY025022,15.9,15.8,16.752662632264187,15.630035432617943,15.106748823112106,16.12419564284725,15.948701481814052,15.818961596926707
SY066975,102.3,101.9,100.04168010307824,102.88726095441888,101.85449012954123,103.27391460008747,102.78946732925621,102.84808725892358
SY094524,38.7,50.1,43.071320833078744,43.5227862727282,43.4246394658723,43.08967211254115,43.48869852006864,43.190162318540494
SY073989,45.7,42.2,42.158672482226805,42.74919018946927,43.68492456897254,43.865552883172015,43.70932360899028,43.81136438891217
SY087111,50.4,54.7,51.33973317542786,49.77837232072696,51.6513297094275,48.736711000958664,49.42480721210802,49.61109661349931
SY046280,28.4,28.5,27.95198574342048,28.15385681474178,27.876531065972426,26.822205187092823,27.249033598562992,27.138502950756703
SY025284,34.5,29.9,43.383581719769516,41.75181006487554,35.8305656497001,42.382461901377056,40.615178624180935,40.41689302587397
SY037408,34.5,25.5,35.12937043023621,35.29896457348769,34.071521230479554,35.344922905021,35.28369400467544,34.962902402658564
SY095630,60.7,57.5,57.067297325578956,57.33683530565372,56.738446648072276,58.798062743654384,58.15836411059698,58.180177914979744
SY096510,36.9,40.3,41.76919535968756,43.65579019263453,44.11681526584301,43.7838207743063,44.16735802347408,43.883719121767314
SY066298,44.2,45.7,45.968219682555834,46.0744839283109,46.5147520950316,45.61065702283867,45.78541992419075,45.88188554449655
SY061736,56.0,62.6,58.742940016518574,57.44906150808394,58.079455611215636,58.80776606871664,58.52471693325192,58.58927293146633
SY025566,29.8,30.3,29.152320616888108,30.5152577907433,30.212608112100234,30.504272570628398,30.537706953550718,30.416773233069947
SY054044,25.3,22.4,22.36990812117525,20.5808594698363,20.46954464333216,20.98337703983541,20.799650541750818,20.829227320884435
SY063569,50.8,53.3,50.60535137830843,52.90739734993317,53.49223630195743,53.01673010771575,53.29087521965912,53.15938196598826
SY026927,36.0,36.6,38.177545711448,37.86003999005698,37.92620789398705,38.70656119659234,38.38511944194235,38.47245520581075
SY070932,45.4,50.3,51.35934655095912,50.26001436309333,52.192663861590965,49.16481757159927,49.94406913286464,50.073171458596775
SY033163,40.8,33.7,41.89672985206874,44.37777650552579,41.39925680150086,46.2126181275878,45.02592567654947,44.768609729761714
SY020415,50.6,55.3,55.173642145733055,54.01089382791986,53.27575944989545,53.57250072583239,53.07838673112851,53.48347834305131
SY063265,36.0,35.9,35.98369583155332,34.711575718177315,34.19513275270181,35.98981743371547,35.46943301422023,35.45141202941137
SY040605,52.7,54.7,52.739936209552255,50.21277681609415,50.87090971723299,50.31199690105929,50.31955858872312,50.4796707459114
SY077385,82.6,87.7,76.6783177579626,80.20934891846541,80.78876332687831,81.20457464906113,80.95974952167347,81.07983125240628
SY063172,29.3,28.6,29.425523831027604,27.809340390671757,27.38287950229045,27.75403023232486,27.68548750784212,27.642685013314537
SY065819,37.3,38.8,36.82923996604444,39.809651191661814,38.2637248647898,40.06101409573201,38.99622269060057,39.52182732644935
SY040677,44.6,39.0,57.065570675055014,49.25384380165525,50.37496863952381,45.07233133925779,46.64655937621582,46.66312252933759
SY021373,36.9,33.9,34.209594439746304,36.27831157591851,35.242169303932315,35.78933842580303,35.38897048575229,35.62518768924181
SY006440,25.1,27.1,26.52809318577667,26.365724153588097,26.030284196675275,26.59919779292897,26.54312254695843,26.428523714052858
SY042353,28.9,28.0,28.722695863450006,28.80110634316801,28.85621334301484,29.00106955214225,29.021972043798318,28.957612689404026
SY040299,44.5,43.5,43.447449421355195,44.89701671311069,45.11465102708413,44.587087367366294,44.739630789288704,44.745356465281645
SY063019,37.6,37.7,38.34678674216073,37.752678274326954,37.710744530452914,37.4834071346594,37.333049897721,37.551608353397455
SY095529,41.3,52.8,42.6189436446331,46.439235481862376,47.385523868817906,45.53914196688244,46.30095382940362,46.09305653746308
SY005006,54.2,54.9,54.364558873587065,55.79227048915706,52.871204931648144,56.458370362456165,55.768545042131635,55.38222073321376
SY046963,47.5,44.1,42.291547902650706,42.124103610811304,44.093995100504415,45.00651282317152,44.67283723312197,44.732757506371385
SY049433,60.5,63.6,64.27248039404962,62.23782846928529,62.33468907298099,63.570863032932266,63.55507822197971,63.20001084494688
SY096484,61.9,39.5,59.13550204684781,61.462438124060206,52.23537378949838,56.07932388795702,55.41299896659153,54.92613885841942
SY070527,53.4,60.9,57.50747706253296,60.61741869021176,60.67286005146759,60.39091088705438,60.91931274894404,60.47549563637834
SY078866,54.9,56.9,56.27424873513153,56.77184594304421,57.54872105037437,56.30623570542284,56.737095639286125,56.67898130890829
SY027031,35.5,34.8,35.50546533957983,35.158922804859436,35.2468370466145,34.76357429061447,34.81319935895449,34.90855311741448
SY028284,28.1,26.7,27.36285709482353,27.387160530858836,27.253504556748283,27.695528224887436,27.8587904714499,27.56292112444569
SY003783,49.7,43.2,49.41538947672622,51.221584449007665,49.32964989687558,52.47184791099179,52.058349273275695,51.529188506756924
SY072094,18.1,18.4,17.773153901288126,17.47047443830001,17.386316287835637,17.410310656083247,17.32162114830815,17.403112345608964
SY019285,17.4,19.0,17.978886756354118,19.041763939475974,18.69768681692093,19.430447316739013,19.303952488634618,19.210619166793585
SY077808,71.9,82.0,73.65194652588522,72.94535578033643,75.86517652781366,74.78422670168489,75.18547918406301,75.10851164952352
SY086289,48.5,52.6,51.52650814870878,54.63437748112139,54.193187752169365,53.983177682266486,54.24250133734977,54.04618070323735
SY064825,75.5,72.2,71.88143954262992,72.31909845846218,71.09606450239389,72.94061082585914,72.34857403683392,72.38724692881956
SY085208,39.4,37.9,38.82813270532878,37.72645842272428,37.570529726469914,36.920060918818194,37.24114483911522,37.11520156111371
SY058434,67.4,66.2,67.88939937519365,66.76851346376989,67.17456831027715,67.54042212337798,67.646398918447,67.43066597944772
SY086509,49.9,50.5,53.596387325366145,52.549419546087194,55.76255698615731,49.608799774557426,50.80255270158041,51.45492693803739
SY024765,114.8,103.2,102.97106956902024,98.38027524016911,98.2953850993405,99.84799195888607,99.62650257627314,99.38220990102239
SY095660,35.5,36.3,37.956692079302606,39.14042290401025,40.41759830660266,37.551896671600396,38.22909609829192,38.41160716210108
SY079644,21.0,22.75,19.738925686346807,23.199678764220167,22.842506657324567,22.488838585726164,22.51103677582638,22.59493900720568
SY084391,75.5,73.2,74.21715091232286,74.12924117196263,72.27910409136459,74.4428578983337,73.36904423201176,73.79373175624296
SY092838,49.1,56.6,49.70057287986823,43.61909691408145,45.43638033627319,40.37608476778804,41.54678451850917,41.89417343833358
SY018153,34.7,30.3,31.745501596097455,32.766408556891946,32.527637833368516,31.462942387624814,31.59564352549952,31.78235102134792
SY059303,17.0,14.9,15.347278653080922,17.326121497971585,16.582161347046167,15.827499692100474,16.40694203676353,16.05389818858418
SY079249,26.6,27.0,26.823861488846134,28.70531747527688,28.94864507412235,27.82933144030187,28.14287550772647,28.165125530448016
SY014406,50.4,47.4,50.54174383855795,48.81887682636587,48.35536977939647,48.21027838773991,48.35246430582605,48.25380580523688
SY014207,67.7,67.6,63.20085571828071,59.573748484829125,61.286614887094444,61.28266273362232,61.648761475861704,61.28384837966395
SY038536,36.9,37.5,34.37970605490658,36.53089066586179,34.68871334963524,37.38862479603051,37.1130722865284,36.57865136211193
SY048602,43.2,45.3,42.3095133860737,41.69010105313855,42.46517232687864,40.076213750413146,40.36879589276252,40.792901323352794
SY049788,36.8,45.3,37.4754832773209,45.5710319631128,46.8512973924249,48.401933079660175,47.81004596494336,47.93674237348959
SY005614,46.2,46.5,47.981747424608606,48.185573798556575,47.958385951921365,47.797923559642086,47.673152581348496,47.84606227732587
SY015642,26.7,24.6,24.459562317716493,25.938351781686787,25.30095744540125,24.47404789209418,24.33065838511402,24.722120758086298
SY048097,65.5,67.1,67.27179965360733,65.245286109321,65.79458903614939,65.08888787519182,65.34774237353625,65.30059822347908
SY013421,26.0,25.9,26.673723512864992,27.396207356995607,27.969344229714785,26.445737709043026,26.642299557039706,26.902819665244554
SY025956,83.4,76.8,76.20344321444311,79.94234821693826,77.73639629901768,79.69023464755469,79.18437124261553,79.10408314299357
SY009201,44.8,50.4,49.10308792159499,49.13749062741859,49.57584176109836,49.78822323557167,49.32061510465457,49.724508793229674
SY034621,58.4,48.2,44.887059197880866,49.626156055048696,50.55631195733468,51.30032654547345,50.86328515088749,51.07712216903181
SY001553,30.8,31.6,30.60592161069853,32.94879657643649,31.140619421696837,32.76537430243389,32.11814672589893,32.277947838212775
SY064446,52.3,56.0,51.55445888959914,49.4565178909768,50.381120698523105,49.11693731431764,49.59782300122427,49.49619232957927
SY006209,88.5,88.1,88.25173011587815,90.77415021966002,89.95356757649245,90.80126907682579,90.60533372803522,90.54695862672578
SY047088,30.6,28.8,30.588465014994384,30.4098638938458,27.875260250949783,30.458578806723857,29.278513433340965,29.683583239991634
SY022386,78.1,71.2,72.97975477533916,72.3593335198446,73.29774182199719,71.86723544166651,72.14128041165638,72.29638735576572
SY089084,25.2,25.3,28.513465283724635,24.48439748752513,24.519721145945944,23.942876830898697,24.378753582645878,24.11593012541287
SY036018,46.2,46.4,44.00501460466263,43.49881452598296,43.455901365863724,43.339914816839304,43.41695846932342,43.374710781546625
SY005944,44.8,41.5,40.71098507410651,42.89391825182784,41.20661834638844,44.19895146389168,43.33918883257326,43.301251528640705
SY032607,50.7,59.7,57.29765354546959,60.0460850610325,63.086170198043895,59.11821506826626,60.30431525272885,60.30860160719955
SY046460,19.1,38.4,29.599635583570414,24.784927737624514,26.605987165810138,27.39956234493651,26.75887054159951,27.161489791198594
SY053132,70.6,71.8,70.13436946777855,70.05968074893273,70.02780575745572,72.3789701937543,71.96012287540093,71.67362086286472
SY024632,60.3,65.4,61.46120614980695,61.64466416020312,62.778808652473735,59.55922451695368,60.67074950595561,60.52509975760969
SY093646,80.9,83.6,78.79562412567127,80.6070847901511,80.20906167377731,81.49326645931853,81.27444865218781,81.10800502365616
SY053820,58.8,61.1,58.36383133028369,61.419520367871485,61.468918559913845,61.03877239691853,61.286862353806534,61.16781624581712
SY074939,105.3,102.9,96.50328676106093,97.75769477797641,98.69736053796527,100.18519493673712,99.7760802388503,99.73884461710556
SY025347,20.7,20.1,20.755493503957748,20.534225554938335,19.22129203177967,20.41648690027166,20.09348167931727,20.057928439724062
SY069225,35.1,36.2,35.85214665510466,36.452042122123046,36.324523450855715,36.185488828953865,35.96702104818351,36.22719921552442
SY097867,29.2,27.8,27.235302486083814,27.58871656914437,27.872197639167453,27.98750132292789,27.879723557669177,27.952910217799758
SY062156,24.6,27.7,32.830226525823825,29.00345024136741,29.64031295921161,27.943343614065604,28.697930530332883,28.452434417609403
SY067138,14.2,15.6,17.63350431068094,18.272081616256624,18.44682769975955,16.684418252354213,17.52425639608084,17.213141086575813
SY083707,92.5,108.5,99.76836816391638,106.76533149028934,106.17986334775458,106.47577579253755,106.55884373811435,106.38700205910264
SY077393,75.6,49.8,73.8975680965774,68.59935042947868,68.83905419083902,71.43718717514398,70.62956853093877,70.65774727985249
SY014483,16.8,17.9,17.836645071979845,17.126435445432264,17.442087979693042,17.154153511822795,17.373606503447775,17.240533852183866
SY058476,111.0,106.6,110.24024561155254,109.67665218753206,109.11399900947977,109.73006822658957,109.62045632929039,109.54524746145663
SY060758,19.0,29.5,27.457715159061756,25.744301570982635,24.681724189378393,27.70232256018327,27.268308150235107,26.796143048941804
SY018239,80.2,82.7,75.57706824393688,71.24594041085135,72.88173937991472,73.7956206495671,73.28108382780265,73.52145626867139
SY048577,70.1,72.1,72.5325502077952,71.18580911239513,70.49856046699409,71.38171758310543,71.39048838216473,71.11677044827202
SY019065,65.9,56.2,60.548511858661236,57.94027545668381,61.35372898280073,56.29030033148865,57.51773131728823,57.80932892688227
SY083254,68.4,79.8,72.14346566242952,79.75963925847498,81.70836540501269,73.36569734232259,75.43634169735223,75.86849776112962
SY037526,43.2,42.8,41.85673906552481,42.30205531520656,42.22989887435174,41.62332598995052,41.854854959420976,41.80529785527089
SY033484,22.9,23.2,21.60069208654546,22.960584542811155,23.566597931802434,22.594561926916587,22.95670421579991,22.88617272838234
SY050041,59.0,65.0,58.00554810247775,58.112800719059045,58.86702582731547,57.63733816315785,57.925651617059664,58.006244462405135
SY032809,64.3,70.7,68.48329627208784,66.05429400063727,67.51199370598914,66.01096999711152,66.65978381520088,66.4612771097748
SY042315,72.8,75.4,76.18780601340347,74.17554251976017,75.709411704634,74.3087834758786,74.54114770661167,74.72897194450522
SY028780,30.6,67.1,44.40535135618128,45.70975688792885,48.74275309676714,47.11264779964728,47.54204838885453,47.60167938878323
SY059948,53.2,54.6,55.499255293163955,52.825077361736135,53.399796460354956,52.444144173209985,52.62552290369678,52.73083985935347
SY027902,25.2,25.3,27.521311606046723,28.613705598684717,29.154415938054047,27.229259760659154,27.701081048863752,27.80680661387762
SY030183,86.5,72.8,79.05459886732885,77.12018026323051,75.53393425473391,76.66155784607892,76.48502757847852,76.32327076867541
SY073490,54.7,50.1,51.13284323565152,50.59738706772491,50.5273899627733,50.60531309629614,50.64422747405154,50.58193615623929
SY035082,26.0,28.4,26.601681583393194,26.744771920647622,28.338908504180313,25.630790447380576,26.322723807074592,26.443225864420498
SY009073,64.5,69.5,62.904260647402594,58.779055505057016,59.449599085171855,61.08482002376445,60.47892154206802,60.594253742186666
SY043998,22.0,19.5,20.998408578813805,17.218410581604935,17.552909677295737,15.600147558449128,16.123879330744558,16.18597619410311
SY075000,24.6,23.8,23.44579813472444,21.81026648094432,21.710040131198042,21.870009153495086,21.72634924817425,21.822018446805973
SY021703,68.6,76.9,70.17295136628856,72.16600226762664,72.02899992213545,73.3786619839149,72.85222198007463,72.97376336538106
SY020647,26.7,29.2,27.636112123456186,27.848377363144458,29.00113569040315,27.675291060376065,27.937660923262268,28.073044449384188
SY057757,46.8,48.5,53.790170053747886,53.64914194584435,53.83379342298815,50.58872760787688,51.48572561105408,51.56224735241027
SY071408,62.5,66.5,62.67769651012631,62.09536783222289,63.054722574907224,61.32860816322191,61.817162058945186,61.846442486727504
SY097991,35.1,35.6,36.513221418715695,36.64216945580725,37.12052936057469,36.12257025617405,36.36949520846454,36.42195798749424
SY061710,38.5,38.3,38.01777201661544,38.39218926037668,38.94370926557712,37.892978416294895,38.29580176152009,38.20819767107956
SY099816,46.3,45.7,47.09877032302982,47.13377058190491,45.66161979388428,49.0174136161683,48.122524181823515,48.01067546948309
SY084004,19.6,20.5,21.016476469771856,20.496726349455965,20.020090646189992,20.333631743572578,20.137984816577053,20.239569414357803
SY037982,70.8,76.9,76.86004749817852,75.85375947744869,76.42816580989917,76.2015539397211,76.31975346263809,76.26953750077452
SY054895,35.7,34.2,32.546938759208444,34.778352717759375,34.2262722039949,37.05759379987779,36.451698589577695,36.20819732111293
SY040407,71.2,68.2,69.18520740522749,69.03531282815423,68.25316686546401,69.50112161390562,69.22250478839233,69.12673518937314
SY081827,66.5,64.0,61.66326282419223,60.5418832427577,60.90627359567098,62.348808060423,62.058871010271375,61.9160477209974
SY004349,61.8,53.3,61.320163446628115,60.98134016631303,62.149852060745665,59.11081194747671,60.17001519240736,60.0225239814574
SY082727,27.6,28.7,28.033259674424965,28.469366923506122,28.905941932412077,29.061923089866802,29.29968113172366,29.01512874263038
SY081732,47.0,57.6,50.86999785490678,54.078695755804226,53.650371010654084,55.14971261169696,54.873855093388926,54.6999101313841
SY084951,38.7,37.1,39.33433997428617,41.09232143519408,39.243309689337224,40.35805512474627,39.8834149935823,40.023631494123556
SY023751,36.4,34.5,33.74241083194315,36.24381710121193,36.21098358589572,36.28848898900661,36.52152740440064,36.26523736807334
SY027417,29.2,30.7,28.782307416763498,29.82196765676793,29.076134516385792,30.48916059219482,30.028559847971188,30.06525276945211
SY093450,112.0,116.4,114.48820219994055,113.83315413604689,114.91283215258754,114.52934079336883,114.59196538826109,114.64438820113443
SY099071,29.6,27.05,41.36232786377549,36.20933815724876,36.01856856887403,39.41292125813629,36.95697798844385,38.39461545135761
SY004631,100.4,108.7,102.28418672701726,92.46152312597867,94.36199839575923,94.49136642852395,93.82203405516321,94.45255601869454
SY040779,39.5,41.4,41.86941254429233,42.319840264583036,41.12946598494964,42.195433305118584,41.90777821896399,41.8756431090679
SY085091,68.1,69.5,69.01676153029122,69.01392643846948,67.40351728978628,69.40330992670826,68.83989360863706,68.80337213563166
SY073090,47.0,45.6,46.06366237088375,45.062983575949914,44.28087313664454,44.41398986721832,44.32771792723134,44.374054848046185
SY097658,64.9,58.6,61.59586440810099,60.91736260396756,62.62239197410144,60.80587110964094,61.52092837217812,61.35082736897909
SY028306,71.8,68.0,71.78223785609391,72.57268557590153,69.13982601478816,75.02022952579448,73.90403474831714,73.25610847249257
SY068441,143.4,142.7,141.77829047341953,140.83864124754643,144.73347998732226,140.6786703497174,141.58266404416457,141.89511324099885
SY001255,103.2,99.5,104.29813735751905,105.86522648983924,101.5907482405036,106.73505635984691,105.32638967447616,105.19176392404391
SY081789,18.8,17.2,18.229651171017668,18.657372799441752,18.770376026984113,17.999252116371668,18.472953549271956,18.2305892895554
SY087317,46.4,45.4,49.94395878069292,50.89902732415087,47.825921182513184,51.70041966294925,50.47579047354403,50.538070118818425
SY046560,58.3,55.6,56.45338190852719,54.71384821339423,54.39397313813399,52.88238116908076,53.10254405569565,53.33585875979672
SY081188,80.9,78.5,78.1213605375465,80.75646983455516,79.83424688029108,81.40932372778926,80.68951224185858,80.93680067353979
SY076305,56.1,58.6,57.43195041062279,55.19727896479215,57.64063691805187,51.62196146330998,52.94772133030098,53.42756409973254
SY055649,73.8,68.8,72.28627659702691,73.5781584994786,72.38283606108524,73.32747481891502,72.87696050152074,73.04408319156609
SY045445,38.6,38.2,36.6040242541284,37.76077655181881,37.933780833517595,37.57935181023524,37.6023956706182,37.68568051721994
SY085674,77.7,79.1,80.1732469247772,78.9488190005558,79.37364544070445,79.11442297976572,78.73142456146394,79.19218971804733
SY062929,49.3,49.9,50.909690627830685,50.01606429181483,49.61204742530697,49.43907971221488,49.47582473249084,49.4909700261425
SY075212,45.5,46.4,54.802668284891745,54.99920197651758,54.35989802348554,54.39544112907091,54.444012682620524,54.3847781973953
SY022821,64.3,66.9,65.10847984052327,66.63138722680026,66.35798388136841,66.3922950895416,66.45514007200276,66.38200172708964
SY019695,39.7,34.0,35.75205082922968,36.89803528587832,35.363427830806124,40.872989445695076,38.90913160090341,39.22012096122839
SY060077,77.8,71.9,72.05197811661417,73.10123691335633,72.64261131315175,72.32326962098476,72.40122875173266,72.41907212863485
SY045839,94.7,83.9,88.9308398180199,90.38249156785017,90.51056130386698,88.95598723772746,89.2990506988632,89.42235945756931
SY004234,26.6,24.9,25.36668914328541,26.37989901902834,24.357805868687425,29.77245261042204,28.309487922281452,28.148058587901655
SY096476,88.7,82.6,83.13553956489059,84.34194405752045,84.89974075061416,84.90633022311275,84.53479788129115,84.90435338136317
SY075682,18.3,18.7,18.071906377735875,18.85150276897188,19.271577330515985,18.4088757913815,18.423998106640962,18.667686253121843
SY016893,73.4,85.4,79.32013829330428,75.34323851384494,78.32825364176358,77.55508728142237,77.65013340837777,77.78703718952474
SY030192,77.8,74.9,77.55496410709483,76.53995044499035,75.46393917354223,74.92907817593616,75.15417117848428,75.08953647521798
SY098044,69.9,68.2,71.92418441244509,71.2467891461487,70.11121959943043,71.02739014448409,70.76431499669317,70.75253898096798
SY069004,73.6,70.1,68.70601842054303,67.34688141100366,66.2691005751617,68.25306376006318,67.69082330193291,67.65787480459274
SY055292,25.2,27.7,25.361961964984122,26.60872790108341,26.480266541375627,25.685916225596777,26.031007793114693,25.924221320330428
SY028189,23.1,43.1,25.860259866601755,24.829152102571207,28.54639512638466,25.32903762979051,26.007942390677698,26.29424487876875
SY077558,100.2,100.7,95.50123969569485,92.26024317884773,96.18601630093418,94.20328190045043,94.91176116277812,94.79810222059555
SY018858,59.8,62.0,61.97061238388079,62.95657278612019,62.418728456110266,63.31353779207093,62.96150480918532,63.045094991282724
SY011797,15.7,17.2,17.757485986934444,20.06244444469182,18.515901686676617,19.819788077959,19.732360703738763,19.428622160574285
SY027043,17.2,16.5,15.262386120597352,14.43953318051988,15.442196091884323,15.2064085865901,15.283227523235404,15.277144838178366
SY082916,24.4,24.6,23.834169153543105,23.370328407576917,23.041747638485084,23.64910911096415,23.720028607925904,23.46690066922043
SY005824,36.9,38.7,22.609622464155883,26.749519009970754,28.085051087226397,30.709690430046244,29.38907410045322,29.922298627200288
SY070923,78.0,79.6,81.21991010112026,80.96452733272608,79.91167656218876,79.94630546732175,79.91602421484151,79.93591679578185
SY078429,33.9,29.5,31.376584211320914,33.74458038258649,33.84115470185749,34.385131912523484,34.36892741909385,34.221938749323684
SY031980,33.1,36.8,35.474952534216065,36.937761707353516,38.11136700316237,35.71275503439688,36.22156082390852,36.432338625026524
SY004962,72.6,67.1,71.00726408528061,74.34024744841966,74.29013108848525,72.75530396054337,72.64314283966834,73.21575209892593
SY004812,53.4,65.9,54.25893185332829,55.95763182233143,57.378517249981954,55.42246652656517,55.991268058150695,56.00928174359019
SY060792,48.0,47.8,45.0968956688644,43.290451337185814,42.77726691435768,45.393455453846215,44.65460551467104,44.60859889199965
SY080370,69.1,70.2,71.41919472917968,73.04922905456834,71.71501475326892,72.72801319751616,72.49790819924739,72.42411366424199
SY067475,75.6,85.5,79.91989756829364,75.96756681822231,78.661264128206,76.11352280615975,76.97934307785468,76.87784520277363
SY093343,55.6,52.3,57.92567247105546,63.220095712162966,60.272182838058384,62.51271080457887,61.9937253140174,61.84055241462272
SY000605,41.8,36.6,43.712726652442115,41.71144681712816,41.33739581093655,40.40740935033115,40.58733149322027,40.686405288512766
SY016049,40.2,43.4,41.728784031445535,41.666744807782024,42.08660101665378,40.21365164791703,40.440751824640614,40.775536458538056
SY008533,61.3,58.0,58.02002478143365,57.16304427068091,56.88191189453083,56.566702578164076,56.94715287577348,56.6612653730741
SY027423,38.3,39.2,39.56596351049124,40.7654802457302,41.17961132066673,39.304953194304055,40.00595770425389,39.867350632212855
SY015576,20.9,23.65,18.88639836745042,23.19165868453177,24.84226893808263,21.364012346007204,21.885160514739677,22.40748932362983
SY090205,17.1,18.1,16.839972726614274,19.20194806465204,18.780398896302607,19.35840088205302,19.4843151736995,19.185000286327895
SY088774,62.7,62.5,60.302093880467346,60.69480414374455,60.151943376574614,60.051477929802886,60.36213383456791,60.0816175638344
SY012860,39.3,40.9,42.32029702423533,40.20603676796457,39.943958600490134,40.75417451475252,40.6410991083937,40.511109740473806
SY034676,87.6,94.6,88.89490486801662,90.79886704140327,90.01583784502643,91.28265565841629,90.9091060904918,90.90261031439933
SY067321,79.2,82.8,74.76316549043031,77.3058613575159,76.60643611606622,78.82179742077,78.09397302801466,78.15718902935886
SY074548,20.2,21.1,21.568218575498626,22.290320287792465,22.286801313887675,22.46534167997116,22.492426686321103,22.411779570146113
SY077671,37.6,37.4,38.57491423909734,41.44203235817956,39.77516140629477,43.01612169839154,42.54872448625258,42.043833610762505
SY038298,16.6,18.0,17.580426208604013,17.61140631725415,17.567584792122705,17.548039116024835,17.399983425341368,17.553902818854194
SY013628,25.3,24.5,27.189679474571804,27.043176810521683,26.543902318014887,26.725256201480583,26.833961973268764,26.67085003644087
SY023232,55.4,52.0,61.38887193549277,58.93195681460232,56.64262032022468,59.87167165700678,59.06065881173839,58.90295625597214
SY054626,60.9,66.0,64.30608187527405,63.87094903278596,65.897992955497,64.8173867452358,64.84294669567478,65.14156860831415
SY036384,43.4,38.7,44.724389559536874,44.36540095232602,45.33035588906267,44.11293335085826,44.43953668511439,44.478160112319586
SY006161,40.9,25.9,39.39135573773275,39.06402014859796,38.34380290857389,38.838967360209864,38.59737985224076,38.69041802471907
SY093544,34.0,28.9,39.061772430194,39.044762523383575,35.61175832521407,37.62404278436434,37.14781944841468,37.02035744661926
SY089088,46.5,44.9,42.62661629369318,45.30308930312842,44.97294865325804,45.527434901395516,45.229457329997324,45.36108902695427
SY067728,11.9,12.4,14.338412032105113,16.06506024812027,15.420518812346788,14.291231205745422,14.799421578435542,14.630017487725832
SY061982,17.7,16.3,13.826521068596266,14.902441475722071,15.245735912595316,14.981467293146437,14.892514112156102,15.0607478789811
SY091741,54.5,56.7,51.834477521666564,49.86407781141854,52.41228929455241,49.60573861048099,50.47367228018929,50.44770381570241
SY094471,19.7,18.6,20.5712940832242,21.885582639641214,21.16206966767945,21.889714789358933,21.79352985491869,21.671421252855087
SY046796,66.7,60.5,65.01459522746158,64.41908687320638,64.62698340371219,64.43126125149576,64.81789849894909,64.48997789716068
SY067652,32.2,28.9,33.87666252339612,35.12245256566677,32.1913249789849,34.958983604163066,34.33902714769386,34.12868601660961
SY077337,26.2,24.9,25.45113446557777,26.98532405629474,27.727623619198415,25.076407382222538,25.87429478405522,25.8717722533153
SY084626,47.7,43.7,44.863364105833185,50.91905062909197,47.91045139374849,49.272720876738205,49.30065338210149,48.86404003184129
SY034669,97.4,89.8,96.18979836436779,93.8502392805776,91.77448534296977,92.44264321718134,92.1843635133624,92.24219585491787
SY020636,63.9,56.5,67.62284454034923,61.737379920853215,62.56459114883121,58.16844330321568,59.12164698987114,59.487287656900335
SY071892,38.5,41.3,49.65829078190706,40.32708093600085,40.65098957899081,39.10011293581686,39.643078046695415,39.56537592876904
SY049252,29.6,56.9,38.88955347768028,38.60027549090864,39.66861299842445,42.93930405837339,42.17384873504487,41.958096740388704
SY076336,104.7,123.9,117.82376102497919,113.41859245024003,116.85992682987306,113.61786283439884,113.43817390489905,114.5904820330411
SY072830,57.3,56.6,56.58365298806955,54.30042379085074,57.09165957571342,55.28177007831393,55.440615730597486,55.82473692753378
SY084071,35.5,71.3,41.37341729993969,45.78349461125893,48.71951536401329,45.92200252961256,46.87221221932631,46.761256379932775
SY045348,54.3,58.6,59.669243121701776,53.64504444693062,55.208504343178646,57.301763432588174,56.32952700468603,56.67378570576531
SY071693,95.5,90.9,94.9176500344647,89.9993184270582,89.87582119424447,91.44616339497779,91.42245075681454,90.97506073475779
SY085833,52.4,48.6,46.54970659585111,52.128893259503506,51.48944080585524,52.82045498550282,52.972012461228616,52.42115073160855
SY067443,46.2,47.4,48.42961511918557,48.06342609462969,47.75085408579001,47.32804806355873,47.33666709707133,47.45488987022811
SY055813,83.6,80.9,77.32710708889027,80.9706998737748,80.47059313202404,81.7853378010069,81.81298658499857,81.39091440031204
SY026728,74.3,58.9,57.35008729576923,66.24486412753689,59.18478515496963,75.39365609946054,71.79461126872457,70.53099481611326
SY098062,99.3,99.9,98.45100564290173,97.21361798767728,97.33297127128952,96.01639707556825,96.34153093784734,96.41136933428461
SY090418,68.9,65.2,64.3361398098388,63.19548970072453,63.206463542065336,64.63430032317218,64.15178090099934,64.20594928884012
SY061498,74.1,73.8,74.80638929227446,73.1260421426905,73.24741048478322,73.92418223390351,73.77081009656251,73.72115070916742
SY084155,53.5,55.5,51.89429675843719,51.28665402224027,52.914062115826525,50.892754825227215,51.479492608359266,51.499147012407
SY008476,60.2,62.1,59.77332188493032,59.93268413700383,60.26186134555686,59.48753083902407,59.59383218729508,59.7198299909839
SY001355,65.3,68.3,65.47731214588877,65.57024676088038,66.0697063170223,66.27672525646263,66.17627226170988,66.21461957463052
SY082565,53.8,51.8,51.08819713138122,49.4543122723773,51.18363640767971,48.182703108007225,48.868070382412796,49.082983097908965
SY035950,57.6,65.0,61.743107022319286,61.27438638835492,65.81039725204177,61.716120060705954,63.517955696338376,62.9444032181067
SY081044,22.5,22.4,21.363542063583512,21.856856055066373,22.587278000689807,21.99451273334781,22.311257207982386,22.17234231355041
SY001956,29.6,39.8,27.52103222021245,26.769380140709337,27.90718840856067,27.640503996179916,27.489048838251108,27.72050931989414
SY027244,80.9,80.5,80.28219060206361,77.82037666821626,77.39516256204494,79.774791123717,79.42610584114288,79.06090255521538
SY049743,73.1,75.3,76.22430898734646,75.3765083232829,75.88690219387632,74.31273495821911,74.67573385886435,74.78498512891628
SY054013,17.4,16.9,16.798495253445545,18.000404658501868,18.19876463991872,18.004229540677336,18.26615059800024,18.06259007044975
SY073759,40.6,36.6,39.50677339476375,34.79367336938745,38.705353026888396,32.927030806338735,34.02952548419802,34.66052747250363
SY055441,56.1,55.9,57.90863272508798,56.0587763199033,58.08877338963195,55.536536080787485,56.47785959170146,56.30220727344082
SY023375,56.8,58.3,51.61251537685048,48.24781055381993,50.838528450639764,48.7930984004804,49.16233056850458,49.40672741552821
SY083543,90.3,92.3,91.00854349200766,80.27446062789045,84.87065813127131,81.15205145179748,82.18945179352994,82.26763345563963
SY022528,41.7,37.3,44.11402054306064,46.199782839698216,43.56256808469907,48.15538863349464,46.78395385421725,46.77754246885597
SY031272,22.5,22.2,22.35227357263948,21.331039639253195,21.941798365384543,21.926715267074275,21.6661399994519,21.931240196567355
SY083150,104.8,106.8,107.53173119620796,110.96955523714405,108.75395870596051,111.4905188430785,111.16451490661038,110.6695508019431
SY027347,56.6,59.95,47.731130229070814,46.251933771157724,48.31437689214495,50.83691077554662,52.15846871455754,50.08015061052611
SY054545,22.5,24.1,24.3734606573525,25.26743052900352,24.77531511579619,24.582260061887,24.5251092743826,24.640176578059755
SY014811,21.0,21.2,21.202157744695505,22.402439874284475,21.837479143751413,22.471587004008857,22.254679704891196,22.28135464593162
SY073862,67.3,57.3,61.962257638539604,62.289771935634306,61.19632416687874,60.89442177126811,61.14030695407919,60.984992489951296
SY045743,42.3,35.2,44.11147208191262,43.04433532832911,42.37208887277508,43.143438791076775,43.20259704972152,42.91203381558626
SY032735,52.3,47.3,50.479422714558844,48.68349911192965,48.28501188196622,48.74952600641314,48.638400594477616,48.61017176907906
SY002630,51.1,52.2,49.853567215308864,50.77657753412805,51.00452717540098,50.44585651085573,50.77856693721472,50.6134577102193
SY039422,67.5,58.3,62.50712776771986,64.49953477480646,64.66286363521368,63.61667316408182,64.12913980353446,63.93053030542137
SY034413,96.3,93.2,92.30797539311672,89.16919476068628,90.84075137031954,91.28350049527177,91.65732785029917,91.15067575778609
SY038735,71.9,67.6,64.99725787894216,69.16250918641478,64.57854697001116,72.50601491426187,70.76011643216555,70.12777453098666
SY067556,21.7,20.4,20.982044827637523,22.868421730224135,22.89379932113539,22.316514674129063,22.48452851472397,22.48970006823096
SY059734,50.7,46.2,47.99634919596458,45.11239232457977,45.09761277393653,46.8230408580367,46.04013619882201,46.30541243280665
SY089720,22.9,23.8,23.688333125307192,21.744693003856508,24.022354108664878,20.97658906500695,21.286908884308424,21.890318578104328
SY027435,17.7,15.6,15.590492467262184,15.36381433814466,15.617307021100027,14.958666147951485,15.104064098337084,15.156258409896047
SY094291,15.1,16.2,17.719127492900355,17.94389223131504,17.63902013465627,17.58089986024427,17.451282372887206,17.598335942567868
SY038902,30.2,32.2,30.511653495808087,27.416024347123845,29.082144403884513,30.21068403962005,29.82346429929382,29.872122148899386
SY076348,44.1,47.8,45.4134692641429,47.14550527689421,48.318384716745086,45.47316841471102,46.08789988806545,46.32673330532124
SY089275,45.6,53.8,46.39137216851498,44.96200437073174,43.389510766260294,43.93771867706665,43.63917752036552,43.77325630382474
SY098397,83.2,83.35,72.46788948338018,76.84186941683504,79.01440020348511,74.55180418226101,75.8881657074912,75.89058298862824
SY020108,41.4,40.6,42.85712525541442,41.9802364080647,42.096700431956386,41.48920297871989,41.74450025310901,41.67145221469083
SY087722,16.4,19.5,19.693690575197273,17.63728097787687,18.54358287339577,17.458527702360204,17.478791395897254,17.784044253670874
SY031874,50.1,46.7,48.31112709304881,51.21877191370805,48.17506331670372,50.66547203488334,50.072625402484256,49.91834941942945
SY065055,39.1,34.5,34.528664570999545,38.78793825956768,38.13514626944078,38.51560755353249,38.33117477260426,38.40146916830497
SY059360,75.9,74.2,74.27673618622245,73.3518250948856,72.20697659824025,73.9072155370459,73.1262148119156,73.3971438554042
SY083267,20.5,21.9,21.651772732881163,22.64585579833033,22.273731857230057,23.060043186454596,22.693666961372674,22.824149787687233
SY000142,44.6,41.9,42.01807098474189,45.97354724142302,45.68722687494554,45.480823818165355,45.831744585858864,45.542744735199406
SY060948,50.1,59.2,54.03193754471089,54.15414750233781,52.39979429141225,54.555733997366495,53.80555828462134,53.90895208558022
SY071522,35.8,36.9,34.9717625998732,37.461552890847024,35.78725306099001,37.4771611968195,36.64483962036731,36.970188756070655
SY006188,81.4,78.9,78.49048438272273,78.69414439295394,78.92198722120898,82.76662900099375,81.88991774866855,81.6132364670583
SY033933,30.6,29.6,27.252108649193435,27.963907742671793,28.361774022218675,28.096541862221386,27.8907629759004,28.176111510220572
SY078183,68.5,73.6,66.71403323299582,68.50135090085011,67.45127361658913,68.85335702072457,68.36238495714224,68.43273199948393
SY034914,26.8,28.2,27.01865260993814,28.446420763906588,29.861512575270297,26.3992823627559,27.361589612448064,27.437951426510217
SY035677,69.5,66.2,72.19470288087945,71.44131834202322,71.4479166886419,71.23849102239461,71.39122714783312,71.3013187222688
SY089794,51.8,56.2,54.57070255502662,53.93854394967138,54.796310314953104,53.68794168333985,53.93836482589642,54.02045227282382
SY080810,39.9,39.9,40.74967137892443,39.991526072175546,40.44889740734525,39.43113449106006,39.67811278055814,39.73646336594561
SY040369,77.1,73.4,77.79698744992278,75.79179344835069,74.30596438194905,75.27374423594259,74.96259202687482,74.98341027974452
SY098468,26.4,26.1,27.08132981418426,25.551176619028922,24.60959926022969,27.027743326194337,26.302931633669957,26.302300106404942
SY000915,20.8,21.2,22.334181923197246,22.238977900014284,21.997496746242913,22.307297924797126,22.15150441799305,22.214357571230863
SY027229,25.7,23.2,24.66471938154457,23.60964426448121,23.89421994279865,23.400574727933193,23.594436174640755,23.548668292392826
SY078530,73.8,50.4,71.67415928901349,69.31879333583669,68.94067217589948,70.97357968195813,70.5978113888795,70.36370743014054
SY042540,90.7,83.9,86.06630076108746,84.7800769496118,84.6073099178679,85.23509328679351,85.34846977165317,85.04675827611582
SY056830,31.7,30.1,29.643590438694854,30.68758320324126,29.80241763238508,32.55370561650556,31.90017168146406,31.728319221269413
SY002967,13.2,17.3,16.00010177748078,13.602692568463127,14.611023010454996,14.23865911754909,14.668267583965978,14.350368285420863
SY060709,60.2,63.3,62.15401942499285,63.807110640526076,62.983002661729586,64.27105925099985,64.0991647115438,63.88464227421877
SY026089,39.8,44.4,43.23431725141116,40.05120858141952,39.14344047901879,40.40326592711579,40.1909138581988,40.02531829268669
SY027034,61.9,63.4,65.06265145257017,65.71684827036816,65.60354776507549,65.88367340108896,66.074683535675,65.79963571028492
SY082824,11.6,11.7,13.390149950027848,12.364067538251987,11.891904944727088,12.672649740202868,12.397202544241683,12.438426301560133
SY018331,46.0,46.1,44.421504225061895,45.87779743899482,45.29977914618068,45.26787246631797,45.17085832269538,45.277444470276784
SY096972,68.2,67.1,69.14473718191269,69.29983821829674,66.30719820490786,70.48710707810997,69.27763019364143,69.23313441614934
SY069272,73.4,75.2,77.06231291293805,76.34599242636837,75.7402147139184,75.3547253440624,75.48732784008332,75.47037215501919
SY042745,26.9,19.7,29.47987920525043,26.18554984945869,26.37416983627697,25.772594507619022,25.811151547600787,25.953067106216405
SY074600,16.7,14.5,17.87849350284402,16.79529003620106,17.583609492369966,16.805098287725137,17.061909280066022,17.038651649118584
SY054846,14.3,15.4,14.693027760953617,14.169944146938354,15.205293811868334,13.806246820549195,14.147789840234935,14.225960917944935
SY089960,41.9,44.0,41.1946550808504,43.90033239003495,45.73664764233486,41.51127177791362,42.86318974115527,42.77888453723999
SY092192,58.3,64.8,57.949553495313765,60.608501282318045,61.77931838712855,61.98805347243571,62.038579918740474,61.92543294684356
SY069668,26.1,29.5,27.062310310930343,27.677035316285,28.2472894068556,27.12828686982217,27.46012132917342,27.4639876309322
SY072008,47.1,46.1,48.50122569244332,45.61521178365861,47.869677113994506,45.29605442223776,45.56986796242049,46.06814122976478
SY057689,85.8,78.94999999999999,83.55349984308829,85.0553003253244,82.31488515032532,84.01411057683157,83.87265535399453,83.5043429488797
SY013771,56.7,69.9,63.784766737191724,59.88169734165406,60.40059310978839,63.034389399346864,62.71473265841098,62.244250512479326
SY029070,57.2,55.0,52.492394152368554,54.794468677786796,54.629078538718055,54.65829905722941,54.90878681277278,54.649532901676
SY050073,28.1,31.0,29.601485407361885,28.452618131722247,30.238364144647424,26.877965160149806,27.693805133671038,27.886084855499092
SY020076,100.8,94.8,95.91186994056731,95.01903115299035,96.8335680195489,95.50493556074937,96.09054572596798,95.90352529838923
SY043291,90.6,92.2,96.55079723092746,93.40269383652893,92.93124584814491,90.55619294280152,92.02569548364613,91.26870881440453
SY026492,14.9,16.45,16.84715223996384,15.774569356333078,16.4967879407397,14.614641883712133,15.00627876956297,15.179285700820401
SY060916,115.6,111.9,107.59591472262754,111.45520428734775,111.37148926968344,112.64638244234251,112.08371393097997,112.26391449054478
SY026827,27.2,24.2,26.42758886168312,26.136594797246957,24.798569761260218,24.674157233564102,24.82286507568852,24.711480991872936
SY058494,62.7,72.9,75.79559465178048,74.94611603898416,73.40321378914031,73.62157694694415,74.37993138423266,73.55606799960299
SY078640,83.2,76.7,86.4395298873777,84.30631683212312,84.94980494615386,83.21619777041091,83.67598364200884,83.7362799231338
SY058798,73.5,83.35,72.9983476955684,72.78188086397935,73.06108115529327,75.09175815960461,75.10246620679156,74.4825550583112
SY027360,45.6,32.6,44.06651174067914,39.994496795444256,39.05124935024051,39.97536238031381,39.08004142009263,39.69812847129182
SY051201,64.7,65.3,59.418372184333485,58.024659742505996,60.67785202902829,56.82908516853537,57.57506592575904,57.983715226683245
SY037000,29.8,28.6,26.442519230803065,28.660986632193513,27.902885497771184,30.979743676178458,30.210060907697883,30.056686222656275
SY060443,43.9,47.5,48.95485186778537,50.141137481604346,49.95541282580314,49.42748570671424,49.74131925706289,49.585863842440915
SY045207,93.2,102.7,101.53697442175982,100.87114606487924,101.008938447944,99.96482459132065,100.10326676140413,100.27805874830764
SY077435,88.1,84.4,84.63837183322768,89.05955559510852,88.03028555961382,93.05752100463467,91.52525084577405,91.5493503711284
SY007350,98.1,97.4,101.19985730681212,102.62648060554257,102.10318082305068,102.4087211839532,102.84351233621138,102.31705907568244
SY001110,18.7,21.3,21.396540399884394,22.470820036753523,20.7024038523998,23.557501655018736,22.683215434023932,22.700972314233056
SY083442,75.5,71.6,71.06216091977979,74.48198390268702,72.81646241811148,74.53512734895745,74.4444115742877,74.01952786970365
SY053935,31.8,32.1,29.003203580713638,27.618258471430714,27.484136032571946,29.56185490116195,28.956061875825874,28.938539240584948
SY013407,28.9,57.2,34.848883020483484,40.70960716384203,40.43058375917492,41.950145348462875,41.87983237708106,41.49427687167649
SY035234,18.7,15.7,18.85178256931379,19.088002801625578,17.76707914724886,18.943670399516947,18.879366273319068,18.590693023836522
SY026274,32.2,27.65,23.458417718789224,34.680911414322594,35.56700674979773,41.30556464491397,39.356607789071305,39.583997276379094
SY033562,27.1,28.4,25.46609796931887,25.454262859752504,26.208563599302146,25.92549811994929,25.822097158710747,26.010417763755143
SY047366,40.1,40.6,39.01799585098443,39.81043785200892,39.767904256308896,39.50898330535234,39.479844651053035,39.5866595906393
SY006879,34.6,58.7,50.37621387567242,45.94114908574198,52.34996613946187,44.91673869658956,47.038224036552464,47.146706929451256
SY082227,32.7,33.0,31.03385076139196,32.07551272514948,32.86655750647015,31.39206546255586,31.85129276998577,31.834413075730147
SY049859,67.9,67.3,71.61078229833781,70.16819888808925,69.0976456845746,69.61745076183603,69.45719226786012,69.4615092386576
SY075884,16.7,18.9,16.962765346345662,19.053031341426873,19.24051455462443,18.061591622916886,18.22128016590506,18.41526850242915
SY056338,16.1,20.5,19.50246821819245,19.002728116092502,19.479685829554146,19.802545600401782,19.676902666434717,19.70568766914749
SY019632,44.9,34.1,41.692574928046625,39.758916496611135,39.94597902643867,38.10399767523286,38.486172171673104,38.656592080594606
SY046066,23.0,24.2,24.602398384559734,24.785287319766447,24.13843206333832,25.72765643891778,25.04976504087991,25.25088912624394
SY080330,59.3,56.0,58.235789845983085,58.14257679499911,57.71485831398316,56.78338501260002,57.038109555766525,57.06282700301496
SY005480,91.8,88.0,88.98840945476478,93.26342207389678,88.71332765709926,94.92117997695489,93.43886556080867,93.05882428099818
SY088364,39.4,38.5,38.63986383612791,39.182402054062734,38.54695777669674,38.61017618352763,38.52354280814126,38.59121066147836
SY052335,20.1,20.6,20.665591000214942,21.102811088505604,21.55690238950183,20.23878859528454,20.700999329885136,20.634222733549727
SY087204,71.9,74.6,70.81805986265697,72.33331354354233,72.90762001107319,71.7976873443845,72.04351036583083,72.1306671443911
SY005625,49.6,57.3,50.61911412871055,54.394606517145434,54.09865593235695,54.180708164642716,53.90022408347812,54.15609249495698
SY056827,18.6,20.5,22.089122183160864,25.0962351742878,23.689715291635927,23.36937831689107,23.46509974345716,23.465479409314526
SY078202,99.7,103.1,86.9481613680424,87.56057719883782,90.61634653452461,90.37511269450636,90.17712462939093,90.44748284651183
SY016754,20.5,20.5,21.54595673960013,21.912788621972076,22.240809073795887,20.924506654670544,21.35401678585378,21.319397380408148
SY000983,61.1,63.1,63.95359916275727,62.3570514383169,63.23030193986856,61.921273428827305,62.06305088108808,62.31398198213968
SY072120,46.1,45.0,45.11047559571361,45.476860294926695,44.7059982323953,45.82018627209848,45.48471125643778,45.485929860187525
SY098232,54.0,54.7,53.128118799144225,50.83579718987131,50.31976554147383,50.522853421585545,50.252891849623374,50.461927057552025
SY068600,18.2,19.2,19.22327294046519,17.228835983805403,16.849486603474876,17.812845878259665,17.624964783748386,17.523838095824228
SY087924,62.0,52.55,65.67303956963725,63.76859047223856,63.945810938955574,62.28884699862965,63.019695348422516,62.78593618072742
SY007495,51.4,46.8,46.50158930054192,47.68392998496542,46.885569463575365,47.72449126501674,47.47819911778965,47.472814724584325
SY054536,21.8,24.7,24.80831870811097,25.47539443815362,25.488823356178717,24.11931272868189,24.296283970913297,24.530165916930933
SY084355,76.2,80.0,83.88683227549254,82.66475675115251,82.73182169618511,83.55595291471732,83.18223553539923,83.30871354915766
SY087903,39.7,22.7,34.42741045325561,39.57937514152022,35.811606621464634,36.2543705088038,35.89805774185575,36.12154134260205
SY048094,35.7,25.8,38.42801835267975,39.62107094215395,37.19657068478324,40.54588183320535,39.5743603484586,39.54108848867872
SY061794,89.5,93.1,88.78776825715701,91.58083664862339,93.27281454597718,94.70166498770992,94.48894066566004,94.2730098551901
SY025247,40.7,40.5,40.06968499377322,45.3096507806452,43.18840106209045,45.00843755984894,45.06532696098088,44.46242661052139
SY086059,19.3,18.5,19.071883514094253,18.784177600572015,19.09241052986301,17.74721565823407,17.995055977575177,18.15077411972275
SY077059,80.9,87.1,83.15381981911555,84.68955155986804,84.79006794949184,85.21115474771443,85.3000662851202,85.08482870824766
SY045789,53.9,60.0,54.45422520802579,57.2129698856367,58.469052070883734,54.87098487547739,55.66508530676839,55.95040503409929
SY052345,81.9,74.9,77.98025754550864,78.09148789453477,77.56205554538704,78.60489803169632,78.36524813137495,78.29204528580354
SY068109,25.5,43.7,25.439716198576637,25.564782168038295,28.20285528785469,24.10184827143487,24.947062028885213,25.332150376360815
SY098933,30.5,24.1,31.693813290137257,29.11243712389812,28.879077961464592,29.539683369361235,29.238852575682657,29.341501746992243
SY089496,59.8,65.2,55.773297018711084,57.69463369962416,58.595178667622804,58.038509974416954,58.046947065613516,58.20551058237871
SY082331,50.0,52.6,51.085918357765486,52.00954757353261,53.20106646383526,51.81353196072443,51.91558370517291,52.22979231165768
SY099052,66.0,65.3,65.78397514849942,67.08531003812304,65.47673736210962,67.63610279286146,67.23965987406561,66.9882931636359
SY047489,63.0,63.05,63.05314753020936,63.14965034945524,64.58030384293286,62.22049464384567,63.141849398859044,62.92843740357182
SY079115,74.1,74.8,74.67258745710014,73.83568515710667,72.59217960702486,74.66085568177793,73.83461473244768,74.04025285935201
SY087952,31.2,29.8,30.5197211745225,33.457390179674114,32.38921062838067,34.52799010379469,34.03026528447262,33.886356261170484
SY014675,91.5,77.4,88.80832718238914,86.00895636327272,86.46933746040699,86.08692377520347,85.9640963755428,86.20164788076453
SY033601,17.7,18.9,19.413084391813886,18.82873727512693,19.015262676400173,18.29813286449956,18.48464806482996,18.513271808069746
SY036787,35.0,12.5,34.822060018253275,40.50946684808715,32.21187700270646,37.708852069033064,36.873262319255645,36.05975954913508
SY064846,38.0,40.5,39.75712588787945,39.374552869062825,37.91890923471224,40.747941796519406,40.18888898083682,39.899232027977256
SY067300,50.0,52.4,53.920674416324225,53.866785780050826,51.552461423281784,54.065889916834614,53.247637027819636,53.31186136876877
SY086047,46.2,46.4,48.61826647932611,46.3638100837605,47.38031524802747,46.569925347987216,46.81535869760971,46.81304231799929
SY033220,66.1,61.8,57.091881999070395,57.812305737896594,60.511262312337124,56.31571954576354,57.22282873162261,57.57438237573561
SY032520,14.8,15.3,14.408870971824529,15.57491171472124,16.017336581270396,15.934322915970679,16.13410923581919,15.959227015560593
SY072460,72.1,52.25,75.2200522898186,63.96424800482783,64.84834601250594,61.690401174350335,62.727275351536996,62.63778462579701
SY054210,63.6,60.2,60.793702252620974,63.09006413054759,61.123248029597065,60.06980240786104,60.79131552623285,60.385836094381844
SY086412,32.5,41.6,34.67168237413007,34.31930851915046,35.7944761246617,35.87231102449657,36.28491838886504,35.84896055454611
SY003668,56.9,49.5,56.51500469583604,53.074707899652736,54.80188184859629,53.73252902199762,54.175777641227945,54.05333486997721
SY094298,68.5,74.1,73.10542032003032,73.79221815351596,72.92222194160556,74.64619021524369,74.10978564072252,74.12899973315224
SY052535,30.8,31.1,30.27768970208874,32.10239452991591,32.914086895194906,31.545040214186088,31.905499678612927,31.95575421848873
SY088302,40.4,40.3,41.70362306833223,42.917679311686584,44.16963763927965,43.18199712545364,44.030683097631034,43.47828927960144
SY080493,39.4,44.6,41.86272661958552,39.65845473815328,38.71281340894792,40.31559301558884,39.6451479233531,39.83475913359656
SY055631,38.3,35.6,36.90647790322892,39.02639986786882,37.45487865204714,40.41462641398643,39.41003317482472,39.526702085404644
SY043633,26.0,26.8,27.22186187576155,28.64468134303711,28.839557003276276,27.972266631690502,28.124352688730042,28.232453743166232
SY078871,29.9,26.1,25.185200879327407,26.39395604901769,26.90940137217753,26.136304040648458,26.231132334386512,26.36823324010718
SY027236,57.0,63.4,65.42022279535732,63.408274870786,63.745806975276906,63.21347020770018,63.038735167443726,63.373171237973196
SY015046,70.3,62.5,59.892437301637194,63.08717207958259,60.08521024054158,65.17786744636733,63.96348969134165,63.6500702846196
SY029444,63.5,69.6,67.16652377931393,64.82632289402855,67.14150204580045,67.11030566873127,66.89365712626639,67.11966458185202
SY009206,29.8,32.0,29.00346501524113,28.043382261791077,28.599019847554352,27.821545495583724,27.93656875080876,28.05478780117491
SY001728,12.9,16.3,14.988134468281547,16.867586306614395,16.981090548697424,16.082091284102823,15.993370656516106,16.3517910634812
SY042961,18.8,17.5,18.69813831272033,18.373799908730447,18.68317279200251,17.691950050395157,18.061155058647273,17.98931687287736
SY008979,86.8,89.2,87.01440141171656,86.74582709003005,86.69491946099689,88.64937056437711,88.1816672737931,88.06303523336304
SY069963,34.8,39.2,35.05474977369053,34.65019493317591,36.349284785415335,34.24682495358963,34.97411899436976,34.87756290313734
SY011354,38.7,41.45,40.05238017440288,36.74027173389664,39.36351409616974,34.230900899888795,35.59479168391198,35.77068485877307
SY070595,71.2,73.9,74.84712574160177,74.40512261866081,74.90112964920112,73.59661241461501,73.79126776294197,73.98796758499084
SY047816,59.8,63.6,61.33679938656548,59.04026065179875,61.04339450150142,59.39637310588439,59.368632221883296,59.8904795245695
SY069068,50.5,59.5,50.81882708595072,54.722831451224835,54.86962110438639,54.39077367399684,54.578649352227934,54.534427903113695
SY036973,31.5,25.6,30.199382118728124,35.183456179562256,34.46121119173891,32.264705342409485,33.08569223448482,32.92365709720831
SY066309,126.0,134.1,127.13797906588667,127.578235047629,129.3190970145844,129.9734629181223,129.8517808998597,129.77715314706091
SY039896,73.6,74.2,77.03331089038738,72.74875294786615,71.83591978529068,72.28663761167532,72.33816913839226,72.15142226375993
SY091681,47.0,47.3,43.19545620738967,49.0381376696191,45.776575882713075,50.986307024935044,49.62450044025603,49.42338768226845
SY080484,32.5,36.9,34.14268584664955,34.683378916053684,36.919632967258735,32.78173609628419,33.71318489973262,34.02310515757655
SY066637,60.4,56.6,54.94075527973846,57.48286449086231,54.8814263365473,59.714523664458625,58.7375207540523,58.26459446608522
SY075544,35.2,37.4,38.56497286411726,41.26383758118267,39.58639694520243,40.312890755676015,40.07923995666738,40.09494261253394
SY042011,55.1,44.2,44.86497902363365,52.56491753132856,50.89086892768683,50.98157718961062,50.609236048531464,50.95436471103348
SY082268,37.4,34.0,36.939221115815315,39.322746585802314,38.490105495941584,38.902265005365585,39.002480515682734,38.77861715253839
SY057607,43.8,40.3,45.12329504521716,47.11419631121673,47.3034789748378,44.33544604351472,45.48842601725886,45.22585592291164
SY056408,59.7,65.1,63.5803463155219,63.647522436309416,64.77873636068422,63.71146069804596,64.09080263647546,64.03164339683744
SY039579,23.3,27.6,28.872150728357077,25.229984101030162,26.523956106355172,25.155160019521155,25.43766789776882,25.565798845571358
SY044827,21.3,32.0,34.65084810780111,33.42604156982274,33.65439124560202,29.50321841313243,30.59225171450207,30.748570262873304
SY096503,50.0,54.8,58.133362740554574,55.81291822156426,56.73564246852665,55.97390686502623,56.284747202906075,56.20242754607635
SY053825,55.3,57.1,59.55556682570894,56.95017827715268,57.703060004281,54.453804028811405,55.271126977099044,55.42858082145228
SY088627,48.1,39.7,43.890165922572365,44.345528561097005,45.48981178434417,45.45763525799733,45.54917938039251,45.46728821590138
SY086708,17.0,15.0,15.798450580559757,17.212845023992273,16.502977467166406,16.63234173832564,16.291743073499582,16.59353245697787
SY054862,17.2,17.2,17.610432163207662,16.51434802254023,15.753924749801902,16.882657419472526,16.765345988128484,16.544037618571338
SY051880,35.5,30.1,33.19563724033138,32.836103665325915,32.034485401765764,32.6647043391379,32.53634077856006,32.475638657926254
SY072688,14.3,15.2,16.268224918729615,18.123060868182893,17.15493953137242,17.796095335471556,17.541906786954556,17.603748594241814
SY076965,58.5,62.6,66.15302693377757,62.50984903517359,63.41007181687869,62.6844986384476,63.02626982713796,62.902170591976926
SY055269,103.3,91.6,103.30922034468524,95.6922486820998,94.1818484634734,93.87451902063796,94.77071839312622,93.96671785348859
SY091000,68.5,66.9,68.08918306473208,66.87110891696376,64.86990750592797,66.53662722812399,66.0506149763349,66.03661131146518
SY009408,43.3,41.8,43.39768850984198,40.81502281306969,40.97869692546141,41.2583982745348,41.38017222190212,41.17448786981278
SY024020,69.3,66.9,69.26446704615542,70.19354122328171,70.04719743330284,69.54738816398967,69.50972796970238,69.69733094478362
SY078097,64.5,68.9,67.67249643356986,67.57251127989377,66.74332951530185,68.17165498786142,67.7426709873363,67.74315734609354
SY079055,28.9,28.25,31.658785507179726,32.53939724331934,32.24442360783917,36.12902420672302,35.973858278835245,34.96364402705786
SY028662,25.5,25.9,28.734333674346598,29.537243438608304,28.07477961469635,28.207026201615133,28.235717258055285,28.167352225539496
SY048892,51.0,54.8,52.080863016707575,53.97535885271676,54.31956646652662,53.46960111185289,53.837598842395195,53.724590718255
SY037395,23.7,21.0,22.047072915065904,21.343347733160527,21.90054666761764,21.04006809967159,21.3190231690609,21.2982116700554
SY092036,114.1,109.7,114.46496468272412,111.09597050261621,112.54645282467536,110.90481067488676,111.30726357515283,111.39730331982334
SY025177,44.7,42.7,42.52275600170842,41.19503043091315,41.2791623405302,41.00210034996066,41.14304777406783,41.08521894713152
SY005555,20.5,23.1,19.467714133737132,22.365316153585184,22.850251670990165,21.389459883935956,21.645392573350637,21.827697420052218
SY036463,46.6,43.0,44.1905449742421,44.41437469734517,44.515903007176945,43.56901986293334,43.599326618669714,43.85308480620642
SY046269,32.8,34.5,37.04473238717458,36.67139394281583,37.21929863369413,34.222385429112606,35.120772530388344,35.12145939048706
SY047838,26.9,26.6,28.671948499564152,32.98126518107423,29.293536911708685,34.50038411252621,33.32245966732422,32.93832995228095
SY086920,84.6,80.3,85.53021291824876,81.85825407648447,81.85070137592105,82.63255472310705,82.25862158238357,82.39799871895124
SY008179,81.1,74.4,74.04988633175586,74.48198668373793,74.97103042958031,74.12753275131514,74.46533286494254,74.3805820547947
SY086212,80.1,80.5,77.74197012843877,79.54669007086949,79.39496631012588,80.99805227855441,80.40437906627767,80.51712648802584
SY044934,39.1,36.1,36.294716846543,33.73587385414935,35.23569526867482,35.97460317640573,35.817736861893174,35.75293080408645
SY068326,75.1,68.5,72.84081392885383,74.10687862147235,72.90262987980032,73.13530490009434,72.38779774161638,73.06550239400613
SY059544,50.3,48.2,47.969012234085504,48.887109741956145,48.80924710521687,48.25484784046477,48.5464615928739,48.4211676198904
SY063676,59.6,64.2,52.882576097039866,54.87811129986273,58.40157020680793,55.77453790745354,56.74083201819903,56.562647597259854
SY099260,72.8,71.3,73.85142498367817,74.70171965729895,73.62533340932012,73.65432164637427,73.56119650812835,73.64562517525802
SY098029,111.8,107.2,108.30391367700621,110.25422890032297,111.36342214135854,110.3409158191873,110.48281793485458,110.64766771583868
SY036693,24.5,22.6,22.658479981878422,24.376739167337604,23.877430950315706,25.287381361996786,24.874149267991037,24.86439623849246
SY034066,24.8,23.3,23.608343135565338,19.675849844795913,19.290128738536374,17.555047062153797,17.886505274253132,18.07557156506857
SY058741,40.9,34.0,39.26512271107073,37.74510556166235,36.46037697090999,40.22899778420937,39.70778127478124,39.09841154021955
SY004390,17.1,19.1,17.867311465405386,19.816948570138358,19.66871609839966,19.33296361423944,19.57116416794454,19.433689359487506
SY091033,62.7,71.6,65.3436954611778,64.04446586827245,69.13894549029932,65.22929223320214,66.16713819880103,66.40218821033129
SY085570,25.7,28.0,27.02337053078213,29.76712076573074,29.015806880366412,31.612466419891682,30.55777227395147,30.8334685580341
SY060444,91.6,87.6,81.88184146051039,84.40177066624888,84.40481274817645,87.21732636111594,86.5314301567592,86.37357227723409
SY045770,39.9,51.150000000000006,44.546355091057805,48.465261328802065,50.18575839701735,43.60760092434098,44.97696748279908,45.58104816614389
SY029567,91.8,99.2,92.89378982624496,93.62438527805637,94.64764608628396,93.23381321448186,93.3340006174724,93.65796307602248
SY041149,74.2,77.3,72.65395066649717,74.78750820818192,73.7315175935416,75.76486329790448,75.51177762728675,75.15485958659562
SY036086,26.3,27.2,29.091250003349643,29.42215523914468,28.91276374670005,28.845573453156938,28.8195537187285,28.865730541219868
SY083741,32.2,30.7,31.30726298936674,32.8922936869963,34.98306340880077,34.92157482868496,35.0666245103483,34.9400214027197
SY007722,53.8,54.2,55.81289275126748,54.16878048807946,54.4829773227578,53.93073972038252,53.64017724867744,54.096411001095106
SY084194,44.8,43.0,44.873635068585564,46.91819210424617,46.943351755544555,47.163684004418386,47.15631045671978,47.09758432975623
SY025541,63.7,53.9,57.63631000985418,56.134087315908786,56.988248430743035,54.40552423851218,55.10906491277334,55.180341496181434
SY000093,28.5,32.2,31.057087268460204,31.365016817128684,31.00080006654528,31.32276619876162,30.790582610170986,31.22617635909672
SY082402,27.6,30.2,29.029525419205356,27.764754605525308,28.86969238240927,26.532363545920344,27.117694195613772,27.23356219686702
SY078886,23.8,25.9,25.29958882899127,25.306460737471063,26.354626631848625,25.03860466592314,25.54717112723064,25.433411255700783
SY019593,29.3,28.6,27.987758028968308,27.138072971607016,27.398456156299094,27.058062513842476,27.185512802638485,27.16018060657946
SY036813,32.1,32.7,31.270807510359234,30.95146001943977,31.92686590471085,30.88480615973945,30.966956396548117,31.19742408323087
SY080638,25.5,35.3,31.20453075328582,31.607654083945693,33.11804572590418,31.63603801268227,32.13870205095353,32.08064032664885
SY046077,37.4,37.1,36.703584181327145,34.946536366036995,36.57899782396716,34.37706961801867,34.91934605246368,35.03764807980322
SY099000,71.8,81.2,78.77151895652618,78.5956278702991,77.50411358807003,77.27164044090074,77.2785725940756,77.34138238505153
SY066717,20.0,22.0,21.6282042271938,21.07740789708147,20.94061740757857,20.901549318756143,20.837528108641905,20.91326974540287
SY091346,18.0,17.0,14.246116737324122,20.22715935459009,20.515024212553893,19.042521017343972,19.264122715739006,19.484271975906946
SY079764,105.7,101.2,104.40411032641587,103.00225383705745,103.13974146364242,104.26430112491335,103.64382690889497,103.92693322653206
SY022226,28.0,26.9,27.643009570229754,28.711546451636025,28.918376558901603,28.243488435150812,28.459323212535615,28.445954872276047
SY034611,113.9,96.4,104.67464637345395,104.05588581806485,100.48254978355605,105.21669707601848,103.9434020210564,103.79645288827975
SY055879,43.9,46.9,47.25111874938005,47.17030832536574,48.05698768627772,46.61533749448746,46.74189559071805,47.047832552024545
SY009088,70.4,76.2,73.70985404542085,74.24706258472716,74.9301600112675,74.23464973304442,74.24617439988728,74.44330281651133
SY019013,48.8,49.7,48.2443594688106,49.24082533576481,50.23511957492108,48.218956905189124,49.078949850579235,48.823805706108715
SY070576,51.6,47.8,51.52942446823318,51.961645053608024,49.30688186034676,51.5681481126923,51.46030272714464,50.88976823698864
SY010332,33.3,23.8,35.39387519994684,36.87169052377189,36.70290695323753,36.741944860587445,36.59003802272815,36.73023348838247
SY078661,69.4,61.0,69.671019229907,71.01169773367815,67.84866080868575,73.15914887288294,71.77551436975736,71.56600245362378
SY052054,31.1,31.7,30.52826594069245,32.79832812305049,33.38367336472429,31.523494239665393,31.682985530293887,32.08154797718306
SY056476,56.8,57.4,63.64468923888283,50.81674936841297,51.20962665140418,54.4268313697187,52.41499662095244,53.46166995422434
SY045964,33.6,20.0,30.247177711905376,31.32375809084059,30.074320664291363,32.44484672917388,31.602257975282537,31.733688909709123
SY089764,80.3,73.4,75.8417653582927,71.57798654981127,72.7417639063987,75.53244198383724,74.81819655396615,74.69523856060567
SY086803,98.2,97.2,95.82668537578111,96.05871823636578,96.1820980685994,96.24620964763173,96.50893470564881,96.22697617392203
SY081747,30.8,26.8,33.07385849844622,38.249699036596525,34.20004519862129,37.85819876384525,37.02083059908234,36.76075269427806
SY088909,41.9,44.4,47.13187167583964,47.452749155450675,46.89624276306879,48.37969679631571,47.53652417545468,47.934660586341636
SY088964,47.5,49.3,54.82638261725889,50.869018719924625,51.93856207154361,49.19995760854265,49.8027466890475,50.021538947442934
SY037026,68.8,67.0,63.60671844322387,64.38126559810023,65.03656065958336,65.38205256091045,65.11580251990328,65.27840499051231
SY080190,89.6,93.4,90.60943756023458,91.72189887646796,91.36307478027744,92.81601786638709,92.50870344875747,92.3801349405542
SY018425,29.3,28.2,27.761184144578497,27.25191725004936,28.033276069303007,27.22915620938901,27.312632517004268,27.470392167363208
SY076800,43.3,64.9,48.03095799756011,47.32542957754538,52.454137978658856,44.742076948201046,46.197751442612265,47.055695257338385
SY062897,20.6,18.1,17.97283030211534,18.782552568018893,18.148646493759284,19.29337581373509,18.851771565625167,18.949957017742346
SY004539,19.3,18.05,17.00239070780533,19.2622101110098,19.401012699514258,18.4568442989364,18.666116804301495,18.740094819109757
SY057750,47.9,50.7,49.70336627250569,45.36736589345962,47.05272602469388,46.42401436122326,46.44709614952478,46.61262786026444
SY040318,93.8,101.8,92.19098642582317,95.15772806764431,95.05601985232236,96.45079708369421,96.0010808044949,96.03236391428266
SY090395,55.5,34.5,43.06684798270504,42.6251363388382,42.32796289845095,42.467598788547875,42.406319876105435,42.425708021518794
SY046016,49.8,49.3,53.53878854021571,54.04914797479141,53.535709214197716,54.771550825170195,54.89321946506698,54.40079834187845
SY097945,39.3,37.9,40.914403921171214,39.31750239374844,39.3425159518397,38.711463457562544,38.904905515290665,38.90077920584569
SY010333,42.4,41.2,46.769893712122304,44.50414133189089,43.49932500641229,42.75173686953009,43.0135798185196,42.97601331059475
SY049257,70.0,74.3,73.02435855820944,71.13018493500991,73.55254747323904,69.6336841225893,71.06728817190796,70.80934312778422
SY017553,81.7,73.8,72.32344549243507,75.81950765697397,76.21953485583441,75.55767154772164,75.737462711119,75.75623054015547
SY022744,24.1,26.0,27.319639533374207,28.092817693813522,27.57512658696296,27.957172798641928,28.026291828364627,27.842558935138236
SY071137,69.3,85.2,71.45606171555274,80.32875886260997,78.01930899399207,81.03249183237189,80.27194796856186,80.12853698085793
SY013477,16.4,17.7,15.277838746192362,16.854620589304385,14.613046946956462,16.90151677628878,15.883691223537735,16.214975827489084
SY099319,40.3,39.6,39.31185674422209,38.70295362510049,39.46657452155906,37.66622214714283,38.14739960590946,38.2063278594677
SY096166,30.7,27.1,27.295497350457776,28.988919766995004,28.9705742922335,28.960352925998553,29.002099224493534,28.963419335869034
SY020035,17.6,16.4,17.0959144551576,19.032818790689127,19.11017490696316,18.052278827936256,18.377681760385922,18.369647651644325
SY044519,44.3,49.0,41.043315520605276,41.26132172213734,40.470814287508986,39.94263617488372,39.99367108076018,40.101089608671295
SY092939,31.8,70.2,39.158899430184015,48.33508174710513,49.96148909648331,51.957286867240285,51.25910574468435,51.35854753601319
SY025443,68.7,69.2,68.52782506712957,62.86457131698672,66.40249919417258,61.81992292711864,62.79953240118564,63.194695807234815
SY034285,26.2,23.9,24.61560941604327,24.561107150503737,23.316125057729508,24.000903741670083,23.821573180420703,23.79547013648791
SY081694,65.3,67.4,70.98601063255123,71.52172026438882,71.09151845504579,70.93730003696609,70.75832083668496,70.98356556239
SY065637,68.0,62.1,66.26637138145009,63.2530339734097,66.34605307848364,64.52129148466163,65.40072847557855,65.06871996280823
SY013829,60.4,53.9,55.1550532494742,55.33658217550317,54.45368832163126,55.14648226988762,55.197102570400254,54.93864408541071
SY082383,51.2,53.2,56.1029407603853,61.3258384441325,60.42683157316643,60.85927833280736,60.73775806298471,60.72954430491507
SY029557,109.7,113.7,117.18537175184832,108.70470848029595,109.5271911892376,109.30118776874663,109.31983570949286,109.36898879489391
SY062834,77.2,83.1,77.53276437290596,75.54615037763944,77.91788459395448,79.66297257495631,78.94860786995187,79.13944618065577
SY088316,15.5,17.1,17.173224797725094,17.710003684623054,18.533657492845826,16.87474431399519,17.596845841311563,17.37241826765038
SY047214,47.3,45.7,41.1151909023514,43.3901844402706,44.166151767995935,43.02560161655576,43.117713666492726,43.367766661987815
SY012176,37.7,31.6,31.483651261161363,32.89288445497355,31.870884755797086,33.34603053368208,33.15351419995925,32.90348680031658
SY013191,38.0,37.0,38.83296893930251,38.85186291637913,36.983790309747036,38.241351115100414,37.93655670144072,37.8640828734944
SY007654,35.2,41.6,43.146913984236754,39.20571541897354,37.383267984849844,38.43750183396478,38.232503254981125,38.1212316792303
SY025734,29.7,29.5,29.63499053464465,29.21997060773691,28.94454501486438,29.377446576426184,29.29058593496046,29.24757610795764
SY053608,52.1,60.7,59.45440209210343,61.49226569467597,61.63015091674778,62.20121742915988,62.253152567587776,62.02989747543624
SY055502,54.8,54.1,51.31066924901994,54.99620170971785,55.9374999439907,52.95353923572143,53.774272748531345,53.84872744820221
SY095537,25.8,30.7,29.42296607361562,29.734140806543458,30.405664418489735,28.427132099023282,28.62914258923231,29.020691794863218
SY061768,36.4,37.2,36.69191686074045,36.09371256078276,35.666396953219625,35.72640432727511,35.70067479121405,35.70840211505846
SY068128,24.2,22.3,22.204771597539366,21.044569048771507,20.331466501102447,21.356838078422296,21.018951494178886,21.04922660522634
SY056313,49.1,49.7,47.92292321607373,50.518271442062684,50.719381587712974,50.095979303955914,50.379905963654764,50.282999989083024
SY070024,40.0,42.8,44.28883935602642,45.78948295688132,45.69137057966272,44.86745723189364,44.700549407913726,45.11463123622436
SY039253,19.6,22.3,21.593601791731228,22.285706529236148,23.148637570608372,22.34832115734191,22.616298800254178,22.588416081321846
SY006772,30.6,32.0,29.587216672733884,30.875407926642204,31.251771646967146,30.441075232369066,30.860280113471887,30.68428415674849
SY065429,34.2,30.5,28.890633113433307,31.799523653289114,31.67830272663056,32.24487236696386,32.3590328609821,32.074901474863864
SY088169,73.0,70.6,72.58137766490484,72.66635317621595,71.69481600818602,75.3276132574728,74.3040251454332,74.23777408268677
SY024737,47.7,53.6,49.18185489451838,51.78918839452113,51.32649390108897,52.056746074972565,51.9845246906776,51.837670422807484
SY014473,46.9,43.0,43.71542665780283,44.02483356600922,44.31765090095128,43.85337767199462,44.022849362488216,43.992659640681616
SY069522,67.4,68.5,67.99524961030741,64.7899324123656,65.42823450407892,66.76446185470365,66.60405606715278,66.36359364951623
SY033233,34.1,28.2,30.616964866991275,33.46600947774711,32.48332354957125,34.092934423612,33.98040985124105,33.610051161399774
SY012365,73.0,70.2,71.68843871233462,72.80227722851615,71.61718697164653,72.62013136990541,72.34642305628739,72.31924805042775
SY074531,38.0,37.4,37.031573164922825,38.22237951495561,39.3712041646685,37.692494839913444,37.87413428678481,38.196107637339956
SY036565,67.8,68.7,68.15310395346646,69.33228892087935,69.82376624786414,68.37702698108325,68.80114661774763,68.81104876111752
SY093972,27.5,15.0,25.839221704927006,25.326002584420827,23.77563896773912,25.568216278281803,25.161075894562735,25.030443085118996
SY044403,76.9,77.7,82.65377583346734,82.00098816884527,78.99969554943702,82.46770302674145,81.89652783141959,81.42730078355012
SY080487,32.0,34.3,34.35106965590223,35.18513638753868,33.58055332390051,36.38887358808794,35.34998825509633,35.54637750883171
SY040801,55.9,56.1,53.18481309014024,56.57401839059159,56.668016034524285,56.75863145750799,57.164207367913576,56.73144683061287
SY015092,16.1,14.9,16.890175158283867,17.985645401962394,18.67430539377677,17.33192412524476,17.575260863035286,17.734638505804362
SY015422,25.4,26.9,27.812208583310323,27.59888958476554,27.604507688904388,26.02948743060262,26.68464218277555,26.50199350809315
SY069797,22.1,24.4,23.74465860661188,25.235899037579888,24.46777880025001,25.297694589616032,25.234884629025032,25.048719852806222
SY072898,53.7,48.5,54.84403591677192,55.6057774519566,54.2977907913522,54.866919150050514,54.92930423934324,54.69618064244102
SY088727,61.7,61.5,60.61921353071994,60.43419848322589,62.29297759901954,59.98318601863416,60.615538883829714,60.67612349274977
SY053288,45.3,43.7,44.63284921064441,46.0863888885078,46.67814664817227,45.5506643382974,45.85087639024603,45.88890903125986
SY043562,48.3,47.6,46.88653085256919,50.89310476677796,50.12056990345979,50.24709656654345,50.36979652770929,50.20913856761835
SY009228,28.6,28.3,28.327007755562153,29.413914093864225,28.324728501938356,30.004377378673457,29.677372190433708,29.500482715652925
SY003932,75.1,82.5,76.11251134303576,76.99952703334023,78.69048810536918,78.26352693738372,78.33912012271688,78.39161528777936
SY088978,22.2,20.4,20.811186038085303,22.255023595950817,21.421737576096156,22.724557552625996,22.294452813120664,22.333711559667044
SY026215,64.6,98.8,76.31276601372163,81.22120442650927,81.56832898588716,82.9731849275657,82.82891236681769,82.55172814506213
SY069584,22.9,23.7,22.655933596752128,24.148713595607884,23.668565596337857,24.085215674270238,24.089202401538603,23.96022065089052
SY004957,96.1,100.0,99.91428337386432,98.6159466923762,99.09552329078704,99.7438994872314,99.41493003208836,99.54938662829808
SY090872,73.5,81.7,78.01654978272953,79.35821345450583,80.77896707811888,78.97946626772662,79.57668627472779,79.5193165108443
SY010755,23.7,23.7,22.22523029320557,23.979791946091222,23.677312234008696,23.650204082069184,23.50063290988646,23.658336527651034
SY067809,29.1,30.3,32.908695882668006,33.38391696013633,32.27464994754811,32.53467829310627,32.681572122168795,32.45666978943882
SY088097,50.6,54.2,55.39807493039666,52.23540750763189,52.177839511912794,52.11754000968883,52.33480108424348,52.13562986035602
SY078816,49.2,51.3,43.71397515413279,48.034127765191045,46.64861513304825,47.96291995051816,47.640818851301255,47.56862850527719
SY061383,37.4,40.5,39.80796598722118,39.25444647465043,39.893425285461475,38.66211008207202,39.21634124299605,39.03150464308885
SY038915,73.2,74.3,71.96639704487635,72.9800632837596,73.1575282030452,73.93230831834674,73.4460717757005,73.69987428375627
SY017812,37.0,36.2,32.90185040777272,34.287060229778724,36.40784543592361,35.38696695732705,35.48930195343216,35.69323050090601
SY066656,23.8,24.8,23.59607575176406,23.46985759994657,23.846643132903246,22.566460922556082,22.82731079584032,22.95051558566023
SY055574,33.2,38.1,37.180306640251345,37.572790290083134,38.17270222146867,37.396908543894035,37.121750482389174,37.629646647166425
SY098192,52.1,49.95,59.84082946313647,56.728475376906935,56.278141078309375,56.32406269028839,56.36051065489868,56.310286206694684
SY035653,86.2,79.8,77.25882452169559,80.97573697789258,82.93358180437465,79.37449710282507,80.3627372336469,80.44222251328995
SY067503,112.5,113.3,115.78044644328567,112.42710536508622,113.12657180315179,113.58785079082995,113.66764793205166,113.44946709452648
SY064806,34.1,34.4,32.721159863414314,33.337302350898405,34.019490445394254,31.425388542093923,31.798741399477603,32.203619113084024
SY098961,108.7,123.3,109.31165821005246,111.76010961430947,110.6807938321893,112.96001947307175,112.40521719199364,112.27625178080702
SY033931,25.3,33.6,42.07756755995041,31.775986631834606,31.272214082192125,30.374416461674322,30.842625584548742,30.643755747829662
SY036891,59.0,58.6,57.15810904126862,56.3289989506139,54.06845346421471,59.5954561836899,58.394387826837324,57.937355367847346
SY042479,22.1,24.5,23.16592822285032,23.106857500903587,25.206762462330758,21.53058389448234,22.251130481040295,22.633437464836863
SY078333,34.0,32.0,31.969421158081595,33.63840252062301,29.134731752168975,31.52106369555613,31.145545703171624,30.805164112539984
SY029447,56.5,59.8,54.06977359091619,55.404977341526546,57.49225526574677,55.37161543267619,55.815492097639044,56.007807382597356
SY091366,27.3,26.7,28.653175991443433,28.593376868637655,27.15134673224603,28.553086900533394,28.11657713339215,28.13256485004718
SY060788,98.5,85.9,83.39464142025459,87.31080974976163,86.4219524924884,88.60985744155127,88.15851615167045,87.95348595683241
SY052843,41.2,36.9,40.726973565208624,41.6868387339802,40.74026855237862,38.69445955514392,39.120433673684346,39.30820225431433
SY070199,38.6,37.7,50.829550319169904,46.56247585686401,42.84096844447035,43.59496577085759,43.05155127671724,43.36876657294142
SY096912,93.8,76.9,88.31068797906454,87.67552859307715,85.02977229155266,89.08180331135586,88.14140084282663,87.86619400541488
SY087063,60.3,47.9,58.929514992618216,58.58392426617219,57.147684452530406,58.71254790571415,58.56889065471504,58.24308886975903
SY085152,39.9,39.3,37.989262158902505,39.879127731396736,38.7834410862888,42.15166919915785,41.10712093936715,41.141200765297135
SY052147,45.1,42.7,41.13238941966435,40.87923767088992,41.94678225479377,40.37219712785651,40.24569565653016,40.84457266593768
SY099298,80.2,71.4,80.45165729930157,76.81747445315521,76.77885555868009,77.06536438163046,76.84663612259877,76.97941173474536
SY072005,35.4,33.6,35.54996134652837,35.740173836878924,34.6043221192232,36.97871057465872,36.223176420876804,36.26639403802806
SY067806,85.5,80.0,78.01291305681528,75.33124421149296,78.00081344390614,74.61032209091994,76.32496698251252,75.62746949681579
SY084229,35.4,35.6,35.346487095547076,36.04506616225265,36.018760181262024,35.62212917683802,35.68114906687089,35.74111847816522
SY080304,74.9,81.7,67.12906272629331,65.74760701336388,68.80064596760299,68.92252677230826,69.18642556954148,68.88596253089668
SY017826,51.4,52.4,51.632565072471785,56.9639041174793,55.64062284770965,56.1863814549101,56.32145199707466,56.02265387274996
SY010340,42.3,38.2,45.4124485187581,43.80813021480972,44.53770309749251,41.17666688979624,41.968769324228376,42.18497775210512
SY027546,60.4,62.3,61.33669618696058,61.804875682472485,62.18794361641538,61.45677078296934,61.52218225030923,61.67612263300315
SY036333,12.7,15.6,15.512825759663489,16.664157185982145,16.956027607417006,16.321284676755646,16.44371242444499,16.511707555954054
SY044925,73.8,66.3,68.52024934633687,69.06165038692653,67.53872883067189,69.51508928097184,69.41271432788125,68.92218114588185
SY077537,22.6,23.0,22.878161049905067,22.409103487740666,21.892622300846618,22.679722509419207,22.63331878656564,22.44359244684743
SY007010,41.1,42.9,41.34502524582967,43.05004458061558,42.851019380524136,42.867307514033534,42.7638360161759,42.86242107398071
SY084428,28.0,27.9,28.02499520037149,27.029393398651116,26.81907413036335,27.23746104226157,27.250190544432925,27.111944968692104
SY068391,75.6,67.0,65.98086775826107,72.19802854802137,71.0837160482896,69.89261754627316,69.88458597574413,70.24994709687809
SY075694,112.1,114.3,108.553233851101,108.41620621199857,109.44191123547849,106.98096337211288,107.47149591191992,107.71924773112255
SY068774,80.4,72.7,74.90008200012026,75.09478753418603,73.1697839303277,74.56732279437378,74.55162010834,74.14806113515995
SY085588,61.7,59.0,57.93718756743809,59.65442780184202,59.98707164626732,59.66577781490402,60.27533512922911,59.762165964313006
SY007525,107.8,69.9,72.34026459979204,68.97013503014034,69.7373207725595,71.88885052235779,71.44771581434917,71.2433915974183
SY019260,35.1,35.3,33.17278058350686,34.182887308106416,32.5603057861883,34.384839537059726,33.57803078887737,33.8374794117983
SY004761,18.4,19.9,19.996623213471466,18.81164393489887,19.224232117359044,18.03985646558453,18.426744566540798,18.395169161116883
SY030270,53.4,54.3,54.933817350958066,51.17022361530823,52.386109043032846,54.74734929083023,54.116676053327296,54.038977216491006
SY081891,81.1,94.4,76.53628039695565,82.22274261329719,82.25254313651149,87.49401537875603,85.5725969063966,85.92157370608267
SY023631,96.1,91.1,98.80896515246488,94.97385685847362,94.54130696289329,92.22271272688576,93.05471551551278,92.91829099768802
SY096608,32.0,29.0,28.673070537467506,30.19745352546451,30.099140168382537,30.4959155577567,30.711856068898665,30.376882940944448
SY006431,76.6,80.8,78.8246224032428,73.2603714966269,76.45545308048757,76.74629566515543,76.59099064690592,76.65904288975507
SY038520,53.7,39.1,53.0568304372142,54.04123943454832,52.343478399713916,53.38632806244342,53.06903903407263,53.07347316362456
SY014592,36.8,72.4,37.95443202039205,51.23697479270258,47.67495034351814,55.201273562027396,53.53898184442064,52.94337659647462
SY030252,68.7,42.1,64.05455502022544,64.33729795094267,62.90805085153777,64.92854949994225,64.13707692098764,64.32239990542091
SY067634,48.6,41.2,50.33054629837615,52.68797194402895,51.065674791218925,52.52506999657477,51.97703151214063,52.08725143496802
SY013090,16.5,14.0,15.986391902409997,15.456356932997853,13.831037039894914,16.06003127796391,15.374080497219577,15.39133300654321
SY086748,42.1,49.7,44.59920023701504,45.76943129735924,46.56654932291681,46.03129257363053,46.2716919559824,46.19186959841642
SY097592,33.3,35.2,36.31692350107839,34.25858183845345,34.810216190176234,33.9771578340408,34.10497582980926,34.22707534088143
SY027926,70.6,65.8,69.35123726880022,68.44525408700815,67.41228776599199,68.10150779070116,67.77561809902525,67.89474178328841
SY055916,21.4,19.3,19.260244780611078,22.022860585723137,20.363263510697056,22.413827073447873,21.874995397959765,21.798658004622627
SY097248,35.1,34.8,35.266604343729625,37.554109628956496,37.64178941541112,37.2363784743341,37.192882081171206,37.3580017566572
SY048757,14.5,13.7,14.771575645249587,13.730965669353164,13.401219453325972,13.94625175276912,13.65338828597244,13.782742062936176
SY050232,29.3,30.7,38.42711001889945,27.042697293928626,28.92461054971026,27.12845171218232,27.60556112174814,27.667299363440698
SY089738,30.1,30.6,32.49730908238917,32.84169222257996,31.559011740793565,32.1731025895653,32.321454387360774,31.98887533493378
SY011767,18.4,20.1,19.383394109951595,19.497225781731217,19.58444607881552,19.23399676862784,19.261205552011937,19.33913156168414
SY034666,99.7,101.8,105.26952930043454,101.82891838052146,101.61843027542739,103.46068912881042,103.04002131202775,102.90801147279551
SY049342,52.7,53.4,54.83066376340231,57.368607417898794,54.264872572757895,56.909407240183455,55.8954989624774,56.116046839955786
SY099349,47.7,49.5,45.494009642626466,43.087386279247184,42.7111441976933,42.05710536415409,42.43866396945999,42.25331701421585
SY012119,50.8,46.0,47.07026780393236,48.10874831082064,49.61034645521185,46.55964929014011,47.15445830391792,47.47485843966163
SY072439,17.3,22.2,19.713913955087275,16.359111558702278,17.88475426189281,16.125282566937248,16.800040120969285,16.653124075423914
SY046412,28.8,25.6,24.89716302276633,25.33013515065349,25.912959921750705,24.33626687005969,24.770015093199383,24.80927478556699
SY012817,31.4,34.0,36.3431938358644,37.23024270982668,37.59505947092689,36.2722206142545,36.951694722685986,36.66907227125621
SY050252,65.5,62.1,66.7549668346239,64.95784586002075,66.38340538292054,64.22214038731856,64.87667402474396,64.87051988599916
SY020308,75.6,73.7,87.0745146867366,79.66595275693447,78.80194086125205,78.18174772852939,78.30309663297392,78.36780566834618
SY008145,47.4,49.4,45.913762466357156,46.66095028046998,46.045742022727886,46.39783958837219,46.45090612874394,46.2922103186789
SY031179,113.3,117.0,121.64270835376072,117.08799739681632,117.19857898023753,117.89940913698368,117.61423676424727,117.68916008995983
SY080025,72.2,75.3,75.41235515575485,73.61437683419322,73.21076037987248,74.75680476070511,74.12186341217335,74.29299144645532
SY036276,72.7,77.9,74.59551188394407,74.14177951574962,74.97899821057656,74.96462556590134,74.96931574086562,74.96893735930391
SY022519,39.4,38.2,45.53035088123297,45.79998437667072,45.742529714977465,43.12895608046701,43.910901269939444,43.91302817082015
SY072641,31.3,33.3,33.10854853311203,39.55375053731206,37.57200774876255,40.08774696522717,39.18485543504873,39.33302520028778
SY039772,57.0,40.4,50.70346923765564,60.12079204763286,50.35262511091308,60.493439800223356,58.34403363981245,57.451195393430275
SY015390,67.9,66.6,65.48555478259223,65.50405291271198,64.52572587776484,67.41739216328982,66.83589420621985,66.54989227763232
SY083729,39.6,37.6,38.89816444837799,39.17637023971491,39.59083319073258,39.75783831000315,39.72418432836105,39.70773677422198
SY038612,41.0,43.6,43.167374241698035,44.665226801589995,46.54942534238184,44.99898349635051,45.491880612136356,45.46411605015991
SY005256,20.3,22.55,19.349824917279506,22.793258785704374,23.361826928859397,22.25299836521066,22.68215785112524,22.58564693430528
SY010496,24.6,33.3,25.390953780215472,23.558136364360116,24.580734699650797,23.61127014000024,24.070590066631226,23.902109507895403
SY086009,76.4,82.7,79.12793358653109,80.08807707403105,80.55462889919633,80.52875596760435,80.48542293796399,80.53651784708194
SY083832,19.7,19.6,20.98648361424695,21.34536576115599,21.284746348145568,21.749371466517594,21.852159319260757,21.609983931005985
SY014841,71.0,72.3,72.84080067102036,73.62676364184452,74.49314304927016,73.5410803657868,73.78577051648318,73.8266991708318
SY048926,16.6,17.1,18.00395795765583,17.906482023400148,18.096458751650474,17.2044965230126,17.59757548962857,17.472085191603963
SY030210,92.1,96.3,96.79661053694524,94.04584527012565,93.85316612973175,93.99692813264078,93.99909251296712,93.95379953176807
SY024698,43.4,42.2,38.9904451134886,42.29301320129512,43.83893813007321,41.9279536600549,42.540463562093954,42.50124900106039
SY029100,32.6,35.0,34.526610128814646,31.94772703253133,32.37521376837608,30.943863542358418,31.364011626554166,31.373268610163713
SY098508,20.2,20.4,20.819282791962266,20.096161563594517,20.36672591324101,19.511730676001612,19.950452052776907,19.76822924717343
SY066684,59.1,63.8,57.990163810596194,56.164344922454916,57.66884821355215,57.02382396780871,57.49686983947022,57.21733124153174
SY071615,73.4,81.5,68.69111849668734,67.70618520785627,71.47602440295414,69.60398768610433,69.919877433883,70.16559870115927
SY049780,71.9,38.0,65.42084526925426,64.23344623390105,60.79518726131487,65.13553275362943,63.98438859407143,63.83342910593506
SY003424,71.1,77.2,74.84122266602385,75.05612146008113,75.17858156505025,75.04966430530423,75.13513042401895,75.08833948322804
SY043243,42.5,43.7,42.5950975801248,42.85947505573877,43.62040777084408,43.732798495874064,43.77736713669536,43.699081278365064
SY051361,25.4,28.9,25.151930502234574,26.354494345876176,26.485467987346887,26.642325305139035,26.588617318655302,26.59526810980139
SY067059,81.3,60.6,71.05231194241514,69.39359789621969,69.2087986427985,67.79171911140446,68.02041010955445,68.21684297082267
SY053018,58.1,54.8,56.90136253249566,61.404420423832406,58.6892622533208,60.55936406339041,59.7976287555778,59.99833352036953
SY082070,75.1,85.1,73.82851487844854,81.4762451679295,84.07474096834052,86.95702571128598,86.27495001466204,86.09234028840234
SY032846,24.5,23.7,22.81763873299251,22.19143684495567,24.464223399819733,20.531155600612376,21.628519839455134,21.711075940374585
SY063287,31.3,28.8,29.04296064657666,30.80105153755843,30.473939971353055,30.605056014000024,30.515387887616626,30.565721201205932
SY001012,24.4,27.6,26.061768418330463,26.261416448491644,27.204483391749797,26.477071036648816,26.57558477991865,26.69529474317911
SY039945,30.6,55.0,35.257086951371534,38.144098281896305,39.225184537858965,37.02599774967992,37.450060568966805,37.68575378613363
SY015694,67.8,78.2,74.3879235121129,74.83392621439837,76.1379329977261,71.68505720529554,72.93799844226041,73.0209199430247
SY080759,86.1,87.7,73.4151271261325,75.07600158802548,80.91591510095789,79.40851853236738,79.53187553586197,79.86073750294453
SY073386,42.4,44.1,42.87976786006802,45.20345054966059,45.60445691881128,44.48096231793752,44.617581465170474,44.81801069819964
SY014113,33.5,30.7,36.1419837923316,37.76836335681476,36.90978177957591,34.819838883890455,34.98971145756941,35.446821752596094
SY090392,51.4,53.5,52.4036366394027,53.281934926505485,53.65646148006667,53.325245731503536,53.3193206440085,53.42461045607247
SY059670,49.7,50.1,50.257729507621455,50.70952560259417,50.52525798138129,50.877769296437215,50.7407715761392,50.77201590192044
SY041975,16.8,15.8,17.545979816374846,18.302133149772253,18.312149915076574,18.265944743429607,18.356045854645664,18.279806294923695
SY002011,80.4,76.3,75.01008800258076,81.70530406531117,80.39629004023436,79.79286101008076,80.47900710222733,79.97388971912683
SY062502,66.9,67.4,70.42518590761124,69.14882877564044,69.63341086338478,68.06121973978566,68.67849159023066,68.53287707686539
SY064823,67.1,63.3,60.42568703103623,63.52123044045348,64.78533085538132,63.1224224294171,63.41184277684981,63.62129495720636
SY083081,60.4,46.9,59.64129838379001,57.09093385407634,55.50446504428531,57.548675122975034,57.05688116408548,56.935412099368115
SY049230,28.2,26.6,28.85235554458537,28.430053055316364,27.875492062119392,28.007425206837347,28.202022525388426,27.967845263421957
SY025854,82.9,71.6,73.74552353792818,83.27850865357225,82.14389621278447,81.76761977013089,82.09163114037057,81.88050270292696
SY064963,84.8,81.7,81.35079172482861,80.08203599668781,80.62708843265752,79.82253229413465,79.5877702585705,80.0638991356915
SY044657,58.8,59.7,56.03837815609995,64.60296542582384,63.60185341119506,64.37511463776461,63.77227873139047,64.14313626979374
SY047905,76.6,92.0,77.20300458100668,77.50353070291966,83.2653218399079,77.29882032124453,79.09579689138826,79.08877077684353
SY032412,49.6,50.7,46.30478513135,45.8585884268827,46.80580870357366,46.16154653769555,46.15085425194061,46.35482518745898
SY062016,97.0,100.8,88.30888322137659,90.63989002449232,87.72626325992996,93.35290996047976,91.29653374415906,91.66491595031482
SY069643,72.9,78.5,76.68153100494159,74.58589059637674,74.26381338465254,76.64126562422703,75.98414846201877,75.92802995235468
SY028620,74.4,67.8,65.77069029014174,59.16142842635034,63.42817877750254,59.28995536558117,60.01064732396526,60.53142238915758
SY059251,63.8,64.1,63.299252000974896,64.00618823053266,63.82719639460829,64.1244710938241,63.98515603603448,64.03528868405935
SY036369,47.3,47.8,46.57490173298438,47.852472853563356,48.41501043295398,47.49991773208738,47.651776242408104,47.77444554234736
SY059667,66.2,65.8,60.72125379675545,61.96218390867722,62.90086365232996,63.18056941555526,62.96036577627143,63.09665768658766
SY009055,69.6,76.3,72.95976605019314,73.69125783819015,72.92395060927163,73.1529474216616,73.27070662700316,73.0842483779446
SY097543,54.0,53.5,53.12285488134106,52.151657827285135,51.19934266002423,51.947594731934245,51.74050759137918,51.72311911036123
SY064787,111.2,82.8,100.85768475390235,104.32314716853645,101.95698028950305,110.14133076351774,108.57219001384603,107.68602562131332
SY027641,83.8,93.7,88.72322980803563,90.96320752455259,91.06580010118142,90.4003093974704,90.83805083007677,90.5999566085837
SY099529,52.3,51.3,50.71809352980198,51.20063574011684,52.162238136742985,51.783170988358144,52.02170700396595,51.89689113287359
SY042306,25.9,27.1,27.08523789680287,25.925055736381374,26.849095758818965,25.511442687005133,25.821536139265213,25.91273860854928
SY012959,31.3,30.6,31.88349162964436,31.26627026975387,29.10221715075933,31.362329078975307,31.08475432904257,30.68429550051051
SY072652,62.6,62.2,59.93480362595214,58.197744722685,59.945122509277525,57.42695890149023,57.966629073802764,58.18240798382641
SY070584,24.2,24.2,22.62364175470057,23.6691665375891,23.134594144434356,24.29763160801287,24.17611436921557,23.948720368939316
SY023989,37.8,51.9,32.24566729997281,36.25985161273619,36.084159745479965,37.55068394455304,36.56599029497747,37.11072668483112
SY027625,13.8,15.1,14.173186509416828,11.57204864455273,13.262379470396512,10.360438521424797,11.009853046244585,11.23102080611631
SY072638,69.4,74.2,75.0168295607552,73.43046239265365,75.15409483985388,73.36416833515239,73.79403344263723,73.90114628656283
SY041565,44.5,39.9,45.00312600261288,42.81458376024166,43.915800701179975,41.523941624752695,41.89079494058849,42.24149934768087
SY063381,15.8,15.4,15.854920911640836,16.095934254583256,16.18389839708226,15.73236994709853,16.0341794731488,15.867828482093648
SY038467,63.8,63.2,63.37544778863564,63.235621791938314,63.14433558397961,63.57764036637102,63.46120011918245,63.447648931653596
SY017676,53.5,58.4,53.616200560461195,56.702249613955814,57.75335194850082,56.189245216379675,56.357889296739856,56.65847723601601
SY032646,93.1,91.4,99.00992057808574,85.06345495490103,88.41384710709357,84.99934473137338,86.22007395307747,86.02369544408944
SY023528,13.3,13.9,14.57195295192766,13.484853366055386,12.683606899475707,14.402071325773457,13.38878252807188,13.88653199788413
SY029501,23.3,25.5,25.85727644109218,27.086885496710273,27.878047540231535,25.375502928336306,26.20094410741617,26.12626631190487
SY035593,21.7,24.85,20.225908039749317,22.97389237365267,23.35767824975826,21.65662182825952,22.498848151992924,22.166938754709143
SY013791,29.6,27.1,28.242633405725034,26.975261376158592,27.4066953173539,27.266487050336103,27.22948906763171,27.30854953044144
SY091415,43.7,52.2,44.98930728171064,45.93579637781274,47.962258701732885,45.57867899362019,46.83317938557711,46.293752906053996
SY064388,59.6,76.6,61.779126455119524,64.48385581432639,67.4265246267747,65.40994648367993,65.9072088868229,66.01491992660836
SY094489,71.5,55.3,64.61992076279427,58.695274164524356,58.0854389020111,58.83710304833687,58.62431996041082,58.611603804439135
SY023244,26.2,27.2,27.879193620536164,26.692163330691105,25.809918450577022,26.32042573736525,26.143443033916732,26.16727355132878
SY072394,23.4,22.2,21.34883782111058,21.871802024850503,21.712319676801226,22.19939496540329,22.17028246847969,22.05327237882267
SY079323,40.3,39.3,37.798816630257306,38.65295176471952,39.57464097723804,38.20519084116086,38.71848067152288,38.616025881984015
SY002759,67.4,64.7,66.00773446220994,63.144506349288534,63.925296449690265,63.2569088628794,63.447582564501204,63.45742513892265
SY069061,33.4,33.6,34.449834771264555,35.299460472412704,33.50195623122684,35.37231611071566,35.09417328803189,34.81120814686901
SY085559,80.5,80.5,74.7875187049661,76.02889716737799,74.98583251846702,76.0802878652623,75.91064950651949,75.75195126122372
SY017527,44.3,42.5,48.13036074205114,45.07959643025481,46.26977499007717,41.59444517698394,43.00069604707758,42.99704412091191
SY006400,48.6,46.6,47.283946739793905,44.077166599213854,45.545446158612734,45.62711397252768,45.88164169567847,45.6026136283532
SY034643,26.5,15.6,24.196080861237967,26.968189421409413,27.4227039096618,27.090435395979608,26.118421834383575,27.190115950084262
SY027044,15.4,18.4,16.25518524689313,18.149112795361283,18.401063347710195,17.681789529321506,17.879335427918036,17.89757167483811
SY056344,18.2,19.0,18.922219605116027,19.12982322238576,19.29217114830661,18.34973245677004,18.483216964091586,18.632464064231012
SY088703,72.9,71.6,72.50813633280012,72.79665156309972,73.41376564431893,73.03242702088122,73.13900604237762,73.14682860791252
SY035363,58.3,53.9,43.732443954441294,58.27199681297845,56.803830071950024,57.70422473359891,57.20967599149809,57.43410633510425
SY094511,57.2,29.450000000000003,37.429265227517845,45.088934954452725,41.90203072982911,48.79506408759581,46.831725031693054,46.7271540802658
SY059857,36.7,35.4,39.12135171462509,38.843734440152986,37.09169896502085,39.94200557700686,39.379750585737725,39.086913593411055
SY032092,33.3,34.3,39.41265311829618,35.47182992887402,34.62174661574581,35.54259199577544,35.39290031305296,35.26633838176655
SY060621,54.7,56.5,55.27024049745789,53.67747792622252,54.327111394363676,55.36719611650344,54.75803875647774,55.055170699861506
SY081292,30.2,29.9,26.29833694734179,28.537292932654154,28.59824192941961,30.198981323055627,30.808154870142147,29.71875950496482
SY055658,18.5,19.0,18.012207195910076,20.01653789733306,19.683175045598308,20.289160487129188,20.167042497556476,20.10736485466992
SY004625,27.4,27.1,26.50541608483275,29.881375682796218,29.214858992337568,28.746802205454266,28.91180442456037,28.887219241519254
SY023502,13.3,12.0,14.33015161418713,14.942158929570432,14.266994923558268,14.31136812672537,14.336256831,14.29805616577524
SY072627,91.5,76.5,87.4152131923912,83.82646254937396,84.69569690458312,83.0599077781612,83.97750945681668,83.55064451608777
SY047857,46.1,45.5,46.7126296363081,47.403642166507254,47.02201552835072,46.4092049099136,46.52413565465843,46.59304809544473
SY002830,28.0,12.9,28.67691047050217,30.877770999941504,28.200327974724757,29.492702760654595,29.184135072032177,29.104990324875644
SY064585,40.2,39.7,42.10470805534209,42.32328057703546,40.57615989938908,42.12414452508131,41.81679726950127,41.65974913737364
SY075831,59.2,62.7,64.34621075060747,61.185569590630934,62.55042696283793,62.353076186297,62.545920925743786,62.41228141925927
SY098834,50.7,51.8,50.71996810207384,53.181724603402024,53.05127160969995,53.55367763992997,53.41233540838684,53.40295583086096
SY016057,19.7,18.9,18.72830875873929,19.351960817467166,19.005466478588712,18.90163498398775,18.725183491769066,18.932784432368038
SY073013,47.8,52.0,47.23148723023814,46.51345576608691,47.19492662555705,47.21218857478867,47.093510914305895,47.20700999001919
SY024578,25.3,28.9,28.664000671185438,27.316769403469827,27.144884125968446,26.627956764708692,26.95468039458224,26.783034973086615
SY058603,29.0,28.3,36.232372002446716,41.11665030209821,38.84862557153526,40.94908377266238,40.49070564561224,40.318946312324236
SY026314,74.0,88.8,74.9741727355605,74.08332025230658,75.6351668009206,74.71915572117962,74.98843107643748,74.99395904510192
SY073727,46.9,39.5,41.333507633428205,38.54060886897891,39.565814041237815,37.0879482262359,37.53221893761498,37.831307970736475
SY048768,30.3,58.7,39.77250434466661,38.935170812576104,43.82157397016138,44.850995865626075,44.558860239685785,44.542169296986664
SY006729,45.0,33.6,40.282777985824104,35.09387986320892,37.741895559431455,31.74879202041215,33.83020975244685,33.546723082117936
SY030445,13.5,13.9,15.166460181797456,16.096806847330242,14.932887551682821,16.39151434962657,15.94076494035107,15.953926310243443
SY045127,62.7,62.5,61.97292934696485,65.4817373893946,64.91209059049774,66.80140893193825,66.3371432280849,66.2346134295061
SY089832,17.2,18.5,16.815002942370118,17.68048199878075,18.13918243266728,17.196762553450984,17.79959232561395,17.47948851721587
SY014663,63.2,71.8,69.14177676837447,72.40450643775618,71.34259140927277,75.80391980121841,74.97163197448597,74.46552128363471
SY013574,25.9,24.5,24.70861653935294,21.959387260539735,22.63207526811751,21.732493343102103,22.021151937030325,22.002367920606723
SY066412,33.6,29.2,31.187853315716783,34.435326868510515,34.41432464400546,33.143518976976935,33.37607872492536,33.52476067708549
SY053198,25.4,26.1,29.472390948744636,27.10986283323229,27.36241872631999,27.74034109298044,28.14499063358876,27.626964382982305
SY076603,79.6,83.8,76.18949078110859,78.13492538882019,77.21029522912379,78.785201393108,78.64697697391142,78.31272954391272
SY020304,44.6,40.9,50.85484633671015,49.75095015107223,45.15153133725004,49.47315375328028,48.35862543255446,48.1766670284712
SY066900,36.7,40.9,38.481530167610934,38.03822924923469,39.3186190953091,37.88857867881444,38.13020106973921,38.31759080376284
SY093319,51.4,49.6,49.562525798168515,51.2079800681674,52.381361361505164,50.760464686348904,51.46968066273973,51.24673368889578
SY059273,38.9,72.0,39.86011841309334,48.350173897767526,47.74826202820886,49.702487762224294,49.46979769288295,49.11622004201966
SY050933,32.7,22.3,29.258336417075554,34.151840374275515,34.250999576870555,32.737254129527045,32.293379422581864,33.191377763730095
SY073859,44.8,46.9,44.99781976400845,44.658764161088975,44.99079498876881,44.06191054051872,44.44798200638095,44.340575874993746
SY043706,24.7,23.4,24.015250668462524,27.979183335768266,27.07461809022545,29.574067290589465,29.269468152638737,28.82423253048026
SY098773,100.9,109.2,91.75224458864118,98.77506521584002,99.7342920178258,100.27650631692288,100.16281303962266,100.11384202719374
SY061061,97.3,91.0,93.63137143342081,92.23369331995033,92.53238214052197,90.6496120737659,91.28787800419208,91.21444309379271
SY087771,32.5,31.3,29.916127902211297,29.354773299993937,29.695341556480066,30.531183924186728,30.418841871926787,30.280431213874728
SY013360,68.9,69.5,67.18652955521763,64.79480172855428,67.20382996561588,64.14442137443596,64.19856298204049,65.06224395178994
SY091636,15.3,15.7,15.838524572384523,15.722024395863276,16.145408785493306,15.075830120897965,15.37769739363478,15.396703720276566
SY046046,53.4,51.0,54.91592471769068,58.676775155666974,57.067066670728465,58.92008437564588,58.419150635607735,58.36417906417065
SY083111,30.2,30.3,29.428376088352586,30.982547338493212,29.737669141417193,33.8286447917044,32.85209776600033,32.601352096618236
SY070149,96.6,92.7,97.11504562154664,95.42352219024984,96.2213910554385,95.17931136532205,95.31582088298832,95.49193527235698
SY075933,19.2,20.8,20.339680804677815,21.768997244159127,21.035427380802844,21.16517721237188,21.430165213682912,21.12625226290117
SY022601,38.6,39.7,40.39624139057346,40.68952374271618,40.37021093464591,41.08250114620829,40.99601696306381,40.868814082739576
SY063361,50.2,56.3,52.427390654731475,52.79752835285704,52.508433886924266,53.479694253502245,53.25246035518718,53.188316143528844
SY054206,27.7,27.6,28.982675045341534,27.126272095521397,26.916016829036934,26.10684540320675,26.096440799188766,26.349596830955804
SY099696,21.6,24.9,24.409222694541086,24.04713613878718,24.79679075029793,23.520659395745913,24.05013011823017,23.903498802111518
SY031611,38.5,37.6,38.24196847894073,34.12045799843644,33.89507263674678,36.48737195331372,35.699532575751995,35.70968215834364
SY058749,57.1,57.5,54.45010876464152,56.019560526223096,56.35877639261131,55.97451923701493,56.17863628258418,56.08979638369384
SY014695,19.0,18.5,17.604833481777188,19.200075659691745,19.096349533236022,19.2451552109112,19.351651696763774,19.200513507608648
SY023754,17.6,18.1,18.715302571334167,18.95685496230533,18.77664298323174,19.80523481287988,19.663242723515523,19.496657263985437
SY008764,20.6,17.7,16.576178113592356,17.85829772099573,17.760531568957287,17.09952466344641,17.422087753759207,17.297826735099672
SY046714,60.9,64.2,62.70197736678981,63.02440815159511,62.41619419428811,64.16632077711459,63.57709308858536,63.641282802266645
SY099508,106.8,72.8,55.54741866348788,68.9759552326787,68.19547136790379,73.32671445014032,72.35258737825336,71.78734152546934
SY002099,50.8,44.2,47.22145384167776,49.61743960835173,46.75855277680074,50.660789051481956,49.86132194453917,49.49011816907759
SY029293,14.3,14.3,20.15381445011727,22.278550308147157,20.14601355218011,21.771349835951543,22.023965754793814,21.28374895082011
SY044414,62.7,48.9,54.83646560718573,55.05285923982878,53.43762905082964,54.04352931969504,54.564863410545584,53.861759239035415
SY032914,99.4,108.8,99.51929297122005,101.37377807389196,99.64751270575891,103.32368902051644,102.4494142097679,102.22083612608918
SY047322,15.8,18.0,17.853917250867298,19.3225205051102,19.738630398359774,18.6927829793592,19.079602290319713,19.006537205059374
SY078649,14.1,18.5,18.902684734092585,17.940138633939732,17.772686791156197,17.786567349793707,17.924712334789533,17.782403182202454
SY045151,69.4,70.7,70.94998389455156,71.58191861317482,71.12634254206674,72.64427013518281,72.42708388516975,72.18889185724798
SY097908,23.9,22.8,23.46287370759687,24.51530455389679,22.827530491753762,25.74339715246642,24.8912868788904,24.86863715425262
SY060168,74.0,70.1,68.77556360067081,74.27820777914789,75.18353336940555,74.75811780100743,74.79571507799133,74.88574247152687
SY094747,51.1,49.0,49.10139397730885,47.94189244168852,48.80010348084578,47.37854879995645,47.873991157644895,47.805015204223245
SY016773,16.8,18.2,18.519627467297077,18.12123979606097,18.188832547671716,17.85701082077121,17.894879417251488,17.95655733884136
SY020715,33.3,39.7,34.925411634275825,33.34360809823188,33.198571568967324,33.85290687004109,33.476038656367436,33.65660627971896
SY073044,32.6,31.3,31.651837259927728,32.70571805917955,31.54981812765208,33.07654868982683,32.41787076169346,32.6185295211744
SY015779,58.6,58.3,59.28769002351997,58.449961724022316,58.389974844108075,56.67666917585255,57.32533215114953,57.190660876329204
SY022488,23.3,27.1,21.60901628684818,26.06228521284254,27.208618501378293,24.081951174811714,24.192666024340767,25.019951372781684
SY022683,38.4,39.3,38.502712522456086,38.33793113786287,38.60079330766632,38.1075602614588,38.084220014910194,38.255530175321056
SY064691,66.8,69.1,70.08859257506884,70.49646763646302,68.78362014710225,71.07245894345395,70.52266659599205,70.38580730454844
SY041261,17.4,15.9,16.703218535388807,14.995672198773711,15.113795502478911,15.106394656394707,15.182832505738737,15.10861491021997
SY060419,36.0,31.7,37.414022787235545,38.44108731844832,35.94354588954363,37.725401182761956,37.21346295888712,37.19084459479646
SY060583,28.6,30.4,31.356231145309053,29.539882937880193,28.278727055716658,30.56139720739218,30.092714920472684,29.87659616188952
SY031844,43.4,49.7,46.050261705098,47.99163714606322,48.46874592310912,47.84705830197008,47.886436766885474,48.03356458831179
SY054618,50.7,41.7,45.832172264728676,42.207227485049046,42.97999736240397,41.682273563600596,42.088407243288515,42.071590703241604
SY043703,66.1,65.2,67.92627489101511,68.5262182703573,66.96325848781984,68.12642897920605,67.61466564400928,67.77747783179018
SY055184,59.4,49.7,55.9620199268645,52.50059789512105,53.11530183638275,50.60858971565307,51.45137977830573,51.36060335187197
SY090765,56.6,58.8,56.95705823267401,54.89846234966507,55.093195453905416,55.12664979654475,55.23573568602373,55.11661349375294
SY065688,18.2,18.3,18.348484174384648,18.323758548927906,18.1158326080479,18.573904746159602,18.612914162670766,18.43648310472609
SY002780,52.2,47.2,48.17613915917093,46.315085093628184,46.488883127082225,46.00041151043251,45.929911204024556,46.14695299542742
SY076911,55.1,50.6,55.51180900898589,53.09755558376493,52.29458704448648,50.70003843573904,51.105431575875556,51.17840301836327
SY046075,84.3,85.6,83.05001833450993,83.930495414176,84.20625592208307,84.4516872476992,84.44708550477584,84.37805785001436
SY026358,69.8,70.0,72.90215744301996,75.4820454771846,74.65116733572017,75.29878767026057,75.19374917190187,75.10450156989845
SY085241,27.5,26.5,34.277515180542636,34.781987390673024,34.388290904300455,29.611806673847656,30.476748961555693,31.044751942983495
SY077088,29.5,30.2,29.556338763636944,26.73614672287217,27.153944852331342,26.8339899819019,26.916547878963115,26.929976443030732
SY001033,79.3,77.4,73.39897214213295,71.06865034418142,74.21710713067952,73.2252410636356,73.34492657642016,73.52280088374877
SY005113,51.2,58.3,53.820174397526166,56.57441794491126,59.39039751278557,56.09284941843165,57.19476611178732,57.08211384673782
SY017194,81.0,64.6,77.57245668249813,72.97607620469338,73.71116852688381,72.40028887947435,72.86658425758621,72.79355277369717
SY089141,43.3,41.3,40.67968271965026,44.09376539723522,43.29282850880065,45.72504648983864,44.84859261397588,44.99538109552724
SY066664,36.7,39.8,45.071502373302735,44.28598870348321,44.46173024177433,41.69036404095182,42.41643494123829,42.52177390119857
SY025383,36.2,30.8,39.0094563982114,36.25468090238981,35.75781084332321,36.8432361790342,36.26600361610946,36.5176085783209
SY029321,28.6,28.4,27.800466885489065,28.831142645785157,29.537952024409492,28.042103575980644,28.45926124730639,28.490858110509294
SY082691,52.8,43.4,44.6689983023358,48.416325688858215,47.94243162660041,48.20755105115861,47.95514580005473,48.128015223791145
SY077340,74.1,71.6,75.47257726218938,74.25385722888633,73.58466786553497,73.12194019970084,73.30273372753064,73.26075849945107
SY072995,27.0,26.4,28.51070272290309,28.388252325050622,30.32590312842639,26.49563939003902,27.51975953001484,27.644718511555233
SY013989,70.0,68.8,69.74578778291212,66.97683694684504,66.25427316492419,67.84740310963966,67.4125339429792,67.36946412622501
SY046968,32.1,28.0,33.81525769561223,34.13812435249492,33.29185476126896,32.74007720803074,32.89578698615526,32.9056104740022
SY048066,13.4,11.1,12.851932224520018,12.754663022588808,12.09812924571455,12.109659963464917,12.013221897623158,12.106200748139806
SY091015,36.2,38.2,35.49526882705102,38.47221718017523,39.474459531128865,38.73873746487515,39.06388625158839,38.959454084751265
SY016591,21.8,20.8,21.76006568514334,20.844769984971066,20.080276433896774,21.18453347967006,20.697245121532383,20.853256365938073
SY054329,127.9,115.8,116.86549487075395,114.16799376740428,116.88197773445341,114.41976369723724,115.35960064853735,115.15842790840207
SY091388,15.5,16.15,15.152611929327824,15.099839627153735,14.514341167824222,16.99275393824422,16.22702194243477,16.249230107118223
SY078291,63.6,66.3,68.0336791880409,64.68923253295874,65.96771467572829,65.03059476011454,65.19946919372917,65.31173073479866
SY013218,27.7,30.7,31.138977513724853,33.30650706591308,32.03285869851642,33.42082988466457,33.45454027004487,33.004438528820124
SY058297,87.7,78.9,83.80987719914303,78.5962363137031,79.49072781062459,82.77534075993853,82.54368498257944,81.78995687514434
SY051499,56.1,36.25,49.40954190828581,51.214252843382155,51.5215762731816,50.93779221640997,50.66045749226666,51.112927433441456
SY038864,73.3,73.7,67.78207297345548,68.23303440567791,68.47201024903893,68.54664676961924,68.62054523474448,68.52425581344515
SY091716,105.3,99.8,99.22884078621465,98.11812616910447,98.72994081447537,99.01428029969533,99.02668773052523,98.92897845412935
SY085215,42.8,42.9,41.794158288418984,40.45407372047932,40.86872865393528,39.539129580783566,40.181472062653235,39.93800930272908
SY088394,22.0,20.2,21.732040172665393,22.66189092080722,22.805927373602703,22.07118499389204,22.066527020478855,22.291607707805237
SY045397,35.2,32.9,35.60420732145596,37.83761484359189,36.203033866107475,40.58259927386965,39.5283092789106,39.268729651540994
SY023054,69.5,61.8,70.93233700048712,69.06186473089869,68.32234886749559,68.81380428992017,68.51088283550135,68.6663676631928
SY023246,27.0,35.8,33.403524425469314,30.360889433328524,33.174878544571854,28.6757551649792,29.6695720247037,30.025492178856993
SY006005,61.9,62.9,61.469495837265924,55.74234845357517,56.98032373547127,55.24829361416022,55.317775483623805,55.76790265055354
SY057399,119.6,118.8,117.49106769596756,113.75998782077228,113.63904187015724,114.35376094981648,114.23066256452134,114.1393452259187
SY046578,21.8,18.7,20.2023932597438,20.84704833797168,20.559754371290197,20.308166436264557,20.254598794405346,20.383642816772248
SY073419,41.0,41.1,45.668480081421045,50.06847231060473,46.37531309248338,46.22932849867631,46.977881315474704,46.27312387681843
SY026112,26.5,22.4,24.447823634999974,22.39743440458793,21.811507241778607,22.756170841109217,22.641297203168847,22.47277176131003
SY020117,49.4,50.0,44.28451373452056,45.88553688039772,46.181582041974536,46.16254815684434,46.123397809067534,46.168258322383394
SY089276,28.3,26.5,27.00468859330301,27.70400920908881,28.219165800169527,26.850331639638362,27.39023725569762,27.260981887797712
SY047692,74.6,77.2,78.6707702051088,77.96610976746244,78.61985830695082,77.59699006083628,77.73355412473694,77.90385053467064
SY096876,28.9,69.3,40.293811234118294,44.02367365519883,47.96240591977929,48.26758607233065,47.843055227760985,48.176032026565245
SY056679,124.9,127.1,136.76103283190855,128.90690784868963,127.88807752122084,128.62647726504306,128.68785267680192,128.4049573418964
SY079843,73.9,73.8,75.81584940362922,77.01546626555503,76.01316385111316,76.34857649169233,76.32323614090464,76.24795269951858
SY099147,63.9,54.1,49.716132259448976,58.6317499132782,57.82847760741404,59.473545508387815,59.10840077489396,58.980025138095684
SY053460,75.1,73.9,75.3092085875136,76.09919656839253,76.7569555646347,74.39050726758379,74.92515612923523,75.10044175669906
SY056695,48.8,46.6,47.85419065892051,47.54585096304931,47.614649587765044,47.35230308861224,47.30980751853673,47.43100703835808
SY061351,59.6,58.0,57.10999020454267,57.3631525545516,56.30665247264457,56.98089100048203,56.53886768159583,56.77861944213079
SY031738,29.6,30.7,31.727026215406767,31.467245324994394,31.752376935137097,30.042933230277555,30.704499731508516,30.555766341735414
SY033669,24.1,27.65,22.901722508452963,29.629788462807667,28.70886472802686,32.66504559090147,31.16103002426317,31.478191332039085
SY091645,119.5,123.2,123.77722635659822,119.36390214162728,120.68245697883181,118.5446428136266,119.46773471180039,119.18598706318815
SY059731,27.7,33.0,30.259774693727078,31.339377425829774,31.80495427542242,30.338443672570303,30.875125522705055,30.77839685342594
SY062900,62.9,60.0,58.60983511607424,60.43438590436671,59.17562056541155,61.318545730641155,60.67337690691026,60.67566818107227
SY092629,39.5,36.8,41.2874475071161,42.76744115836307,42.0732661142051,42.47501795643304,42.43333687562828,42.35449240376466
SY057279,38.9,39.2,36.07723139997091,38.65285584606673,39.08328052116711,38.89039644027102,38.94856095321728,38.94826166453984
SY068329,89.9,75.0,80.16973682883462,91.45584657102202,87.30628342083796,91.20622696595274,89.10227933181741,90.0362439024183
SY064763,15.4,13.8,14.28712920722567,16.87225928738357,15.988072136530572,16.407809830174592,16.199335646978174,16.281888522081385
SY045011,67.6,76.3,75.7061099454682,74.02772770541165,75.98538539610688,75.43088586046397,75.4420223309846,75.59723572115684
SY096900,42.7,44.8,44.621882479691216,44.6421542868909,44.80400557304213,44.001204470816624,44.1239425439853,44.242044801484276
SY084381,31.4,28.7,29.421739182846583,29.062275178420837,28.870350250326744,27.429635088662945,27.7040901328508,27.86184963716208
SY048512,18.6,22.3,21.558989103743272,21.832168096924775,22.65545002953897,21.429210537324398,21.632112224548777,21.79708238498877
SY005963,32.4,27.05,32.323126019400895,33.38173665597107,34.61530175458299,33.91443794683471,33.767321707804086,34.12469708915919
SY014687,32.8,32.3,34.14930514263397,34.61935247376335,35.18169515208557,32.04082773836402,32.97465198332506,32.98308796248048
SY061893,72.8,72.4,69.91132042084712,67.88030602599521,65.42705842211022,68.2017485932204,66.98658630906799,67.36934154188734
SY054561,33.4,72.7,35.32031182454808,48.86740045696705,46.82513854093516,54.01851362121405,52.07014045625198,51.86050109713038
SY011861,27.7,30.7,26.699060947275587,28.38855275016686,28.196192661363245,28.756006370510683,29.624930067477578,28.588062257766452
SY075643,23.0,22.4,21.530474475965047,24.056918899528583,22.5405232982266,23.396671481705575,22.65152654688101,23.13982702666188
SY009450,56.3,53.4,52.48088720993674,53.24855199813447,53.969090144659276,53.32355787236712,53.36284245402484,53.51721755405477
SY045763,27.1,26.6,26.73890463970316,25.171117443229896,24.128019950838045,24.525664658309186,24.30400810873911,24.40637124606784
SY005533,26.6,25.6,27.48365783668576,28.865328074329227,28.17255869104467,26.647892162378163,27.03410934411111,27.105292120978113
SY022913,98.0,93.3,86.47699858860912,90.8409093822399,89.05500804276,90.48642972698119,90.30733375321589,90.05700322171482
SY096677,74.2,59.4,68.61261447289272,67.70015337979683,67.14620955836786,66.05130642090322,66.42852812793686,66.3797773621426
SY017247,73.7,68.7,73.20527764219962,72.9060727221213,71.22751648000062,72.9768238661367,72.31919439957166,72.45203165029588
SY034337,64.6,58.5,62.64167460622198,61.91508329535294,61.248377806153385,61.994804659802966,61.66840471630016,61.77087660370809
SY048239,58.3,63.8,69.25140994948688,63.88217185622615,66.75361327371655,63.930142162128696,64.31161381412355,64.77718349560504
SY052547,17.8,18.8,18.31765661067478,19.09507273681162,19.078321589803593,18.696353815966013,18.711253100141157,18.810944148117287
SY004970,39.4,54.2,44.83344411851869,46.913973826308336,49.04217262595655,46.866340846688004,48.00735777857581,47.51909038046857
SY033134,52.3,53.9,53.28626450646964,54.61005695106803,54.90819506879653,52.56103077234386,52.558948074009194,53.26518006127966
SY043100,22.3,20.7,21.448440725543957,22.50023905739869,21.8919253441401,23.04389235217066,22.77357006522662,22.69830224976149
SY084657,38.4,41.2,38.37473513414306,39.07949251689287,40.83019687828211,38.19726636230006,38.37693360696399,38.987145517094675
SY071967,66.0,56.7,65.94779655871979,64.78594772767164,63.1988924917502,62.694256179534534,62.61906492710494,62.84564707319923
SY050471,43.4,40.0,42.957627880772236,43.36612354105431,42.06413304575938,43.46088556608837,43.00384255693291,43.04185980998967
SY085145,19.6,22.75,31.801447658389066,27.42256152715661,31.000492518149272,20.378743321343926,24.02262605881042,23.56526808038553
SY029132,72.1,77.4,80.04419346209278,79.04835226177201,79.90383778483614,78.34619203524265,78.61869858351703,78.8134857601207
SY022883,32.8,22.2,31.574570015158145,30.337504613157662,27.922379571642967,30.70189121862926,29.8356865401932,29.86803772453337
SY050217,73.9,73.3,72.29147513556026,72.3626306868347,74.56139000573026,72.3252120234662,73.10168673292272,72.9960654181454
SY056970,54.5,56.9,59.28650331592438,57.74387818876967,58.36871323239221,56.85670128694194,57.23027346214714,57.31030487057701
SY070341,49.2,45.0,44.26417957140371,45.287795561203474,45.86007258036934,44.722838288067216,45.04972175339122,45.06400857575785
SY091382,35.4,32.2,38.141009978318095,38.30713232545446,36.72090632119394,36.864793819924564,36.79181690254316,36.821627570305374
SY042913,40.7,39.0,36.102750445382085,34.91451804940154,34.950618145235644,35.217105509229825,35.30896718671292,35.13715930003157
SY004892,64.8,69.6,65.41643263831631,70.34340085032989,72.32865828104349,69.82799353985358,71.3441494434285,70.57819296221055
SY070594,65.3,67.7,68.80427145172749,63.52582697233633,63.22298356760551,63.58288875406136,63.43724038330906,63.4749171981246
SY040969,67.9,67.0,68.96788496207702,69.09715733867722,68.67224382254676,67.75621145318058,67.93421298366296,68.03102116399043
SY096208,27.7,27.0,27.760614878658366,25.19028913846381,24.855133759309545,25.252190574428116,25.324413761780697,25.133073529892542
SY026406,50.6,54.5,51.37134564194328,51.13599351292051,51.616270518147616,50.466376169520615,50.71468352248569,50.811344474108715
SY081880,107.1,107.1,105.41596079191523,102.32511492480052,103.48194955605013,105.47246941081501,104.97589566743537,104.87531345438555
SY022831,77.7,78.6,76.93315616460394,78.44429751018049,80.06854100347948,77.76386924050126,78.11072278210443,78.45527076939473
SY034714,44.5,48.6,47.04056590020035,44.76575577550081,43.74651088215195,47.48200539468682,46.643145763117744,46.36135704092636
SY087331,53.9,44.9,48.14883960971245,46.91597488974543,47.21345733755703,47.578528862879196,47.52274584120487,47.46900740528254
SY046408,45.0,51.9,43.085703833637886,44.88834116574873,44.075386756352,45.668655011258366,45.96933468542512,45.19067453478645
SY013633,98.0,98.2,98.58007537664896,96.38325292176617,95.872578734375,97.00039155354048,96.63644678584633,96.66204770779083
SY060681,17.0,16.8,17.8238384633492,18.35040562005846,17.827740687989046,18.566551373997875,18.493026880599523,18.344908168195225
SY085427,82.4,83.7,77.52334266522205,79.33653992872114,79.56119357260498,80.00514811399287,80.16090815459431,79.87196175157649
SY019092,25.4,37.3,26.019279884522422,24.739278372930443,24.39803650977076,25.115868994135703,24.963516758514306,24.900519248826214
SY072443,12.1,14.7,13.6658288928091,15.69412676091774,15.444277154550317,16.442657207715,16.050778200620584,16.143143191765596
SY090103,60.9,62.0,60.87769523973735,62.07501961709528,61.52149972262093,62.242132108910894,62.13168709612948,62.0259423930239
SY001410,37.8,37.0,40.8162067691558,39.695214811717904,42.025894927417994,37.88385917308128,38.65460892963324,39.126469899382286
SY083992,38.2,41.8,38.150316452320844,33.398580109978255,32.99134077128339,34.31816326366253,34.32086519606574,33.920116515948784
SY013748,25.2,27.8,27.949098828648495,28.69014670360647,28.44373631310168,29.748661241914828,29.196833209015416,29.357183763270882
SY029493,25.9,26.7,27.307014585013484,28.837875204477836,28.718720335629502,28.511168187472556,28.632097254655587,28.573433831919637
SY095799,67.8,67.9,67.59626482186181,69.02871262477632,68.29610651498825,68.37874269810301,68.33153244157259,68.35395184316857
SY074014,43.7,36.6,43.01279314849763,49.08148276299587,46.872225382738975,48.447074681699505,47.931012079505024,47.97461989201135
SY038143,29.1,28.65,28.33401360073243,27.845767035155806,27.490680533894057,26.513522764276264,26.632439914230766,26.8066700951616
SY006245,79.3,81.5,73.24539636683188,74.05188223053528,73.6396806210244,75.63311916402183,75.19735964373488,75.0350876011226
SY096185,94.0,78.4,83.46342704264201,83.50336541655315,82.91971623446122,84.71340575065393,84.51363852187632,84.17529889579612
SY013543,58.7,61.4,58.28260572599837,58.263961794024695,58.85548043184467,58.044391866968866,58.4096036341694,58.287718436431604
SY072101,31.7,35.2,34.91141111760949,35.31407788933555,35.30504398640792,34.98048495989262,35.06596231753997,35.07785266784721
SY092310,23.4,20.9,21.993819430795927,22.504535321425557,22.654341009760973,21.437165727982197,21.551640505001302,21.80231831251583
SY074223,18.6,20.1,20.785482976723515,22.295178668456806,21.87554475800572,21.845062452646438,21.833477800363486,21.85420714425422
SY081353,19.2,22.4,22.817012639470626,24.007214955097467,24.604415086171144,22.8118532346134,23.29336613224896,23.34962179008072
SY047329,27.2,29.3,25.749848981369063,27.39408795873563,29.454965064249237,25.215538163626494,26.035771799524962,26.487366233813315
SY008557,28.2,26.0,24.7083015571298,25.750166423641883,26.228376434267933,26.583204787765858,26.579604057664216,26.476756281716476
SY048628,73.8,73.6,78.10597334598351,77.84030877107136,77.05262865316041,76.88266709453667,76.93209850719525,76.93365556212379
SY032091,24.1,21.9,22.29148457128744,22.751470620646728,23.389884123204542,21.85702363761199,22.30816705990227,22.316881783289755
SY000071,38.3,37.6,37.993536108722175,37.83459900687331,38.526231745240295,38.07917119733544,38.08326237924645,38.2132893617069
SY069433,89.4,79.9,87.17696905059053,85.36692501347537,86.00320916785331,85.08551717341767,85.4794343016967,85.36082477174836
SY094928,32.9,28.0,33.29563677755675,34.12517978195073,33.44776980595505,33.424651185854636,33.46051911227137,33.43158677188475
SY094410,41.3,39.5,47.166048712217105,46.12071134197896,44.54826139370528,44.76312998884436,44.6685575923254,44.698669410302635
SY095910,126.5,130.6,131.02110144170493,127.14550050265174,128.50201975499235,129.3850819417739,129.18852308234543,129.12016328573944
SY008083,21.5,21.6,21.89385579396782,23.027677477279905,22.25990135365351,23.12388831412947,22.903908673192916,22.86469222598668
SY017438,72.9,71.4,74.77318399422379,75.42718719692324,74.79055878469981,75.3990571259574,75.15400403307086,75.21650762358013
SY056864,43.9,42.2,40.706066130633715,42.49969391368019,41.79613755912031,44.05033972291338,43.32320721905184,43.374079073775455
SY032667,75.9,76.8,81.25101327706207,77.64535245512596,78.43206455320419,75.99734707172671,76.82474878568254,76.72776231616994
SY096560,61.4,60.1,57.91014037031783,58.99781711428723,57.86706785219161,59.73647433147662,59.30418769496849,59.175652387691116
SY091435,18.8,19.3,20.0388496705749,19.685117657149036,19.55383569339633,19.46240100943051,19.441646432084724,19.489831414620255
SY021845,85.8,83.5,80.16478053755577,83.5871332716103,80.52421598008178,85.67033538419295,84.77818340931492,84.1264995629596
SY053900,47.7,35.8,41.841332649141684,43.70699207901346,42.12579501271406,42.930155013258435,42.82024797965448,42.68884701309512
SY076127,71.0,66.5,65.07308661286174,65.04036109036363,64.51520180475053,65.57197646515286,65.44945492925866,65.25494406703216
SY010467,82.6,94.1,85.94120978882027,88.22685419654653,89.54545797489429,88.51476550759712,88.76330614337668,88.82397324778627
SY051118,51.9,48.2,51.8657522096678,48.61460815295018,48.09586715175716,47.45515902506397,47.56113250729075,47.64737146307193
SY040482,22.4,19.0,20.20590204304333,21.9733843999742,21.693092823686023,21.072789690802587,21.24511420681057,21.258880630667615
SY085439,71.4,60.7,70.8659306879993,64.64345531070525,65.73309663981995,63.4739416088142,64.58621135313057,64.15168811811591
SY026359,101.3,105.7,102.06425325874542,103.7100526089279,103.95797604092982,105.62579868319683,105.32883214400329,105.12545189051673
SY028843,69.3,70.0,66.62149814271345,65.54147267179064,68.4931087878857,63.376832384205954,64.55524382406097,64.91171530530988
SY004184,22.8,22.2,22.22163646226825,24.44799342602286,21.97327617160073,25.858218206475005,24.96465281393767,24.69273559601272
SY064622,64.9,30.9,63.09840084544696,64.65271624034743,60.55292804023972,65.31621769265429,63.0583406731529,63.88723079692991
SY041553,18.2,18.8,17.54316362039487,18.64544023450483,18.98834136322401,17.512521446659388,17.899168635195615,17.955267421628776
SY080708,29.7,25.1,32.26553374473964,29.67321736172093,27.748249342545773,28.813577061277357,28.645903769265292,28.49397874565788
SY000576,30.4,28.0,29.613082901299084,31.46296305114401,30.97533586753712,32.18684684470657,31.84850448507614,31.823393551555732
SY043476,77.3,74.8,77.49792781321021,75.68894514036793,77.51214953929923,75.46099853424084,76.2747426653793,76.07634383575835
SY001075,30.6,29.1,31.110695115033334,29.337255561701557,28.793373967829744,29.172469433725716,29.04759133473049,29.058740793956922
SY015123,23.0,25.7,24.45020104345702,25.575113633306493,24.669832323576983,25.846839566761155,25.41731215065539,25.4937373938059
SY050173,33.3,35.4,35.778671460141254,38.20730145160636,31.642808571395904,41.31931386333955,38.92681486601158,38.416362275756455
SY007828,74.1,82.7,79.91148850139798,79.16659125058072,80.68753131172447,78.61482471494699,79.28870559107055,79.23663669398023
SY007333,42.3,41.45,49.160763241814045,43.39419030804146,43.43769178603586,41.273148937821134,41.273386241430856,41.92251179228555
SY056913,49.3,40.7,50.507043686523815,50.13078580394986,50.13805236508025,49.125060554881145,49.39884912576447,49.42895809794087
SY026062,65.4,63.5,62.868829069101935,63.78694553822574,64.03163955829764,63.97369920137796,63.95398833795376,63.991081308453865
SY046154,12.2,37.4,13.31577416690192,9.451614213152135,12.659216464111331,12.444372015160686,12.539552872946832,12.50882534984588
SY070384,41.1,37.4,38.52769585160764,38.540432511367314,37.97340713700845,38.99367544800358,38.560189505591296,38.68759495470504
SY026232,48.3,54.1,52.77388271127326,54.307178213528545,55.15648774973367,52.59733430902203,53.67510471391141,53.36508034123552
SY088568,75.5,75.5,78.44858954919228,75.68584380730252,78.2474891857388,74.36807505282879,75.64388086122011,75.5318992927018
SY086270,18.0,19.65,18.343332729830536,21.189712520330595,20.888166124603703,22.20164558144425,21.93327489441816,21.807601744392084
SY009290,35.6,35.7,32.27861570311272,34.15962948133722,34.78586089437113,35.685563613688224,35.443096733862205,35.415652797893095
SY091577,27.7,20.5,21.555478116666574,22.36452440015784,21.191059639339773,22.400864155359073,22.22331312587883,22.037922800553282
SY006552,16.8,18.65,23.154618321643465,20.585500899042938,20.4447747510577,18.99629655344426,19.89272010982517,19.430840012728293
SY030805,22.5,26.2,28.165824783365636,28.527233747636217,28.067121763593633,26.274774149105657,26.778446389677356,26.812478433452046
SY061790,25.3,26.2,23.852952695657546,23.06327457827702,24.28420366426519,22.54385791356485,23.14435612612051,23.06596163877495
SY086095,64.1,66.8,60.730762607454274,64.21614467601884,62.45343706517991,65.10017564914926,64.5852478067508,64.30615407395845
SY066024,83.6,83.8,82.86653065477795,83.85970391977403,84.80226662082057,82.27490284028586,82.84179768272554,83.03311197444627
SY044526,20.6,23.2,22.248802455102833,22.895574614217896,22.265369437935718,22.62973489737667,22.50076704136998,22.520425259544385
SY033399,73.9,78.6,76.64093853271496,69.34095778575355,73.1459534077976,66.86174386779805,68.26419107156238,68.74700672979792
SY096112,104.9,112.3,107.2079303638251,105.75209399269087,104.87917225667759,106.44168045180727,106.0016008723213,105.97292799326836
SY096660,28.9,34.9,36.04072524786146,31.903249868130267,33.5609164637499,32.2842939293884,32.42447724483167,32.667280689696845
SY077556,14.1,10.2,13.352329670415354,8.786060639393973,9.894984232641999,7.389559178271943,7.812719564195334,8.14118669458296
SY087237,127.7,125.6,126.16491333023383,123.88504281057921,125.39048566379218,125.70476783545534,125.81659530424356,125.61048318395639
SY081218,28.7,26.4,30.930203012162675,31.982969690708074,30.179357751049036,31.38389392677764,31.330203600125678,31.022533074059055
SY047597,39.5,39.8,39.42491150609029,39.52106172298842,39.622849531824066,39.43024473396745,39.36231891692403,39.48802617332443
SY089529,42.9,43.3,39.997591425123524,40.390534876761436,40.609257393540645,40.30614307817492,40.57294734285419,40.397077372784636
SY029407,26.3,26.0,28.787498313997236,26.545702534726836,26.12661175499143,25.754244595988702,25.75272620694093,25.865954743689517
SY004284,62.6,65.4,59.977628958608356,60.107123080152036,62.038776584291064,58.10279794500682,58.9347262813969,59.28359153679209
SY001829,25.7,23.8,23.777566276163668,24.060696917994697,23.68708490298988,22.932005522470092,23.113726825192195,23.158529336626028
SY041313,74.5,72.3,74.76769420074149,75.1136065330968,73.73909224634201,77.62868283542903,76.65087517204269,76.46180565870291
SY031571,80.2,82.5,77.17442861113585,78.99874017327176,78.67803554650955,80.0105201308176,79.76583644322916,79.61077475552517
SY018713,27.2,26.3,32.008209084118725,30.758930618008705,28.583196410980797,31.473512397557148,30.946008728003008,30.60641760158424
SY095091,55.0,51.4,52.313848871476196,52.247570693813465,52.18614539566886,52.12558860259228,52.14844184305719,52.14375564051525
SY002829,63.4,64.3,60.497773685412355,60.977188029037734,62.17748618192187,60.50395918263471,60.67368841563768,61.006017282420856
SY001967,38.9,40.0,39.062699123502156,39.15875368123032,39.26240948591027,38.70738981534828,38.779962969030706,38.87389571651688
SY011566,104.6,92.7,101.07778592516513,97.18858849072595,97.65919624512115,95.76880662275042,96.34401546485415,96.33592350946162
SY088328,22.1,21.9,22.032103577355443,23.61542290992196,23.50037652445146,23.41659089880751,23.427099315398202,23.441726586500693
SY002785,55.3,40.9,54.65670636714688,53.062938990023426,53.61375352149559,53.61275340122025,53.75239999872501,53.61305343730285
SY030414,85.5,78.7,77.50700362127438,82.10302006416359,82.85053550270993,84.15434198386589,83.82603128526767,83.7632000395191
SY023993,89.1,69.0,80.57779417902509,79.26471801007395,78.02198687722317,77.66393360306438,77.59551718288837,77.77134958531201
SY044640,51.3,45.4,47.62910292181286,46.641502635181936,46.1762821200531,46.56105155630037,46.5037122068359,46.44562072542619
SY099793,31.6,34.8,34.590625547396684,35.19166238102349,34.481926731678,36.37622508045692,36.008566220691264,35.807935575823244
SY050546,103.7,108.6,102.80667890961577,106.01766462076142,105.08284644943349,106.838673109991,106.3752407633246,106.31192511182375
SY048570,66.4,59.0,60.172707670941705,67.07313401240094,65.110873059523,66.06948855599447,65.71171443636497,65.78190390705302
SY086214,29.4,29.2,30.798210280912777,29.634815800602418,28.825969742981226,29.415765235245978,29.44050020195762,29.23882658756655
SY055597,81.0,66.9,76.18993450000787,77.32111184151043,77.14752073675021,77.96107191955164,77.68956958661376,77.71700656471121
SY085124,25.3,29.7,28.11057338528246,27.448511859147292,29.403385527999077,27.99208747528977,28.271566175507978,28.41547689110256
SY082629,17.3,17.7,16.649731545076325,15.605222954968447,16.33717559081298,16.017195773578038,15.93377834516178,16.11318971874852
SY086977,81.6,73.6,85.34748786453703,84.66537246800426,83.419814055947,85.51630414276846,84.58349680201357,84.88735711672201
SY058812,64.6,64.4,65.83778262467018,66.51500886718466,63.978929358170376,67.07271898994442,66.39351261669421,66.14458210041221
SY090145,114.2,95.5,99.2397852472747,99.31225547331874,98.41904068154363,97.90369813718101,98.11238565945294,98.0583009004898
SY007321,34.0,39.2,30.845419862629527,39.81231280938234,40.33379426552631,39.590608168213954,39.11030356826548,39.81356399740766
SY009614,33.2,31.6,32.04808682929452,33.060155586681404,33.970031016788155,31.81590678449794,32.06033058117927,32.462144054185
SY033193,67.4,68.1,69.50539304892251,68.92213279158558,68.62831525408767,69.85058167474268,69.44160226741361,69.48390174854617
SY087483,41.0,41.8,40.81554173849556,40.18607056588404,40.427261763240125,40.45855991891163,40.70484441045961,40.44917047221018
SY094095,51.2,48.0,48.48967187718272,50.751636915067415,50.391200884292445,50.247543160425614,50.51235474234636,50.290640477585654
SY092097,26.7,25.6,25.2221553447858,24.32434382533397,25.164362959940963,23.84841352444507,23.89027550356888,24.24319835509384
SY083203,59.0,41.6,56.94705578707304,52.53263122943507,51.79255777681149,51.49851362498614,51.5897575023764,51.586726870533745
SY093768,71.7,73.0,69.86312796075295,72.56662759851343,72.3435563535345,72.86630666537788,72.74584164564484,72.70948157182485
SY085454,40.2,41.5,40.3755360798665,40.363699478772645,40.29211639084133,40.0195791286177,40.14405805360729,40.10134030728479
SY053062,38.2,32.7,45.29101505571014,42.29056850742889,42.319178648362595,39.63053514201148,40.05417761911239,40.43712819391681
SY076635,17.4,19.700000000000003,15.42806395460685,18.259250288597425,18.245187101702612,17.406098677734427,17.65248452593043,17.657825204924883
SY098963,23.6,22.7,24.02256344388186,26.421247745470353,24.960252480782408,26.953128745950107,26.420580567197867,26.355265866399797
SY079777,75.7,78.7,72.51937451495752,69.84564483863853,72.27816963744124,71.32243485777875,71.20447739493056,71.6091552916775
SY044912,14.8,15.1,11.536990747951283,12.972828791842742,13.944309839728511,12.85586739167602,12.815646368283142,13.182400126091768
SY088193,59.2,55.6,62.2010805052978,61.84008525907893,59.610599042344866,59.36903531348097,59.050877987995975,59.441504432140135
SY067291,82.2,83.4,80.53272232743308,79.497064481639,78.8775273852412,80.86509074229012,80.26090054132614,80.26882173517544
SY082896,23.2,25.2,24.503981392616208,24.586402950739554,24.820274249009483,24.230600814639224,24.351283267372096,24.4075028449503
SY043462,60.7,82.8,67.84660816704921,64.63361786083138,66.08663389798204,66.92028688106868,66.1725710869093,66.67019098614269
SY044231,58.5,58.0,59.66214707151234,56.89381512324863,57.19554305492231,56.42644468638865,56.45212295094218,56.657174196948745
SY027140,66.7,69.5,68.66496807892098,63.92704261636504,66.06069600607808,64.14912989714685,64.5675570899794,64.72259972982621
SY019896,89.7,90.7,85.40624715501492,81.14601794147251,80.58650588506555,81.87719300133783,81.81174761704736,81.48998686645615
SY023105,21.7,21.5,21.71150215065749,22.542360162193916,22.6579768922739,22.43077863766469,22.566792993166864,22.49893811404745
SY035214,17.6,15.6,17.18355233924157,18.6954373668111,17.884090853150685,19.201515268915053,18.932086198448616,18.80628794418574
SY007315,37.3,37.6,38.00764674986928,40.19206502347225,40.073065702936674,40.43489585726387,40.55446380061702,40.32634681096571
SY089591,43.3,49.1,43.21611237137765,47.1851476429086,46.04009687963569,48.76560930158054,48.33702040947819,47.94795557499708
SY002921,78.2,74.2,76.1679276316785,76.11285542183992,75.52298080406007,78.69641959060696,77.87416753168469,77.74438795464289
SY065249,45.1,50.5,51.367625059455314,49.5114291251586,47.56532340880325,52.14433620267586,51.603988044121394,50.77063236451407
SY055613,38.0,34.2,37.19092216274076,36.488056879706605,32.9133661655725,37.09033851447579,36.32013880525476,35.8372468098048
SY017168,49.1,55.5,54.85856450627625,53.54150705054307,55.2071176770366,53.322422382095,53.43506062041526,53.887830970577475
SY089435,101.6,91.7,101.62205224361686,99.29593661476225,98.89970296535341,98.08397957899635,98.29436852731666,98.32869659490345
SY002791,18.3,16.0,21.885969892692426,21.345706247237022,19.620372806105106,23.233403174307735,22.199689632054913,22.149494063846944
SY095233,57.6,59.6,56.81473672877037,53.991810602853654,57.65570355318628,48.102009709601006,50.715275251924645,50.968117862676586
SY034289,45.9,57.6,56.08302603147804,55.14390670860634,55.33047057479961,54.66747020022659,54.686185220071756,54.86637031259849
SY035861,23.7,27.4,24.51486389820969,25.80499406847266,26.60316029446811,25.911792774459315,25.996818131597646,26.119203030461954
SY064064,33.8,53.0,39.023261168681785,40.33350434599771,43.569325115887466,41.885390602585275,41.69362895732387,42.39057095657593
SY043966,38.0,41.2,33.911064351172,38.04134439144494,38.183829925247665,36.81402009525262,36.92011458393908,37.22496304425113
SY012598,33.5,34.8,36.82725885758692,37.67778965752972,38.64862440986462,35.46417782389256,36.10553147613681,36.41951179968417
SY056938,58.6,58.7,61.2913180923051,61.59720408664949,62.90671426690241,61.15101736411276,61.54286165772932,61.677726434949655
SY017874,70.8,71.9,72.6044284738935,74.89486284037885,74.18293685692694,73.78131295648681,74.01538027269288,73.90180012661885
SY058862,39.5,41.8,40.21955658551471,34.93577850396874,36.933588924942725,36.178214347912316,36.71614517953604,36.404826721021436
SY007055,50.2,49.9,53.66326925362366,53.79759286435605,51.1508854798052,57.02931094318659,56.068203148273184,55.26578330417217
SY057004,50.2,47.2,54.021613805702096,51.186326134446254,49.42308098860918,49.03834618078494,48.968677146856365,49.153766623132206
SY009275,63.2,63.9,58.020496843453785,64.05609795700734,62.52836529867343,65.19294073789918,64.93250986110723,64.39356810613145
SY026493,88.1,77.2,87.31134206907888,86.88445496304493,85.7700517226401,87.19660886301087,86.85206830165541,86.76864172089964
SY040989,76.1,82.1,77.52680887145875,78.74358386319597,78.0445223706067,77.87614585845101,78.17393575047825,77.92665881209771
SY008885,71.7,73.2,74.14708258079385,74.16181621899767,73.7798840528291,74.56876745543943,74.43640031856162,74.33210243465632
SY058444,77.4,78.2,68.66022452303055,69.63456033686852,70.94777147958297,68.81686385373968,69.19205502145876,69.45613614149266
SY039442,53.0,55.1,54.45204126214451,53.22260806248157,56.27742467763409,49.843740445184274,52.17316765001962,51.77384571491922
SY038882,26.0,25.0,24.09837474882714,20.820793835441265,21.04913902020385,20.501555261540013,20.53412367248011,20.665830389139163
SY030600,76.7,70.9,73.63746833579843,71.32030100586033,69.88159726569468,71.11154417915203,70.88967191111351,70.74256010511482
SY056400,71.6,72.1,73.04325759206522,72.80705843161275,72.40757460104047,72.0368022995194,72.26315169920306,72.14803398997572
SY093740,37.4,37.7,38.155590811351956,38.584651572477924,37.66006162755565,39.04386727327046,39.3182672450732,38.62872557955601
SY015322,32.8,67.8,32.894255958004095,43.38431437374993,44.68553579254923,46.206874790186475,45.822106900451175,45.7504730908953
SY024369,40.8,41.0,39.06974984371058,36.64528514907662,38.36071968152983,34.73696471804746,35.240085001220336,35.82409120709217
SY020948,96.2,82.8,88.87588743888298,96.7052007375377,94.39991565155863,100.2369830975772,99.17188535924795,98.48586286377163
SY052368,23.6,22.6,23.87153377374779,23.62686381256124,23.553692468830757,24.944409139636498,24.99057194871659,24.527194138394773
SY072490,47.9,41.5,43.641684697757626,44.47108887537652,46.02104898410845,42.36245825031816,43.314495974604334,43.460035470455246
SY032922,25.0,23.8,22.897851812328373,22.791492027407177,23.19378307386662,22.4706851297503,22.678064443639812,22.687614512985196
SY044582,51.5,47.7,46.232774906284746,54.472262403103734,54.92648452206131,54.45022709776138,54.323521746112995,54.59310432505136
SY057775,36.1,36.3,34.15873256501123,36.283477299639934,35.01370099107853,38.354177310225,38.01062905971781,37.352034414481054
SY025478,69.7,67.3,69.03772465081444,69.85291796507174,69.85143761541852,69.24492685682105,69.45287163687641,69.4268800844003
SY038838,22.1,17.4,24.37167444548605,23.42787840652827,24.362296643914455,24.119992335733436,23.764632113430196,24.19268362818774
SY079477,38.8,37.0,38.894508478592606,42.114842726504875,42.142511984623184,39.50244473767437,40.14054163568129,40.29446491175901
SY053771,28.7,27.4,26.212403603158233,25.671355233165578,25.891294942084237,26.32838343311596,26.296720134318917,26.197256885806443
SY043678,80.4,86.6,79.09999241282776,80.62097938803635,79.20006544606096,80.82112250289387,80.56929127448274,80.33480538584399
SY038956,70.3,57.85,71.67766526101612,65.5093514043092,65.10393441381515,64.37750318292416,64.33298569193948,64.59543255219145
SY089247,59.1,56.5,55.77990536692697,54.27118120285446,54.28756637296672,55.42244758112579,54.701750856375476,55.08198321867807
SY077920,18.9,20.3,19.11429643534791,22.162468546861206,21.202608223805584,22.67186481524144,22.72692886342054,22.231087837810684
SY038623,60.7,53.9,63.163117091964594,61.72340307685157,61.69891879178582,60.68439560235995,60.70183120797998,60.9887525591877
SY060789,61.8,64.1,63.911453564908186,63.43634562925314,64.5452517444061,62.716146427676655,63.11288568726153,63.264878022695484
SY019471,24.2,22.3,22.99655654240227,23.65807830075825,23.188124108129067,24.617849945718937,23.914304082603564,24.188932194441975
SY090820,27.3,57.6,36.31182740507867,39.80668481136762,41.794593384727165,41.95682417382572,42.1378185994084,41.90815493709615
SY036105,107.6,118.8,111.91624155881685,109.04619823119891,111.39357110187198,108.80150430769967,109.64918023102129,109.57912434595136
SY045315,48.2,44.2,49.06027547606811,46.89658652011639,46.346314610342866,46.65869749821713,46.76673115496065,46.564982631854846
SY026371,34.5,48.9,45.15028457379659,45.58208647288029,46.94348749934037,44.905635473064294,45.62655476934663,45.516991080947115
SY088631,148.0,146.1,138.68753216806618,141.92603912515534,143.5290200365482,144.10724864101218,143.84829955386263,143.93378005967298
SY059585,63.1,62.3,60.71440094707524,61.764726929965946,60.52932689283291,62.34075871509009,62.17309236540419,61.79732916841293
SY009774,71.3,70.3,67.77228172451404,71.4524635880823,70.15860509141669,72.37863880934614,71.98340215894922,71.7126286939673
SY088937,49.0,47.0,47.40929127739114,45.51696438694883,45.586586214326836,47.66261640226397,47.24535998760653,47.03980734588283
SY018880,61.0,51.2,54.275072701230165,48.4681582448981,51.27312171532612,47.6201412470049,48.80246364428001,48.716035387501265
SY027310,12.1,16.5,14.925986049817237,14.570130720820277,15.656868817694098,13.624774108155478,13.907515722795448,14.234402521017063
SY016340,37.7,34.9,36.90307999378708,39.30852520798419,42.23932335319019,37.44117163196087,38.736668844790174,38.88061714832966
SY061157,31.4,31.1,31.550675485196308,31.432251275951366,31.50280168358296,32.091917733235604,31.979979780708057,31.91518291833981
SY052592,72.1,68.9,72.14499148537762,69.4042298952227,68.8263691193686,71.25127754276487,70.63753517948771,70.52380501574598
SY042375,31.5,29.4,30.752332838926677,33.24591994058446,31.079486275341022,33.65675369102031,33.059913625948,32.88357346631652
SY057404,65.3,61.5,61.95591779617834,63.036265414591085,62.70157416939402,63.11780848413914,63.05641698054541,62.9929381897156
SY008747,26.3,27.1,26.624930431342534,27.186209799646814,26.870146739403715,26.9906183536583,26.923315504207892,26.95447686938192
SY093912,134.1,134.7,134.22074699119136,128.53448424213963,130.39612224119247,131.71251723214453,131.3371511814035,131.3175987348589
SY086343,54.1,52.5,51.745941279777355,52.458411332568765,52.16103306824525,52.35482234995304,52.433697115372354,52.2966855654407
SY050291,64.0,59.0,56.87068563216153,54.08602601296383,57.76861302777087,52.32677133452288,53.64713132394287,53.95932384249727
SY093537,48.1,47.6,47.72544858882562,45.19646327733381,46.897265899521464,44.651429303282335,45.33462395601038,45.32518028215407
SY094045,66.3,70.0,70.10105609462823,69.78891980797805,68.50101334439104,69.93662195370936,69.69728396862884,69.50593937091386
SY025354,107.3,109.5,109.33614515695699,110.78847773947666,109.14454826394109,110.97122098463731,110.55498570882845,110.42321916842843
SY098267,65.8,66.2,68.00157166287131,68.59429840536559,68.6513616491153,68.13287682524883,68.25959194693074,68.28842227240877
SY029183,29.6,32.8,32.16030288926079,31.407872684141925,34.627817569907464,29.421244575762454,30.653884659105703,30.983216474005957
SY087274,31.1,33.1,32.05606583483708,33.93893879267479,32.26681608945253,36.43772272732457,35.7084579583284,35.18645073596296
SY002847,75.9,64.9,70.72573342195763,70.82070393746159,69.54885180551629,71.12372029783484,70.73424202379204,70.65125975013927
SY037049,75.7,81.5,74.7675734060051,76.81609256875494,75.56067733852193,76.83900566456062,76.49164610285753,76.455507166749
SY097666,63.0,65.8,63.13380224793902,64.69657630350338,64.19703253167944,65.23485833735778,65.04455700857292,64.92351059565428
SY061058,41.9,48.3,43.300992014540945,44.894564089906154,43.294085543316946,45.81636782155182,45.22361753860223,45.05968313808136
SY036446,64.0,68.3,68.7622031981219,69.37746234906376,69.80050546074258,69.9006691211007,70.01899634008109,69.87062002299326
SY047670,73.3,72.7,71.41038585935556,74.30568241978149,72.76184047979203,75.41305239442936,74.76981748660445,74.61768882003815
SY086100,49.2,47.6,49.90968935323917,46.27298885801895,48.94636811766526,46.66469753982797,47.31175680491034,47.34919871317915
SY046213,39.4,37.3,35.51487233302488,33.722201077868924,33.35911969614042,35.1806349109461,34.81641105774085,34.634180346504394
SY029904,39.9,42.4,45.832522535895635,45.552033012498924,45.69934166823177,43.92716515763802,44.35405506123883,44.458818110816146
SY004906,28.7,25.7,26.241899273799064,26.283497562366044,25.23606944099465,25.346576848303844,25.491769459519247,25.313424626111086
SY044812,47.5,47.8,46.90127679586058,48.06615146236976,48.27229781436287,48.06366389667049,48.13719176634921,48.1262540719782
SY008511,66.9,68.6,66.69687239294353,65.97742593872769,67.233242192651,65.71367714178095,66.29968378538987,66.16954665704196
SY061757,41.6,36.4,38.723716977737624,39.36377934695808,39.771539067405534,38.44632293744936,38.772496537903876,38.84388777643621
SY022995,49.2,48.4,52.62723477198907,47.18691722200943,48.46767668962342,45.5750566418581,46.57574215684686,46.44284265618769
SY028008,22.7,19.3,20.271459694544046,19.856862970239533,18.646972404530413,21.38005111064148,20.533035226789615,20.56012749880816
SY048743,34.1,27.5,37.02537549150639,37.05294716994549,37.24885909303136,37.1706093501313,37.42535518873935,37.19408427300132
SY026557,38.9,36.1,39.07995271424318,36.26503959830666,34.80186910057293,38.29877566006876,37.369975621160904,37.24970369222001
SY097118,41.6,44.3,44.4762065536346,43.1055683689702,44.82015450555327,42.19730490373352,42.88324946001523,42.98415978427944
SY098334,50.9,57.349999999999994,59.58999971717073,62.27166313493869,61.20765764599123,59.91557400976315,59.57225006287153,60.303199100631566
SY018350,126.5,119.1,121.09305004366003,117.72890698723492,118.913950406009,117.4901324519794,118.03131769211052,117.91727783818827
SY016235,43.6,39.4,41.499402091054776,40.24968756938648,41.00101322978291,41.410715627828,41.17778513917285,41.28780490841447
SY079962,58.5,58.3,52.73027405909817,54.10723543738596,53.851878531618866,54.292215234634185,54.17823001902123,54.16011422372959
SY098082,24.4,29.1,27.540702804297247,27.675509327878622,28.70937385042629,28.04762304689362,28.305378604419438,28.246148287953417
SY063584,84.5,85.5,82.60952488960162,85.04979624685586,86.1485603770104,84.68295547425899,85.17389506054764,85.12263694508441
SY066428,46.1,42.3,43.502722248047135,44.829833328633065,43.583255101814416,45.473260950336325,45.55431238749314,44.90625919577975
SY094629,26.9,41.2,29.697449168061592,30.62621597320124,30.389933964086843,34.08010068178145,33.685082274516425,32.97305066647307
SY077350,19.7,21.4,18.59670268523114,21.082764869684294,21.866364505337117,20.55053164065979,20.64653669161468,20.94528150006299
SY076550,56.4,58.2,52.99674621658464,52.17472162724877,49.87618914943059,52.5860242275228,51.65497793375925,51.77307370409513
SY000100,41.8,39.6,40.66338854766479,40.37670036421377,39.10166775196521,41.67593884163874,40.97817716627853,40.90365751473668
SY019366,51.1,53.2,52.56993931781417,49.724623369996486,52.16429761402942,50.212261869727605,50.76470132387827,50.79787259301815
SY025310,80.8,79.9,80.03207590335046,78.76048805515188,78.83842729642026,78.70630113091529,79.21790996381088,78.74593898056679
SY092651,45.1,39.6,40.52805332263888,39.139433659050106,40.09462388275054,38.55219860327229,39.08567820148573,39.01492618711576
SY026518,79.8,80.8,82.08659986606456,79.00869434087934,80.05496725210486,77.85805213366328,78.33678220971561,78.51712666919575
SY056076,78.7,62.9,74.75559244832552,79.23921852670182,73.76531135756503,84.66817290538063,82.07507122856731,81.39731444103595
SY091367,71.2,73.2,69.71600415729479,71.6016235341566,71.86839457572171,70.97486583907846,71.27530841352663,71.24292446007144
SY017533,79.6,78.6,82.40245439721043,80.56200284830165,80.69845565633943,80.99017582647977,80.75738008265172,80.90265977543766
SY047085,60.7,53.5,60.95742696743753,62.66083653655967,60.46160231444303,61.73339614497145,61.72627118880112,61.35185799581292
SY045086,76.6,80.6,78.77590652052962,77.8020965436902,79.62685628739503,78.6601810727782,79.0074820558407,78.95018363716324
SY055525,29.1,28.5,27.342287289949013,30.057975431689222,30.15357256817076,29.65473068288845,29.607740800351525,29.80438324847314
SY039285,79.1,79.2,72.35100851853626,74.55750077495135,76.30997367046879,73.74616994767325,74.63686537212075,74.5153110645119
SY003860,29.0,26.9,26.28923833049265,27.122270913305485,27.21093890173313,27.333798429982256,27.076041604561432,27.296940571507513
SY039618,56.2,54.7,52.988294332770685,49.502404172609936,49.881187977574825,48.982608723216664,49.132961291740756,49.25218249952411
SY048438,30.7,33.9,33.50944611491605,32.57050912241368,34.135627062560616,30.957619071726736,31.728480132845437,31.911021468976898
SY061081,28.2,39.2,27.425046183727673,22.63807149560816,22.111200465622797,25.980754625903035,25.387085262100957,24.819888377818963
SY020230,40.8,37.9,40.56113753562431,38.56136121690329,38.03848247455204,39.14733959245896,38.95857591389637,38.81468245708688
SY009178,53.7,57.6,53.29520549593733,55.97641917453714,56.34994373950885,56.307061445437036,56.62964443772372,56.31992613365858
SY025093,36.7,36.0,35.438155543378635,37.118050748152136,37.82679465851744,38.09186568919352,37.9515869326769,38.012344379990694
SY057364,67.8,62.4,63.499723720461915,59.11973552059526,58.94107564149465,58.004135963956195,58.25156731778198,58.28521786721773
SY089200,30.6,33.2,31.474913806650274,33.026813954228125,33.65818752993913,33.629285162899855,33.552438295421425,33.637955873011634
SY097545,22.9,23.2,23.6257429421396,31.457496520446863,30.496265042186938,31.070456062116193,30.836156267017476,30.898198756137415
SY078608,51.1,49.1,47.23892513696698,47.188290131068044,46.759830083565106,46.77294397139616,46.68060318678959,46.76900980504684
SY003950,20.4,21.4,20.988741632877108,21.303027712761722,21.26655561606329,21.639290573056392,21.531708979381097,21.527470085958463
SY031854,36.5,39.6,39.516938488811064,38.60332536758531,33.80167656184951,40.13494599904803,38.86309988161792,38.23496516788847
SY076791,46.7,50.6,52.69701926259166,50.69121210851975,52.024920296277145,49.28721435630542,50.16053377593655,50.10852613829694
SY008821,62.0,60.0,61.37399119931291,60.26918880953086,63.31503468555912,58.5596096011128,59.908824056381306,59.986237126446696
SY021321,39.4,40.5,38.42954258795597,39.96861109664064,40.10840807035235,40.24053037915273,40.31747572882935,40.200893686512615
SY044769,95.6,112.2,109.9442978338975,104.64945313481486,105.41751113140288,105.13832511754416,105.10838510883293,105.22208092170177
SY046521,70.4,69.0,73.41074552940101,71.68148941588693,70.11675234684398,70.82475551543743,70.71028342539802,70.61235456485939
SY046383,30.6,28.4,26.2780169846478,28.209232536948655,27.681873434761908,28.66380018938916,28.45454228984773,28.369222163000984
SY065300,12.3,14.7,14.345031170938341,16.342564000952706,15.915739833207741,15.527807422477414,15.44342143938962,15.644187145696513
SY096958,53.6,53.0,47.50898273446388,50.60849679360622,49.638768256177336,50.692202480323935,50.64606150394247,50.376172213079954
SY089408,56.5,62.4,62.010915000922765,60.106300534162514,60.79965370064414,61.405982775942086,61.40329647669291,61.2240840533527
SY064817,13.8,16.9,16.449275277830438,15.664147837985535,16.339016010594236,15.488802801953877,15.580189635148828,15.743866764545984
SY010689,75.3,75.2,75.53001276078537,74.50022907383237,72.19471290205377,74.13565774474102,73.43541967318261,73.55337429193484
SY012716,77.5,78.4,78.10458698003156,77.37815376263974,78.46396432436764,77.79868535134035,78.18166099552164,77.99826904324854
SY057221,22.6,25.7,26.2979343753492,26.945353195218896,27.090474361593646,26.78963282492969,26.987057155050643,26.87988528592888
SY077274,70.4,84.4,80.35988529998846,81.76738421929467,82.16464480636152,83.3589992454636,83.20701935335704,83.00069291373296
SY050950,89.5,77.5,83.7839008469379,82.6826511422295,83.8292372888991,83.14320563797381,83.23189376721841,83.34901513325138
SY018489,67.7,70.7,71.50514128479,71.30099989035025,70.81386462073844,72.4898201358206,72.05112445502805,71.98703348129595
SY061479,52.7,47.6,52.46068115509648,52.077514335682736,52.474706300904465,51.490814599841485,51.78144777037008,51.785982110160376
SY046099,29.1,32.8,28.43495941335202,29.211014005300598,29.299776649047526,30.239827502448787,30.146093045268188,29.95781224642841
SY000318,45.1,46.7,39.83799818368261,39.7139720504011,39.3688912673576,38.92237558342598,38.59689069859526,39.056330288605466
SY008676,34.0,55.1,30.498151388680395,27.930683778780462,28.529107281276527,30.28296010373836,30.335260005284237,29.75680425699981
SY042862,27.9,27.9,27.40497284957534,29.489285390044973,29.903507866819552,28.66034051069131,28.901535420997394,29.03329071752978
SY074154,19.2,20.6,21.40781574965504,19.800266973931915,21.593983183800862,18.026476418996896,18.87324872530122,19.096728448438085
SY005668,24.5,16.15,24.891571637335588,28.323671737329384,28.16671386635831,28.27324308375507,28.22560563509206,28.24128431853604
SY013500,22.4,20.9,20.70316777479772,21.744899388869086,21.992672743525702,20.92256571720257,21.175207182165227,21.24359782509951
SY039293,53.5,67.1,57.83827282479008,53.44766759768493,57.11749909149703,48.59165122557648,50.370251175963084,51.14940558535264
SY035379,22.8,27.2,27.4641061913832,27.195467695100334,27.367406067725803,27.105538353518863,27.059603683289858,27.184098667780944
SY041344,20.9,24.0,23.76502412172508,24.687070208853413,24.983521860687965,24.608603377254802,24.793838233547092,24.72107892228475
SY019666,24.9,25.0,26.281164115179372,26.94542272804121,26.10090945133453,26.478500517561677,26.499955994870827,26.36522319769353
SY048012,74.3,75.2,71.15780418768459,73.49178786597768,73.51141374472222,74.17545139111739,74.02118313142591,73.97624009719884
SY025302,66.4,66.4,68.66590181076435,69.17849671072807,68.8961481200816,69.48657458166568,69.27742874685482,69.30944664319046
SY027478,53.9,23.2,52.626701071824435,64.90935012272632,54.238266990584236,65.14736989313721,60.43083155964815,61.87463902237131
SY045372,83.1,58.6,81.29793717521596,73.84290211123611,73.17853291453227,75.42614844626681,74.26230640665307,74.75186378674644
SY002598,34.6,33.4,31.86217161225314,32.05626547022261,34.27405900408478,30.953146198987064,31.687833867032886,31.949420040516376
SY064419,38.2,34.7,35.94135150484724,38.65437236486677,38.3937261912153,36.65846580243574,37.266117519152175,37.17904391906961
SY064037,61.4,72.0,70.60013125006665,68.81956863458912,69.37075963127195,68.75011054404715,69.2332394963543,68.93630527021458
SY005098,11.3,14.1,14.126809763878525,15.413245173989628,15.81131266467853,14.494484541525612,14.883917893765267,14.889532978471486
SY071761,42.2,41.8,43.323274963933166,43.59840647640003,43.85619305137972,42.85197909878514,43.142212770587435,43.15324328456351
SY068597,16.9,15.5,15.738301656696294,16.12535731424916,16.451637216518744,16.164669501659894,16.318683215956217,16.25075981611755
SY047649,90.2,92.3,90.68170473788085,89.41986926330347,89.88255742132631,89.3082555891723,89.40087052709126,89.4805461388185
SY086171,68.1,64.6,63.58689703044107,61.93048991700959,61.947056737132385,62.43011854954773,62.433902561188866,62.28520000582313
SY043109,21.7,21.3,21.549675614621584,22.239939173789967,22.377428600732962,23.270901015014747,23.123444385224495,23.00285929073021
SY008788,47.7,47.5,38.20324641032206,41.58183848862927,42.80140832116125,41.56392720699985,42.14913298563344,41.935171541248266
SY097221,36.2,40.4,40.44015203049454,38.4344035406144,37.74267381985852,39.432393093517156,38.59303033975014,38.92547731141956
SY096238,136.0,139.3,143.03395138433893,137.80231420225124,138.24879660797103,139.84477317578518,139.36516133455564,139.36598020544093
SY059213,58.6,33.5,50.89205046427309,47.265519911348186,42.571592641516894,47.222768222439335,46.03775542031073,45.8274155481626
SY056566,38.7,37.4,38.5684692177473,41.898771248979074,42.51610789127504,40.68853969377129,40.89201134679857,41.23681015302242
SY029970,18.5,16.2,17.292561471151302,17.64370056047983,16.888558825620947,17.9541888943671,17.781180651446256,17.634499873743252
SY038646,70.8,59.7,63.21944128408992,62.0413468431749,65.15918016712213,59.469441064221726,60.935137269647825,61.17636279509185
SY044630,94.8,99.4,93.28822126233479,94.83789887758994,95.12059078473987,95.71874681551931,95.8016290247402,95.53930000628547
SY095341,65.4,62.2,61.75724647078135,63.81570497407181,63.74737562887931,64.0151404480417,63.8566976697834,63.93481100229299
SY008005,27.6,28.4,25.407375995717384,26.723661726299966,24.445487636506478,27.382373223252152,26.887292829100637,26.50130754722845
SY085087,26.9,44.4,29.81315567204694,32.78939038582371,33.21386483180499,37.885947409063895,36.53482786945951,36.48432263588622
SY020787,14.9,14.4,14.407347294882625,13.881076403034848,13.68578321630883,14.872063357802801,14.485402806848283,14.51617931535461
SY053959,27.0,25.8,26.26886110664448,25.272103513850332,26.06648317894087,24.22997405835767,24.530517567452105,24.780926794532625
SY086463,24.3,41.3,26.348994122756555,23.66212572789966,28.806904891010447,26.48152341770296,27.281728540301994,27.179137859695203
SY090227,33.0,32.5,32.73156039297923,31.711961271158522,30.718523872707607,33.04713845836429,32.35189274332721,32.34855408266728
SY024797,23.1,26.2,28.19140687880943,28.06616809964595,28.496099031383032,27.510308730869003,27.75743815978958,27.80604582102321
SY030646,49.0,52.5,45.94261086340731,46.35884853402598,47.52864532204719,43.25610948511168,44.247688426348255,44.53787023619233
SY081525,25.3,52.3,25.60266894073395,23.300042977172808,25.21041707042633,23.98337891772663,23.933933519650857,24.351490363536538
SY020336,50.7,54.5,53.81249958647096,53.66008963132119,53.34648855796139,55.06696364921078,54.52689518043516,54.55082112183596
SY019284,94.3,95.7,91.37386886067495,97.13857173146944,96.60459090519146,98.73886593987402,98.693943130214,98.09858342946924
SY075606,32.5,29.2,38.18113037557739,36.48010115996644,35.08104640019505,35.873106449043014,35.80705834647666,35.63548843438862
SY033133,67.8,58.6,57.29744283550814,55.85151433155643,55.62030440935115,55.7092588453012,55.942014620620704,55.68257251451618
SY062376,74.7,76.1,76.93624486229439,74.36111712854552,74.12332167963727,73.94638336702322,74.67995998145096,73.99946486080744
SY026363,35.0,29.4,38.46155494146493,36.918794749661124,36.868147348556036,36.32958572440698,36.42176056678164,36.4911542116517
SY087589,42.7,37.6,41.789137078811486,43.37867688790401,41.4729524206191,44.06447707641296,43.309953162232425,43.2870196796748
SY028162,50.1,49.2,47.66766362909804,45.59304532786196,44.15747220211696,45.17220542859057,44.8338499917135,44.867785460648484
SY002334,48.7,39.0,45.13571194706339,46.96867436483953,44.862753713168004,47.817602297880214,47.22853697768626,46.93114772246655
SY068091,18.2,19.8,20.65657905428616,21.111801822929138,20.756597092704645,21.002419887425166,20.848726795510636,20.928673049009006
SY054457,69.7,77.6,72.72578465999935,67.9661418834995,69.09994073818655,70.33344874884726,70.3444211575356,69.96339634564904
SY071968,29.0,27.6,35.895983949301325,34.80017352915804,31.56899971176238,36.77691179628721,35.520636533783886,35.21453817092976
SY006978,37.8,34.7,36.11794417753757,38.07767735199954,37.99526740519926,38.68049014240411,38.587068600044645,38.474923321242656
SY039466,15.4,14.6,14.575017369748881,15.73410103082761,15.803661844941283,15.262070439904988,15.442667922356812,15.424547861415876
SY009765,71.8,71.9,68.5071345696454,71.3247364494175,71.4195608737052,71.33372948934911,71.50611723981277,71.35947890465593
SY067090,25.5,25.7,24.541684268553258,26.706097964952782,26.752525867300488,26.50333542767307,26.746877178585105,26.57809255956129
SY022799,27.3,33.9,30.577485083557374,33.24273186783523,33.09831726909768,34.55371580249367,34.21045617909947,34.11709624247487
SY081401,62.7,64.8,63.37202195375112,64.28439107061513,64.64069684025512,64.7512958098894,64.66399276175889,64.7181161189991
SY020842,36.4,45.4,35.22987383279657,37.414987125317566,39.415840127559036,36.61462878398748,37.139256765995725,37.45499218705895
SY004546,59.6,59.8,61.6236755119793,61.64683306453105,61.009834065924196,61.14486541792095,60.91790890538723,61.10435601232192
SY079957,30.3,27.6,33.67119606667463,25.874225347651056,27.251249752413166,23.05466223788679,24.365253764761313,24.3136384922447
SY018264,25.0,26.0,25.272297293344376,25.161558278781385,26.235882452765978,22.87708727641652,23.655197534853393,23.884725829321354
SY076886,60.8,59.0,57.586056622470814,60.90124512079794,61.66286045094741,60.122895942082415,60.14367762256089,60.58488529474191
SY085583,117.6,114.4,113.59956392220494,112.369961354383,111.4535081991346,114.40017201226428,113.5599680262567,113.51617286832537
SY082628,87.8,89.1,86.6182331378727,88.21867085904267,87.33466129613808,89.27994205203048,88.71336140920297,88.69635782526275
SY038418,100.7,97.6,95.97241348828824,94.29821140444193,95.07537473177328,94.87890446807029,95.31952299530502,94.93784554718118
SY032370,39.1,40.0,41.11340954898675,39.22092447314291,39.38542512722294,38.634935641745656,38.848713648553016,38.86008248738884
SY097373,77.4,73.9,80.22939855819335,78.17740725471965,76.68191640158604,79.01151691561113,78.52180552743029,78.3126367614036
SY027910,40.0,27.0,38.5802487844517,38.225262334930505,35.608459156533655,39.71129881631244,38.75213321452949,38.4804469183788
SY054431,110.8,80.2,80.22637104622682,74.31879684962522,74.14950523229308,76.63597489649757,75.98817373625027,75.89003399723623
SY055915,15.0,14.8,15.331262425710763,14.173379703932202,14.453629612897451,13.30503121753876,13.561777675077236,13.649610736146368
SY037246,55.6,58.7,60.14759640323636,57.92170397506348,58.45681616531154,55.81115336001534,56.23785941091897,56.60485220160419
SY097274,34.6,30.5,29.930942132092134,31.646678624858215,31.705785448080213,31.06732677091649,31.4183063491244,31.258864374065606
SY065924,25.5,25.2,24.596845259083295,22.768906018101333,22.835675843919894,23.185228428684116,23.00978571008624,23.080362653254845
SY051755,18.2,17.1,17.122579090732216,16.198672290235066,16.737603477967873,15.642956699521557,15.47792029160848,15.97135073305545
SY006113,38.7,34.2,36.666078423632975,36.65703349764529,36.5941756470334,35.86133748946249,36.11525901861522,36.08118893673377
SY049870,84.9,90.9,85.1023630409282,85.65790450438001,85.38346776065924,88.69449939352346,88.0734215694134,87.70118990366419
SY005032,30.1,34.2,35.0526355580724,31.134808792184934,31.70521983516244,31.517650499907102,31.427593663739763,31.573921300483704
SY029945,73.0,80.7,79.59245684557665,79.45673235813928,78.88117823935117,79.74812451754181,79.6578742795427,79.48804063408461
SY010742,17.8,17.5,17.94999767257948,18.11634515489137,17.457521205742506,18.4446355649308,18.265204470000715,18.14850125717431
SY012776,20.9,23.3,23.008689188349663,23.099109223105955,23.817480980371176,22.26622469396279,22.785060647471013,22.731601579885304
SY024474,125.4,104.0,105.20968481831783,122.72952858093947,122.84490380851406,124.97685937922832,124.79173727129914,124.33727270801404
SY098351,23.9,24.7,25.235142248664594,27.09156285805839,26.91485798209572,25.061582358859678,25.932373842965696,25.61756504583049
SY004305,79.5,80.3,80.2405745138069,77.94880519923842,76.40875058223779,77.46020517107763,77.59756108604273,77.14476879442567
SY052871,87.5,76.5,84.53282138524618,87.64704188360903,85.11208685862327,89.1187175601155,87.39508072351101,87.91672834966782
SY096299,99.2,99.0,98.08847477083839,97.27947703976697,97.06193859700807,96.78237343619985,97.04649736895794,96.8662429844423
SY060987,48.5,45.8,49.47443395364454,43.72358697866254,44.99999706144665,41.652211816658756,42.72946884566224,42.65654739009512
SY058778,65.0,57.6,62.989592587163855,62.27156793288088,63.58482543631863,63.265114565816724,63.24542044575015,63.361027826967295
SY085684,29.1,31.7,29.961026932706467,33.668900241985845,28.84923674358756,36.05119953821866,34.41947774498961,33.89061069982933
SY075009,32.4,36.1,34.16549735947441,33.91470037308297,35.19384573475942,33.57283521078587,34.07928388115812,34.05913836797793
SY020461,129.9,98.25,108.80298504650685,120.25423098229092,121.38937143059883,131.67565536060164,130.51173924969902,128.58977018160078
SY021263,94.5,82.4,87.33712032408721,89.14254957375641,85.52689063570239,91.90416610141833,90.16366752955311,89.99098346170354
SY039528,85.2,81.2,82.2056458020806,84.29392991084308,85.88810338607061,84.33019131112893,84.92780208415431,84.79756493361143
SY098463,34.2,32.6,33.37346816793775,34.48479186571165,34.96653145424472,34.59269161510926,34.65693654028501,34.704843566849895
SY000502,38.4,40.2,38.42209329865794,40.56550273529423,40.356123702888596,40.63503144143793,40.890703417021356,40.551359119873126
SY049453,112.5,109.0,109.22451939301779,112.81040536791863,111.99119958332635,112.98680271153155,112.4305182978404,112.68812177307
SY009095,83.2,75.9,77.76774958651637,75.78293826796354,78.13621806628403,75.174949220738,75.76445761201164,76.0633298744018
SY060047,46.4,47.1,44.240318819511124,52.17122230965209,46.420613910969635,48.47788349922619,49.026625301257084,47.86070262274922
SY072518,45.3,52.1,52.8457324342703,50.431557147005776,52.853065527840585,50.17263100143247,50.754707659733754,50.976761359354896
SY076540,26.0,25.5,26.180213958672983,27.936061166590974,23.021986999996656,26.3072971950218,25.37918760388385,25.321704136514256
SY019211,81.4,73.55,69.00433780471634,77.31338608907926,76.22206472308999,79.4375544085137,78.08236110882424,78.47290750288659
SY009690,27.5,25.7,27.26444911652985,25.78718330654022,24.54051031243393,25.885608568829024,25.529100776533603,25.482079091910496
SY089134,65.0,66.7,61.19207676330964,63.17666566703552,63.64233995730895,62.83909272569476,63.273764512897074,63.080066895179016
SY031552,30.4,32.0,33.68139992281189,33.35409087756436,31.04178613736267,34.89453006385558,33.619713543905036,33.73870688590771
SY084820,44.9,47.4,45.465312102971886,45.18768315271343,44.85684212126632,45.00669069929673,45.194328919814666,44.96173612588761
SY075250,91.5,88.2,86.531668717391,90.5340571927207,90.55915630363694,88.90351996387103,89.19328941761833,89.4002108658008
SY093821,66.9,75.1,70.76269599174377,72.87203176779911,73.67890242235123,73.47140654715113,73.54222042611278,73.53365530971115
SY019809,25.7,25.5,27.79762867828548,26.53420156486387,26.972154802656455,25.462291749065702,25.908135721995258,25.915250665142928
SY096247,138.5,139.4,141.85704730772403,135.71022103645325,136.87997416124114,135.03453119893254,135.4842418138013,135.5881640876251
SY036089,72.0,73.4,74.3460272775701,72.9914378724371,73.22271342658405,73.52179961890727,73.45680189426966,73.4320737612103
SY038653,34.2,36.1,36.65118174050061,37.57063191387037,37.901712876703066,37.391678199940486,37.35002020921295,37.54468860296926
SY018423,27.5,14.3,30.242108972487628,33.43350538071591,30.679534732764907,31.539409495410286,30.943067081744374,31.28144706661667
SY047477,97.6,98.1,101.11737079931436,96.03257172749139,95.5000859498772,97.05187570948726,96.82941699697486,96.58633878160424
SY045484,55.2,54.0,58.58282715009342,59.12780454830863,58.26275802949038,57.83790987616588,57.69467253778605,57.965364322163225
SY040527,29.8,27.7,41.79517546732141,41.07000393756853,38.37695126868404,40.85622029349331,39.836681351076535,40.11243958605053
SY011842,41.9,42.5,40.10021190177933,38.383621326832795,38.76991157083856,38.40416109241412,38.562041339997585,38.51388623594145
SY024533,67.9,64.6,68.16276397179142,69.26998589551089,67.50609946703533,68.99885883806323,68.57210339840834,68.55103102675486
SY068066,92.1,98.4,95.12505149262093,98.38007375859516,95.33228059881009,98.51960764644726,97.8093942382638,97.5634095321561
SY051616,29.3,28.9,30.653447277956122,31.457648495150018,29.56150127287772,29.938287567131464,29.803625138273073,29.825251678855338
SY011390,34.9,37.2,36.221266148933104,36.93434545790042,36.999330474213615,36.81952803929189,36.68696068729436,36.87346876976841
SY099593,88.7,82.2,88.31162370621738,86.32550247536301,86.80398289554786,88.68517304944007,87.64234783304192,88.1208160032724
SY061536,47.7,34.9,34.686416727857164,34.77684490009453,33.52801508149834,34.0473152369951,34.63989645949114,33.891525190346066
SY065117,29.6,27.7,29.96137371147479,27.40094606267491,28.41596798361606,25.759455739392642,26.22947537986504,26.556409412659665
SY004730,74.8,84.2,86.28308966520571,86.38154601664678,84.95690510786083,87.13697506272925,86.60406791578733,86.48295407626873
SY027521,60.8,62.1,62.75282156724734,67.96265886392743,64.771659443581,70.02178930575322,68.72893441832187,68.44675034710154
SY030881,72.0,75.6,71.1358885692118,64.68375743815088,70.22663459594251,63.18476156643585,64.55102412629111,65.29732347528784
SY012322,61.3,57.6,60.25196396235693,60.52532815362419,60.16706226220193,62.54774216395523,61.72308802759055,61.833538193429234
SY014664,41.3,69.55000000000001,50.37529661259405,55.46323688641614,59.32231102232519,53.17725992779386,54.36852239231661,55.02077525615326
SY048310,55.6,60.8,56.504483542071135,57.13916471649328,58.41874197891916,56.51336915879125,56.9776876540617,57.084981004829615
SY097471,59.7,57.0,64.15602014482802,55.06557644921462,58.11146968802217,58.152473291880256,57.869279426962706,58.140172210722824
SY085218,69.3,51.35,57.79322579808236,55.095567899653176,54.434490374558344,60.10873858182988,59.29651211874633,58.40646411964842
SY068102,34.9,39.0,37.76716746807225,38.23489850624327,38.732060106186005,38.48931544426385,38.792810326345695,38.5621388428405
SY054720,85.6,90.5,96.21632746293292,92.60220775948625,93.98963179399581,94.07155341202971,94.2465296906432,94.04697692661955
SY056066,41.4,42.5,39.747504118038655,42.37510608556968,41.916861768286864,42.24461229917957,42.32763127315387,42.146287139911756
SY098860,16.9,19.4,19.561267077796245,20.060492457032517,20.79879501399428,18.9301685268446,18.841810549480446,19.490756472989503
SY001184,27.4,30.8,32.024104335940976,29.892620419204363,28.52353604482965,30.653322028600968,30.626519753833197,30.014386233469573
SY000999,48.5,49.3,52.82834748825505,53.52774732665594,52.50313299284801,53.24290095064358,52.847761070923,53.02097056330491
SY000965,86.4,100.4,94.16184140590457,95.72187312042485,95.96781036864914,96.7702462548882,96.6968870259401,96.52951548901649
SY021961,79.3,74.7,79.17473897033197,76.51342566409699,75.47129166052503,75.49332198632523,75.5504517128819,75.48671288858516
SY005088,60.4,63.0,62.32176329203115,62.770196790886374,63.431924144561435,62.91664669129234,63.39430262902006,63.071229927273066
SY061904,107.2,100.7,107.39939863216848,105.3176139273701,107.76299046746328,105.16661344789252,105.92741064039461,105.94552655376376
SY093280,26.0,35.6,30.680243355101364,30.60524435237253,31.01639917214478,29.634751584809123,30.427470489287288,30.049245861009815
SY030932,70.1,71.9,72.10751761064624,74.29409153659907,73.380602833366,74.28240967726892,74.18549786775256,74.01186762409803
SY073483,21.5,23.7,23.0537616960164,23.214918984403717,23.58708884294309,24.34507218126145,24.046343974413634,24.11767717976594
SY060887,101.3,103.2,100.29655905483422,101.89703173439767,101.23688418773571,102.49901172671892,101.84161931985118,102.12037346502396
SY061994,103.2,97.9,98.1661559311265,99.80812748864004,98.99081075872316,101.08960864475952,100.67480159734133,100.45996927894859
SY027159,50.3,47.1,47.51024068398063,44.78480031386997,45.735825963386766,44.457468047801264,44.27544381130198,44.84097542247691
SY032062,32.7,30.2,32.70095210188359,34.79695773950463,34.55510880383161,34.42192776456027,34.31842093835067,34.461882076341674
SY028559,118.1,98.25,100.54620335355847,114.51677561736969,113.70048939834773,115.41784513249816,115.97907175220277,114.90263841225303
SY089976,64.7,65.0,62.51544446631423,61.15464608773278,64.10385004487233,62.38786127545076,63.363991989590794,62.90265790627723
SY037152,66.7,72.6,71.37010798973675,71.92478742102756,72.03473874495505,72.95250931163892,72.65681764661247,72.67717814163376
SY009286,93.2,95.5,97.76913879238256,96.99937092058138,97.5766172567204,95.79908331638576,96.3614370543419,96.33234349848615
SY043531,39.3,40.8,40.053763635918145,35.41902745289182,37.58450789249527,36.70557887476189,37.041955281948944,36.9692575800819
SY061889,88.5,58.3,79.46465642477412,79.94956447232441,71.60048901697357,73.93748230677025,74.23525912334799,73.23638431983125
SY053088,46.0,47.8,49.70756302075138,48.7661106821033,50.5104443548398,46.573831665961514,47.58509789806387,47.754815472625
SY075632,65.0,65.7,67.91108621091975,64.34604782740018,65.66677141535006,64.0252588541864,64.42561481006324,64.5177126225355
SY008995,34.4,44.1,34.23550796802974,33.70896335648237,36.95034149521929,31.840611788017885,33.052768885954535,33.37353070017831
SY099138,91.1,82.8,89.9870885747979,83.64567368330451,84.56419707614172,83.28608281688071,83.57957488453214,83.66951709465901
SY041573,83.1,82.4,82.95762901712526,82.62089030475477,83.30922281350882,81.52666097541228,81.96100229886513,82.06142952684124
SY004531,31.9,34.8,32.0476559311523,36.47944638324501,34.80782925307685,35.76420257602034,34.9984068804677,35.47729057913729
SY017817,17.8,19.3,19.77962560694137,21.019758687201413,21.465699508097384,20.727309355910204,20.934534880198207,20.948826401566357
SY065298,78.6,66.9,76.33712546105986,74.48342141789854,72.25065532513958,74.34504220259281,73.8138010460265,73.71672613935684
SY048987,58.9,61.3,52.49451190921192,53.65386346644359,55.63032854166626,54.84388591906138,54.63526347732922,55.07981870584284
SY047122,77.6,78.2,77.45529806801756,72.48505624139895,73.75318314297851,74.16265726139682,73.90543129137981,74.03981502587132
SY025680,18.7,21.0,19.98517635270989,20.41259515615604,20.187740522878556,20.22827962162749,20.22865537143764,20.216117892002806
SY072098,56.5,47.0,49.5075252908188,48.75839810884733,46.044754189918486,50.802752509359856,49.828067258349265,49.375353013527445
SY046745,31.6,35.4,31.2070249562272,28.62414840900151,31.180538504868995,28.331997300422973,29.19182216177979,29.186559661756778
SY012960,42.4,37.5,38.98252333456102,38.31955964235405,38.21109391312905,37.68936668047414,37.73280244630709,37.84588485027061
SY014747,37.6,35.3,34.05728274707273,29.711377798557322,28.900914840619784,30.721037977663606,30.060988396791124,30.175001036550455
SY078294,25.7,27.2,27.943485172400496,27.982436816317996,28.51649858859873,26.149089087534684,26.718270076982776,26.859311937853896
SY075145,14.2,15.2,12.915347003365797,14.960511507715974,14.58012825476844,14.67424480138581,14.455653993803532,14.646009837400598
SY051693,88.5,86.8,91.20165007093924,92.58693510419616,92.98878160760626,91.07334311544697,91.77313194895008,91.64797466309474
SY083515,59.4,71.5,67.18034294949742,66.76817854969975,69.19217403069487,69.40797074269327,69.03262354028438,69.34323172909374
SY067698,49.1,49.9,57.42152990948901,56.426652869522776,55.31462956047808,57.06367086068777,56.85956496854112,56.53895847062486
SY023198,95.7,85.1,87.79073990246248,91.32723843267897,88.86244505048165,91.18194049977224,90.71978846738621,90.48609186498506
SY071007,69.0,74.4,71.7468226372675,74.301414891977,73.99494758159624,75.37476251463667,74.94009704490442,74.96081803472454
SY057843,75.7,94.1,69.07500369538131,74.88428067225496,75.15913427240991,79.59914016776645,78.58158717193355,78.26713839915948
SY000921,69.4,62.7,64.74540848908515,66.40223768522222,63.50485309744089,64.49675234446946,64.43018948883872,64.19918257036088
SY099614,82.4,83.9,78.48369769953912,79.4017032359867,80.33839197514997,80.15202417586337,80.04394778605479,80.20793451564934
SY058039,24.2,24.7,24.29044811264696,25.19362216079493,24.820989558214134,25.68058398392639,25.39233427744654,25.422705656212713
SY094124,25.9,29.3,27.052342562477126,28.68865158759463,30.120490627598667,27.43012729192875,27.84965350001867,28.23723629262972
SY085543,22.1,22.55,26.105177846837737,28.113602969902967,27.708218203705318,29.981605903853865,28.894177412039895,29.2995895938093
SY007266,68.1,67.3,75.53029025608603,69.40174238297375,68.9476663617734,68.92650720996915,68.84515171786902,68.93285495551041
SY080149,47.2,48.3,46.659504543756675,48.30777094903962,48.51159627202529,47.57920300887365,47.75564028768624,47.85892098781913
SY011877,45.2,44.2,45.43549069106255,46.24844567813071,45.65559203649499,45.81988370914184,45.71396932726869,45.770596207347786
SY008405,54.6,53.2,55.703597861760144,53.71506376509397,52.74480390689443,54.00053092006044,53.773529498320485,53.623812816110636
SY084913,67.1,63.2,63.505911727760505,63.95524041933804,63.26147164735754,63.93852285465073,63.70675686863454,63.73540749246277
SY095963,39.4,38.8,38.294832362366805,37.85910953869225,39.28182566247911,37.497773512872186,38.15476674902882,38.03298915775426
SY046290,25.0,27.1,27.369795774946546,28.150412503497012,29.092923053144524,26.37726531405486,27.113423830418498,27.191962635781756
SY027562,60.7,63.8,58.89093135734259,53.467688025087156,56.312554897704686,56.339092431763845,55.9872315774857,56.33113117154609
SY080683,73.0,68.0,72.01942447641366,73.0833883862503,73.5787161611359,70.51629208427883,71.60118590507686,71.43501930733595
SY060284,62.4,63.5,61.723125701480626,61.45465496924993,60.48608747638028,62.508247485910545,61.734407219664654,61.90159948305146
SY002817,39.2,37.9,39.11983359221272,37.36039873697757,37.05768243430509,37.60732047338416,37.543164203603645,37.44242906166044
SY073764,57.4,59.2,56.60770663475057,58.10674551086038,58.39964460078577,58.153131282235925,58.226138825306684,58.227085277800875
SY075825,53.7,54.1,54.35745553682096,52.68623577895961,53.62319275777863,52.17520853169308,52.75732777103398,52.60960379951874
SY097436,29.1,27.2,27.174106138431945,27.862514397749518,27.651150576197065,28.140563189227443,27.918691416257623,27.993739405318326
SY035853,35.6,39.6,37.820984101500066,40.47104320821396,42.23642949223638,37.71570180154642,38.25648830276674,39.07192010875341
SY043096,56.6,53.6,57.430967411506884,59.45536951781625,61.39293484788868,58.00265755139585,58.75308532559265,59.01974074034369
SY026046,15.7,19.0,16.357948626229902,16.30021589300051,17.250284505032955,16.53400545178488,16.276653231609448,16.7488891677593
SY076333,22.8,23.8,23.625402657289033,26.276796222936447,26.02682941937747,26.490132897700953,26.431088383516553,26.351141854203906
SY003312,27.6,27.4,29.63859659550372,30.626266670676117,30.61085090748164,29.713742402309673,29.956315310026447,29.982874953861263
SY070511,71.7,70.2,71.36236100217315,70.93488648452745,71.1740571717446,71.58846858672167,71.35564265042443,71.46414516222855
SY065276,15.6,17.8,17.74358601823797,18.165247297036338,18.300889303115753,17.276564555550667,17.662475415685968,17.583861979820192
SY048935,37.1,35.0,37.21707348631413,37.829021616114076,37.29310841771587,37.46632399158991,37.37605379049973,37.414359319427696
SY039809,83.7,85.0,77.53658464311209,78.45493382700371,77.81306975295811,78.39999675848154,78.16232423953358,78.22391865682451
SY012280,31.6,20.3,28.842982512250323,26.847809905075717,25.391609543827006,26.091871396735172,25.851917156397867,25.88179284086272
SY086118,34.4,22.9,23.05215368669656,30.659343460899244,30.26458506046899,31.04263667291489,31.26008282565368,30.809221189181116
SY066061,62.3,61.4,61.877822761346366,62.06383998935067,59.892070813749754,62.57185489438298,61.99909576561964,61.76791967019301
SY043679,14.3,15.3,15.81531386659418,15.18213794220522,15.43007826061784,13.822199624717587,14.230367855840372,14.304563215487661
SY027002,22.8,20.2,26.463758537431055,25.16304822261091,24.370951199907594,25.566672886824243,24.961773963197132,25.207956380749245
SY073334,87.7,76.2,86.07579330406779,85.84370230783342,84.37281933231449,86.39455876861508,85.99040313713971,85.78803693772491
SY053714,108.5,112.3,105.12880532096223,103.42539817349773,107.23548571025626,104.83604843883907,105.86594158715917,105.55587962026422
SY082193,20.1,16.4,18.159457235500692,18.408971530017944,18.49260509380309,17.582850270779932,17.680494214008192,17.85577671768688
SY034632,87.3,80.9,82.51140400657627,81.88956633602737,81.73780054334395,82.70828878109842,82.73290601984614,82.41714230977207
SY033215,143.6,126.4,134.48241254484404,134.40148807834967,133.76881365264637,134.6292593751503,134.28001918001644,134.3711256583991
SY063192,35.8,37.3,36.880943093780765,35.38844412304523,35.96096015630074,34.946253125475565,35.09869614963661,35.250665234723115
SY093509,48.4,47.7,54.19111401745415,48.415955661096945,48.75634185602135,46.110218785347946,46.83692124734027,46.90405570654997
SY046461,73.6,62.6,70.82338577277237,67.72110234229865,65.5795756133682,70.18714033025108,69.2977846492899,68.80487091518621
SY094745,18.7,19.9,19.378966229352557,20.22885233500149,20.665087827093323,19.971478203359222,20.215852886059793,20.179561090479453
SY031997,52.7,46.3,47.97558175634602,44.53887276075194,46.1506244142223,43.31517452622065,44.03512696382222,44.16580949262114
SY086187,23.2,21.6,24.16675924479508,24.18063277279007,22.990755009235208,22.664776894379163,22.798797469515996,22.762570328835974
SY017238,44.3,48.5,47.98978595741662,49.332907355087265,48.64277240081563,46.98957145115183,46.97210594143124,47.48553173605097
SY047992,67.6,58.2,70.948530475972,70.14005472717841,70.07098098148136,68.91969686056228,69.31831742090641,69.265082096838
SY010290,14.3,15.0,16.37316393530175,17.786726656108716,17.483869596691648,17.70137926080222,17.667748784705857,17.636126361569048
SY030379,39.9,35.4,38.43986908363964,36.796729042200255,37.33885127745709,36.46318678460222,36.46352172197014,36.72588613245868
SY007514,33.9,39.2,36.379453816838335,37.250803103370934,36.388383005812756,37.85081640395151,37.6571095251287,37.412086384509884
SY011115,19.8,19.4,19.98195022823889,17.611580601716522,16.808512279016124,18.29137896508547,17.69257429942516,17.846518959264667
SY037255,85.0,87.8,80.50652999552294,84.09034170887139,83.35882801489642,85.45608980414585,84.75007066031128,84.826911267371
SY034610,11.1,13.6,14.057705125013639,15.633111092188367,15.940412330569501,15.129943669463653,15.238853814801953,15.373084267795406
SY071924,127.7,122.9,133.47828830517966,125.4266575080772,124.54359471154295,125.25172155775536,125.08673922978869,125.03928350389164
SY030220,64.7,62.1,63.69798542088064,64.96626949940334,65.25649614728289,64.66953791099647,64.37610254746863,64.84562538188239
SY016523,28.6,27.2,27.03001878165593,27.320249710434386,28.085973921746813,26.386090399672774,26.6289011236952,26.89605545629498
SY015192,19.6,22.9,21.442626515457718,20.641627994496062,20.35890959099126,20.60658760979326,20.463683174203727,20.532284204152656
SY079547,31.2,27.4,28.202177143464297,28.757822796337685,29.523517962074177,28.099335889153092,28.43103974140778,28.52659051102942
SY052940,117.0,111.8,117.03022754529,113.20576795556254,111.36849188126965,114.29435393179031,113.67633201744411,113.4165953166341
SY012043,158.8,158.8,140.17173205576074,147.66642452076388,154.4754884172179,152.87865137472664,153.43234904961565,153.357702487474
SY000815,31.4,46.5,33.42561822135306,38.56923707572051,38.65728287329388,38.30023346489603,38.48295227325602,38.40734828741538
SY000315,33.8,39.9,38.99502944228985,39.17719879623007,40.335239876929904,38.58081171331709,39.0827564291196,39.10714016240093
SY085854,48.6,61.4,49.37777674679422,51.11864721271351,52.699546528424726,51.378006980201306,51.35024084084757,51.77446884466833
SY094156,24.7,25.3,26.61636767206445,26.24945394133722,26.385583083745026,24.96066068839891,25.145243327566433,25.388137407002745
SY001306,35.6,34.2,33.68917306442232,34.50527010157712,34.04322780773019,35.61332565013967,35.19322073098285,35.14229629741683
SY050748,99.8,69.1,67.67731386215179,69.16878497898537,68.76227288881641,68.5895749294332,68.64439573862647,68.64138431724815
SY011029,14.9,17.6,17.556040078044976,18.5276241479575,18.70320666578529,18.17980259155463,18.240019814288,18.336823813823827
SY093389,77.2,82.9,83.63736205045912,82.06521176035073,82.56126700845228,82.44064529157895,82.21775350550767,82.47683180664094
SY091181,38.3,37.7,38.8595536250433,39.73951835907191,39.850362298893145,40.08297881101572,40.078246212336,40.013193857378944
SY073695,57.4,58.8,53.64391663872315,55.390173002398356,55.17653381818178,57.29286301050765,56.94014587226066,56.65796425280989
SY078500,65.2,50.8,63.57801660589084,63.62969276073035,64.79374208843655,63.79017612917861,63.70354719624603,64.09124591695598
SY024653,102.8,107.3,104.62478047098801,105.61778139310606,104.1670426132595,107.41114904094638,106.8860759601952,106.43791711264032
SY065985,53.9,53.7,55.3011877200318,50.50325788108731,50.57658583120771,52.109795257101325,51.89116975394562,51.64983242933323
SY034659,38.2,38.0,38.86869938443973,38.04803046629429,38.71836489701489,37.97582986461388,38.04521000717179,38.19859037433418
SY009989,50.2,38.3,46.41563634607259,49.058918955154866,47.15051031909478,50.66918137709005,49.70247819264999,49.613580059691465
SY050561,48.7,49.3,56.82989312760755,54.39850455601706,54.86426815476495,53.28050584315256,54.01991499285012,53.75563453663628
SY007707,66.4,57.2,64.29071264294707,67.63102886358972,64.92254276138843,69.13032750916383,67.78100559640703,67.86799208483122
SY014220,33.0,27.5,33.927576862850266,36.577534589118414,32.806347307935866,35.23029355104728,35.026778525019225,34.50310967811386
SY022084,13.4,12.5,12.936420604552158,12.048049730230318,11.824544310779922,11.84223413525972,12.09662878298475,11.83692718791578
SY013970,76.9,74.7,75.06977686060993,74.78173876958638,74.51117613233126,74.88230878119869,74.79914332889476,74.77096898653846
SY024377,36.6,36.0,37.00652399664502,40.09169927798975,37.79820533219312,43.780330593185475,42.39061740790254,41.985693014887765
SY024833,40.3,40.3,40.4155038480857,40.54400490281613,39.249674737630265,41.4014642331158,40.532339841568145,40.75592738447014
SY048774,102.5,99.8,103.96866238194534,101.10271368907236,99.24768171775884,101.36660396318189,100.6679511813219,100.73092728955496
SY000422,27.9,30.6,29.279987773733858,30.541461805439237,29.78153084963716,31.378556609703914,30.859965059007884,30.899448881683888
SY064526,39.1,33.3,31.402237318594892,36.692516338776066,36.45213698055162,37.04911223377451,37.08168811277875,36.870019657807646
SY031190,95.2,108.4,95.4737568440295,98.38541891794216,98.00270368262123,100.49145751007438,99.9724785254314,99.74483136183844
SY027442,55.2,55.1,57.93433472267283,59.28175587758752,59.24467232433385,58.84303139292838,58.79686347912087,58.96352367235002
SY090506,44.1,37.6,39.430202037515514,42.43311999550681,40.48278551696977,42.360460178448704,41.889648555639326,41.79715778000502
SY013655,54.2,59.3,56.187839417788,57.79747439601498,57.90650645688073,57.94677940151323,57.87335112198017,57.93469751812348
SY007512,50.2,53.5,53.89188041890752,53.63577692439677,55.10042155821969,52.62171018719609,52.891031972547594,53.36532359850317
SY067485,48.6,55.6,52.9271673341434,52.84208878023046,52.760301509300106,53.375069126190546,53.309822098318875,53.19063884112341
SY030841,70.6,81.5,80.48857297081106,80.27267231886589,81.90629305375235,82.35724703710618,82.3564788629217,82.22196084210003
SY068898,40.1,35.7,35.64587098824183,37.01125560998669,37.54098038695433,35.75033975206434,35.999985023576386,36.28753194253134
SY027259,86.4,96.7,93.99517244060888,93.00923755617683,93.07196306152267,92.44949257005223,92.72836470846445,92.63623371749335
SY075357,96.9,89.4,95.18938887036785,92.43821447265586,92.53557389785192,93.96403354593372,93.73446111948525,93.53549565150917
SY010249,32.4,19.9,31.944360536036537,30.78382614746186,30.305489824125246,30.750529564532297,30.842953926739405,30.617017642410183
SY003919,45.3,46.1,47.09403795768406,48.767716171652495,49.671441496532935,48.37712202208145,48.527289129992276,48.7654178644169
SY098067,75.4,82.3,78.69421105128042,79.80188733404812,81.20661230002844,79.51505751797342,80.1600097452594,80.02252395258992
SY064117,14.7,15.7,15.828756215872389,14.93841419125685,15.785318604415789,13.945830046919662,14.00473533952431,14.497676614168501
SY075555,25.7,25.5,26.574717653925465,27.418853093487748,26.20635493950457,26.21891947954823,26.266808434467336,26.21515011753513
SY042486,31.2,25.0,33.827964243180865,34.022421750862335,32.78891579023926,32.97782044194904,33.015115903528844,32.921149046436106
SY052931,23.3,26.5,24.628999795746065,25.69914216761086,25.405440292477998,25.958103819829226,25.772047421038053,25.792304761623857
SY065857,52.5,48.5,48.660946196832754,48.916784017478896,48.49412503757475,49.34092997747209,49.168087373267156,49.08688849550289
SY034085,19.4,21.2,19.82325002866318,21.51839555075434,21.393402912802486,21.398082133567975,21.187261950997325,21.396678367338325
SY077477,72.6,75.9,72.32986480183929,76.40969168642994,76.86946976342031,75.02592922331584,75.56440023427618,75.57899138534718
SY035018,75.1,75.8,77.78326565850651,75.57613876542445,75.80755084534289,74.9673734434265,75.3296935313609,75.21942666400142
SY085384,62.2,64.1,65.85910125457333,66.54340402881613,66.55016488800723,65.19748235893965,65.40330339637299,65.60328711765992
SY002154,64.5,68.1,68.63157210739062,68.49094830442485,69.18140714235045,68.34892598683432,68.28148517313815,68.59867033348915
SY071391,32.9,32.5,31.115038543030156,35.89913340333992,32.466466527117205,39.34753453427378,37.9706799435898,37.2832141321268
SY091303,27.4,33.3,29.961802618030784,27.759050460585044,29.177078175998012,29.6112963537147,29.63044938745815,29.48103090039969
SY009945,25.6,25.3,26.46131690995698,27.818756328433427,27.567595193825387,27.03544892002111,27.157812522831325,27.195092802162392
SY069867,17.6,18.2,17.480181484385668,19.67357422105146,18.766939865550295,19.605272479729464,19.245600538699268,19.353772695475712
SY012749,58.0,59.6,57.11094426191576,53.67670190152727,54.67330533350438,52.82030428730402,53.1226024735736,53.37620460116412
SY072853,53.0,50.1,55.6034676708913,57.81108952046205,57.739012901876784,54.150329697701565,54.75368261158852,55.22693465895413
SY000574,106.4,108.3,97.54880290330807,104.13594604614764,106.3981619182711,105.99050361740213,106.05681814022367,106.1128011076628
SY079296,90.8,91.1,87.2087804833174,87.2028399640742,87.53253769821079,88.84911428478124,88.40676014433633,88.45414130881011
SY052861,91.9,94.2,90.07735497179438,90.01275321316535,89.98422373517292,91.01329032750792,90.67122995049829,90.70457034980741
SY010001,98.3,97.6,96.02198730038718,95.22266120297644,95.1000585867253,96.16000860592399,95.9090604576838,95.84202360016437
SY019398,28.4,28.0,28.26079795551385,29.08839959040537,28.824638440930634,29.009422676454484,28.7960714656628,28.953987405797328
SY033993,92.4,92.6,94.00577171885682,92.51534114682202,92.2471398418819,93.11569060813501,92.98626301128101,92.85512537825907
SY002248,29.5,31.7,29.877806962774635,31.964540259614928,32.0259806902631,31.293943714375665,31.427959303081074,31.513554807141894
SY099189,73.2,68.4,71.79200111509674,73.4847946782649,73.6074872946582,72.93757016972339,72.99863022652883,73.13854530720383
SY059604,61.4,62.8,61.000524501289156,60.5544672199934,59.82730824457897,61.24844764378861,60.914112735834934,60.82210582402571
SY086084,61.6,65.9,64.35365662082746,65.17301399928476,65.48037947019466,65.45828403978808,65.29153534538044,65.46491266891005
SY008769,32.9,23.5,23.489893456055984,27.306507989074966,26.651709253499224,28.112556897072107,27.41587896904748,27.67430260400024
SY098595,72.2,74.7,72.85614098914358,72.67116278205708,71.78587157768501,72.3234286927219,72.00654131368775,72.16216155821083
SY050914,83.2,62.9,69.80772156206687,63.84776990482614,66.46044899192468,64.41024066620673,64.83210490119595,65.0253031639221
SY018633,23.2,26.5,25.902097916892878,25.8204871764537,26.456463278022273,24.48178523940052,25.06321140386895,25.074188650987047
SY052920,36.4,40.8,40.88508622604728,39.92098502173961,43.13467189044176,38.46504840765262,39.44372679133393,39.86593545248936
SY030752,33.9,24.9,36.665376321875804,36.86394597811698,36.6936160632084,36.87247973891035,36.644047126611675,36.81882063619977
SY098078,115.0,117.8,115.91984377557547,113.84147833843687,115.12073390497626,116.0289631801955,115.82472362440107,115.75649439762972
SY071047,52.3,58.9,54.46553745377614,54.268018642723604,55.646610836779786,54.49335413453931,54.692387364018046,54.839331145211446
SY088504,48.5,55.6,53.03350075041771,55.589472641497494,56.27531899026712,55.78207892400225,55.81802370415113,55.9300509438817
SY034161,62.8,60.4,59.468256331846774,60.11649960965782,59.85880185278547,61.05728340576318,60.39108632652119,60.697738939869865
SY050673,47.1,50.5,47.12287984030356,46.93902160435276,49.07033383626917,45.66293103881739,46.27577429291017,46.68515187805292
SY041250,30.6,29.5,30.55744783750744,30.48247312640727,33.10729507530279,29.76548504418948,30.610825911262115,30.768028053523473
SY031800,34.0,38.0,37.279844712264925,37.01675861713164,37.91254440838306,35.72235709589901,36.41138243679571,36.37941328964422
SY093748,94.0,91.5,94.94156331477977,88.50358436919323,90.226694507783,88.45436846972007,88.6647323847711,88.98606628113893
SY017086,27.4,22.75,21.931189775906354,22.713390785430256,22.119843094130943,22.702806987838432,22.795883588670392,22.527917819726184
SY043789,31.2,30.2,31.420674214441394,32.10549715343018,33.943071567705225,30.228555302933795,31.571623603978956,31.342910182365223
SY073552,41.4,39.0,39.079508171057974,39.6603603648491,39.347683637368895,38.904592269797476,39.09243398397893,39.0375196800689
SY093603,52.9,53.9,54.95148027186927,50.829462503123146,52.305888309825185,49.00680949809474,49.860847324018714,49.99653314161387
SY006297,41.1,38.9,37.54044126043565,37.15169629545241,34.54716004441511,37.418601218920415,36.54283505805705,36.55716886656882
SY085248,52.2,48.8,48.01820498055442,48.92808183870169,49.10034999383286,48.76345785715229,48.85951429844345,48.86452549815645
SY044720,71.5,71.8,71.7806247479807,70.4574560183788,71.05068186232725,72.33472791385972,71.72791559774382,71.94951409839997
SY088594,29.6,63.3,41.93608403146564,44.34021027303298,48.91084631371694,45.79889002105217,46.504419746224045,46.732476908851595
SY051082,49.7,59.0,52.333245268058775,52.69888013633573,52.87105600658638,51.92409527958125,52.42642041023749,52.20818349768278
SY083296,62.9,67.3,64.81728606173398,66.88248680950161,67.10727455534904,66.79118525950565,66.95758375871509,66.88601204825866
SY046008,81.8,86.7,83.41024702836643,83.50715764100195,83.9330210491481,86.89921973975927,85.77909421427654,86.00936013257592
SY020110,41.3,29.9,48.18307552425302,47.955837319555314,40.57407497522167,45.890620809051946,44.048900197718595,44.29565705890286
SY042787,34.2,34.7,34.46745286307901,37.96415230412379,37.45493149856548,36.95655322353183,36.995836158869444,37.10606670604192
SY037279,80.3,72.9,70.95099933841875,73.76743024072185,73.87999686610812,75.50481317329442,75.11821627226676,75.01736828113853
SY054655,35.5,31.4,36.99367690351319,36.349180180573,37.431945055547686,35.77740352937535,36.349920011608035,36.27376598722705
SY028150,38.7,37.6,38.65389273726832,40.013544958367575,40.46338674428727,38.370468767933815,38.92007255135102,38.99834416083985
SY031498,59.5,59.7,55.67839131914122,56.87981608103612,56.44402735878487,55.809289864923514,56.1132127513747,55.999711113081915
SY029033,26.0,26.5,25.112192072823287,24.458653895939584,24.91316629224798,23.786760528251836,24.10214087544098,24.12468225745068
SY040147,48.5,40.7,46.74445921369535,45.72464006417399,43.56640828107347,45.543517291045546,45.408885603747976,44.95038458805392
SY059539,62.9,79.6,61.45099667619047,66.20613809521922,67.17985751672347,66.99673197324196,66.84270614352268,67.05166963628642
SY040071,54.6,50.2,50.99234187806079,49.02317725800108,48.70368051985231,52.51349983652706,51.25547419576442,51.370554041524635
SY025600,85.3,85.5,77.88841518351572,80.45437347616493,83.24766640712554,80.22399746815827,81.18219890941569,81.13109814984844
SY041153,27.8,28.1,27.370564060636486,27.446417776277517,28.15315732144905,26.757933867640293,27.377674739089912,27.176500903782916
SY030152,59.7,51.1,61.37875420240098,61.43282240775321,58.11223518762427,59.86354128705907,59.05462348750725,59.33814945722863
SY029233,17.4,17.1,18.227618279426643,17.650970689665186,18.168391900874912,16.97076649731246,17.381184476119497,17.330054118381195
SY033758,25.4,30.7,29.423642081347516,29.428264248616244,31.319973630688054,27.17708458495531,28.280536613733894,28.41995129867513
SY021777,59.3,63.1,60.976577253965274,62.13629624677877,63.806245281329154,61.53711527251247,61.8612275886931,62.21785427515747
SY057312,68.6,96.1,73.33768057476568,74.00727791683136,74.86692011634669,69.31967290909475,70.81796282193943,70.98384707127033
SY027436,45.5,45.3,49.05227546303071,43.91688626965406,46.485000931351564,44.6334031670243,45.50893709494946,45.18888249632248
SY057542,15.2,17.1,17.21914951137093,17.73731300501631,17.19114938404494,17.880901316216743,17.7251626595762,17.6739757365652
SY034150,53.5,53.2,55.25022881844444,48.9518899120994,49.97159344174894,49.666923729567394,49.46180389326955,49.758324643221854
SY050052,21.8,20.9,21.783869557180083,22.35528355901505,22.196014705444135,22.501384876239296,22.439700447046164,22.409773825000748
SY083183,51.7,49.4,55.82699152802524,53.78716615880103,53.30467882537799,51.65377107326675,52.355483885784,52.14904339890012
SY049880,43.0,41.9,48.4394309433659,47.078224703099366,47.85589064946474,45.75412869311951,46.196477703502524,46.38465728002308
SY004896,24.7,27.5,27.604063855881122,27.29180693326102,25.44399508860763,26.89132003369586,26.44519240952784,26.457122550169387
SY035895,75.2,101.7,71.43358775706739,78.58329603429459,79.66991609812504,81.99135697011259,81.42281176166404,81.29492470851632
SY088428,32.6,28.6,27.04134873221034,29.710829435356025,29.35722517606451,31.304583366264104,30.800601172970154,30.720375909204222
SY011972,35.0,36.8,38.82134699941715,40.12881323343044,39.9626980483274,38.60451585983553,39.45699188442322,39.01197051638309
SY013568,70.2,70.2,72.54045176627197,74.24764953443514,74.02002630019612,77.0799365403935,76.56313150766216,76.16196346833428
SY019103,31.8,31.3,30.138359276817603,39.58449159798049,37.153254358584334,37.564226603825716,37.66953442488126,37.4409349302533
SY025220,40.6,37.5,40.684596050761336,42.32807585084848,40.683755469782525,43.487213644883596,43.073449311080054,42.64617619235327
SY036770,38.8,31.0,31.922064507386615,32.59434071941597,34.947889346142674,30.350804311922253,31.582464763803934,31.729929822188375
SY079446,49.4,52.0,53.101814140906086,50.363346590700644,52.02907172177278,49.789872060691394,50.30404569667641,50.461631959015804
SY092013,57.3,63.6,62.4965726746171,64.43315637572653,63.61858088935709,64.74871513701736,64.27637909057621,64.40967486271927
SY085160,59.0,55.7,59.0059396490266,57.53291317595488,57.140124433259544,58.534583836732374,58.0463650213088,58.11624601569052
SY077001,59.3,59.2,59.718606373084526,58.61322991258851,58.2774942421395,59.254446959433494,59.17360697743476,58.96136114424529
SY041825,38.6,35.9,36.92619396915289,36.07612118661423,37.416724150730346,35.6804075071247,36.04015529494885,36.201302500206396
SY040129,21.6,16.6,23.02835574146698,26.505158612503276,26.881013478217476,25.91079907253441,26.035524166971186,26.20186339423933
SY012514,26.3,26.4,26.766514825532653,29.417960977597968,29.530231512491586,29.047135603563554,29.183008541726075,29.19206437624196
SY099057,34.9,32.9,36.055986534531655,37.129300739914484,36.24096356559819,37.904330978227975,37.142120124564386,37.40532075443904
SY027814,36.9,27.3,28.55545264507718,36.01752327937362,31.561908135495912,32.73491038271869,33.001190653787546,32.38300970855185
SY007304,97.4,73.8,94.41249084344784,92.59355894964756,91.26306870206254,95.58841280758676,94.6859085684292,94.2908095759295
SY032829,47.0,40.8,45.72723314192598,42.85363231734311,45.95322095702771,40.36602861420389,41.65194801226643,42.04218631705103
SY080657,90.0,75.1,78.56048015807647,74.85628032285999,74.85268347568673,73.31623704869932,73.40457298848624,73.77717097679553
SY088307,25.0,23.3,22.927336815841052,22.903266884641113,22.74432084671819,22.794973862498402,22.776911714054187,22.77977795776434
SY067378,72.9,69.5,63.66184199077179,57.47620322069138,59.25364028647799,57.470035075371854,57.848216300298716,58.00511663870369
SY062127,25.1,22.1,22.790293724228004,23.745379594604472,22.473775770515743,23.448449053906444,23.36614167344772,23.156047068889233
SY001527,52.2,47.8,39.49757663688281,47.08052821034322,49.14584358016353,46.51315461473045,47.26978686360196,47.30296130436037
SY012647,79.9,79.9,75.01426777617466,77.49048777026698,77.09685569846775,78.99244300625746,78.74346508231895,78.42376681392055
SY096939,34.9,33.9,32.097790670571776,34.16881465469884,35.64602016705036,33.87445503841141,34.514756856389276,34.40592457700309
SY010269,31.7,61.8,40.03877883243279,40.846490040052544,44.94365990914496,45.326038317767065,45.651312428015515,45.21132479518043
SY064025,57.5,54.8,60.432724282350016,56.91431432470475,58.68351906248185,53.365702030950466,54.625383310627576,54.961047140409875
SY023476,55.1,57.3,51.47974847049272,55.637382157669975,57.55412692055907,55.30706328750644,55.97378317373491,55.98118237742223
SY038047,31.7,32.6,33.67857942719472,33.206212702050784,33.298773977430045,31.571103677660574,32.369134963036174,32.08940476759142
SY007207,50.7,40.0,48.997051609776655,47.01346984366192,49.628329515791165,43.83052243225102,45.463714966733264,45.56986455731307
SY005066,68.5,64.1,70.61565163611898,67.97612954570997,69.22009170170594,64.25643661400863,64.80793755026805,65.74553314031782
SY033961,13.8,14.6,13.402353592583493,13.903670265290978,14.318754531137095,12.721547248290552,12.987703836487015,13.200709433144514
SY017808,28.8,29.2,27.75551256222193,27.721114265593215,29.17644088514838,27.928153218035753,28.129329174204006,28.302639518169542
SY068602,83.7,85.4,84.25987094811981,84.82018550691849,83.72181187978873,85.5071952740293,85.05906023436089,84.97158025575713
SY088244,40.3,42.6,41.035065273628355,42.4409453475874,42.72011133822627,40.21995715138378,41.009549813212814,40.97000340743652
SY075236,87.0,68.55000000000001,78.33323037888644,87.41810740762764,85.1959215890396,92.52142419769508,90.57922050201086,90.32377341509844
SY020881,65.9,52.3,65.64840332664481,62.25816857817159,63.17485616561308,60.963108368714494,61.42907397568,61.62663270778407
SY097048,76.0,75.9,78.08197771173225,77.242903413255,76.50840839421028,76.74817795202868,76.69092144068668,76.67624708468315
SY092155,81.6,89.5,82.7010046430625,83.72303230963895,84.18166378008468,84.80881042817141,84.68906640857927,84.62066643374538
SY082951,24.7,23.2,23.718684687257902,24.756709975307977,24.036354698440512,25.102481819976525,24.895319634275474,24.78264368351572
SY039401,56.0,59.9,60.519437233188846,60.36892069792621,61.40006197603712,59.10258890023435,59.71400027954694,59.791830822975186
SY090519,73.6,70.7,75.11769046984332,72.84833475084687,71.35013417635264,72.91595587194459,72.43712972045026,72.446209363267
SY004922,71.8,73.1,73.67617809523354,72.59291967648541,72.16423937016094,71.73581614428403,71.88860221383423,71.8643431120471
SY039441,40.5,101.3,72.04007410370427,71.49534443661494,77.48459010145704,76.90304689065269,76.97704808810289,77.07750985389399
SY057801,107.2,109.0,110.70089693946663,108.85223951783806,108.7670837229179,108.69957344022562,108.82866295925216,108.71982652503331
SY088069,62.1,65.7,67.54239894423526,59.09720647849163,60.759903440056526,58.05597078487036,58.422026638509976,58.8671505814262
SY036232,16.2,16.4,17.167140344347054,17.21422142268579,16.636456837688236,17.018923266469837,16.947714587239062,16.904183337835356
SY076029,71.6,69.1,72.61905096793643,70.93448587193625,68.74412727249464,71.29491692267916,70.67921847707247,70.52968002762381
SY098809,49.5,52.4,51.229413367707174,53.21714492015462,53.78212453406921,52.45926212930412,53.10875327377684,52.856120850733646
SY055281,40.8,42.3,38.06406804333328,39.21976085434954,35.847194476995426,41.38750143042934,40.3106263797928,39.72540934439916
SY062946,53.9,59.7,56.590119727528716,57.90066343825069,59.544536527844,57.90072350664218,58.49816275517952,58.393867413002724
SY042646,42.4,40.9,43.718087500783696,42.55178700686219,42.388580599247845,41.899614568031055,42.29388571652218,42.04630437739609
SY089926,128.3,114.4,117.91584146616952,115.86751697589729,116.98092023214564,117.65024309762802,117.78244079638527,117.4494462379833
SY048345,52.1,50.3,53.863428267658634,53.85338765746876,55.352803401081665,52.6195469704128,53.24996728976173,53.439523899613455
SY016812,31.6,33.3,30.219704252257042,29.484165346138496,29.975474375241774,29.069149424829185,29.376704553796046,29.341046909952958
SY059300,50.8,49.3,47.833941892550406,53.034621519600535,53.06429347146847,51.34741506359815,51.70624471730816,51.86247858595924
SY056278,14.7,16.7,17.178376408633454,17.974453154163836,18.097631330908644,17.662684662689195,17.77256813695465,17.79316866315503
SY055406,76.3,71.8,74.16454696995912,73.24722482971822,72.90449521653761,73.18013015813384,73.09060246228502,73.09743967565497
SY057452,53.8,49.8,52.62676021677636,52.57737085716451,52.11394719401766,53.027453744348335,52.355932337066704,52.75340177924913
SY087464,27.6,54.7,33.790220069116586,37.77653198171807,40.183075090728146,38.050250247555496,38.7651930727856,38.69009770050729
SY022964,36.1,36.3,38.37463610665823,39.29659911001994,39.23921702748217,38.45581316165722,38.342744086170484,38.6908343214047
SY093550,60.2,62.2,59.7827963754675,57.60352805896258,58.63439816243877,58.1001384575912,58.434423176203545,58.26041636904547
SY044186,54.5,40.4,57.876952988680756,56.35476336252704,56.614926260406484,59.02059937844191,58.287102608337,58.29889744303128
SY021941,50.4,52.4,51.32484166243714,50.61154020604721,48.709574331051144,50.94402778323249,50.82298861993556,50.273691747578084
SY019889,31.0,29.6,31.521197314909582,30.896557940161802,29.129802178322482,31.30454853815951,30.81906362314025,30.652124630208398
SY053898,33.6,25.3,42.69980630909243,30.084792726627068,29.113902249237878,35.7637210988292,33.55616500661367,33.7687754439518
SY026612,79.3,74.7,78.12645178063923,74.40978522400408,75.68512937067716,75.23189011479766,75.27210954084347,75.36786189156152
SY044189,65.5,52.7,61.80064459428545,62.623400725937955,59.498865250156186,63.401959558590946,62.63176913985241,62.23103126606051
SY007255,72.0,68.7,70.38706391739467,67.40484426296041,68.24170348465819,66.83455097932384,67.07080441098626,67.25669673092413
SY073585,20.1,19.4,20.90311662305146,21.997791514118255,21.544856690796323,22.366587295785372,22.132964576006483,22.120068114288657
SY076487,75.6,64.3,71.447535921742,61.2269374184264,59.20259357367284,65.4953300167276,63.812920383962776,63.60750908381118
SY051710,62.1,61.9,65.66127707014003,63.3687314975994,62.944854263462375,61.52583552468134,61.802071194893,61.95154114631565
SY007202,32.4,27.4,33.045346229856186,33.3923948068348,32.87644556562232,32.71598081203696,32.883687534690125,32.76412023811257
SY037912,29.7,27.7,27.3909646712615,27.697176072254912,28.546861117655286,26.499978915630344,26.85835611803479,27.114043576237826
SY022917,91.6,93.1,85.59781475740621,81.92845637749724,84.0132605702203,82.52727922773866,83.07436943750685,82.97307363048314
SY065636,56.4,58.0,62.004440499550526,59.37403258887594,61.53156043823269,56.93123802713874,57.904386925994444,58.31133475046692
SY067463,81.7,77.5,78.94656259378995,78.16278558410096,77.91070830374005,79.45212013623288,79.12783434560754,78.98969658648502
SY070015,57.7,63.6,64.7643524542399,59.13246603604003,59.894068261544405,58.80216662348806,59.05111093847863,59.129737114904955
SY045125,29.6,30.3,33.64062863518924,35.92648726960172,34.41108000620399,34.13992471307237,34.45518971252726,34.22127130101185
SY051980,32.8,31.4,31.77177281285911,31.991044270428283,31.32930090718869,32.26488134685307,31.77868249699314,31.984207214953756
SY032955,65.4,63.3,66.34816697689135,68.51207005567626,67.07381799707363,68.94976335822334,68.56983977598651,68.38697974987842
SY004140,104.8,108.7,103.00285682759562,101.70847541327709,101.70364744167253,104.90638555788276,104.1123014791709,103.9455641230197
SY076422,44.4,53.3,48.37752224428196,49.615218313777575,49.65400966830287,51.112499620588544,51.08902310123546,50.67495263490284
SY087511,116.5,132.3,120.85822905380353,119.51627283585447,120.84036436342808,125.06548039295262,123.97881400580958,123.79794558409526
SY073874,67.4,70.6,66.39385149258696,67.38406822675881,67.5696766186736,67.62503708455074,67.28005589769407,67.60842894478759
SY019165,21.3,22.4,21.496465953349873,21.85027155569717,22.906133614873013,21.147270139847443,21.77012095764655,21.67492918235511
SY097594,73.4,72.8,76.780254560308,75.36813596377205,74.61024628553,75.59366748363955,75.35612431809199,75.29864112420668
SY033551,74.9,72.6,68.69362080850871,72.4493241700606,72.44321259984218,73.10684421922679,72.76826197811775,72.9077547334114
SY015885,31.2,28.0,27.562492341104505,27.99025282479747,26.520232590354517,27.66296682391742,27.483527813408436,27.320146553848545
SY020074,62.2,59.4,57.15465740953761,56.9476202631653,57.08091280766848,57.3539684793554,57.12278626476284,57.27205177784933
SY095670,51.4,58.5,56.859337195768255,54.27175717094893,59.980900704300225,54.04918335082668,55.28825280011584,55.828698556868744
SY013179,42.2,41.5,41.32038614706875,40.725888525428346,40.976637785718694,40.42374364002764,40.387696394841726,40.58961188373495
SY062486,48.9,59.400000000000006,61.5697133574313,64.85529604108615,65.57583406383596,60.065535264179836,60.92536342950423,61.71862490407667
SY080198,29.0,30.6,28.587966710406842,29.310892521247208,30.473362368893234,28.305300373636992,29.05106009583463,28.955718972213862
SY038031,60.7,65.4,59.68597121710827,61.41159564576865,62.71599358811786,60.33994238819673,60.96973314092997,61.05275774817307
SY078776,50.9,48.6,48.35967429381655,48.60161741925338,49.0275377887537,48.37516988532096,48.484029901326124,48.570880256350776
SY023251,110.6,99.7,107.9234382203352,103.94117031823181,106.87596155816703,102.61223981473464,103.98664977214098,103.89135633776436
SY007014,41.2,41.7,41.86352828662994,42.93155968773455,42.1496852990481,43.528998966047936,43.157364799549285,43.11520486594799
SY004450,24.8,26.7,26.837617585524903,27.623414585304698,28.126413291635185,27.51761887711575,27.427174363224907,27.70025720147158
SY036094,44.7,50.3,48.96723869136501,47.156467676354275,48.08349939594798,48.041878860180745,48.74911846037749,48.054365020910915
SY052886,31.4,32.7,31.37051039094154,33.77606130286758,32.312607316020866,34.793120594840545,34.07279983145338,34.048966611194636
SY054120,59.4,66.7,59.51066525044402,54.97775994244797,55.885174327426796,56.72434448466229,56.876268149054766,56.47259343749164
SY008313,89.7,88.9,86.390260710601,87.96571313344835,87.04837798933062,89.15408983920915,88.49129087850494,88.52237628424558
SY022777,17.5,18.6,19.253769083733786,18.785681619431813,18.660965806981338,18.443077322857814,18.552740408458817,18.508443868094872
SY076956,24.5,23.0,24.949490477339186,29.044731678930937,27.021893564914613,28.35821110120644,27.9532408400393,27.95731584031889
SY049369,76.5,76.2,76.32455831649295,79.35494886692791,78.67533231900885,79.44515119968392,78.96525911838819,79.2142055354814
SY088578,26.9,44.7,42.58459599744256,39.8208748547617,39.92977253562933,38.39916698366861,39.6170341585039,38.858348649256826
SY001808,99.0,84.7,87.90455414305563,88.63690664300539,88.49685404242976,89.11966775443182,89.00549087767564,88.9328236408312
SY017894,58.5,37.6,56.26737456761684,54.26592795924817,53.04575278219721,55.107452164747805,54.40460002863444,54.48894234998262
SY032101,83.4,83.9,78.63005679066941,79.3174254760265,78.70564418442981,80.59837634800829,80.01000217817611,80.03055669893473
SY098697,47.7,44.2,53.93520861909746,54.761365673509296,55.60299697745826,51.59241221106665,52.43697394637374,52.79558764098413
SY041205,83.8,88.1,81.2654344027329,80.04625286417544,82.01316919017437,82.22417146397831,82.18363194087384,82.16087078183712
SY096085,27.4,26.7,28.4321440756672,28.706131818266556,26.967265987096543,28.786222519411268,28.274499095454452,28.240535559716847
SY053061,92.5,72.1,78.19883194281273,79.06568197285513,82.5685541266263,76.733905307811,79.3766494845914,78.48429995345559
SY024713,20.4,21.0,21.592984323220946,21.762791089219064,22.099642635928095,21.066325954170306,21.41597608770332,21.37632095869764
SY003514,43.1,40.5,43.276512409454305,42.771952398542915,42.70048209163447,43.07351798695023,42.87015408184433,42.961607218355496
SY051925,18.8,20.2,18.06424219731176,15.558721010342524,16.456052279877532,17.278134789400905,16.417724244900818,17.031510036543892
SY015816,51.5,59.400000000000006,53.69099899336455,56.16671071719841,55.883588335606504,56.15664562933902,56.36734550465437,56.07472844121926
SY050596,18.8,16.4,17.20959518365755,15.753029303083089,15.38561310980474,16.215882401805104,15.744536235905649,15.966801614204993
SY023947,100.2,94.5,103.91399402981688,103.04559860273258,102.01342379997584,101.13882649621095,101.41772531876045,101.40120568734041
SY041649,64.9,65.8,66.42495122072843,64.3811480304019,64.76884308089457,64.26343338613718,64.34779865216885,64.4150562945644
SY079903,45.0,48.4,46.65522529128421,48.42816251144288,49.504495241945406,48.821879584427364,48.71888851683717,49.02666428168277
SY012001,68.9,54.7,73.61087032426788,67.01777200600407,66.71021045161511,66.48991794593985,66.36108308245477,66.55600569764242
SY067539,11.1,29.450000000000003,14.081398948178444,8.200685486260365,11.071555193764226,6.328447577578897,7.286018165127745,7.751379862434495
SY086361,72.6,59.7,70.75649521743466,71.8391236941327,70.95653466469716,73.01563327667381,72.45081112323845,72.39790369308082
SY072162,49.9,51.1,48.03313420493074,48.67199966921188,46.78116962781792,49.32328342319302,48.60152297255988,48.560649284580485
SY045688,25.6,49.1,28.370504244642056,33.2344574446657,32.401898227645624,34.03061835413472,33.93039032689321,33.54200231618799
SY058987,76.8,75.8,71.20030468464827,74.87942102486933,75.29309014114219,75.41323358249903,75.07553179728473,75.37719055009197
SY015085,69.0,71.0,73.85180051868198,69.6681963029703,70.36511472899332,73.25468723959858,72.71275154087789,72.387815486417
SY038749,78.1,85.3,80.18485712570833,76.33611853070317,79.38042425514004,76.78622885105206,77.55445459693209,77.56448747227846
SY039830,46.9,31.3,44.39811707340334,44.91791869492204,45.465389961380566,45.02110514885142,45.17717480665029,45.15439059261016
SY040851,55.1,53.5,59.56647542040692,57.72401583637818,58.24018982942667,54.80647835363717,55.51120861906566,55.83659179637402
SY044445,18.7,14.5,16.770685735833162,17.342227616838336,16.87092003541759,17.2512664342525,17.210643048026583,17.137162514602025
SY024892,50.8,45.7,43.8624383291731,44.72172165519838,45.08156124997937,44.621350766802394,44.45537543159459,44.75941391175549
SY065992,18.9,18.4,18.393951086130784,19.17298558952637,19.876915633368753,17.99067598276385,18.15962941179034,18.55654787794532
SY084269,64.8,50.5,66.82801422056384,65.15082823993583,62.05489718534113,63.80536785590283,64.2889982938751,63.280226654734314
SY027823,66.8,66.3,64.8772552678864,67.51048049407191,68.67585361930352,65.88344783997238,66.30990018818986,66.72116957377172
SY054291,43.4,40.3,42.047636796222214,44.025392236639725,44.26253627101017,42.740546714857466,43.275617067050845,43.19714358170327
SY044094,28.1,25.2,27.209024627180625,28.518254506744967,26.866249433615568,28.49086835277287,28.228368988081563,28.00348267702568
SY049818,36.5,36.0,37.30034190153294,38.756573544434175,40.136848367790336,37.90172596627909,38.5941455275577,38.57226268673246
SY030157,80.4,78.9,78.6162615403881,79.62895646888734,78.84526162263055,77.82399221615245,78.0122232409991,78.13037303809587
SY005412,59.1,69.4,62.73932832566098,66.06162587362837,66.04056344770318,66.78125977877994,66.47107585233682,66.5590508794569
SY093176,52.4,60.3,55.42819712313022,52.03515513432994,52.171595362680215,51.147422603905184,51.37063858238006,51.45467443153769
SY028305,49.3,56.1,52.60099370628547,56.38623967087466,57.06239600429349,54.26025784244215,54.93656129824798,55.10089929099755
SY032067,29.1,26.1,26.900090952969883,30.95010564944919,29.560365205974207,32.154196670656916,31.528107786233587,31.3760472312521
SY072436,142.3,135.7,139.81827615425294,132.42066117470085,134.8583339156813,133.1316170305318,133.3799899670893,133.64963209607663
SY070276,82.2,67.7,80.64602908571288,77.425330046581,78.2755963230496,81.40858828003367,81.58163419390094,80.46869069293844
SY050481,24.9,26.0,25.59463098270601,25.913639353801937,26.69058597679336,25.53622669464695,25.912339587486013,25.88253447929087
SY065417,47.3,50.5,49.9801307202445,49.221207583626814,49.50631877223102,48.24828898236245,48.497549687032894,48.62569791932302
SY041712,55.0,55.4,56.38599315477026,58.174830801932494,58.371286833215834,56.55250863078304,56.82032409629234,57.09814209151287
SY051295,74.0,60.6,69.64786497179857,66.76704480852777,67.82497608524947,69.17024881245942,69.01617982529004,68.76666699429643
SY041759,64.8,69.8,65.9185288586791,69.14879582402499,68.89332423223348,67.20823031421983,67.49827484373378,67.71375848962393
SY019079,56.8,78.5,66.5788898895678,66.6902756733071,70.37647978525081,66.15880748240207,66.98403269569258,67.42410917325668
SY021031,57.6,51.099999999999994,57.84559164989068,62.149216352880856,63.49820904649016,65.59610780701705,65.63711362269049,64.96673817885898
SY009684,46.2,44.5,45.9723677956972,47.23687710655291,44.955991432935164,50.289428266967334,49.05780461486974,48.689397216757676
SY016575,17.9,17.6,18.09810145887157,18.777790863093507,19.52458406532653,17.782935016814495,18.245022529963933,18.305429731368104
SY094888,15.6,18.4,18.041425867110522,15.898705666651425,15.504124802296028,16.611880854443093,16.206273196585368,16.27955403879897
SY026245,69.0,69.9,70.86049436135974,72.13635099665345,70.3132759729719,72.55248904186564,71.81457467746907,71.88072512119751
SY052675,18.9,19.4,19.175432401318126,17.996641616236843,17.760887729065278,18.18403001775748,18.283302230073282,18.057087331149816
SY057249,29.5,29.9,30.22865985949127,31.385089945858656,31.26610334036498,31.755846388947294,31.530932520127024,31.6089234743726
SY012989,32.1,30.3,28.97739184782225,31.39304720051288,30.757780355723707,32.391815294111986,31.859318570922415,31.9016048125955
SY052314,48.2,49.1,47.615965440684455,48.68665632470892,48.61814931617093,47.9794701337079,48.11696748218458,48.171073888446806
SY035545,32.3,29.9,34.11958170116141,34.81077592798494,34.94225277944341,33.71974020225066,33.89477877755279,34.08649397540849
SY074102,72.8,76.3,76.03249032622854,75.82394481825818,76.68518177833806,74.79382355646736,75.2784877755164,75.36123102302857
SY071176,25.9,25.2,25.355750930132796,24.920933465532865,25.227686916764966,24.364361923463342,24.61504205926454,24.623359421453827
SY098569,46.4,46.1,49.17227553672482,49.15879007128368,49.479376630779356,48.64495431513271,48.84941782818893,48.8952810098267
SY098234,65.4,58.5,52.58383468803033,59.65864672391727,60.45713381821995,61.53861203000149,60.53223686036737,61.21416856646702
SY043048,25.7,28.4,28.700473706466042,27.224437200664024,26.689136161477812,27.786436347219006,27.527758996587487,27.457246291496645
SY009725,60.4,56.9,58.79158086341449,56.686710312102534,57.20666863318849,56.53176753134808,56.35483327189101,56.734237861900205
SY022977,52.3,59.2,57.60350361755219,54.63982326431716,57.608652748642356,52.702322079679774,53.84262334130275,54.17422128036854
SY009810,71.5,48.6,55.16139322117687,61.95569192351326,58.156366518647445,58.39445423905262,59.416100338442405,58.32302792293106
SY027468,79.1,78.8,80.5651265312746,83.56985270358706,83.3153780753673,83.6796986817604,83.51828525245887,83.57040249984246
SY007497,96.6,69.7,73.40031946638581,74.34331255367559,74.3112905383766,73.89445749459784,74.1944107741811,74.01950740773147
SY027570,70.4,68.2,67.72846152622846,68.32968648104207,68.61160534997425,67.56239218988978,67.90832452195076,67.87715613791512
SY009190,37.5,36.2,36.748543222938,32.911358856170544,34.07521159099002,34.244733384190035,34.385499632673714,34.193876846230026
SY026212,58.5,65.4,59.49362955070066,56.29592991076403,60.260195006765194,55.06116383632798,56.62646962990697,56.62087318745914
SY074428,19.7,21.6,20.41763934301436,20.912202476704003,20.65283317087242,21.197339485380517,21.294417298600713,21.033987591028087
SY073050,94.5,98.2,92.20174910436786,90.97996090098091,89.59579719218279,96.3340063120169,94.86827695862812,94.31254357606666
SY085880,29.3,29.3,28.231229251480286,29.297337181362828,29.352633302193098,29.279753348063775,29.490823149308,29.30161733430257
SY057456,71.1,70.5,67.59339423246425,65.60464977891844,67.61872396865294,69.49614723875958,69.57847663120216,68.93292025772759
SY082749,37.0,50.1,35.818586663138,40.31841577207604,41.23035447743029,40.54894162991982,41.10743163693938,40.75336548417295
SY006138,61.1,60.0,56.032671186525896,54.743803481391616,55.247477010023886,54.939772618244284,54.933348817510854,55.03208393577816
SY040322,28.1,31.5,30.378545082293385,30.58442430002401,31.35746619159566,29.277113532087164,29.742602932960843,29.90121932993971
SY020208,34.6,32.7,31.419828931947535,32.787507634816755,31.424620728459264,33.59553593121002,32.71377110869248,32.944261370384794
SY049474,15.1,14.2,13.856881952840638,12.74130473356913,13.913034550667918,12.04299821452842,12.766029496375644,12.604009115370268
SY053403,37.4,37.1,36.51375710843863,33.35312760655783,34.979057366295685,32.88703906546596,33.17202764481303,33.51464455571488
SY091458,83.6,80.0,82.65416128455786,79.94961492063825,78.6924017214198,81.78984442748437,80.77091495218058,80.860611615665
SY006870,60.2,64.7,56.90158041378263,63.8636917919877,63.43085309242795,63.521766047505125,63.71609318725513,63.49449216098197
SY017477,40.9,36.5,44.82985560092975,46.42333330315088,45.95401072948046,44.55746595892319,45.1050506512897,44.97642939009037
SY058274,38.5,38.6,40.61669671913652,40.64841397177648,40.764194415184264,41.20135428167593,41.00442693078461,41.07020632172843
SY079456,26.1,28.9,27.667210569587755,27.53229931096967,28.795694965193555,27.395715559859713,27.693490451126713,27.815709381459865
SY065001,102.5,114.2,107.17426782959441,104.83557210927259,106.06243436670132,104.76660964517275,105.00017657437252,105.15535706163132
SY053721,35.7,33.4,32.86884702263356,31.644745170065264,31.405434082799918,33.110152450931714,32.82469555090862,32.598736940492174
SY004670,42.5,27.9,36.10924352461176,39.67767293964413,37.56226808137388,40.15040179227541,39.25758151949462,39.37396167900495
SY020275,56.3,58.1,56.03042167880755,58.705799397063174,55.571374464827535,59.842934514561975,58.834267919296444,58.56146649964164
SY044968,63.3,64.7,63.38106468142377,62.02122114441658,63.44663289013227,62.87099357676654,62.97256360694334,63.04368537077625
SY027424,26.3,25.5,26.821986513185088,26.93381172172111,26.91097367677998,25.612042653798664,26.04776827350299,26.00172196069306
SY047729,71.3,56.6,68.66360556413375,70.11315155199483,67.92909686156355,69.04219898567928,68.88017807510236,68.70826834844456
SY031803,52.8,60.3,58.98969906787038,58.227282505903574,59.290005578929296,58.77207325303988,58.69019934845065,58.927452950806696
SY040935,34.5,23.2,30.60848165169917,30.68117327902194,29.610395213438217,29.682889039046835,29.462037082769804,29.661140891364248
SY037363,34.0,34.3,35.852134703542816,38.90746679971452,36.2963761500339,40.5237257422711,39.541974043238746,39.25552086459994
SY010861,19.3,20.2,20.792091069217527,19.70808278201033,19.901430139041977,18.83180448801039,18.765707723341656,19.152692183319864
SY018063,35.9,35.7,38.31567068543352,38.41819868717298,38.08972530800963,36.408507067918194,36.88290892328541,36.912872539945624
SY030548,77.2,77.9,83.66529736930977,84.01333812393742,84.38006574020122,83.9012537595194,84.21930730809677,84.04489735372394
SY013130,18.1,17.2,18.95292548329344,18.216991610938393,17.570100762902197,18.856366966086195,18.422835234663616,18.470487105130996
SY092088,62.4,61.4,60.810070843048365,58.98267104639969,61.510914544622466,60.68968875464266,60.591665290347784,60.9360564916366
SY049755,67.6,74.4,68.86517213357091,72.44050381917648,73.7928397852932,73.188351230583,73.23968506100319,73.36969779699605
SY019939,61.9,58.0,65.80712698400922,58.51482543964328,58.52409059442696,56.68630138128426,56.943655442284886,57.237638145227066
SY088459,69.0,70.5,70.61206795307757,68.32073285531263,68.36312506476253,67.8727365106401,68.09500455536099,68.01985307687683
SY004820,48.6,46.8,48.411480328069594,50.05172269064522,50.87187982806816,49.05429621767362,49.587557422858396,49.59957130079197
SY081027,114.4,110.2,113.04500743168127,109.99044365489026,111.23299550677952,110.47063768571562,111.03566479407655,110.69934503203478
SY065922,108.7,104.2,105.76407856687804,98.23126804724828,98.39232948869989,99.54473777122921,99.27257222846966,99.1990152864704
SY020801,35.1,33.1,33.19230328695719,34.35962191526399,33.93569395915719,33.59355873548629,33.84779491324737,33.69619930258756
SY078283,90.4,87.7,80.02887057355493,79.75538906980807,82.5218448391397,79.88935003813735,80.63115378385295,80.67909847843805
SY084735,33.2,41.95,42.76256321552789,55.541967790575946,50.72615739538006,54.935011712955806,51.49281739647028,53.67235541768308
SY017244,91.0,84.3,91.6925631230423,81.76039756881204,83.35328708549282,79.92905759875929,80.97213558426299,80.95632644477935
SY058725,25.9,23.6,23.360023476131964,24.64880452905883,24.972292695404754,24.358252183715393,24.540007107110668,24.5424643372222
SY071701,35.0,36.7,38.2464602610649,34.308904158296656,33.274307962777044,36.19289015969914,35.253391761593676,35.31731550062251
SY044467,24.5,33.5,30.22997697269983,29.390497596055198,29.514132156134973,28.603932987634913,29.114917824364408,28.87699273818493
SY071203,44.4,45.0,48.21262530574555,49.20182250306735,47.749771900469014,50.233418392490634,49.697928215893526,49.48832444488415
SY056548,79.1,66.8,74.99974289070619,68.97707918759254,68.54585554382737,67.79656983992588,68.28041110021155,68.02135555109632
SY089963,78.1,81.6,81.42346696371825,81.15178583107176,80.5971131187714,80.78925234234171,80.67894577818431,80.73161057527062
SY013814,55.8,55.0,55.328947157844475,55.3479616304164,53.878672282367695,54.92186194552831,55.57780540912769,54.60890504658013
SY057708,79.9,86.6,80.77423834193021,82.47709949384975,82.4166264650917,82.47924078553191,82.44383406321933,82.46045648939985
SY046517,78.2,73.3,73.09140728760158,72.96257213201201,74.1973791730404,72.75634241079129,73.01331665350915,73.18865343946602
SY039199,79.7,82.3,80.72315383911216,79.41144502139908,78.63599994384222,79.24547371133939,79.11358157716401,79.06263158109023
SY059972,26.8,27.2,27.36948833712358,29.332338903021515,27.95315824405731,30.14505037440287,29.796530923252664,29.487482735299203
SY080473,104.3,105.8,107.7610900057414,104.59317047824462,102.22843807455935,105.12312638768742,104.43321524028642,104.254719893749
SY031575,62.3,63.0,65.54875654911375,66.3167696277865,66.27024513081079,65.80315805445103,65.72693319260107,65.94328417735896
SY008551,41.1,42.3,40.61300014625504,39.40776076083475,40.8967010873977,38.492331382534154,39.01747744139902,39.21364229399322
SY002134,28.6,19.2,32.805069062086446,28.80024828170326,27.34112894856089,28.405330914055735,28.263137194067873,28.08607032440728
SY029921,45.9,45.4,47.889235603404614,45.9987250219953,44.737231155306475,45.78523754806014,45.58326400188868,45.470835630234035
SY040089,81.6,81.8,74.22771335153509,76.86333876750575,77.86050274895001,77.5940135502768,77.38024629679575,77.67396030987875
SY019977,28.9,27.1,29.857648049359714,31.763290601419683,30.98256236052053,31.428067774138487,31.282274654829372,31.2944161500531
SY084192,18.2,20.3,19.48527483586516,20.14898121255975,20.869828406726295,19.241088120957645,19.710369905033748,19.72971020668824
SY071326,28.0,27.4,31.84661227843888,35.10507889021404,32.126952504046095,35.48028666868534,34.495061289616075,34.47428641929356
SY036729,64.8,56.8,64.19860283354429,61.204344549806734,60.876322984547464,59.107949782971595,59.480881729861046,59.63846174344435
SY062574,22.6,25.9,24.264862518832945,24.69604144609029,25.72298766828694,24.420711551869708,24.979796104113625,24.811394386794873
SY055074,50.4,45.8,52.21408964864232,53.86852319994428,53.26595353450743,53.0348084943913,53.03463503276022,53.10415200642613
SY078545,92.5,88.1,91.1828612209212,89.0746320506276,91.28405202883943,89.26024163974044,89.63578058602995,89.86738475647013
SY037841,40.3,40.6,38.471035424198284,39.387365715523075,40.61141972457161,38.42816968517104,38.946932270073944,39.08314469699121
SY038986,53.8,48.1,49.21645553216873,48.19270447457944,47.46164617394836,47.813511172435945,48.252937713967185,47.70795167288966
SY070078,63.9,68.5,65.20857597968286,64.05476145443942,63.038814541289625,64.17141829131326,63.85272511213526,63.831637166306166
SY046444,42.2,44.8,45.85620003333902,47.00341875045687,48.71340499365489,45.260028990750754,45.88263885491756,46.29604179162199
SY049313,64.8,64.5,66.03913806756863,69.05514769230993,69.1903623781538,67.57587102071987,67.95803018142101,68.06021842795005
SY085251,28.3,32.6,31.881971486727814,31.41401996369781,30.586891944452006,30.951952342286297,30.888576502136797,30.84243422293601
SY092358,62.3,62.6,63.70838199847316,61.39970247483966,62.11334247390576,61.30513857451233,61.3683722363999,61.547599744330356
SY094100,72.5,75.1,78.43934687600706,77.45634805517622,76.7505459210841,77.10295039420137,76.7340444235918,76.99722905226619
SY034587,45.5,43.5,44.34816653018499,47.464066051588716,47.930668487463876,45.585794498122546,46.17022663422553,46.289256694924944
SY036672,73.8,76.3,79.57101885311326,77.1404589909238,75.92698527980123,77.24431068622715,76.99522466779514,76.84911306429937
SY063000,32.4,31.2,32.37002311347596,30.710338937441307,30.160530153905317,30.340777917282423,30.43344849177494,30.28670358826929
SY095399,94.6,92.3,93.68040656174665,95.86402294421461,95.07510922972511,94.34733710328229,94.49612285931475,94.56566874121512
SY092944,137.0,155.1,133.7033163454223,144.38012440030528,147.89368585694032,149.94201916161268,149.73161626029932,149.32751917021096
SY081530,42.4,34.1,40.964741196163395,40.632326811124116,41.04590138348333,41.48294306196925,41.28043052232973,41.35183055842347
SY064730,56.6,50.1,52.85439157597961,56.331523990838015,55.036066395512066,55.69840923314911,56.00321025260614,55.49970638185799
SY027781,13.9,14.5,14.455616369437735,8.759030716368695,12.413454990103178,7.942333719799902,9.1129289752928,9.283670100890884
SY052000,86.2,84.8,86.68509162573216,81.68209236025604,82.70257738901985,79.31527057599212,80.46161612382082,80.33146261990044
SY003549,31.4,26.5,31.056949464602162,31.74335944099719,31.340387246964074,32.32815282336126,32.30239372736569,32.0318231504421
SY094114,79.9,81.7,78.72990169645604,79.36616694843886,80.50334620081256,80.61280295128131,80.72020063159744,80.57996592614067
SY031657,21.5,21.1,20.614838687582065,21.773179503266462,21.34299471105345,21.879669330953252,21.647378371806056,21.718666944983312
SY020527,76.2,79.0,77.93364133834949,77.8586569662982,78.33261410495673,78.39273613630925,78.52295721825082,78.3746995269035
SY020656,31.4,35.6,33.347557740005115,32.134255460079885,34.18457240688872,31.497605037877964,32.10919330099776,32.303695248581185
SY091441,36.4,36.2,36.2171209314698,33.99170125318488,33.80998769021184,35.47352790141075,35.129342860584046,34.974465838051074
SY092157,73.0,68.4,69.31203980833227,68.62877382375433,69.75070363013224,69.82938620958402,69.76434412882884,69.80578143574849
SY057605,66.6,68.9,70.81406824245724,70.70105571291884,69.71409920037198,70.85278231193264,70.23596331031004,70.51117737846444
SY088005,54.5,54.7,53.18505015529282,50.82540249817305,51.47287949907576,50.378039270213364,50.92568476459877,50.706491338872084
SY037829,45.2,51.0,47.748169347569686,48.95202528405463,48.68549986054798,49.46027257829672,49.30712212550672,49.22784076297209
SY053348,17.2,18.1,14.654211830946622,20.76955466476372,21.025234202419508,21.071236067732492,21.093803177092386,21.057435508138596
SY049376,15.5,19.9,17.426241615724635,18.14102018080251,18.074267531811508,17.841269625149415,17.88198923393623,17.911168997148042
SY069188,47.2,44.7,40.092680179345464,47.30774886366666,48.54497051608651,48.29493959002703,48.56454121495524,48.36994886784487
SY015784,64.3,60.1,60.567991003031246,62.634434427064775,62.71914387243349,61.620490714143955,61.84113469898031,61.95008666163081
SY078408,46.7,43.0,54.77267598078539,53.97569367898342,54.18402036379885,52.3257384888375,52.73116368078921,52.8832230513259
SY031776,46.7,36.6,45.983189073281686,49.2528512507009,44.92722348491507,49.433009592130574,48.47574104815766,48.08127375996592
SY058377,54.5,44.5,46.59012422520233,55.23900383930649,53.6306130562472,55.391724843160354,55.08649762504093,54.8633913070864
SY092388,20.3,21.9,23.438019353995752,24.419058306869466,23.59154689988084,22.554808122991847,22.910048031956173,22.86582975605854
SY031083,67.9,52.0,67.75040014832946,64.02993234578379,61.31154682280974,63.28404113194604,62.92038893362061,62.692292839205145
SY048233,91.7,85.35,79.66585060201079,87.43360580385249,88.64855543352331,83.78120722257725,85.27142511634817,85.24141168586107
SY086790,40.2,42.4,38.80161384763553,38.31118419550326,38.61969118897097,37.91217759127165,38.11862096206533,38.124431670581444
SY023705,29.1,28.3,30.763974219409118,31.567404686523687,30.712528959635286,31.997884871526576,31.71456841766605,31.612278097959187
SY010465,86.9,88.5,87.92863791425228,94.91810705293048,92.12646151745443,94.81988097884643,94.18780289939218,94.01185514042882
SY076183,13.1,13.1,13.033750852254558,12.600854939344444,12.817137268910473,11.590768124708728,12.016295318950483,11.958678867969251
SY013167,67.0,67.1,69.31457613488118,68.9495552394671,68.03563831199786,68.29423789597514,68.54806099328081,68.21665802078195
SY016997,21.8,21.0,21.27730570646119,21.561894276708486,20.963815551062417,21.98149677712207,21.62605772832621,21.67619240930417
SY086495,28.3,33.0,32.534647839126436,32.56474132979009,32.26814911803805,33.40692903687475,33.004961505990806,33.065295061223736
SY065619,31.9,29.6,29.10483797085428,29.180484377830158,28.679941554132707,31.525728361593032,30.411239606283097,30.671992319354935
SY043301,37.5,36.8,37.655392826950546,36.85625955196229,36.69924753079342,36.961839674350685,36.742370001005966,36.88306203128351
SY005986,38.9,40.2,41.68542553543796,40.95519408575231,42.99983029312029,39.441707324263675,40.403411085449264,40.50914421492065
SY073309,84.9,77.7,77.99411299488014,78.36967693695777,78.16819625894756,79.36070180227165,78.64294464195726,79.00295013927442
SY094853,50.0,80.1,58.782977383641594,58.06060110954055,64.28369454328983,55.68463315617631,58.5876842125778,58.26435157231036
SY024876,15.2,15.7,16.19672126520462,15.134325351166112,14.929085228757128,15.348142305556616,15.280224207270123,15.22242518251677
SY065050,18.9,14.3,16.37391730942476,18.1143868990613,17.325725901420466,17.89629397654648,17.68447536906101,17.725123554008675
SY027986,35.0,26.6,35.805847578137545,37.89664040992646,36.854275690999025,38.18002447435189,37.82743406392374,37.782299839346024
SY016589,25.4,26.7,27.48303231391002,27.205823797491455,26.02614888570249,27.33713927571133,27.471650759399424,26.943842158708676
SY010183,45.4,47.0,43.87169390393356,43.6429891568458,42.56622405831541,43.82412362955286,43.86355374206724,43.44675375818162
SY082243,66.8,71.5,71.50477049609148,67.13635376744816,68.91606967057125,68.4601126853577,68.73900588725571,68.59689978092176
SY011179,89.2,85.2,80.9294363023679,87.29060179034067,84.4218427175641,86.7340990414051,86.17699078852581,86.0404221442528
SY086543,18.3,20.9,20.048208272696307,22.809759683884444,21.74539569172525,21.9318137632574,21.537111271581132,21.875888341797754
SY038463,20.6,19.2,20.64338215691154,21.125180026809332,21.516139947523165,20.93701886306904,21.046990901680587,21.110755188405275
SY015218,53.3,55.1,55.066440986899075,56.24255682472163,57.017642323561546,56.08577408480143,56.072713692242516,56.36533455642946
SY071271,37.5,37.3,35.703223889197396,35.286485465855904,37.04053401835367,34.79012103701163,35.23182892804248,35.46524493141424
SY016122,44.1,41.2,41.635896086879654,40.962715956182905,40.74697026540268,39.605472391862975,39.92635891227477,39.94792175392489
SY044019,31.1,29.7,29.948203732266723,30.41388008110281,30.97552336250333,29.18143484758939,29.62436846527188,29.719661402063572
SY023023,73.2,79.1,73.01730468585224,75.39634702171686,76.11744387619515,76.16695396902465,76.15437214469102,76.1521009411758
SY096228,79.1,80.1,78.85856032454775,79.84257706283753,81.56154256663858,81.73240105610759,81.43595302435097,81.68114350926687
SY012035,92.9,103.6,97.74486374516957,99.55467127421497,94.71237912919344,103.08426380733059,101.31955871000699,100.57269840388943
SY078270,31.3,27.1,35.221887860844866,34.5692522332116,33.400738923502736,33.73568069890301,33.656720050091764,33.635198166282926
SY071328,40.1,54.0,38.2337451318019,43.63672052660101,45.02333557691148,42.92605714878117,43.20402630807567,43.55524067722026
SY010680,26.8,38.0,31.170772025797916,33.30001137701543,33.85408768799785,33.653093357428574,33.47974453810819,33.713391656599356
SY030198,93.6,86.9,88.26554911513581,90.41176622592312,88.85218379125132,90.67140830153065,89.75898322979366,90.12564094844684
SY080546,23.9,27.5,27.21919515842723,25.574139529178645,27.28763021042951,25.038996087017228,25.397738688042203,25.71358632404091
SY048702,17.0,16.8,17.241018442094283,17.30442730680483,17.883052007566743,16.667668250739556,17.005355657896335,17.03228337778771
SY058428,74.3,75.8,79.39572705272813,79.29311214876226,79.50428450467953,77.26484017469696,77.94840254175278,77.93667347369173
SY087765,15.0,20.0,16.602232299919653,19.60483975652491,19.2158452355479,19.50084733263024,19.520390158547162,19.415346703505538
SY029797,41.4,46.0,40.57211336527931,40.52486550331902,40.066451924117345,42.47644383718814,41.78805408650091,41.7534462632669
SY048475,46.3,45.4,47.37897412069676,46.762509397184076,46.517252433245574,47.66752699217994,47.3129636964963,47.322444624499624
SY098066,33.7,31.8,36.00560349094975,35.10062129504769,35.60273047076467,34.17096331112343,34.699351102262284,34.6004934590158
SY093542,61.1,46.7,59.56497139651361,53.72497512550804,53.102543218858,50.474714967531405,50.935166980820384,51.26306344292938
SY005132,81.7,84.0,88.43194201783348,82.83797085335888,87.43210679210297,80.85338888643005,82.291106459349,82.82700425813192
SY049471,80.6,81.3,78.07338091062464,79.38930566206245,80.8368322845819,79.29422548949044,79.59118035072181,79.75700752801788
SY029484,87.9,76.3,87.87909016378681,87.19568776755791,85.52779029948687,87.24119819968277,86.6459118201856,86.727175829624
SY063863,24.3,23.4,25.9138671239877,22.48346961967986,22.66815052882094,23.401070117353367,22.919786075567075,23.18119424079364
SY040662,55.3,50.4,51.850988762321684,52.16244442040498,52.444494190127514,52.370580060751855,52.29790198110348,52.39275429956455
SY042309,57.4,58.6,56.08864506223581,56.527174980804126,55.99147366096242,57.35992022391067,57.0218022112453,56.94938625502619
SY048065,49.9,47.0,36.308601464446525,39.12465622839816,42.69479995796079,36.94034042327333,38.84297851792002,38.66667828367956
SY021441,27.7,31.3,25.12003325948387,27.576409374830654,27.883843431919733,29.335310897688082,28.670477254795067,28.899870657957578
SY059472,80.1,78.1,77.94168211264967,77.73607989094194,77.84359978916125,80.54101169014437,79.8082941958863,79.73178811984943
SY019226,104.0,92.7,94.27309288521637,95.68502566293648,96.05049836849958,97.68265191723603,98.02374656916294,97.19300585261509
SY031255,71.6,78.0,79.24956551465301,81.90408012004043,79.12615231478227,85.3408003143949,84.19908474790526,83.4764059145111
SY060481,52.0,55.4,50.130090759121366,47.832884107915,50.89837419818096,47.15587083776681,47.98172715631113,48.27862184589105
SY087264,52.9,58.8,59.716706515208315,59.85099589768711,60.6884289556976,58.31013945661459,58.417561706958196,59.023626306339494
SY037101,102.3,137.1,127.35807050906604,125.86192689483099,126.48227969462206,130.74453238492282,129.84093334458424,129.4658565778326
SY039073,91.7,68.5,80.5262469390399,79.15419876975898,78.45023789480466,79.34092237043264,79.15622764964316,79.07371702774424
SY094919,22.4,18.1,26.226966509587324,25.302436529836783,25.326704953949232,24.936375168811672,25.082332440053577,25.05347410435294
SY049969,16.1,17.5,17.537010802590878,17.32962845463828,16.563990521968115,17.658374597182878,17.49209724508033,17.33005937461845
SY016500,63.6,65.9,63.948684598164455,64.87020687943681,66.69395747838007,64.98762440364176,65.49467589140666,65.49952432606325
SY065949,38.3,37.2,36.47392313864,36.2945411611266,36.63103989912453,35.73883930562547,36.12400317997452,36.006499483675185
SY064987,140.3,145.6,149.82358147845534,145.31018961576407,144.83238729415788,146.24812972880804,145.70773946711222,145.823406998413
SY046330,38.6,36.6,37.1781502229994,38.32745443488945,37.78879064088805,37.485966273182626,37.57434078765907,37.57681358349426
SY030656,27.6,28.9,28.376676781568612,27.306767667805936,27.884474709602316,26.430286230520448,26.851522128405428,26.866542774245005
SY086719,26.5,29.0,27.96882058564476,25.058033041395024,23.565387845969063,25.880475918565004,25.326731733717352,25.18594949678622
SY092218,15.9,16.6,16.614679852298053,15.398354522592394,15.684314992214706,15.25604936244236,15.32484909403799,15.384529051374063
SY034047,27.3,28.9,28.622401259228372,30.67427369207354,30.863462617035314,31.288301325961925,30.881630837086202,31.16084971328394
SY050389,13.1,12.5,15.067532868404868,16.829019434133073,15.938454077161136,15.92341382837859,15.843806076578343,15.927925903013353
SY078694,50.9,49.2,53.38890300412461,53.51539393325517,50.96968702709139,56.31389328092057,55.52933995680923,54.71063140477181
SY012560,50.6,29.25,29.20993477498413,47.95090941979575,50.457792657726735,43.88540468477511,46.02288465019446,45.8571210766606
SY056109,50.9,45.9,49.4934403858196,52.77939544065021,53.40603217818005,51.44329567039058,52.27866940237972,52.03211662272742
SY048978,13.3,12.6,13.596671747591563,12.541918994536854,12.20717316276146,13.355495270545552,13.512481953864096,13.010998638210323
SY065360,35.2,33.2,34.21746345841595,37.87193807890021,36.452561446600406,34.1678499716941,34.676294483472574,34.853263414165994
SY003982,66.9,71.9,73.30501106929582,72.9891226411267,70.76209825574394,72.90767327502968,72.52540009118238,72.26400076924395
SY040396,50.3,50.8,50.999742081910114,51.757885325686914,52.47488250145171,50.80656302412467,51.29036848100493,51.30705886732278
SY041118,46.4,45.1,47.77349717750371,47.10893470620454,46.52982861388064,45.82812749801387,45.61944492822316,46.0386378327739
SY058102,44.8,37.0,40.793470205123654,42.48746123136169,40.896846632297574,42.09655087028126,41.820068297669614,41.73663959888616
SY093403,104.4,111.5,105.85939183758518,106.85662968907073,107.56197696501374,107.7468190143567,107.6256403670642,107.69136639955381
SY089381,25.8,22.8,23.83712061987642,22.07851472731251,19.444921594522263,23.048782103266582,21.628289642961697,21.967623950643286
SY018451,62.0,47.0,52.84739031463987,56.10879284666765,52.45843113711871,55.568385625206915,54.7819160420669,54.63539927878045
SY087104,52.9,57.1,52.79445276087257,52.06090252182538,53.80214111206688,51.45646596492247,52.261052215690626,52.160168509065784
SY027147,38.0,40.6,36.709396085591585,39.57750477188139,39.238562288437656,39.76609519863387,39.48606060446936,39.607835325575
SY089067,20.1,17.3,19.844808451574025,18.731684017989544,18.21721749015632,18.641587741601967,18.628233643862707,18.51427666616827
SY090327,36.6,34.3,40.503281613981876,38.63294177370608,36.883168258251025,38.10786762781066,37.15948916933328,37.740457816942765
SY049895,54.7,56.0,58.67269910873626,57.02960978850566,57.559214144471426,55.382228717286736,56.0192330835483,56.035324345442135
SY080829,42.0,38.3,36.65489139824599,36.66173403604031,34.6539419924549,38.97230731768668,37.776563825655565,37.67679772011714
SY005110,22.8,22.7,22.97771844420691,22.661750193296264,23.44076784397968,22.08962856828324,22.445170988037994,22.49497035099217
SY039314,58.5,59.8,56.53675626239765,58.689262702996686,59.93840978630337,58.457202483169816,58.666914851890986,58.90156467410988
SY022409,37.5,44.1,44.69446682772672,38.20863658303911,39.417930448297625,38.72048064172205,38.91381349760884,38.92971558369472
SY090971,86.0,53.8,77.65048902833098,81.0398115644955,80.45724081717799,83.01706195375792,81.99132818273605,82.24911561278394
SY020165,84.6,74.0,78.46753850250812,75.95093383358193,77.63738831637944,77.17858825839224,77.36911010046047,77.3162282757884
SY044679,40.1,37.1,37.0602533850485,36.762872143149735,36.50828568237243,36.64734994438932,36.55278593056221,36.60563066578425
SY091052,15.1,14.6,16.653987415459717,16.822484117191657,16.81197622868907,14.89764053940365,15.245163169138191,15.471941246189274
SY057767,29.3,30.0,29.936141674081448,29.03475670838086,28.736305116576176,27.554511563121928,27.925806009066054,27.9090496291582
SY022314,48.7,47.7,46.40284073036546,48.04971506279885,48.85369490400881,46.553030783594394,46.989421533093896,47.243230019718716
SY077472,27.1,28.1,23.4900947108817,25.166752538052222,26.1835806365147,23.987065674686853,24.382427919192462,24.646020163235207
SY081463,83.1,77.5,78.83742545753609,76.444812264738,77.38364277149039,79.86527580152422,78.92711785551609,79.12078589251406
SY044683,24.2,27.2,26.62116624038539,27.200904215448958,27.030977903903477,27.08849715721403,27.252849637735938,27.071241381220865
SY044689,40.5,42.2,43.48819780563716,41.60214562847428,42.10856495374505,41.469637873604995,41.695321231510796,41.66131599764701
SY096707,25.2,25.3,25.438020515685906,26.621213681354625,26.56709482273881,26.13816894488146,26.00754956430909,26.266846708238663
SY043612,38.2,46.5,43.66653524528413,38.5469537257787,38.109038590780386,37.96217949281112,37.920361801707074,38.0062372222019
SY038158,70.5,63.4,69.62111684661035,67.70593279140662,67.68955449542399,65.26927122474598,65.3117921367465,65.99535620594938
SY022615,48.3,45.7,51.602833967190044,47.76478128568537,47.22714229243465,46.991358182773425,46.49087912388345,47.06209341567179
SY089582,84.2,81.3,86.40414372740464,80.06288816181478,80.0087295463069,84.50781442187429,83.31425321985105,83.15808895920406
SY010797,28.3,29.5,28.70708636852741,28.33843788556274,28.972301052480557,27.966419180563218,28.186809638892345,28.26818374213842
SY091823,24.1,15.9,29.095951970023727,24.52076401272639,23.643033286987546,24.412144077295146,23.850665716741258,24.181410840202865
SY077155,14.8,19.4,18.486328809276795,18.182821519119447,18.611011009475195,17.82944440308326,18.02828824992885,18.06391438500084
SY048699,34.1,36.3,36.583613960258724,38.44118739200043,37.11752866553691,39.04287330402864,38.700413741770035,38.46526991248112
SY094040,107.2,75.4,91.86532797821198,82.03439061115247,80.43929737678928,83.92107540027664,83.34442833228941,82.87654199323043
SY005537,40.0,42.4,40.40649115629624,41.725050234275955,41.42082113822781,41.497173641758955,41.505992410739694,41.47426789069961
SY027333,104.6,106.1,104.42379598698,97.04363852006412,99.26143480173943,98.41971838053178,99.23849195003473,98.67223330689407
SY091108,72.8,62.9,66.3773910434843,69.57475108082002,68.06184765016458,68.07974651878224,68.09598937499774,68.07437685819694
SY066957,125.6,128.0,130.24282423571088,125.47135354038981,127.44846509543557,126.78666802209008,126.89319820624574,126.98520714409372
SY005976,36.8,34.2,34.57892195078972,35.68865715269045,35.61716576852044,35.10966202981926,35.31405925771387,35.26191315142961
SY065160,37.7,41.5,40.62367406797162,34.940381912216246,37.65514657668194,35.829812999167245,36.77728877258175,36.37741307242165
SY097360,28.1,25.4,29.156089748582886,32.500335114381095,30.65963262914862,31.300941999013695,31.474982428918636,31.10854918805417
SY070419,77.8,76.8,78.23989165931489,79.21746836663328,77.68394732077135,78.37378070355334,77.94170624770673,78.16683068871873
SY024131,76.1,76.6,76.56611314217318,72.58104229833907,73.38925380004109,77.90885782224896,76.65887179769338,76.5529766155866
SY068108,33.0,32.5,32.75512883782705,35.33039401743123,34.546007312424024,36.9622134181282,36.63437680165033,36.23735158641695
SY020225,59.3,62.8,60.27095664100413,62.37197255555108,61.348963478326695,62.34662371465508,62.04904389258225,62.047325643756565
SY069816,76.2,77.6,75.53723464479944,75.76688700461219,75.67862737207689,76.75943045190243,76.62661600828959,76.43518952795476
SY097922,20.3,22.2,21.951581089148174,22.67660132840097,22.426435955785404,21.895280614801077,22.45674256912966,22.054627217096375
SY020991,22.2,21.4,21.424797866363186,22.70800174487909,22.961181995320935,22.626879421403775,22.81069482789423,22.72717019357892
SY048476,71.3,55.1,67.35654410906697,65.50242712606365,65.08418336861806,68.81060314274248,67.822242674345,67.69267721050515
SY011750,24.2,24.2,23.34073617713364,23.62494119738347,23.84741253424475,23.317512456184808,23.583500249000974,23.47648247960279
SY030223,39.6,42.4,43.03461196535658,45.360863731085594,43.75973093915424,46.17256392802624,45.46150485369134,45.44871403136464
SY090760,85.9,88.2,81.03638556449275,77.60434400070795,80.23542377190631,76.92046718852234,77.7850468181893,77.91495416353753
SY047849,65.7,74.0,68.63918073816882,66.49863745426397,66.92257771666456,65.76741343035809,65.99310258979378,66.11396271625003
SY060499,38.1,39.3,41.72075295024485,47.03667567662677,44.08994487623188,46.9723992675967,47.46972113523968,46.10766295018725
SY057136,24.5,26.1,25.874743882762033,27.420670497135433,26.601433524538933,27.144861480731482,27.097842825540113,26.981833093873718
SY026835,45.8,42.8,47.58957469719755,46.79206226235084,48.52465803321869,46.7497415210692,47.22061104574522,47.28221647471405
SY056330,21.1,19.1,20.409267654923923,19.540354782241167,19.339710150122084,19.548777643475525,19.538455869857597,19.48605739546949
SY078712,15.0,18.5,18.86771969209556,19.378682082617097,19.02167230844055,19.17189115534415,19.13115780334021,19.126825501273068
SY008517,16.4,18.8,17.113802998727486,16.331447120874508,17.179020802394056,16.169125497655607,16.342508957319424,16.47209408907714
SY082168,70.3,69.7,63.89158819414651,65.53312693669213,66.89765237955403,64.98340439191716,65.39699425615487,65.55767878820822
SY084314,26.1,25.2,25.13393521375872,25.25355028125706,24.9640498236843,25.21305018696678,25.030873017790725,25.138350077982032
SY055120,73.2,60.5,70.32982455622276,67.41056136632159,68.83406178296147,65.75179599917172,66.64979362805964,66.67647573430864
SY093747,57.1,57.7,59.252729862126266,61.081524497641254,59.3858511057582,60.22028182727835,60.5630344842726,59.969952610822304
SY000228,45.9,47.5,43.04146099994709,50.53561828610287,49.51681078399105,49.55773774317381,49.59547036529284,49.54545965541898
SY042276,83.0,86.1,85.79364557718573,85.9981517861782,86.34868206033485,85.3505305976664,85.73576587072886,85.64997603646694
SY048940,59.2,49.8,54.84063483213135,53.13777489094792,54.44613297556655,52.01799018851178,52.716014591795705,52.74643302462821
SY038526,36.4,34.5,35.51870543453363,34.20102322058152,36.02258051747509,34.12592157901621,34.82757781600409,34.694919260553874
SY079262,57.2,73.0,54.233427977054866,61.425707492014574,60.347037600165024,62.444672503279286,62.27969286845921,61.815382032345
SY011195,47.0,50.0,50.9214750867406,46.67837291651135,47.157198796953665,46.84038474276581,47.27048131143839,46.93542895902217
SY078563,59.3,59.3,60.56887317318606,65.9869683923005,64.6195898064667,64.3057557872745,64.46652722167963,64.39990599303216
SY044436,29.0,28.8,28.282261240329788,29.665978309866006,29.9408027486281,29.21651923795439,29.22518949612929,29.433804291156502
SY028572,30.1,26.9,26.909574366966503,27.17651800005202,27.270113027353585,27.400065763741868,27.433161732101713,27.36107994282538
SY087926,20.8,20.5,20.041864046449202,21.26830754707565,20.81462586178872,21.34106142847817,21.207254412033826,21.183130758471332
SY060352,65.0,62.5,60.540877026769884,66.39000429580454,64.12762469077998,69.35357816697658,68.13886963552685,67.78579212411759
SY039496,66.6,83.35,70.54762655321278,72.62490279299867,73.37199485640627,74.88401697556245,75.83244781604861,74.43041033981558
SY030867,28.6,36.8,35.6143097194901,38.64618370081702,37.938303128380724,35.25510124097938,35.99275299175834,36.06006180719978
SY052810,31.7,35.4,36.1014301000101,36.47881298989148,35.85042798958524,35.546798420083846,35.882034246497994,35.63788729093426
SY099232,37.3,29.8,31.880074012538135,33.611749095049106,33.05028987940919,33.07616213005804,33.37453928208325,33.06840045486338
SY087834,25.6,24.6,24.098770890032565,24.52787263247554,24.119296108325464,24.947273211951227,24.82990967604089,24.698880080863496
SY085287,63.0,57.5,59.50736218493029,60.159819172830694,59.74493713853511,60.169745086325406,59.9490718838399,60.04230270198832
SY015895,70.0,67.9,67.02185505312713,68.48556375508036,68.7890666719876,69.18071830137765,68.88345337976216,69.06322281256062
SY020847,76.5,88.3,67.69890649311019,74.31827078441717,75.0031728376753,77.97999035400099,77.3343617478526,77.08694509910327
SY062879,85.3,102.5,77.18153697499,89.32449865503028,89.32630215811895,87.42693475138658,87.72645334571166,87.99674497340628
SY066149,52.5,60.5,49.99507061871844,49.84479181149174,51.6649810872954,49.21704324549288,49.31596849763706,49.95142459803363
SY085853,26.3,28.4,27.33371908104077,28.976169873480526,29.291321180914444,27.98648097438478,28.227370737393336,28.377933036343677
SY090352,18.8,17.4,19.47451869379315,19.040209583259077,19.83966095900493,17.682184921132357,17.9024905691031,18.32942773249413
SY086577,78.0,64.3,74.13304964021229,72.81794063148543,74.85013733563632,78.22521933735982,77.59216691555416,77.21269473684276
SY046385,95.9,102.1,104.5570869029957,102.44820312129602,102.02250812016703,102.56811428232052,102.3562192454279,102.40443243367446
SY052964,26.4,25.4,26.730946872653014,25.80659839892101,24.76921024587346,26.748422336072885,26.214207348079505,26.154658709013056
SY001610,63.6,77.9,73.4754597160013,67.27713130490852,69.5951133019214,68.0087852760705,69.08425556951374,68.48468368382576
SY010813,26.0,27.4,26.270543883366788,26.683021177607618,26.722682842104238,25.46509461311073,26.081666973424515,25.84237108180878
SY079351,15.3,13.2,13.753677677696704,14.04762325533178,14.02331158862711,13.413151313673856,13.594701285517413,13.596199396159832
SY019262,81.0,83.7,74.29598265569604,74.67478473669081,74.46989200672847,73.8302358552176,73.89657660245214,74.02213270067085
SY091111,69.8,63.3,69.42691849691093,67.6521501306587,68.01123207509143,68.09613594106278,67.99598461798524,68.07066478127138
SY045326,32.9,30.9,33.29434535722084,36.79965460119849,35.95102472819478,35.426238359763225,35.55408278486462,35.58367427029269
SY084880,49.6,45.4,48.004073677444666,48.559928442204644,46.30822826620986,50.50370208061884,49.778963030144006,49.24505993629614
SY004637,33.7,36.3,40.351258537051365,41.78294440982775,39.016804429915055,41.930083903171564,40.97121425094513,41.05610006119461
SY036751,27.2,28.0,26.71975954510268,25.340189287212368,25.53847018347627,25.395666784466364,25.38201367672137,25.438507804169337
SY026976,84.2,80.2,83.83012570828078,84.26172312959449,82.94807510794918,83.05019740443772,83.33983347503599,83.01956071549117
SY047030,57.0,80.4,66.38764780667216,61.61175195142667,66.62016319071068,61.88617056790279,63.52321489405816,63.306368354745146
SY057667,60.8,62.7,61.09767551795558,60.71755000740539,60.36261896393436,59.56243515481134,59.652541528619544,59.802490297548246
SY047487,25.6,26.0,24.85685236463339,27.22584586914883,27.334240589949577,28.24791853086927,27.572542827222914,27.97381514859336
SY018440,95.4,88.3,92.53612014288532,95.03122065154676,93.67483261523711,96.03353144843416,95.52374694260807,95.32592179847504
SY001505,82.4,83.5,86.45574227987834,83.48385778921912,82.219293301082,83.5014631165191,83.2266242543106,83.11681217188797
SY066787,58.7,54.3,60.68543280091092,58.92559324229815,55.19117705335151,61.2907685479801,59.51756839594856,59.46089109959152
SY005626,28.3,22.85,38.27981988281831,26.172156663836326,26.31940320448799,22.619068572874177,23.310179882266354,23.72916896235832
SY075516,23.0,24.5,23.678297118408132,25.247456519051305,24.90196375165563,25.65549254136751,25.40827155912493,25.429433904453944
SY061593,44.0,44.1,48.369117760518314,47.76011163072617,46.13687156927216,48.65770294638146,47.89859486820393,47.90145353324867
SY060344,45.2,49.5,41.601028533001895,40.72453865321015,41.26635675323328,39.07155927506394,39.48319299941788,39.72999851851474
SY000925,72.8,78.0,78.44860969358803,72.70837904640032,75.80541508137381,72.70963765107591,73.40836667711957,73.63837088016527
SY065028,51.1,46.7,47.681608800348464,49.77805557946776,48.0807229384189,51.38483430373019,50.50566975728404,50.393600894136796
SY006117,13.0,11.2,13.6711861566849,14.664068392264632,14.253094063203832,12.996603074662568,13.245750014781487,13.373550371224947
SY047192,22.0,23.9,21.864297834956876,21.590358198828504,21.63305080819094,21.436135770400607,21.530253039510203,21.495210281737705
SY095299,28.8,35.9,32.889075985813115,32.281534764456694,34.00612654431342,31.95562818823126,32.058217280523266,32.57077769505591
SY012660,65.2,61.2,65.18725039139173,64.89633629287076,64.70629117519127,64.01552044530419,64.01737179353592,64.2227516642703
SY032314,74.3,62.9,77.8592414567353,82.17780925654678,77.39914286780511,88.21018527593245,85.19626191897555,84.96687255349424
SY055263,28.7,30.5,30.56114631958545,32.45318618209077,34.467868225148365,29.27007688284466,31.077056846041703,30.82941428553577
SY054722,81.4,78.1,76.69143001425029,73.47892938781212,73.82275014046495,73.68717089295659,73.62216292155674,73.7278446672091
SY024790,113.5,100.2,104.9848792536459,103.57649624991765,102.23837198615828,103.70708731804321,103.78810438970072,103.26647271847773
SY047229,39.4,37.6,39.12085172476704,39.069084542049396,37.556872570274855,40.96659385615426,39.809217008726854,39.94367747039044
SY021537,38.3,37.4,36.61297044452809,38.276019982505034,38.81825919069847,37.62299419776314,38.03824871509714,37.98157369564374
SY069091,78.4,71.9,68.16452354191131,75.66660787362447,70.91691710784556,78.49234563070664,76.62490937299107,76.21971707384832
SY041099,26.3,45.8,28.4139793872173,32.3171661850131,33.50618644694123,33.6810035945794,33.35972921117394,33.62855845028795
SY036551,61.1,63.3,61.637382563461586,60.040202163069296,60.213604478456645,59.26490661826978,59.498549385461814,59.549515976325836
SY090913,87.0,77.8,77.26525710418345,73.21173663343056,72.57844127569726,73.5975050573753,72.92451144643181,73.2917859228719
SY025438,99.5,102.9,98.92226527013834,100.77718903157378,100.7023605976108,102.4717884316293,102.09237141867553,101.94096008142375
SY052819,44.9,41.8,42.529067340043895,41.917949746108064,42.081174222838165,42.79498857540195,42.64727310206272,42.58084426963281
SY056581,39.7,39.9,44.11858866995754,43.91492807836113,43.45089709221635,45.0312121603312,44.824620564079694,44.557117639896745
SY018337,36.9,39.0,32.392401650081844,37.394177764621986,36.90639896675592,38.304032093325745,38.3834950374202,37.88474215535479
SY089124,62.3,58.6,60.70603410504674,56.54112030262971,57.80381206196342,56.40793010184542,56.591613361485635,56.826694689880824
SY003897,59.1,55.1,63.70597723379313,64.35289545904863,62.639205617646375,62.938918842572015,62.739255462487925,62.84900487509432
SY056551,83.5,83.9,75.80786852095164,78.80211198068056,78.94804083357866,79.38379215723363,79.32914928758126,79.25306676013713
SY044829,37.7,49.2,43.22496447649079,39.27487873248653,40.806698583173,39.143388336603536,39.596997470299954,39.64238141057437
SY097444,78.4,74.7,75.24869404601885,77.66901666109277,78.06674901685862,75.96552102394972,76.42723098134233,76.59588942182239
SY098187,70.8,71.8,71.77145072982978,73.28593367805011,72.0172127631857,72.9124824836774,72.99190759368193,72.64390156752988
SY056993,25.3,27.4,26.714172933419302,26.294697271920455,27.74648064152103,25.508440502544605,25.932862719387874,26.179852544237534
SY085893,23.6,34.2,33.55077595119562,29.032008823258238,30.01309550359478,27.14893953484676,27.967308516569737,28.008186325471165
SY092744,32.8,30.9,30.27431763057797,30.135363583378677,31.536575112868405,30.752734144024135,31.320891324159973,30.987886434677414
SY070626,77.3,86.1,75.53320097011695,78.93629166985494,79.52487121258847,79.96713367484477,79.84117806578837,79.83445493616787
SY030226,74.3,64.0,60.56768331934796,62.23114547078272,60.02309061021949,63.820446077005386,62.672426589418514,62.68123943696961
SY002651,29.2,27.0,28.14997315160886,29.233792243368676,28.467944849791426,29.375333304397987,29.05445851095358,29.103116768016015
SY019404,51.9,56.2,52.199067468000614,54.4570197987767,55.719799716491465,52.108629521192086,53.00156775455109,53.1919805797819
SY020366,55.1,55.2,53.24674891591397,55.971434048450845,54.022413029276336,56.55862967351271,55.56590083526666,55.7977646802418
SY068825,23.4,21.7,21.845368189815908,18.965602054036673,18.380589260287277,19.291543781194786,19.060926167999032,19.01825742492253
SY052402,38.2,36.2,39.569220653655286,40.985781716672115,40.22810258626714,41.52174891108452,41.24387117286538,41.133655013639306
SY036242,40.5,43.1,40.65464991810472,42.80309809106577,42.31927752248135,43.6697824415044,43.53981609834093,43.26463096579749
SY008992,44.6,44.2,42.8958276479812,44.488258522143695,45.246913909037026,44.289685902358244,44.56072973326881,44.57685430436187
SY070135,47.2,49.5,45.90319836236895,45.16031480173999,44.53411399221453,45.845461877689516,45.617234280407104,45.45205751204702
SY081465,93.8,103.4,97.89803083764116,100.1902157843029,98.27571500437152,101.23753592421127,100.44876291259348,100.34898964825933
SY067115,21.5,22.0,21.847448322134042,23.59798970192751,24.01247738465213,23.079155510633306,23.016466361780573,23.359152072838953
SY049553,19.0,19.7,18.09694298571344,18.009871353606137,18.81100154874099,17.13915163195782,17.71494257825593,17.64070660699277
SY059908,50.7,54.5,65.4304147716638,59.58819206361156,59.87113432281887,52.79564195640198,55.06827562140189,54.91828966632704
SY003489,20.7,23.8,22.47152513211831,25.193543315458783,22.80561255965671,27.86959547294233,26.66255473565063,26.350400598956643
SY059804,37.6,40.5,43.595094237823766,38.987229687808764,40.175766067006414,40.1346360487983,40.37338526914541,40.146975054260736
SY071138,26.0,29.3,27.360522658194302,29.335430701299916,30.177376928321117,27.512053910595036,27.956048408954565,28.31165081591286
SY067797,21.3,19.3,18.882858829837108,22.447070950972872,22.828013691837338,22.121330600627875,22.36919581205874,22.333335527990712
SY003298,91.1,94.2,84.58949999403698,88.37204906097895,87.09802551075789,90.7128247322169,90.11694369615535,89.62838496577919
SY028985,47.8,48.2,44.15356901074346,46.48253305734772,46.37907361756956,46.498472859313566,46.234856756639815,46.46265308679036
SY052206,39.1,48.3,41.01743125338472,43.54530761951341,43.69650575145455,44.88825413466255,44.639660387674354,44.530729619700146
SY078147,47.3,50.8,49.09271823929306,50.18677905853983,50.1145488891051,50.001966251895475,50.17588292449472,50.035741043058366
SY078511,14.9,15.5,16.392943072660877,15.623045280878252,15.095361618295199,15.631410351333916,15.497116833275637,15.4705957314223
SY086245,34.6,38.8,41.325192165526765,41.507810982866545,35.39113277832291,44.85492387416833,42.51092257015381,42.0157865454147
SY090562,41.6,31.0,40.616864648856904,39.3048623366284,36.95157087870809,39.182025880641774,38.93619953560582,38.512889380061665
SY021298,99.7,92.7,101.09425764326657,100.879797507939,100.83249896124212,100.14687154116186,100.5125532644503,100.35255976718592
SY090891,109.1,106.2,105.16644238364555,104.05035539310393,103.03175612199716,106.1096566247082,105.75785482832545,105.18628647389488
SY010801,14.4,11.6,11.977650945083768,14.399342173705103,13.708074064431399,15.870222709563492,15.470504044179435,15.221578116023863
SY057606,36.0,37.5,39.89576356253441,40.37985280645526,40.777799454277954,39.81754825221941,40.05274067440947,40.10562361283697
SY058396,23.0,63.0,28.65868601881959,38.83215793236278,39.83777733306688,41.75698995008744,41.25293459627717,41.18122616498127
SY077048,44.4,47.6,46.23333877786119,46.08303644307577,47.11353967908753,44.203068647235185,45.02027899583249,45.07620995679089
SY074119,74.5,77.5,75.4299599308361,77.17374210185264,77.981193740547,77.63590382331108,77.6911560242988,77.73949079848185
SY048641,38.6,37.3,39.26146047338843,37.55115426499992,37.17202029778921,37.37717573622828,37.52490178063744,37.315629104696555
SY022060,18.3,16.2,22.934699970959716,22.162814665347682,23.184674327219742,20.02757088093985,21.24643913370939,20.974701914823818
SY048965,49.3,41.4,51.53247122440187,49.870261724883214,51.43810966696236,46.48886236938058,47.812051921831085,47.97363655865511
SY040092,30.1,29.9,29.352091557290855,32.39479838062206,32.62482461984153,31.825642830130516,32.2582549328412,32.06539736704382
SY094281,42.2,42.6,42.92792196003385,44.166827825134995,42.69995559185545,45.19037992363204,44.79377893055095,44.44325262409906
SY006323,23.4,21.1,21.20210612269533,22.47173139234766,21.956731202317346,22.148828332916874,22.072747869477006,22.091199193737015
SY004352,28.5,31.2,30.347932028949202,30.96265079891582,31.181822364527754,30.963494659102537,31.101057878743376,31.0289929707301
SY073174,56.9,65.6,59.47112486578354,61.302947239637945,63.13367627593964,60.93497040323778,61.79933436027116,61.59458216504834
SY027412,43.4,44.2,45.983759563890516,43.66834057417319,43.11279819231956,43.11570734814812,43.04862098233729,43.11483460139955
SY044035,17.0,18.0,17.89747209754783,16.76747256170137,17.256692314441317,16.680096346079164,16.941200373217193,16.853075136587808
SY086962,59.3,61.5,60.188985755559,61.36598079757776,60.95497853948068,61.57834646623705,61.386009144978146,61.39133608821014
SY081798,35.3,29.35,36.864836695327185,36.422515409471714,38.32030789012203,32.81184911851112,34.69246481107553,34.46438674999439
SY090856,17.1,15.2,14.699387844140245,15.338853407994996,15.392526769108365,15.200821687576319,15.160149277987637,15.258333212035932
SY026148,69.6,72.6,69.02986803701849,70.66778175988756,68.84433859105363,71.91462978373501,71.39661135248664,70.9935424259306
SY011687,38.8,39.8,36.93988614760635,37.310802625766264,40.48331248184422,36.75811857670648,37.31591203926649,37.8756767482478
SY024779,23.3,21.1,21.16663470755886,20.415624910653364,20.88804295793922,19.925980772431455,20.07750394622102,20.214599428083783
SY031535,80.7,88.6,87.50502547238365,90.01992832852764,89.20140814633568,89.28661117311835,89.12799913138275,89.26105026508354
SY051113,56.2,42.9,61.03033533416578,56.310147839399484,55.74593784232095,56.75173216259977,56.24238858084309,56.449993866516124
SY008359,26.7,29.4,29.726570525917477,29.90092115848337,31.008380839225005,29.403334657330724,29.966958255614827,29.88484851189901
SY072852,70.9,72.9,72.38906289209123,74.69011887657373,73.97514357943496,73.61726989309093,73.65332919269613,73.72463199899414
SY063239,33.3,38.4,35.614610892273774,36.53031796558521,36.164644577393716,35.55754301444584,35.687186979129116,35.7396734833302
SY027139,58.8,50.9,57.791144789372495,60.98868468405037,58.2971711134156,60.433910256708465,58.905535464340815,59.7928885137206
SY067037,49.3,50.9,50.374904462201705,50.2475875454748,50.64866703801806,49.35027738722339,49.66498615780152,49.73979428246179
SY044804,23.3,23.6,25.781763343645494,30.273770476834635,27.942673744573774,30.27536226352941,29.633955049446755,29.575555707842717
SY055157,23.8,22.3,21.969389619250215,20.910053351054636,20.93722339092241,21.049658805479517,21.140164994724323,21.015928181112383
SY055149,100.6,92.5,101.59600698157054,97.77067978145911,99.06170762765083,97.81524373612741,97.97097508319901,98.18918290358442
SY049642,54.0,48.6,44.72386004109867,51.886906986845645,50.90012895540846,53.28852911236036,52.90715877919673,52.572009065274784
SY092250,29.0,26.2,34.864362946701284,30.585822952735136,33.87695011006289,27.1868062788332,28.577762517092367,29.193849428202107
SY074989,69.3,64.9,63.875913457250405,63.59081435085163,63.19960115723811,64.45255464098844,64.13337047508399,64.07666859586334
SY041868,71.3,76.1,73.52094249816865,73.87548900161387,72.35257902416913,74.22726269071183,73.89019226360006,73.66485759074901
SY095967,57.9,62.7,60.410682784542296,59.25012043577321,58.943094711742944,59.919009673020376,59.64332113567332,59.62623518463714
SY075005,41.4,41.9,40.06589071602846,40.57228314135844,38.54606601326259,40.15769950947201,39.81667885357546,39.674209460609184
SY067839,60.2,47.5,56.57962043474327,54.266040435146024,55.34034697254396,54.47296833210938,54.95861076856684,54.73318192423975
SY025825,26.4,28.05,28.926242389728394,31.877187489791453,31.129582200023968,32.47761234947426,31.21986916711412,32.07320330463917
SY028429,62.1,51.8,52.59722551856252,56.18166189610956,56.07395498577149,58.52891492749235,54.307536878454755,57.792426944976086
SY036741,121.1,75.5,98.32328039912174,123.27504223802185,118.36526031001523,128.94532738663398,126.73489324601066,125.77130726364834
SY068100,39.4,43.0,42.1573907321517,42.933784231159976,43.3508124762322,42.63110630248154,42.671485413408526,42.84701815460674
SY044576,104.1,86.9,97.35243374613448,96.90882355152308,96.08727980644845,97.3833491499116,97.0890125731768,96.99452834687264
SY096450,52.2,54.6,51.44308065949502,49.92823569152496,50.22105716375846,49.6405957394398,49.834248827245986,49.81473416673539
SY089650,39.7,40.9,40.13333468241996,40.54749733519626,41.569698997209855,40.63762614236216,40.85270397489929,40.917247998816464
SY010921,48.9,43.4,44.707434579710444,45.879523115988064,45.91332152850255,46.35564823321883,46.514256118295805,46.22295022180394
SY056546,51.2,50.8,50.78341889950828,53.01973459340338,53.68612230519676,51.762703644249996,52.54199293954128,52.33972924253402
SY051833,44.2,45.5,45.2905433747982,44.676359481743276,44.282292011271174,44.61509789149359,44.64429427737764,44.515256127426866
SY082440,100.4,105.5,106.15924549559949,98.99123636623956,100.27336014606448,102.20724680893449,102.00301326056118,101.62708081007348
SY028874,54.5,50.7,53.94189210787614,53.80154932645159,51.55947896506346,55.7418161236439,54.35986409153182,54.48711497606976
SY038989,48.9,48.1,49.54511779479977,48.69804970503999,50.32072153761393,50.22025400581287,49.940110641453785,50.25039426535319
SY077018,36.0,33.0,36.18852448292178,36.59476537557579,35.56728570000129,36.336160002521105,36.144864246774944,36.10549771176516
SY026164,18.7,23.9,15.348710871556499,19.075937174136048,19.84162366194426,18.488465383686712,19.254455550688114,18.894412867163975
SY038059,25.0,30.6,26.262807589357898,34.28281653171157,36.34831734645958,35.84257524309258,35.788894059468106,35.994297874102685
SY082689,107.8,102.9,113.67361382786538,105.36422929898043,106.43580474742086,105.74373574252657,105.90470732320344,105.95135644399485
SY032162,93.1,98.5,96.04555982807534,90.14438480679115,91.18941539036167,93.9125838431121,93.40324470349957,93.09563330728697
SY077701,23.3,22.5,21.579954230781173,21.923592901479335,21.909895336237796,21.623687644812158,21.702049243844638,21.709549952239847
SY055811,59.5,59.0,59.57315781488233,59.464325847617545,58.574576439254855,60.84408195063416,60.446428710095,60.163230297220366
SY075903,23.8,24.8,26.720972850108733,24.7302782212698,23.225317687728428,25.192191675872902,25.463781183019073,24.60212947942956
SY064000,56.2,59.6,47.074012044971084,48.27205827137897,49.92576881370973,49.35218846915002,49.66710751767721,49.52426257251793
SY018643,28.1,26.8,26.50920987384458,25.27247137472225,24.886925238042704,26.205615797376446,25.871259092928693,25.81000862957632
SY095113,23.2,41.3,27.168848146847296,25.232419204663067,27.380723772953424,23.03318960018979,24.782299206121117,24.337449852018878
SY083288,28.3,25.8,29.323295647537968,27.797840151990215,30.971096586636484,25.788001406922746,26.985328757299143,27.342929960836862
SY030290,27.5,27.9,28.569191145103343,29.73328933782507,29.806641556785667,28.074027519812933,28.69944147733514,28.59381173090475
SY079761,48.8,47.7,50.81792863727953,48.68675324344971,49.13043500673241,46.870302192097945,47.280330957211035,47.54834203648828
SY079606,65.5,93.6,83.57505189087263,83.54292369925788,88.38176175408212,81.59537682346169,83.31335617776827,83.63129230264781
SY051802,85.1,58.25,73.7357019637052,68.66233202430931,65.26566140406173,69.63308151120657,68.38317881311467,68.32285547906312
SY034002,88.8,114.6,101.79641755697543,94.3089845843347,94.09953527729473,98.93064096841702,97.72297036702378,97.48130926108033
SY045521,28.0,26.8,25.948187577492668,24.102592563654802,24.632590826518587,23.844945554655617,24.21723454570946,24.081239136214506
SY057693,59.7,61.9,61.35521409274142,58.313715926759926,59.74869537993434,58.77255389678023,59.416939439417746,59.065396341726455
SY038447,28.2,30.1,28.509294583401275,29.2501455271875,30.441211595977773,28.328660898236716,28.79491496773983,28.962426107559033
SY099415,67.9,66.6,71.14518776694906,72.01368126784628,68.78216961583152,70.51777859260616,70.64744954866876,69.99709589957376
SY077331,27.8,28.7,25.29941057583365,25.41015612030698,26.87938039108702,26.016658436009834,26.29095383782487,26.27547502253299
SY079783,54.1,49.0,50.38697924905889,51.95556675669535,52.43814456372068,51.341730808012265,51.619586261200844,51.67065493472478
SY056031,35.7,35.3,36.98641589073635,37.00261409472581,35.52876771650571,38.781596009013846,37.740063268539174,37.8057475212614
SY056647,25.3,18.5,21.79824038407399,22.93221586193592,22.526383532500304,21.995204571939514,22.06394500284724,22.15455826010775
SY090157,58.3,53.3,58.484303670849094,57.65888821762971,57.958954244826096,54.830528702135474,55.76026212504752,55.76905636494266
SY074677,76.3,60.5,63.571141623375276,63.07546681053203,63.15579841936809,62.52752199837649,61.26674760431558,62.71600492467397
SY090097,20.8,20.8,21.51373646792881,20.864762708282928,20.841659638511203,20.742594068723335,20.65002621121055,20.772313739659694
SY029517,39.9,43.0,41.391686023073056,42.21507717843481,41.90237930122705,41.56348847776693,41.35146147121227,41.66515572480497
SY093417,50.5,51.4,51.60282801115883,52.05256694010827,52.54998748137769,53.17161146312402,53.35567635949255,52.98512426860012
SY083482,21.2,21.3,20.444792895877786,21.181262338940233,21.68496219390659,20.23979134070502,20.52232958074822,20.67334259666549
SY082550,80.4,81.6,80.59651664111401,80.51984836773029,82.01038430101886,80.29236944575277,80.81069673642243,80.80777390233258
SY033121,93.3,91.8,92.42934803620071,90.23006847005416,89.92803453748766,90.72751229169984,90.47055694008824,90.48766896543617
SY097267,65.8,54.8,63.725612915395736,61.24865794509905,62.1640699446224,58.567528759680116,59.359737006454736,59.646491115162796
SY089534,22.6,32.4,28.00201380855154,29.467959165494136,30.459295232940228,29.405210170736712,29.908680781375708,29.721435689397765
SY048350,76.2,74.9,84.05335881909484,83.29678307088082,82.36721654438308,84.32736009326757,83.71458759511479,83.73931702860222
SY075241,55.0,44.1,41.45788523807437,49.832661462992064,47.51525244442111,52.129670403614796,50.39529976355698,50.745345015856685
SY004198,17.8,22.6,24.907556912049255,22.7193448147208,21.67002195851688,22.444668281240016,22.185957568283385,22.212274384423075
SY031047,38.9,42.5,39.141150465785245,40.94581393088808,41.94921443384016,38.52586641350981,39.482229518428326,39.55287081960891
SY056513,49.6,58.9,54.94371695994012,56.48958592354026,57.67781708714393,55.68172129029114,56.18854511229118,56.28055002934697
SY024758,56.3,56.9,55.20704779928831,48.972099050852826,50.522820358337064,49.96403465188443,49.87385175686385,50.13167036382022
SY022374,29.0,27.1,27.09451210832092,26.34699463357224,25.53986969924846,25.133838463210772,25.146548339729726,25.255647834022078
SY065418,76.5,57.7,59.17224774696336,58.97202622024916,59.41463721611811,58.95810287446854,59.218457308508206,59.09506317696341
SY044652,88.9,82.0,86.3294084786024,90.84264204439286,88.7363716521934,90.73656036583101,90.14476174118097,90.13650375173972
SY039331,53.1,48.1,46.283642594120465,45.51002846707372,46.34609678095589,46.75121050533515,47.016675576424085,46.62967638802137
SY059765,83.1,83.3,78.85004133922693,78.53394712423153,80.96705283671844,80.30735269057963,80.58671032542468,80.50526273442127
SY025502,42.9,33.6,41.34084498930053,41.0998213384325,39.09610518740905,41.7393732038607,41.09529189200542,40.9463927989252
SY031837,36.4,43.5,37.87332876417046,37.718132014530724,40.295100662417155,37.27112427531362,38.16063335336844,38.17831719144468
SY066132,16.5,13.3,21.79044719259916,23.59249040579683,17.548549078707893,24.010429233210534,21.567256491205615,22.07186518685974
SY027504,44.6,44.2,43.00867096886659,44.81317857156578,44.50126081701915,45.11158335487997,45.19718555315394,44.928486593521725
SY098572,73.5,75.7,67.7226906783331,66.83964665544381,67.35962837667333,66.74072078739448,67.0259188623101,66.92639306417813
SY016284,74.5,80.2,74.3035597259896,73.93638075726338,75.42404567866186,72.48510715856482,72.96735419314345,73.36678871459392
SY032870,97.3,100.0,100.63309810580553,96.7163968372453,97.7991985711154,96.48090477702529,96.95018909487314,96.87639291525232
SY007299,17.3,18.8,17.413951815834444,18.13518345895804,17.704035188833863,18.13186653150293,18.067009011478834,18.00351712870221
SY073218,33.3,34.2,31.722339295009736,33.308957693156366,33.364346408968586,34.63665284114628,34.196843367445744,34.25496091149297
SY079536,75.2,72.9,74.78857393377142,75.11002759474346,74.44535475779611,75.06064269043736,74.95591244741587,74.87605631064498
SY073876,16.2,15.4,14.669967227330716,17.087879949859314,16.647076481410824,15.657762392782505,15.742522577072137,15.954556619371001
SY058978,39.7,37.8,39.11017354452361,44.140518779357706,42.48939729011541,43.4383467966403,43.471519261335644,43.15366194468283
SY099611,47.9,45.9,46.68345249889402,46.42975195008697,46.86264431378051,45.80926610880461,46.16877429448385,46.12527957029738
SY045006,31.0,29.0,32.77084001876414,34.767581250064595,35.11751028367066,33.35647736997155,33.806801586349856,33.88478724408128
SY033902,86.9,89.3,86.26735445532415,81.16411532136787,80.98034798352259,82.20993744247879,81.32660846400962,81.84106060479192
SY069312,56.0,62.3,58.7988033913329,58.44814372243722,61.18085939345455,56.45379995253219,57.72641572915558,57.871917784808886
SY030647,75.6,84.9,78.35420851298765,75.7258571030833,79.32513656695453,77.54533950580796,78.42646021870034,78.07927862415193
SY063826,37.3,36.1,36.13229953543853,32.09204336857404,34.41905478354887,31.28912693090366,31.345951077153128,32.22810528669722
SY054675,54.6,55.8,58.39874873880296,59.0778709825704,57.38521134190184,60.92228758168096,59.814357158851934,59.861164709747214
SY020906,66.7,77.8,75.97466577471884,75.75634227415867,76.63636298292906,76.6756707522413,76.62554365223633,76.66387842144762
SY074130,103.8,97.8,101.67987696029786,98.37352572839575,98.23825342375719,99.40799478392577,98.90896615632795,99.0570723758752
SY019261,103.4,64.5,83.21917407417536,90.66789411420254,90.94729571710855,90.04002909378296,90.10179865703799,90.31220908078063
SY082221,89.6,94.1,83.47512297066616,88.79008159019462,87.71211904508625,90.63915631356778,89.79823321913085,89.76104513302332
SY087000,55.1,38.6,49.701169290062516,45.3870688083373,45.132566737476786,46.51479035729209,46.90200794488665,46.1001232713475
SY003083,39.2,41.4,39.7107641198479,40.23381580441769,39.258936927773036,40.823483038936715,40.6114636772963,40.35411920558761
SY092178,15.6,15.0,15.82902019495792,17.6695772324454,17.71657836650815,17.562522554826852,17.58401881599054,17.60873929833124
SY072664,26.1,24.9,25.468815048992564,25.707250969842647,24.98236646297151,26.169288778737517,25.90717412422655,25.81321208400771
SY091610,84.1,81.2,79.84457167959411,80.61093241215784,82.20270419249172,78.84484712981254,79.83980892648404,79.85220424861629
SY079056,24.9,26.6,24.1449253007594,25.70801573929038,25.10841117382912,26.564111549475008,26.300716850803894,26.12740143678124
SY084898,60.8,57.6,58.83028451885447,58.24612226000025,58.93092442286905,57.509234062619406,57.948555889750274,57.93574117069429
SY085605,34.6,39.8,39.935562036420045,37.82951442745814,38.2331818644422,37.7303212296354,37.705869642080884,37.88117942007744
SY022217,23.7,28.0,26.025846712805194,26.611443562903975,26.812348140778745,26.890010479163617,26.858097193425216,26.866711777648156
SY029656,34.1,32.8,39.03396390542462,48.69024151849446,44.525391324458376,36.81907763195291,38.2578051856482,39.13097173970455
SY087742,59.0,63.0,64.8459266416606,64.72441359298304,64.33775740426316,64.38058018636652,64.26277154981395,64.3677333517355
SY075301,36.5,49.1,41.13958115504485,39.83843050645568,39.32636252792494,38.92707935355861,38.80453119953123,39.04686430586851
SY030308,25.4,26.3,26.119945136646272,26.14829200166891,24.943954460377036,28.29101268706632,27.55979573851159,27.286895219059534
SY012338,76.4,64.7,68.61608074669178,63.991555464360204,65.48878524087263,62.537264155265255,63.466643250506124,63.42272048094746
SY033737,53.0,52.1,52.64958093722589,50.93119584133673,53.045027644000236,52.069916219638095,52.409667885615605,52.36244964694673
SY001831,60.3,53.2,56.06894775720133,56.31055798236403,54.36555045280349,57.170292026557675,56.29861208739824,56.32886955443142
SY044932,39.5,34.2,36.48269916582059,40.64029042727482,40.57051951313929,38.07749430255209,38.55902488110354,38.825401865728246
SY022557,75.4,72.4,74.29538857600343,71.23475457909245,71.48898230947879,70.28395121019219,70.59390321179481,70.64546053997816
SY016807,37.6,57.4,44.48979033443501,38.59367274717064,41.04778807585806,39.93511523892031,39.59888555610627,40.268917090001636
SY073205,70.6,71.7,73.61804341745163,72.47101552388452,72.33676391778792,72.19674999679826,72.23091708161384,72.23875417309516
SY085721,20.1,21.1,21.889928332943324,21.133257668266786,21.10657299152912,21.455719022628642,21.55139895882566,21.350975213298785
SY030303,78.5,85.2,76.25016391245707,80.57402125203865,79.41049892449186,82.25685942191683,81.3938010420411,81.40295127268934
SY097817,17.3,18.7,18.203600437473277,19.194454914615967,19.083763365692704,19.776142267797344,19.64868376809732,19.56842859716595
SY099403,26.7,29.1,28.585710543844648,29.000652253877284,29.00847570771564,29.38250995259669,29.22775651126544,29.27029967913237
SY036425,117.9,114.5,111.72704677673782,113.06975115261905,112.34496303010452,114.93425024288074,114.2052196851896,114.15746407904786
SY008725,60.1,42.1,61.05969292101275,56.2157352571183,54.13123366322418,55.23366997063359,54.723510913545255,54.90293907841077
SY042679,34.2,30.8,35.65018901027112,40.262502516345926,36.60350738814884,39.81979260095043,39.822809548667784,38.85490703710995
SY056632,60.2,67.7,65.74402096830686,66.6543047088599,67.54214227543191,68.12016546100848,68.14963606982778,67.94675850533551
SY091794,17.2,18.4,18.014643913524004,19.164489786952778,19.34253615038773,18.615725734084236,18.851612017240043,18.833768858975283
SY054836,82.6,89.1,88.5712507950583,85.28876828874192,87.31362918133627,88.88051076361462,88.65126366260958,88.41044628893111
SY037664,25.8,43.0,41.80293547885158,37.850737706546234,38.916432114128995,36.57342718553648,37.26282536760094,37.27632866411423
SY068294,56.2,54.3,54.055076503221485,51.588183049102184,52.258774039771446,50.60112508840358,50.88984664446345,51.09841977381393
SY005883,20.7,17.700000000000003,16.65758648404515,18.624824022435458,18.334347816934994,18.185249217308886,18.35711625864293,18.22997879719672
SY098851,38.3,39.4,38.53356120429378,38.02088921716907,38.274900505776166,38.94908196125938,38.65072027466228,38.74682752461442
SY089955,25.8,26.5,24.649517244920407,25.934469417038073,24.395050096625212,26.646556831883203,26.134960180776833,25.971104811305803
SY075946,71.3,45.6,63.52410100695988,68.99914530200715,67.50705832632171,66.89801447214055,67.80511892587738,67.0807276283949
SY049798,37.6,38.9,36.67985331579663,40.06432064947454,41.41781818123649,39.107360705653505,39.727433519471624,39.8004979483284
SY038614,31.7,37.5,32.244290062361046,40.71692821164349,38.11326638064646,40.992966328462856,39.45532360566079,40.129056344117934
SY010463,49.5,48.8,47.35282672682281,49.64248774620316,49.69898354831212,49.01889315030746,49.07538292618299,49.22292026970885
SY029397,54.4,60.7,57.878116376927984,58.52150930047633,59.309545517741,58.37241504667476,58.536765149391556,58.65355418799463
SY062468,16.7,14.3,16.49681007171111,18.179746777965907,16.444394096002178,17.30960685410607,17.242608180382994,17.050043026674903
SY036321,49.1,41.3,45.70430109762162,46.065569771758,46.43273487009371,47.29336459412319,46.988646072653395,47.03517567691435
SY096616,48.2,51.7,50.7746764290469,52.245905312158214,51.93057269956333,52.298183991261354,52.3589290938241,52.18790060375194
SY093228,68.3,66.0,69.59816753988378,67.15694397698292,65.53765398344547,69.18876731439006,68.49695066551243,68.09343331510668
SY094439,98.6,97.8,99.55347581957506,98.93594820835432,98.7303039438872,99.29819654495876,98.83412969754445,99.12782876463729
SY032779,79.6,83.8,81.31422580586158,84.34221685712453,84.34308860822037,87.70109770267086,87.22966614557569,86.69369497433571
SY062645,73.7,75.5,81.95749245249564,76.3569917973856,77.77598647038447,76.2336552130921,76.39172701069737,76.69635459027981
SY038244,47.7,48.3,50.95071659295999,49.79385843640166,49.520695780909534,49.139394187770336,49.0720941457172,49.2537846657121
SY023096,11.2,12.2,13.613504719620623,13.896523527767442,13.32535552575779,13.986983232757222,13.72811132574029,13.788494920657392
SY031375,111.6,109.8,99.07297331405955,103.77541339103368,103.07892773091207,104.95387693471969,104.26339526397653,104.3913921735774
SY032344,55.9,55.4,54.46041374163253,54.36776612203417,54.20864369982394,55.288695723144734,55.21313729294766,54.964680116148486
SY082866,26.6,27.2,25.45046123070733,26.131046297509563,26.361787024389592,26.29363265878621,25.95915460988853,26.31407896846722
SY027114,79.2,85.1,79.59442357907649,82.87706908720398,83.48851303708936,83.49204923740761,83.20617694002084,83.49098837731214
SY004498,19.5,23.2,22.66506419043822,24.21573147342143,24.22586409161051,23.457110622321487,23.77769103886682,23.687736663108193
SY021902,15.7,18.9,18.12980291160213,18.36248807882263,19.01111752124182,17.875421648770534,18.292995030943775,18.21613041051192
SY070109,21.7,21.2,23.281075923552944,24.878517601831128,24.434953293313313,23.982104896924238,23.975937688585756,24.117959415840957
SY063487,85.4,72.9,82.40174380564343,82.20403198931778,82.30466416228072,81.64576159572452,81.50396623197139,81.84343236569137
SY087852,14.5,15.7,15.629653359045266,11.791661827356686,12.785506476486649,10.38924073646331,11.063805463217218,11.108120458470312
SY025130,37.6,37.0,49.527080003648244,42.03435885715984,42.60482994338228,40.30512811905186,40.15091284761097,40.99503866635098
SY001720,41.7,37.2,40.03282577518887,42.46526885317096,42.36529726806771,42.39429510711907,42.66555588912006,42.385595755403656
SY013201,88.4,96.2,91.90287431333759,91.39082382496184,91.6836710560552,92.24091058041422,92.2483473816944,92.07373872310652
SY082502,66.9,65.7,65.4377824877664,64.0726559792476,64.92484715604988,64.3867762824543,64.53921968956655,64.54819754453297
SY035845,33.4,36.7,35.83983477366842,34.52733009898979,34.99065932497825,33.48074175063398,33.88001240660638,33.93371702293726
SY088518,40.5,36.6,36.776501595149995,38.73456750236429,37.516531191525864,38.88831601805144,38.953147581961744,38.476780570093766
SY045178,21.0,16.8,18.65250732178891,18.330592178513797,18.193119279390856,18.28462497642924,18.18814031710454,18.25717326731772
SY060631,48.1,45.4,45.941172545490915,46.254934872775436,46.00156928032957,44.998611151984576,45.14854656404963,45.29949859048807
SY002261,73.1,73.3,71.25960729411166,73.59367653384032,72.68415773726333,74.16653946498437,73.97560612126726,73.72182494666805
SY087068,47.4,52.4,47.342335474566816,46.872115669941735,45.227711994499785,46.595722760888634,46.33191352803817,46.18531953097198
SY050387,63.8,69.4,69.44339473872684,67.59300303002013,67.81099268837148,67.75352686607813,67.60159448304856,67.77076661276612
SY063642,47.9,44.4,45.17571333036274,44.920838372783116,43.883585550495425,45.78174711739259,45.04672143396748,45.212298647323436
SY004765,18.2,16.9,17.34625877972993,17.616812257291357,17.958627478684605,17.12146520583646,17.319359431191756,17.372613887690903
SY021336,54.1,63.0,62.20206512732046,57.72903355653453,59.178032625633676,57.428079012673166,57.79596666185762,57.95306509656132
SY010631,52.1,48.7,48.296985331921825,49.9592454835992,49.96371694914765,49.79111102631091,50.08834257568821,49.84289280316193
SY017341,72.0,86.1,74.80778797033965,81.67583253267594,78.99578169844413,78.91787801524808,79.92764572310978,78.94124912020689
SY092851,48.1,56.5,55.29678444229792,49.03104785515719,51.41062434758571,43.92646980799456,46.500411606699444,46.1717161698719
SY030552,57.3,54.6,57.883964226272916,54.04936754064076,53.44551999324146,54.163845501417896,53.7638104790522,53.948347848964964
SY008399,56.6,58.9,58.042873413771105,55.063212234754,56.27558507730915,55.469110731143516,55.836250006147445,55.711053034993206
SY046564,27.9,29.5,29.91876704158252,28.96764066703134,29.990243439367703,29.54690683495064,29.9753798161555,29.679907816275758
SY016574,51.6,51.6,54.08002401056131,51.04039183153297,51.4140698777256,50.23385856532849,50.57906509849402,50.58792195904762
SY026145,23.1,22.4,22.485166559321183,22.571860515172382,22.994100145493704,22.75910666970605,22.931922343304617,22.829604712442347
SY066197,62.8,64.1,63.36962288939552,63.74178618765794,64.13546850380287,63.32676738418204,63.51513434175814,63.56937772006829
SY072485,63.3,62.4,61.32167546851583,59.36838250421337,60.093889340911886,58.18146073233629,58.72782021723908,58.75518931490896
SY099727,91.4,81.8,97.43737046567973,91.32798153492078,92.03836867189952,91.27926284090552,91.3494696002135,91.5069945902037
SY007188,25.9,28.0,28.220389840287503,28.50706875605607,29.395108863349154,27.099596594799465,27.690488461879283,27.78825027536437
SY000181,21.9,25.5,27.033439551127827,27.097601578172245,27.491306181432435,26.03057615375525,26.547616038109307,26.468795162058406
SY057499,28.2,31.1,28.306800704654115,28.779929389235562,27.96495153049046,28.378932148092293,28.190017074339565,28.25473796281174
SY040613,54.9,53.3,54.73170593766824,52.65228109272814,52.73698153892702,53.80718092981457,53.63864153480103,53.486121112548304
SY046545,20.6,22.3,22.066701681764453,22.75203996660666,22.487482494876716,22.74731021613631,22.633826907915175,22.669361899758428
SY082598,47.0,40.3,46.62982232242717,46.381264223207424,44.37404762753642,45.043535134374864,45.19971284515462,44.84268888232333
SY031181,55.0,38.8,45.64494578305637,42.519603540181464,43.137002518338946,41.489598208261654,42.00290958621275,41.98381950128484
SY069688,19.1,16.4,16.91974223525289,17.167794637480423,16.693227885720574,17.583954963750323,17.476077852693642,17.3167368403414
SY023330,16.0,14.7,13.819382725299164,15.709297220429324,15.485610111719513,16.2669295924862,16.214103711612797,16.032533748256192
SY037741,93.8,84.7,90.20107580162842,84.1738949829164,84.39077504933641,84.54260214163983,84.61238848132285,84.4970540139488
SY088741,24.1,26.3,26.946661727752026,26.744397574103353,25.380795190824486,28.06689285263994,27.290716786808623,27.2610635540953
SY031278,56.0,60.3,48.70643479608551,49.38449051455057,49.251053310863696,50.31094941407281,49.970557844063435,49.99298058311007
SY015050,40.6,34.1,37.39713957986205,41.78992186663458,39.59493250007341,40.61526645892057,40.18943890448331,40.30916627126642
SY043714,22.0,20.2,21.59803049716044,23.010519223752674,22.421592807634315,22.766141105076834,22.665262345389344,22.662776615844077
SY030509,23.1,27.4,23.00801046911339,26.959470050671747,28.02703662019534,25.862556961603794,26.448815211300676,26.511900859181253
SY098638,100.0,97.4,95.82277188104865,96.9091548657313,96.55667944776336,97.12691638906473,97.14281293702389,96.95584530667432
SY059132,77.8,74.8,80.40223835657181,77.89738938994779,78.41288262840686,77.4195959178631,77.75670670212673,77.71758193102623
SY040612,41.3,36.0,45.13235590195314,43.30075085230051,42.6429484922646,41.23514343360648,41.58334001949713,41.65748495120391
SY025342,43.4,28.0,36.40742373967483,35.535987226989434,35.61410505053437,35.05877359612292,35.405815507220154,35.225373032446356
SY022335,75.6,78.4,73.173039838223,75.28719071631986,73.30164443919914,78.78795124832335,77.76646671481986,77.14205920558608
SY073788,24.8,26.9,26.285387267275755,26.651826977117835,25.12078861315861,26.255640704771242,25.85074991944496,25.915185077287454
SY048846,52.4,52.9,55.63294988814165,53.123296688655046,53.21081856020645,53.17374163911901,53.44891390889023,53.18486471544524
SY068231,67.7,64.5,66.53570232184181,62.74756343479603,62.98354508248457,63.75794725056763,63.327244849269846,63.525626600142715
SY034599,51.5,47.1,48.391704788707095,49.430228946073655,49.74533999688921,49.15434161979797,49.30888218088078,49.331641132925334
SY075392,41.1,38.7,39.061225068574345,41.27287215756395,42.49973262104142,42.05089912175568,42.46056287059936,42.185549171541396
SY045883,47.1,43.8,41.19535868211868,44.412814055731104,42.95024671785226,45.75816088363108,45.64209891622413,44.91578663389743
SY070740,15.2,12.7,14.942230056025979,13.746251296385509,13.433825411278882,12.70773270644131,13.023851637690068,12.925560517892581
SY028060,82.1,81.9,80.04586074288264,81.62365995383101,79.58334232899873,82.06484631646826,81.30408660339123,81.3203951202274
SY081811,50.0,45.7,50.282599650590626,48.22053466303318,48.56911045970462,48.49235884683757,48.50872622410117,48.51538433069768
SY084516,91.3,92.2,95.9867460558127,93.91344867590594,92.43596706871035,93.76132612044323,93.62277357845028,93.36371840492336
SY065585,64.4,65.6,65.09797267007887,64.25490404459765,64.26077443321866,64.97803150467794,64.90589600358003,64.76285438324015
SY084383,28.5,25.4,26.650663897514097,29.102509641689615,28.287414856623254,28.96258567214843,29.105146362792517,28.760034427490872
SY076414,43.9,44.5,40.86371750071752,46.15934964911261,46.366496987536806,46.14043625270635,46.36196513676136,46.20825447315549
SY093847,29.3,28.3,28.137688425767916,29.67149014225223,29.71368049625535,30.983320950286004,30.444347084770296,30.60242881407681
SY045036,107.1,99.7,109.58797045652572,105.45093373620865,105.82508199171521,106.93240746128762,106.61019563371873,106.6002098204159
SY096801,69.3,78.2,69.49297487941143,67.66847272090594,69.8589020452674,67.2796000686286,68.0660354764328,68.05339066162023
SY053057,19.2,17.2,17.895797748808548,17.218596445307032,16.68493155274492,16.91914481255032,17.12620295557325,16.8488808346087
SY012397,74.9,72.7,76.1924969903095,72.68137793564998,72.8059517141198,70.66849010305744,71.57476020413006,71.30972858637614
SY096425,50.7,45.6,46.28565452205547,45.58230250607565,47.92758500342896,44.15342194259559,44.6780359331081,45.2856708608456
SY012893,44.0,44.3,42.90957836277265,44.16971534894229,44.395823853575315,43.30014976072824,43.50808518560368,43.62885198858236
SY018862,47.1,47.0,48.573319231540665,50.84532313431717,51.553989712533976,49.283393905328055,49.896987394055486,49.96457264748983
SY071698,66.9,59.7,70.04712505749626,70.30673552626496,65.97557741462478,70.74630215611859,69.5290785669757,69.31508473367045
SY002701,59.1,66.2,63.546776175026594,64.3175044438205,64.19643034801544,64.4208325994571,64.89039377550432,64.3535119240246
SY046730,42.9,42.0,40.56401955466657,41.1517329452122,41.60730370636963,39.315360972268664,39.46553919010674,40.002943792498954
SY059583,69.8,52.6,60.5840297274453,62.19851899565847,59.68324865599509,60.26248762727717,59.82256358028654,60.08871593589254
SY085101,37.3,39.1,37.56061928079514,39.786510109105556,40.00511127709677,38.880750587482225,39.420867753875555,39.218058794366584
SY027514,29.2,30.5,29.325130483167012,31.099896308711827,32.13520642295432,30.50097418118715,31.189823428080118,30.9912438537173
SY040140,34.2,34.4,36.09578268040668,35.82029951681905,35.40697445274011,35.908402736019454,35.64062665179929,35.75797425103565
SY087941,46.6,68.8,63.00100265716748,56.62399798336186,60.09719903017363,53.83398555502604,55.397160674068274,55.712949597570315
SY080209,38.6,37.4,38.39797939015904,39.14655593772487,40.30108640231121,37.86423923182599,38.43727992626019,38.595293382971555
SY043506,21.2,19.8,21.46295900193286,20.50104047457787,19.79437510962292,20.96705329657653,20.745457199398693,20.615249840490446
SY022835,29.7,35.8,31.763257430841993,28.23470627216856,29.28642559162118,29.147402773095063,28.97154646506046,29.1891096186529
SY056204,70.4,49.1,49.73841293145527,53.391069149893184,53.99594681232087,54.042897010678715,53.71362275374868,54.02881195117136
SY063119,51.9,45.3,48.53479511739555,48.58207945596043,49.6166453166465,47.5799060272927,47.7492311956684,48.19092781409884
SY060212,50.1,51.5,53.39559385465832,50.63667664197067,51.360636114406674,48.90039072714101,49.5705755036968,49.638464343320706
SY028144,47.4,65.4,51.94255567707922,52.840800717946806,53.4158204218953,52.068639777974305,52.321294342777996,52.4727939711506
SY043214,85.3,81.8,80.97870304772171,77.08756640389868,77.76456534031239,79.0204204037069,78.32528395961458,78.64366388468854
SY008105,47.6,54.7,53.600769744347765,52.303195183916486,53.220346801638044,51.2269544430996,51.6962305662258,51.824972150661125
SY097970,48.2,44.9,46.15656452409336,47.130694436435164,46.850109308553385,47.19042094570103,47.0811660633686,47.08832745455673
SY041104,36.0,34.65,41.94036163605805,34.193118946371285,37.60742201879285,29.93680114991846,31.12108824978739,32.23798741058077
SY027380,41.2,41.8,41.31543094464422,42.81769369650649,42.560794833109554,41.94423621093141,42.108980122289786,42.12920379758485
SY084261,16.7,15.3,15.396922746784595,14.884424525687066,14.682204006241871,15.160032317714002,14.756563602512497,15.016683824272363
SY088186,34.5,30.5,34.67029318997922,34.2034962136922,33.787087627481725,33.81279421677962,33.56507399042587,33.80508223999025
SY047978,57.7,64.7,54.46495454213698,58.19871356515262,57.76582131404339,60.33531258955384,59.64148701304075,59.5644652069007
SY031437,51.6,47.7,51.631210751915575,49.5176602543667,49.442644832390286,47.86299453667274,48.2733825496519,48.336889625388004
SY085280,42.7,39.7,38.94097526103772,40.05882420880857,40.38257456785219,39.68936251459596,39.70020726796581,39.89732613057283
SY060801,133.3,134.5,127.61512517857801,131.1171409265778,131.9757000801528,130.57332665435365,131.24968212562393,130.9940386820934
SY079021,18.3,30.5,22.513490346569302,21.44469726532538,23.955525149239044,19.528204326901392,21.16047225457541,20.856400573602688
SY034200,42.1,54.0,48.01308746544952,47.384470194728166,49.86740357503672,45.53912119472555,46.41408412209485,46.8376059088189
SY020925,25.1,29.7,33.075863232284775,31.375255048268023,29.227042178637202,30.798074572744788,30.365256430457165,30.32676485451251
SY026069,59.1,63.3,60.35572580430214,63.43057689273172,64.59685213429626,62.667881024186556,63.14440697108818,63.24657235721946
SY026664,71.5,76.7,75.9759957104931,71.32137054212589,74.30034942082963,70.71345545483324,70.72757203923547,71.78952364463215
SY097332,75.7,44.1,68.14589713396705,64.60104282633841,58.834119929448924,59.64772754899248,59.83816287044602,59.403645263129405
SY026604,22.7,22.7,23.694225350694463,25.3167364515204,25.15226413362447,24.59857450565726,24.655804832357738,24.76468139404742
SY008619,44.3,44.2,47.16741579535866,46.81576379213925,47.82665934097641,46.93801169088978,47.12310104899288,47.20460598591577
SY086786,88.1,89.6,81.84695557376823,85.36785059417718,84.00371987841427,87.06929208791094,86.2978827389513,86.14962042506193
SY056601,40.6,40.1,40.331989431598906,41.08917443251882,40.69623377309483,41.16294159639236,41.23805312315665,41.0229292494031
SY000393,51.5,57.5,52.287542374443674,48.525074873296745,46.68513424863686,48.90650322515438,47.70115825714453,48.24009253219912
SY027471,14.4,18.6,17.993170809857226,17.405396917362356,17.658676612010872,16.61856121378498,17.00684884715585,16.930595833252745
SY015141,22.7,21.6,21.267519651338077,19.876040429913175,20.302850227068078,18.75459990485225,19.388295751089267,19.219075001516998
SY025061,60.8,50.0,57.60626055591921,56.04038601978031,55.3988705183104,55.77384722090865,55.40810581514526,55.66135421012917
SY098434,69.7,59.3,66.51428872755594,66.15926346667426,64.13154282235224,64.06423368506492,63.702035373723604,64.08442642625111
SY060269,13.6,15.4,14.199130119447375,15.81683026174948,14.897827374354108,15.647658181433465,15.36902516865479,15.422708939309658
SY070278,39.4,42.6,37.29055911184457,34.6079491607634,35.08617228150288,34.885180678317354,34.89802960216179,34.94547815927301
SY044790,95.5,89.4,79.06550410316596,79.49912328483774,79.21963527320243,80.68003182155611,80.8326958025662,80.24191285705001
SY075604,105.3,88.9,97.60006776645609,95.61971733243575,94.64335521617656,95.46165393879605,95.80470456472787,95.2161643220102
SY062278,78.8,71.9,72.89236525034066,72.80994769967712,73.81068477087008,73.31535798236976,73.62684370080109,73.46395601891984
SY004570,49.7,52.8,54.07019084807999,52.81237702992081,53.15349453372065,51.67394198689999,51.84993819676962,52.117807750946184
SY063277,29.1,28.7,27.049375655802507,25.125109772749703,24.925253608303628,27.499172889205454,26.69331228809868,26.726997104934902
SY077061,109.5,117.5,116.38822017847006,108.07926995505076,109.6417850344757,111.90184501501219,111.55724911919165,111.22382702085123
SY070826,43.6,38.7,40.05568026481184,44.950136292993605,44.85845564471241,43.745619405113914,43.72901334669152,44.07947027699346
SY020056,70.3,69.6,70.47724697079852,70.0392710735017,70.04719335802477,70.24183547423789,70.12701402346359,70.18344283937395
SY027662,49.0,47.2,48.06809635823018,49.40328540842167,48.942549208974086,46.25886639192554,46.83498478269844,47.0639712370401
SY019230,16.7,17.3,16.629170719075958,17.843148586930706,17.93285204117698,16.91970835558582,17.164980751033433,17.223651461263167
SY078095,35.7,27.7,28.976606622224477,31.6792395309298,30.185800655641053,32.019849880559136,31.758613938998806,31.469635113083708
SY081102,21.7,17.3,19.983660299341665,20.384417773822832,18.694022019943652,21.022972091461252,20.648132749275348,20.324287070005973
SY066638,60.0,61.6,61.491169801217886,66.31581273402975,63.5995805092509,68.33373434436336,67.35950277677847,66.91348819382962
SY066926,98.9,102.6,103.83920161759745,104.76915316871606,103.50166648126937,103.03350854491043,103.43945277029782,103.17395592581812
SY082370,43.1,40.2,42.58170578515755,41.64282709229208,41.21710986880076,41.982179634701026,41.81881889924652,41.752658704930944
SY042921,68.3,56.0,61.4415120381876,64.63572070832423,62.97270431936302,62.353992328348326,62.59911341613288,62.53960592565272
SY052729,60.8,62.6,61.71289568135603,61.89432733269057,62.23135528816516,60.29030584916677,61.01882511678152,60.872620680866284
SY026084,85.1,88.4,89.81384515725127,89.79227274454637,86.98348803305788,89.41061208230515,89.1329616777876,88.68247486753096
SY065545,39.5,44.8,41.2613930619209,42.48719805764326,43.278635979364196,43.46831973050286,43.1751129454476,43.41141460516126
SY009700,81.3,81.7,76.99019863818182,78.59892809769934,79.32988368798755,79.34965517304411,79.20855459353093,79.34372372752713
SY079947,46.7,42.5,42.619461947633795,45.07639546257143,44.706097402949595,43.88573601141927,43.930540770647696,44.13184442887837
SY028797,48.6,38.6,50.23268041269914,52.77484536146582,46.594654113906955,48.5103856919405,48.37006305525533,47.935666218530436
SY012237,85.2,59.0,72.52351898981696,67.74200478046383,66.65074648206497,67.04948761473675,66.84969608910998,66.92986527493521
SY053313,46.9,51.7,50.96868342575889,54.00953377184729,54.77681357156102,51.19684430507062,52.44516547120011,52.27083508501774
SY073221,13.3,15.0,13.139531913907236,16.444293609514702,16.635082546244742,15.440827035141211,16.077080517619322,15.799103688472272
SY029755,121.7,127.9,126.53551927497656,124.38294931876939,124.6542419384026,123.60817979596887,123.80828921302589,123.92199843869898
SY014855,25.1,44.4,28.569678747121557,30.689779391724148,33.38913981077763,30.043551670384574,31.122185634560864,31.047228112502488
SY083625,60.7,57.5,60.313052966638885,61.35300253539995,61.30711925458353,62.26689650713681,61.871898069917535,61.97896333137082
SY084533,36.6,31.4,38.01649423786283,38.34158850989374,35.74165414944072,39.4571746725674,38.605629526192914,38.34251851562939
SY012000,29.8,24.8,29.90992142598375,32.73757031548162,31.442439112842408,32.88950941549221,32.26601122383646,32.45538832469727
SY046103,71.5,69.0,72.19937564281156,71.02422304910561,69.39119701357293,72.27228734727578,71.65197001523323,71.40796024716492
SY010077,95.8,94.9,91.70161664155842,95.41187822175422,93.14082854735399,96.21453706375186,95.17474791929567,95.2924245088325
SY095654,64.8,61.1,62.584319483893296,61.55440868228597,61.70206989511385,61.337890348785436,61.27966945787661,61.44714421268396
SY078936,80.7,79.5,79.19236035383953,86.56639183247717,84.43073104446931,87.65191151480387,87.04850551676944,86.68555737370349
SY057460,70.8,74.3,74.78730020925651,70.12288900359133,72.59522291012279,69.94896284316565,70.6402923319185,70.74284086325278
SY053695,21.1,21.5,20.552055614602523,19.96587888301272,20.381181570141756,20.796382305246514,20.541041005143665,20.671822084715085
SY085373,28.0,18.6,28.883329707945734,30.786812342228444,29.14725504023891,31.539113597852143,30.729723582161483,30.821556030568175
SY064486,59.1,56.1,54.25761166737588,53.361012473247385,52.84260078452952,52.85100337544187,52.88936823899286,52.84848259816816
SY056796,13.1,15.1,13.534732606321105,13.96300869669458,14.20554684537443,13.799679390747837,13.957344850311479,13.921439627135813
SY025537,45.4,46.8,50.89958718128954,49.03641524688799,49.284769108386946,49.773578865899175,49.769276926627604,49.6269359386455
SY048037,68.0,63.9,67.27094818669823,64.74790361571918,64.7728837421457,65.22951599705263,65.3166474670889,65.09252632058055
SY066772,21.8,23.2,22.754363962928135,25.231856608602,24.89709335857122,25.069372398024054,25.273452577539274,25.0176886861882
SY093150,26.6,31.0,22.570396833811532,27.164451041687364,28.085541129023945,25.98185660489578,26.801154478234793,26.61296196213423
SY077921,49.2,47.8,47.40281655819589,47.582226029939676,46.23222632186608,46.85106393184969,46.585628059363266,46.665412648854605
SY082778,34.4,32.7,39.855993936279894,37.91098583239205,36.54596704370978,37.66449426902743,37.88112086764053,37.328936101432134
SY017734,73.6,98.0,71.93467402050754,77.56514615300412,75.80094808752861,80.32158671600328,78.84667961728834,78.96539512746088
SY081846,34.0,35.1,34.3222017895128,35.081493414181296,34.379937099855184,34.910655418413484,34.89483173502906,34.75143992284599
SY084680,54.2,53.0,55.77347989833084,55.12357928712319,56.96299585230779,53.63273524361828,54.97135776333305,54.631813426225136
SY086804,59.5,57.6,59.285864409302704,58.754831589507575,58.22310922497529,60.4094645957671,59.712783614760866,59.75355798452955
SY098217,25.9,30.4,27.750082739774893,24.81716019230992,24.27706338547336,26.318282984439612,25.893754790834016,25.705917104749734
SY055229,16.8,19.3,19.229875776644164,18.426115861777106,20.14474019727829,16.988932136066058,17.59362929543431,17.935674554429724
SY088164,29.4,28.9,26.024262788539,29.39688620505018,29.950000273691863,26.695870509360816,27.904145375878535,27.67210943866013
SY047643,24.6,27.1,26.17455770603749,24.346784785162594,25.043746826295173,25.582306906986357,25.321628654565984,25.420738882779
SY084272,50.5,58.2,54.25598368833058,54.41701020003383,54.30297614265072,54.9017218886525,54.751505929743686,54.722098164851964
SY042592,59.8,62.8,65.3401966007198,60.68291636563703,59.951945111422184,60.72393596564208,60.92214423951041,60.49233870937611
SY027016,20.3,38.0,23.699344884501603,26.804185740109524,28.998819486280915,27.35270571204028,27.509391819195017,27.846539844312467
