id,building_id,building_type,hour,day_of_week,month,temperature,humidity,occupancy,previous_usage,energy_usage
SY077463,ENG_B,Engineering,6,Sunday,3,10.2,71.4,12,49.1,49.0
SY034517,RES_B,Residential,6,Wednesday,10,19.6,77.6,256,50.8,58.4
SY046639,SPT_A,Sports,9,Sunday,12,15.3,61.7,79,46.3,48.4
SY015105,ENG_B,Engineering,23,Wednesday,4,20.8,73.2,14,51.4,43.8
SY093372,RES_A,Residential,3,Saturday,11,10.7,73.2,420,66.2,81.2
SY089193,ENG_B,Engineering,22,Monday,5,27.7,83.8,16,77.6,67.5
SY063229,BUS_B,Business,19,Thursday,6,29.1,84.6,44,61.6,74.2
SY088588,ENG_B,Engineering,4,Thursday,3,13.9,73.9,9,37.3,39.7
SY027743,ENG_B,Engineering,12,Sunday,6,29.7,81.7,5,58.1,55.7
SY089632,SCI_A,Science,3,Tuesday,5,23.2,84.0,8,84.2,84.2
SY058556,SPT_A,Sports,3,Friday,5,18.7,75.8,0,26.9,25.6
SY074000,LEC_A,LectureHall,6,Tuesday,3,15.9,75.5,11,17.0,16.5
SY029334,ADM_A,Administration,21,Wednesday,8,30.3,79.6,0,27.3,28.4
SY003774,LEC_A,LectureHall,23,Sunday,2,13.5,65.1,2,13.4,13.8
SY075517,LIB_A,Library,14,Sunday,7,29.9,84.3,27,58.5,56.6
SY045350,ADM_A,Administration,21,Saturday,3,14.6,59.0,6,20.4,19.7
SY022405,LIB_A,Library,9,Sunday,2,17.5,57.5,2,21.9,22.1
SY083320,BUS_B,Business,19,Monday,8,35.3,61.7,145,105.6,130.6
SY061436,BUS_A,Business,20,Wednesday,3,20.8,76.2,166,51.9,50.8
SY059987,BUS_B,Business,0,Tuesday,2,13.0,67.1,3,26.6,27.1
SY039961,SCI_A,Science,6,Thursday,6,20.8,77.2,1,74.1,68.3
SY094837,LIB_A,Library,20,Thursday,1,14.6,77.2,16,26.0,27.9
SY014902,ENG_B,Engineering,13,Wednesday,1,19.2,50.4,19,38.2,38.0
SY027205,RES_B,Residential,1,Friday,4,15.9,80.8,251,48.6,53.9
SY003913,LIB_A,Library,1,Friday,4,16.4,74.2,8,29.9,27.5
SY079157,SPT_A,Sports,3,Tuesday,9,22.7,87.3,0,28.1,28.2
SY057166,SPT_A,Sports,8,Monday,4,16.2,65.6,86,38.4,40.9
SY039101,ENG_B,Engineering,4,Thursday,6,26.1,90.9,4,50.8,71.6
SY040395,SCI_B,Science,5,Tuesday,2,14.7,73.7,3,61.7,57.8
SY083940,RES_B,Residential,0,Tuesday,9,20.4,82.7,243,45.3,51.3
SY001225,SCI_B,Science,16,Sunday,3,22.3,63.0,6,66.6,65.7
SY013560,SCI_A,Science,13,Sunday,4,18.7,82.1,,78.9,77.2
SY026567,ENG_A,Engineering,0,Tuesday,6,24.3,76.9,5,66.9,60.6
SY001998,SCI_A,Science,3,Sunday,12,,75.6,5,83.2,90.3
SY016861,ENG_A,Engineering,11,Monday,3,15.5,76.2,152,82.9,93.3
SY048237,SCI_A,Science,6,Friday,5,22.1,80.3,4,75.5,73.2
SY007404,BUS_B,Business,11,Wednesday,10,22.1,75.4,181,42.5,45.5
SY062787,LIB_A,Library,22,Friday,9,23.4,73.7,82,72.6,62.9
SY063470,ADM_A,Administration,19,Wednesday,1,18.9,53.1,2,17.4,19.5
SY087288,RES_B,Residential,11,Thursday,7,30.9,65.5,27,42.0,41.3
SY069811,SPT_A,Sports,18,Saturday,11,22.4,54.3,94,39.8,57.3
SY089369,SCI_B,Science,22,Tuesday,4,19.0,79.2,5,67.3,64.5
SY088457,SCI_B,Science,6,Sunday,2,14.5,71.1,12,62.9,64.4
SY093927,RES_B,Residential,5,Monday,2,13.7,69.4,305,60.0,62.2
SY076291,LEC_A,LectureHall,15,Wednesday,5,29.6,80.3,336,90.1,87.0
SY014858,SPT_A,Sports,23,Monday,12,14.4,64.6,0,38.9,37.5
SY094064,ADM_A,Administration,17,Thursday,12,23.2,47.5,32,35.7,33.1
SY074327,ADM_A,Administration,13,Friday,9,29.3,52.2,105,43.6,49.0
SY004206,ENG_B,Engineering,16,Monday,3,22.1,50.6,95,60.7,57.4
SY016897,RES_B,Residential,18,Wednesday,7,28.4,83.1,41,43.0,54.3
SY018743,SPT_A,Sports,9,Wednesday,5,22.9,63.5,22,33.4,27.8
SY071608,LIB_A,Library,2,Wednesday,6,24.4,72.9,2,31.9,28.3
SY041898,RES_A,Residential,10,Tuesday,12,15.6,54.7,115,48.5,39.9
SY054987,SCI_B,Science,23,Friday,4,22.1,74.4,2,72.2,70.0
SY067013,SCI_A,Science,3,Saturday,6,24.6,84.8,1,82.6,83.3
SY094700,SCI_B,Science,17,Monday,6,31.6,,36,115.7,111.5
SY021821,RES_B,Residential,2,Sunday,1,9.5,75.2,41,,34.1
SY076613,SCI_B,Science,23,Monday,6,27.0,78.1,0,99.1,92.3
SY043170,BUS_A,Business,17,Friday,6,30.7,83.2,25,50.4,48.7
SY020582,SCI_A,Science,15,Tuesday,6,,83.6,52,131.6,123.5
SY035023,SPT_A,Sports,3,Saturday,8,22.0,85.3,,28.0,26.6
SY029330,BUS_B,Business,7,Friday,6,26.9,83.4,1,30.2,30.3
SY089074,BUS_B,Business,0,Saturday,5,23.8,76.7,1,35.4,33.5
SY023492,ENG_A,Engineering,3,Sunday,12,11.7,73.2,0,50.7,50.7
SY058077,LIB_A,Library,20,Tuesday,3,18.9,56.8,118,55.5,51.8
SY004694,LIB_A,Library,4,Friday,2,14.2,72.4,11,22.0,25.1
SY004137,ENG_A,Engineering,3,Tuesday,3,14.8,79.7,12,50.6,48.0
SY097096,ENG_B,Engineering,22,Monday,11,16.2,64.3,23,49.8,51.4
SY022851,RES_A,Residential,12,Friday,12,18.0,48.2,17,27.8,25.7
SY007440,BUS_B,Business,9,Wednesday,4,18.9,74.3,178,36.0,45.4
SY019544,RES_B,Residential,18,Tuesday,4,18.0,53.0,199,37.1,57.2
SY088206,BUS_A,Business,20,Thursday,10,23.8,63.5,88,52.6,51.8
SY026269,SCI_B,Science,17,Saturday,4,23.9,52.5,10,66.1,66.5
SY024882,LEC_A,LectureHall,2,Thursday,8,20.3,83.1,0,16.4,14.9
SY004867,RES_A,Residential,2,Friday,11,11.6,69.8,280,69.1,65.5
SY084138,RES_A,Residential,7,Thursday,5,22.0,76.0,237,88.4,64.5
SY002121,ENG_B,Engineering,8,Friday,6,26.1,77.5,24,40.3,48.5
SY001638,ADM_A,Administration,5,Tuesday,8,22.0,83.2,3,19.7,22.7
SY017864,ADM_A,Administration,17,Monday,5,26.1,53.6,62,44.9,34.4
SY064454,BUS_A,Business,1,Sunday,8,24.1,79.0,0,26.5,25.8
SY080323,SPT_A,Sports,18,Monday,6,32.0,56.2,,69.9,74.2
SY009375,LEC_A,LectureHall,13,Saturday,8,25.6,80.3,0,13.9,16.9
SY080247,SCI_B,Science,13,Sunday,3,20.2,81.1,23,62.5,63.3
SY089749,ENG_A,Engineering,17,Sunday,8,28.4,86.1,14,67.3,69.7
SY029265,LEC_A,LectureHall,1,Saturday,7,24.0,85.2,0,20.2,20.2
SY091039,SCI_A,Science,1,Thursday,4,17.4,77.7,6,75.0,75.2
SY023063,SPT_A,Sports,18,Thursday,10,27.3,58.2,178,62.8,75.2
SY063273,BUS_A,Business,16,Friday,3,23.5,54.6,13,21.8,22.6
SY054719,ADM_A,Administration,12,Sunday,3,23.4,51.6,9,16.5,16.8
SY086757,LEC_A,LectureHall,4,Saturday,8,23.6,79.6,0,21.7,17.9
SY088462,LIB_A,Library,7,Tuesday,1,11.7,61.9,17,31.5,28.9
SY055536,ADM_A,Administration,7,Monday,5,22.5,73.5,62,17.9,31.2
SY048326,LIB_A,Library,19,Tuesday,4,23.5,59.1,116,65.4,56.4
SY018935,RES_A,Residential,12,Sunday,3,19.3,75.9,234,52.0,46.4
SY076085,RES_A,Residential,7,Saturday,4,21.6,70.3,277,79.3,72.0
SY043359,BUS_B,Business,18,Monday,12,18.6,47.2,12,,27.9
SY025623,ENG_B,Engineering,16,Thursday,12,17.0,75.2,25,38.4,41.3
SY047662,BUS_A,Business,22,Thursday,3,18.3,65.5,18,48.9,23.5
SY049065,SPT_A,Sports,13,Sunday,11,22.4,53.5,75,44.4,41.1
SY031346,ENG_A,Engineering,3,Sunday,3,,,12,53.8,58.7
SY012168,BUS_B,Business,4,Tuesday,1,10.2,76.1,3,30.8,32.2
SY036303,RES_B,Residential,19,Wednesday,1,17.0,58.0,28,27.3,29.2
SY013953,SPT_A,Sports,11,Saturday,5,27.2,79.5,55,41.5,48.1
SY068056,LIB_A,Library,16,Thursday,2,24.4,50.9,169,44.6,45.5
SY037437,RES_A,Residential,13,Wednesday,10,22.5,82.0,108,36.5,34.2
SY047340,LIB_A,Library,23,Thursday,6,22.2,69.7,12,60.6,32.4
SY054744,RES_B,Residential,11,Sunday,9,24.3,78.4,177,39.1,40.5
SY003984,RES_B,Residential,5,Sunday,10,16.7,79.8,215,52.8,45.3
SY065567,ENG_A,Engineering,18,Thursday,2,15.6,73.7,122,74.1,82.2
SY028492,ENG_A,Engineering,9,Friday,5,22.9,65.3,108,58.3,71.3
SY049025,RES_A,Residential,0,Saturday,6,26.7,87.7,,58.5,56.7
SY055607,SCI_A,Science,11,Saturday,12,16.7,60.9,8,76.5,74.2
SY036484,BUS_B,Business,5,Friday,3,11.1,69.8,,30.2,26.9
SY093885,BUS_B,Business,8,Saturday,12,13.5,64.4,3,31.1,31.6
SY088041,LEC_A,LectureHall,13,Monday,12,22.0,47.7,5,12.9,14.6
SY099627,LEC_A,LectureHall,5,Friday,8,24.4,,2,21.1,18.0
SY010037,LEC_A,LectureHall,20,Sunday,7,28.9,83.5,0,27.6,29.2
SY071022,RES_A,Residential,15,Thursday,3,23.5,48.0,126,43.5,39.5
SY073214,SCI_A,Science,1,Sunday,12,10.5,73.8,3,78.3,83.1
SY090938,RES_B,Residential,20,Sunday,2,18.0,58.9,201,52.9,59.9
SY048750,BUS_B,Business,1,Thursday,8,28.8,75.5,1,44.8,42.1
SY018104,SCI_B,Science,0,Tuesday,2,13.0,68.4,2,87.9,61.5
SY092780,LEC_A,LectureHall,18,Saturday,7,29.3,,0,31.5,26.5
SY079409,RES_B,Residential,0,Wednesday,10,18.7,87.0,199,59.6,43.6
SY029169,ENG_B,Engineering,8,Monday,4,16.4,68.5,53,36.3,46.3
SY028102,LEC_A,LectureHall,2,Sunday,7,21.8,82.2,0,16.0,13.8
SY057893,ENG_A,Engineering,7,Thursday,12,13.3,72.5,3,47.3,49.7
SY012127,SPT_A,Sports,17,Thursday,1,16.8,49.1,152,51.6,63.4
SY028450,SCI_B,Science,10,Tuesday,12,19.0,62.7,75,70.7,70.1
SY052009,BUS_B,Business,22,Wednesday,3,14.6,74.8,20,53.6,30.5
SY078052,ENG_A,Engineering,2,Saturday,10,16.2,77.3,10,50.7,48.2
SY070934,BUS_B,Business,11,Saturday,4,15.8,74.5,184,48.9,48.0
SY036048,RES_B,Residential,4,Monday,4,17.8,75.2,185,41.8,40.4
SY077756,ENG_A,Engineering,10,Saturday,7,24.3,81.7,6,51.9,57.6
SY023930,BUS_A,Business,12,Wednesday,7,28.5,81.3,,41.7,43.5
SY087027,LIB_A,Library,1,Saturday,1,8.4,71.0,1,28.9,28.7
SY041989,ENG_B,Engineering,14,Monday,6,31.7,82.1,58,66.3,77.3
SY074098,BUS_A,Business,14,Thursday,3,23.3,51.2,172,38.4,41.3
SY096973,LEC_A,LectureHall,4,Wednesday,10,20.5,71.4,4,,17.5
SY074763,SCI_A,Science,23,Thursday,5,23.2,81.8,6,82.5,79.8
SY072029,BUS_B,Business,4,Wednesday,12,15.6,68.9,8,27.9,28.5
SY021649,SPT_A,Sports,6,Monday,3,9.4,73.2,63,45.0,74.1
SY086867,LIB_A,Library,4,Monday,11,13.5,68.0,7,27.1,27.4
SY094977,SPT_A,Sports,22,Sunday,9,17.0,78.8,0,,38.5
SY007474,ADM_A,Administration,12,Thursday,1,,48.5,,37.1,29.9
SY076823,LIB_A,Library,10,Monday,9,25.6,63.1,74,30.3,33.8
SY057142,RES_A,Residential,5,Thursday,8,24.3,81.2,75,48.1,40.3
SY054311,ADM_A,Administration,10,Sunday,3,19.5,57.5,11,15.6,18.1
SY064638,ENG_A,Engineering,7,Wednesday,6,25.2,76.3,5,56.9,59.8
SY033702,SPT_A,Sports,22,Sunday,2,16.6,65.6,0,51.5,35.5
SY010259,ADM_A,Administration,1,Tuesday,7,26.0,82.3,2,21.0,19.9
SY013248,RES_B,Residential,2,Thursday,8,23.2,86.1,56,38.8,36.1
SY016986,SPT_A,Sports,3,Monday,10,20.8,82.1,0,24.7,26.6
SY068219,SCI_A,Science,6,Friday,4,16.2,81.1,9,68.6,69.8
SY004172,ENG_A,Engineering,9,Friday,5,26.2,66.8,72,60.0,69.7
SY051180,ADM_A,Administration,0,Wednesday,1,,67.7,0,17.9,17.8
SY037289,ENG_B,Engineering,14,Sunday,3,,49.0,27,37.9,38.5
SY078974,SPT_A,Sports,7,Wednesday,5,21.5,71.5,36,26.8,28.4
SY066609,BUS_A,Business,21,Sunday,1,11.5,73.8,0,23.9,23.8
SY054387,SCI_A,Science,12,Tuesday,8,31.1,82.7,62,116.0,122.4
SY032272,ENG_A,Engineering,2,Friday,5,20.2,83.5,12,47.9,42.8
SY054097,SPT_A,Sports,4,Friday,9,20.4,79.9,0,27.5,28.2
SY062232,RES_B,Residential,21,Monday,9,17.5,73.1,288,76.3,77.9
SY022327,BUS_B,Business,7,Friday,4,19.0,75.0,,28.1,28.7
SY087724,RES_B,Residential,9,Monday,4,19.2,79.4,,51.9,31.9
SY069165,SCI_A,Science,6,Thursday,2,11.4,68.4,7,86.6,79.9
SY011664,ENG_B,Engineering,17,Sunday,4,22.6,59.9,26,36.8,42.2
SY038823,SPT_A,Sports,3,Saturday,5,19.9,79.0,0,23.9,27.2
SY052802,SCI_B,Science,10,Tuesday,11,18.6,67.7,93,83.7,74.6
SY014611,ENG_A,Engineering,1,Thursday,7,27.8,91.6,4,81.1,85.0
SY036453,RES_B,Residential,0,Sunday,11,,71.0,235,48.0,48.3
SY098069,SCI_B,Science,6,Tuesday,2,17.5,68.0,8,56.3,58.1
SY037091,LEC_A,LectureHall,6,Tuesday,11,14.6,75.4,7,16.2,17.6
SY083104,ENG_B,Engineering,13,Thursday,9,22.1,76.4,89,60.2,51.5
SY080545,LIB_A,Library,14,Tuesday,7,30.4,82.8,76,67.2,71.2
SY036932,BUS_B,Business,1,Sunday,8,25.6,84.9,0,38.3,35.7
SY013086,ENG_A,Engineering,0,Monday,10,18.1,67.7,12,48.1,48.2
SY004755,ENG_B,Engineering,7,Thursday,12,17.3,65.6,,41.8,39.1
SY079387,BUS_A,Business,15,Thursday,11,15.7,76.7,158,43.7,36.7
SY057675,SCI_B,Science,14,Sunday,2,,52.0,12,70.3,69.2
SY021853,ENG_A,Engineering,17,Wednesday,8,28.3,64.3,42,71.1,71.1
SY058398,ENG_A,Engineering,12,Friday,8,28.8,79.8,144,98.8,113.4
SY048448,RES_A,Residential,5,Friday,5,21.6,81.4,327,78.3,80.7
SY000405,ENG_B,Engineering,19,Sunday,8,29.2,69.8,6,60.6,60.3
SY022499,ADM_A,Administration,18,Wednesday,5,30.6,54.8,10,45.9,33.3
SY076416,SCI_A,Science,2,Saturday,3,15.6,75.6,6,75.9,76.7
SY018066,BUS_B,Business,1,Monday,11,14.2,72.9,4,29.5,30.4
SY027684,LEC_A,LectureHall,22,Friday,11,,,6,15.3,16.4
SY085063,RES_B,Residential,2,Wednesday,4,16.8,73.9,271,52.1,54.2
SY019731,LIB_A,Library,4,Thursday,2,9.9,68.4,7,29.9,26.1
SY014210,RES_A,Residential,9,Monday,3,17.0,72.8,156,55.5,41.1
SY098671,LIB_A,Library,15,Monday,12,20.3,50.9,19,24.9,25.3
SY042881,SCI_A,Science,9,Friday,1,17.0,59.2,35,86.3,84.1
SY072230,SCI_A,Science,7,Monday,9,17.0,85.5,11,69.0,86.2
SY019196,ENG_A,Engineering,2,Friday,6,20.5,81.3,3,48.8,46.5
SY009154,ENG_B,Engineering,13,Saturday,4,27.2,63.0,22,42.7,43.0
SY097135,SCI_B,Science,7,Thursday,1,12.5,82.5,7,65.9,65.8
SY037522,SPT_A,Sports,4,Tuesday,2,12.2,73.1,0,39.8,43.0
SY020311,LEC_A,LectureHall,21,Sunday,12,15.0,61.4,6,17.0,17.0
SY085676,SCI_B,Science,6,Friday,8,20.8,84.6,1,57.8,57.0
SY047218,SCI_B,Science,12,Friday,3,17.1,76.9,96,85.3,82.8
SY058604,RES_B,Residential,19,Sunday,4,20.2,79.7,168,62.1,52.8
SY003826,ENG_B,Engineering,17,Sunday,11,22.5,47.3,24,41.7,42.1
SY098904,SPT_A,Sports,19,Sunday,2,,56.4,78,56.6,54.7
SY083957,SCI_A,Science,22,Saturday,5,27.1,69.5,4,101.1,102.3
SY087995,RES_A,Residential,14,Friday,9,27.2,53.8,102,44.6,46.8
SY077942,ENG_B,Engineering,8,Tuesday,8,24.1,84.3,17,36.9,38.7
SY067487,SPT_A,Sports,16,Tuesday,4,20.0,79.7,103,43.4,42.0
SY075849,LIB_A,Library,2,Tuesday,1,10.9,70.0,11,27.4,30.1
SY070708,LEC_A,LectureHall,8,Sunday,9,22.5,80.3,3,15.7,13.9
SY006067,SCI_B,Science,18,Friday,9,31.6,62.3,72,110.1,103.4
SY019579,ENG_B,Engineering,2,Wednesday,5,19.4,85.7,8,37.6,37.1
SY008418,LEC_A,LectureHall,7,Sunday,3,17.2,76.2,3,15.6,12.4
SY092425,LIB_A,Library,17,Tuesday,2,22.2,48.9,133,37.0,51.8
SY084120,LIB_A,Library,15,Friday,1,19.9,50.1,25,25.9,23.9
SY046715,ADM_A,Administration,15,Sunday,1,20.4,42.6,,18.4,15.6
SY029448,BUS_B,Business,18,Saturday,3,23.1,57.2,6,25.2,26.4
SY060951,SCI_A,Science,2,Friday,8,24.4,89.1,2,92.3,89.7
SY017219,BUS_B,Business,13,Wednesday,3,22.1,66.8,169,44.6,46.5
SY092991,ENG_A,Engineering,19,Friday,8,23.2,84.9,31,59.6,63.0
SY007457,BUS_B,Business,18,Sunday,1,12.7,,10,31.7,29.8
SY060546,SCI_A,Science,2,Tuesday,3,13.5,75.9,3,75.7,76.7
SY076876,ADM_A,Administration,14,Sunday,1,19.1,44.8,4,19.2,19.1
SY042145,ENG_B,Engineering,21,Monday,10,22.3,66.0,22,56.1,52.9
SY081160,BUS_A,Business,23,Wednesday,10,21.1,68.2,1,23.8,24.9
SY096883,LEC_A,LectureHall,11,Sunday,1,17.0,54.8,1,14.8,13.8
SY006906,SPT_A,Sports,17,Monday,5,26.8,57.3,75,44.7,44.9
SY060626,ENG_B,Engineering,13,Friday,1,20.3,47.8,15,41.5,39.6
SY028439,ENG_B,Engineering,16,Friday,6,30.0,80.1,43,77.0,72.6
SY017618,LIB_A,Library,13,Tuesday,1,17.7,51.2,137,35.3,37.4
SY056701,ENG_B,Engineering,23,Thursday,11,13.7,81.0,14,50.9,48.5
SY029961,LIB_A,Library,22,Thursday,2,16.7,66.9,88,52.1,46.7
SY085450,ENG_A,Engineering,14,Friday,11,16.8,79.7,141,68.0,75.7
SY055231,BUS_A,Business,12,Thursday,6,33.1,57.2,26,50.2,45.7
SY082755,SPT_A,Sports,0,Sunday,3,15.2,70.8,0,36.5,35.0
SY003820,RES_A,Residential,13,Sunday,6,32.0,56.9,60,44.9,53.0
SY024285,ENG_B,Engineering,21,Thursday,2,13.5,62.8,27,52.3,49.5
SY007314,LEC_A,LectureHall,23,Wednesday,5,21.2,73.0,0,17.5,16.5
SY051434,ENG_B,Engineering,1,Sunday,2,10.2,75.3,4,40.3,43.5
SY042097,ENG_B,Engineering,11,Sunday,2,19.0,55.7,28,38.8,43.8
SY014019,BUS_A,Business,18,Tuesday,4,26.2,58.7,96,49.3,55.7
SY050203,LEC_A,LectureHall,5,Saturday,5,23.2,82.0,1,16.1,12.4
SY088237,SCI_B,Science,21,Thursday,11,14.2,80.9,13,68.2,62.8
SY080169,LIB_A,Library,20,Sunday,5,28.6,61.5,36,,75.2
SY006364,LIB_A,Library,14,Monday,4,25.7,52.1,179,49.0,55.1
SY086615,RES_B,Residential,4,Thursday,6,24.3,81.2,56,43.8,43.5
SY086050,RES_A,Residential,12,Tuesday,6,28.9,57.5,32,41.2,40.5
SY089443,LEC_A,LectureHall,4,Wednesday,3,16.5,74.2,3,16.5,16.7
SY008488,SPT_A,Sports,1,Monday,5,23.4,75.0,0,28.7,28.4
SY012253,RES_B,Residential,21,Wednesday,4,20.0,75.2,251,63.9,67.7
SY061066,ENG_B,Engineering,22,Sunday,5,21.6,81.7,6,38.1,38.6
SY091758,BUS_B,Business,21,Thursday,6,27.2,70.4,19,74.3,73.1
SY055853,SCI_B,Science,20,Sunday,6,28.0,87.9,0,88.6,89.8
SY046626,ENG_A,Engineering,0,Sunday,4,17.1,81.1,10,41.3,44.1
SY025450,ENG_A,Engineering,3,Tuesday,8,20.9,85.8,7,41.0,41.8
SY058832,ADM_A,Administration,4,Sunday,5,19.1,80.6,3,15.3,16.4
SY067154,LIB_A,Library,13,Friday,8,33.7,58.5,39,54.3,62.2
SY045536,LEC_A,LectureHall,7,Saturday,7,27.9,80.8,0,21.4,24.8
SY088340,RES_B,Residential,12,Monday,6,25.4,85.2,13,34.3,34.1
SY010063,ENG_A,Engineering,23,Saturday,8,22.4,78.1,4,52.3,49.9
SY059463,ENG_A,Engineering,11,Monday,7,26.4,80.0,53,63.3,73.0
SY069903,ADM_A,Administration,17,Friday,6,32.3,54.1,26,50.9,40.1
SY043687,SPT_A,Sports,7,Tuesday,12,12.0,65.5,20,40.7,39.6
SY059134,SCI_B,Science,7,Friday,6,27.8,81.0,4,74.5,78.7
SY085039,SPT_A,Sports,12,Saturday,8,31.3,60.0,48,51.6,55.7
SY058422,RES_B,Residential,7,Thursday,1,11.5,81.3,231,76.9,64.0
SY065858,SCI_A,Science,15,Sunday,3,20.1,50.9,15,69.2,71.4
SY022029,RES_B,Residential,9,Saturday,12,14.9,57.2,260,68.1,47.4
SY097569,RES_B,Residential,2,Friday,2,14.9,69.1,237,47.3,56.5
SY004300,RES_B,Residential,14,Friday,6,34.1,61.3,26,47.8,48.6
SY096694,BUS_A,Business,0,Sunday,6,24.4,78.4,1,27.4,26.6
SY041430,LIB_A,Library,12,Thursday,9,22.7,76.6,132,37.9,36.4
SY032446,BUS_B,Business,17,Friday,2,22.3,46.7,169,43.2,46.8
SY044343,RES_A,Residential,4,Friday,6,25.4,84.5,57,53.7,51.2
SY020425,LIB_A,Library,21,Thursday,9,24.7,66.1,112,63.9,65.5
SY001883,ENG_B,Engineering,1,Saturday,9,21.5,86.4,11,39.3,39.2
SY043921,BUS_A,Business,18,Friday,6,31.1,85.2,21,63.5,57.3
SY071491,LIB_A,Library,5,Monday,7,23.6,83.4,3,28.4,25.9
SY012665,ENG_A,Engineering,7,Wednesday,10,19.2,78.2,14,46.7,47.8
SY004903,ENG_B,Engineering,4,Friday,6,26.0,89.2,6,49.1,51.3
SY004608,ADM_A,Administration,20,Sunday,4,21.4,72.6,2,19.4,18.9
SY014769,ENG_A,Engineering,7,Friday,11,13.6,77.0,12,52.6,49.6
SY034372,SPT_A,Sports,23,Saturday,6,27.3,87.8,0,35.0,34.2
SY068552,ADM_A,Administration,4,Monday,12,12.3,69.9,1,19.1,20.1
SY050537,ENG_A,Engineering,2,Thursday,1,6.1,75.0,9,64.6,61.4
SY002019,ENG_B,Engineering,17,Friday,1,18.6,54.3,17,42.1,49.6
SY024887,RES_B,Residential,9,Thursday,3,20.6,62.6,115,42.5,31.4
SY043319,SPT_A,Sports,4,Sunday,11,13.4,77.6,0,39.3,39.5
SY002544,SPT_A,Sports,19,Saturday,3,16.6,53.7,66,57.4,55.2
SY030585,RES_A,Residential,10,Tuesday,8,29.6,74.7,25,47.3,46.4
SY071996,LIB_A,Library,12,Monday,8,34.4,59.9,41,56.4,57.8
SY004129,LEC_A,LectureHall,1,Sunday,6,26.1,81.1,0,24.1,22.2
SY089226,RES_A,Residential,2,Wednesday,12,13.0,74.2,41,32.2,29.2
SY096897,ENG_B,Engineering,6,Tuesday,12,12.5,67.6,8,42.8,46.1
SY064061,LEC_A,LectureHall,23,Wednesday,11,14.4,62.7,0,16.1,17.5
SY034769,ENG_B,Engineering,2,Tuesday,3,15.1,82.5,8,35.7,41.0
SY035584,SPT_A,Sports,16,Friday,12,19.3,47.3,21,38.2,38.1
SY082936,BUS_A,Business,2,Thursday,3,12.8,75.8,4,23.7,23.2
SY069086,ENG_B,Engineering,12,Friday,5,29.7,57.4,127,77.5,75.1
SY081489,LIB_A,Library,15,Saturday,5,27.5,56.7,168,57.9,64.1
SY038543,BUS_B,Business,12,Thursday,1,15.3,72.3,201,57.2,50.4
SY018592,ENG_A,Engineering,11,Thursday,3,14.4,76.2,124,64.3,70.6
SY010129,BUS_A,Business,21,Friday,8,27.4,84.2,29,55.7,53.4
SY086003,ENG_A,Engineering,6,Thursday,5,22.9,83.3,11,48.1,46.7
SY098466,ENG_A,Engineering,0,Tuesday,1,11.6,77.2,9,53.0,45.4
SY045242,LEC_A,LectureHall,12,Thursday,10,27.9,54.0,139,44.7,38.9
SY048855,RES_B,Residential,11,Sunday,3,18.8,60.4,145,33.6,30.8
SY064693,LEC_A,LectureHall,12,Tuesday,1,18.2,55.5,3,12.7,12.5
SY080257,RES_B,Residential,3,Thursday,2,11.6,76.0,218,49.5,56.5
SY039320,RES_A,Residential,0,Monday,6,24.3,74.2,68,52.7,54.2
SY026554,ADM_A,Administration,21,Friday,5,22.7,62.5,2,17.8,20.3
SY025974,SPT_A,Sports,21,Sunday,1,15.0,57.4,5,55.3,54.8
SY010979,LEC_A,LectureHall,4,Sunday,8,23.2,85.0,0,14.6,16.2
SY041609,ADM_A,Administration,14,Monday,4,26.0,51.8,112,38.3,48.8
SY002217,LEC_A,LectureHall,8,Friday,8,23.9,72.7,15,11.0,13.1
SY061208,ADM_A,Administration,17,Monday,5,32.4,55.0,68,62.3,50.9
SY025616,RES_A,Residential,3,Wednesday,8,20.2,79.1,73,,36.5
SY002496,LIB_A,Library,13,Tuesday,6,30.8,59.7,44,55.2,56.1
SY061070,ENG_A,Engineering,5,Sunday,2,13.5,73.6,10,45.9,48.5
SY022936,ENG_B,Engineering,3,Thursday,1,11.9,79.5,6,37.1,40.4
SY021745,LEC_A,LectureHall,2,Wednesday,5,22.0,85.3,3,17.8,15.8
SY037010,SCI_B,Science,0,Wednesday,3,15.0,77.0,3,62.3,61.6
SY035067,RES_A,Residential,22,Tuesday,6,27.4,78.7,58,67.8,56.2
SY041790,SCI_A,Science,8,Friday,11,15.4,78.6,62,69.1,86.7
SY093865,ENG_A,Engineering,12,Saturday,9,25.8,55.6,16,52.9,50.1
SY012418,ADM_A,Administration,13,Tuesday,3,19.5,48.1,104,25.8,35.1
SY038053,SCI_B,Science,19,Saturday,3,,57.1,3,62.7,63.9
SY035651,ENG_B,Engineering,13,Sunday,2,20.7,52.0,38,41.7,40.9
SY017325,SPT_A,Sports,18,Friday,4,27.0,57.1,171,60.2,66.1
SY026538,BUS_B,Business,1,Sunday,3,15.1,76.4,3,27.6,28.8
SY019798,SCI_A,Science,12,Wednesday,5,28.5,58.1,58,101.6,103.4
SY072966,LIB_A,Library,11,Friday,7,33.5,62.8,28,61.7,62.2
SY032356,ADM_A,Administration,11,Monday,9,18.2,79.0,83,31.3,33.0
SY048210,LEC_A,LectureHall,10,Friday,6,30.8,65.3,35,40.2,42.8
SY097835,SPT_A,Sports,6,Thursday,6,23.9,81.5,33,23.5,30.6
SY072307,RES_A,Residential,11,Tuesday,7,29.3,81.3,37,48.0,52.6
SY015245,BUS_B,Business,5,Sunday,9,23.6,83.5,1,27.3,28.1
SY035215,ENG_B,Engineering,20,Sunday,6,27.7,68.1,3,60.5,61.6
SY070983,BUS_B,Business,10,Friday,5,25.5,59.9,158,45.6,44.1
SY045140,SCI_B,Science,23,Thursday,6,26.3,84.0,3,92.9,85.8
SY017908,RES_B,Residential,7,Saturday,8,24.2,75.0,250,58.6,65.0
SY020897,SCI_A,Science,1,Thursday,5,20.0,89.7,1,79.4,76.2
SY006846,ADM_A,Administration,22,Wednesday,7,28.2,81.1,1,24.8,23.1
SY022982,ENG_A,Engineering,20,Thursday,6,27.8,83.8,22,92.6,90.5
SY001284,BUS_A,Business,6,Thursday,2,13.1,71.6,4,19.2,21.0
SY007094,SCI_A,Science,7,Tuesday,7,28.1,79.9,3,88.5,91.8
SY044455,LIB_A,Library,15,Wednesday,2,17.0,74.8,197,39.4,41.9
SY050090,LEC_A,LectureHall,19,Friday,8,27.3,58.7,3,23.7,24.9
SY038743,SCI_A,Science,23,Wednesday,11,14.9,71.8,4,79.5,78.7
SY085368,SCI_A,Science,3,Friday,12,9.7,78.9,3,87.7,86.2
SY087195,SPT_A,Sports,19,Wednesday,7,28.7,84.7,71,71.2,77.8
SY072667,ENG_B,Engineering,19,Thursday,6,26.9,86.7,27,62.2,69.2
SY090614,LEC_A,LectureHall,1,Wednesday,1,13.7,67.6,1,15.4,14.2
SY092112,RES_A,Residential,7,Wednesday,3,13.1,76.4,299,99.4,73.8
SY017809,ADM_A,Administration,2,Tuesday,2,10.8,67.5,4,17.5,18.6
SY009410,ADM_A,Administration,3,Sunday,12,10.8,70.6,3,19.1,21.2
SY013026,SCI_B,Science,19,Thursday,6,30.4,71.8,23,111.7,123.7
SY065624,SPT_A,Sports,5,Tuesday,3,14.4,83.1,0,,33.7
SY070181,RES_B,Residential,1,Wednesday,10,18.0,83.2,177,43.6,41.3
SY028405,SCI_A,Science,13,Monday,11,20.1,60.8,83,100.5,96.9
SY067191,SCI_B,Science,21,Sunday,9,25.3,66.0,2,78.4,74.0
SY051585,LEC_A,LectureHall,23,Sunday,6,25.4,77.0,0,28.7,23.9
SY023350,ENG_A,Engineering,16,Tuesday,3,19.5,47.0,124,72.2,70.1
SY001446,ENG_A,Engineering,7,Sunday,3,15.4,62.1,7,61.6,43.6
SY095926,SCI_B,Science,1,Monday,1,11.8,71.5,1,62.6,62.3
SY018027,RES_B,Residential,14,Sunday,2,19.2,44.6,115,35.0,31.1
SY080164,ADM_A,Administration,16,Tuesday,2,,47.6,101,33.4,37.6
SY021477,BUS_B,Business,17,Thursday,11,16.3,80.6,115,47.9,55.9
SY007354,SCI_A,Science,16,Tuesday,10,28.4,60.2,99,120.3,121.0
SY092566,SPT_A,Sports,18,Monday,9,26.5,85.4,251,71.9,82.6
SY006203,LEC_A,LectureHall,21,Sunday,1,,58.3,1,16.5,14.2
SY075361,SCI_A,Science,8,Friday,7,30.0,76.5,26,102.3,113.6
SY037728,RES_A,Residential,1,Wednesday,4,12.3,72.1,312,72.6,69.9
SY033766,RES_A,Residential,4,Saturday,1,8.6,70.2,189,64.2,56.8
SY017092,BUS_B,Business,14,Friday,4,21.9,53.8,144,38.0,43.6
SY050900,SPT_A,Sports,10,Monday,2,17.5,50.5,30,41.4,38.9
SY063417,LEC_A,LectureHall,7,Sunday,4,20.6,70.3,0,12.8,12.7
SY021001,ADM_A,Administration,14,Thursday,3,23.2,47.0,94,27.8,33.2
SY012948,SCI_B,Science,5,Thursday,2,9.4,73.0,4,69.3,73.6
SY085964,ADM_A,Administration,6,Monday,5,24.7,71.9,4,20.1,18.6
SY097199,ENG_A,Engineering,6,Wednesday,1,11.2,72.5,10,52.7,50.2
SY017233,BUS_A,Business,13,Monday,2,18.2,73.9,123,43.0,32.8
SY016714,ENG_A,Engineering,3,Wednesday,1,10.0,75.1,3,50.5,51.5
SY007328,LIB_A,Library,16,Friday,2,17.0,72.7,230,39.1,44.3
SY090078,SPT_A,Sports,10,Friday,2,19.6,59.9,37,35.6,34.2
SY042119,BUS_B,Business,4,Tuesday,8,22.3,86.8,0,28.8,27.4
SY065167,RES_B,Residential,18,Tuesday,4,23.9,57.5,220,46.7,70.9
SY085894,BUS_B,Business,6,Friday,6,26.8,83.0,1,29.9,28.8
SY019760,BUS_A,Business,12,Thursday,10,28.2,54.3,172,46.6,53.7
SY084689,LEC_A,LectureHall,19,Monday,1,17.9,51.8,30,29.4,27.2
SY054752,SCI_B,Science,2,Wednesday,9,21.3,92.3,,56.0,56.5
SY044666,RES_B,Residential,11,Wednesday,10,27.3,57.1,109,36.2,39.8
SY026772,ENG_B,Engineering,20,Saturday,6,28.7,68.9,3,69.3,65.5
SY036730,RES_A,Residential,0,Saturday,1,12.8,72.7,318,69.6,67.6
SY023530,ENG_A,Engineering,5,Tuesday,10,19.7,74.7,10,44.5,48.5
SY021779,SPT_A,Sports,16,Thursday,11,15.6,71.8,153,46.5,53.7
SY058229,RES_B,Residential,1,Wednesday,4,15.5,80.5,230,47.5,49.0
SY062457,ENG_A,Engineering,16,Thursday,11,16.9,79.9,112,72.2,69.6
SY047885,BUS_A,Business,12,Thursday,7,32.5,64.1,37,46.5,44.2
SY089211,LIB_A,Library,9,Wednesday,8,25.7,68.2,22,23.3,24.8
SY052421,RES_A,Residential,20,Friday,10,24.7,58.6,237,84.8,93.5
SY056817,ENG_A,Engineering,4,Thursday,3,16.4,73.3,14,46.9,54.7
SY089029,LIB_A,Library,19,Saturday,5,27.4,,93,80.2,87.4
SY005809,BUS_A,Business,6,Tuesday,2,17.7,65.9,5,24.1,21.4
SY084761,ENG_B,Engineering,3,Thursday,8,18.1,86.9,3,36.4,36.3
SY094178,ADM_A,Administration,17,Tuesday,3,22.0,48.1,57,35.9,28.3
SY072144,LEC_A,LectureHall,20,Sunday,1,15.5,63.2,,18.4,16.3
SY032539,RES_B,Residential,23,Tuesday,10,19.3,76.5,294,65.1,59.6
SY071709,ENG_B,Engineering,21,Wednesday,6,25.1,73.0,21,62.2,60.1
SY074454,SCI_A,Science,22,Monday,3,13.9,72.9,11,85.0,82.4
SY076842,ENG_B,Engineering,9,Saturday,5,27.1,67.9,8,42.5,45.7
SY019119,SCI_B,Science,20,Wednesday,2,21.7,62.3,23,,75.7
SY001595,ADM_A,Administration,1,Wednesday,2,13.3,75.0,2,19.5,20.3
SY094423,ENG_A,Engineering,15,Monday,1,18.0,49.2,23,50.3,46.7
SY089101,SCI_B,Science,23,Wednesday,11,15.1,70.7,3,58.5,56.8
SY017709,ADM_A,Administration,19,Sunday,11,17.8,78.5,7,20.1,18.5
SY042673,RES_A,Residential,9,Saturday,3,16.3,62.9,420,85.5,59.5
SY026961,ENG_B,Engineering,3,Tuesday,8,21.0,89.6,5,38.2,36.6
SY002644,SCI_B,Science,10,Saturday,9,24.5,74.8,16,59.3,59.1
SY045447,SCI_A,Science,11,Sunday,6,30.6,65.6,3,93.9,98.6
SY083536,SPT_A,Sports,7,Wednesday,12,13.5,69.1,57,50.9,44.5
SY022068,SCI_B,Science,1,Tuesday,5,24.6,77.4,6,87.2,83.9
SY076137,ENG_A,Engineering,19,Thursday,2,21.9,55.9,76,83.8,78.6
SY050329,SCI_A,Science,9,Friday,5,26.6,66.3,82,90.4,102.8
SY018257,SCI_A,Science,19,Thursday,10,28.2,61.8,57,133.0,122.9
SY095615,SPT_A,Sports,7,Friday,9,26.3,72.2,91,40.6,44.4
SY034504,LIB_A,Library,23,Wednesday,8,31.5,75.6,50,90.8,84.4
SY033313,SCI_A,Science,17,Wednesday,3,21.7,56.9,71,90.2,84.8
SY023240,RES_B,Residential,19,Saturday,2,17.8,49.4,186,55.9,61.6
SY078099,SPT_A,Sports,17,Saturday,3,23.2,51.8,99,,44.8
SY015519,LEC_A,LectureHall,7,Monday,4,14.0,72.1,8,14.9,13.9
SY049494,LIB_A,Library,1,Thursday,5,20.5,72.2,8,22.9,26.9
SY071612,BUS_A,Business,1,Wednesday,10,18.9,81.4,4,21.4,21.5
SY050286,SPT_A,Sports,11,Saturday,5,29.7,62.5,65,42.2,49.0
SY020784,RES_B,Residential,1,Wednesday,3,13.6,80.4,191,49.1,46.5
SY010837,ADM_A,Administration,19,Monday,1,16.8,52.5,5,23.7,16.5
SY009891,ENG_A,Engineering,14,Sunday,9,28.6,75.9,28,70.8,74.5
SY013838,BUS_A,Business,4,Wednesday,10,18.1,78.6,3,25.2,23.7
SY087095,LIB_A,Library,6,Sunday,9,24.2,85.8,14,26.8,26.2
SY033107,SCI_A,Science,2,Wednesday,3,15.8,82.0,7,81.2,81.4
SY032066,LIB_A,Library,4,Monday,3,15.6,79.8,12,23.8,24.9
SY055498,ENG_A,Engineering,23,Thursday,5,22.2,82.4,15,68.1,55.4
SY003620,ADM_A,Administration,17,Tuesday,8,37.8,58.1,43,79.3,68.7
SY055664,LIB_A,Library,12,Saturday,1,17.8,54.1,6,23.2,25.2
SY000966,ENG_A,Engineering,16,Tuesday,1,18.4,49.1,106,63.6,69.3
SY056544,SPT_A,Sports,21,Wednesday,5,21.8,80.9,,54.8,51.3
SY042259,RES_A,Residential,5,Wednesday,1,10.7,74.5,239,56.0,61.9
SY008798,LEC_A,LectureHall,18,Friday,9,31.8,60.4,72,77.4,73.5
SY082816,ENG_A,Engineering,12,Tuesday,2,22.6,52.3,185,74.0,86.1
SY057680,ENG_B,Engineering,22,Monday,6,23.8,75.8,8,46.0,49.3
SY053368,ENG_B,Engineering,21,Wednesday,10,24.3,70.1,28,61.4,58.7
SY070714,LIB_A,Library,11,Saturday,11,22.4,59.0,64,30.7,28.1
SY066078,SCI_A,Science,19,Sunday,3,18.6,49.7,3,68.6,68.3
SY036216,SCI_A,Science,21,Friday,1,13.7,60.0,,84.0,75.7
SY057090,SCI_A,Science,16,Thursday,6,34.3,59.9,36,134.9,132.5
SY013630,ENG_A,Engineering,20,Thursday,8,24.4,71.5,27,69.5,86.2
SY069874,BUS_B,Business,22,Thursday,1,14.9,63.9,14,51.6,30.1
SY014842,ADM_A,Administration,10,Monday,6,25.7,76.6,82,41.6,43.0
SY076975,SCI_A,Science,21,Tuesday,9,20.1,84.5,10,77.2,68.8
SY002976,BUS_B,Business,22,Wednesday,5,26.8,64.9,11,77.4,34.8
SY030343,SPT_A,Sports,20,Monday,2,19.8,60.7,170,65.0,64.2
SY038355,RES_A,Residential,14,Sunday,2,13.2,76.1,161,47.0,44.9
SY047736,BUS_B,Business,23,Tuesday,6,28.9,85.8,0,37.6,35.9
SY087580,BUS_B,Business,12,Saturday,5,30.4,55.9,37,48.3,51.6
SY090648,LEC_A,LectureHall,10,Monday,8,31.7,60.3,13,20.7,24.4
SY036138,RES_A,Residential,1,Monday,3,,73.0,285,57.6,63.7
SY047011,ENG_B,Engineering,7,Saturday,5,25.7,72.6,3,40.2,40.2
SY096220,BUS_A,Business,22,Saturday,8,26.4,72.1,1,29.2,27.9
SY020204,ADM_A,Administration,22,Wednesday,2,15.7,77.4,1,18.1,19.1
SY067084,RES_A,Residential,12,Monday,9,31.4,61.5,113,59.3,63.4
SY070912,SPT_A,Sports,23,Monday,6,23.4,74.3,0,29.9,30.4
SY043819,SCI_B,Science,6,Friday,4,20.2,76.8,2,62.2,62.5
SY021907,ENG_A,Engineering,3,Thursday,7,26.7,80.0,3,70.5,68.1
SY061037,SCI_B,Science,21,Saturday,4,23.4,72.2,2,69.3,67.0
SY037125,BUS_B,Business,5,Saturday,11,10.9,80.7,4,31.0,35.9
SY005997,RES_B,Residential,19,Sunday,4,19.7,57.4,160,48.5,51.9
SY074275,LIB_A,Library,23,Sunday,2,15.7,66.2,3,24.8,25.3
SY054028,SCI_A,Science,7,Friday,3,11.6,66.7,,82.8,82.7
SY067343,LIB_A,Library,9,Thursday,1,16.9,57.1,7,23.5,21.5
SY004944,SCI_B,Science,13,Thursday,4,25.1,55.8,54,77.5,75.2
SY018322,LIB_A,Library,4,Thursday,10,21.5,79.6,11,28.0,26.9
SY039509,BUS_B,Business,23,Monday,6,25.0,73.3,1,38.8,34.0
SY079727,SCI_B,Science,12,Tuesday,12,18.6,53.8,96,73.2,74.6
SY052651,SCI_A,Science,10,Friday,5,26.8,60.7,98,99.3,103.6
SY045124,RES_A,Residential,2,Monday,3,7.9,68.4,420,84.4,90.7
SY051159,LEC_A,LectureHall,13,Monday,5,28.2,57.1,241,29.0,54.3
SY058341,ADM_A,Administration,6,Monday,1,8.7,69.0,1,20.8,21.5
SY070691,SCI_B,Science,0,Saturday,4,17.8,80.7,2,67.5,70.7
SY094101,ENG_B,Engineering,11,Monday,2,11.3,69.0,109,65.8,63.0
SY073680,RES_B,Residential,13,Thursday,4,24.0,51.7,124,29.3,34.2
SY061310,RES_A,Residential,16,Sunday,6,30.7,63.5,72,59.2,60.9
SY065593,SPT_A,Sports,17,Friday,6,32.1,54.7,62,59.8,64.2
SY048010,LEC_A,LectureHall,9,Wednesday,8,21.6,80.1,51,18.6,16.3
SY003289,BUS_B,Business,20,Monday,4,17.5,58.8,,60.6,52.7
SY020883,BUS_B,Business,15,Saturday,9,27.9,52.7,14,,33.3
SY023285,ADM_A,Administration,2,Thursday,5,20.2,79.4,2,19.4,17.0
SY093437,SPT_A,Sports,0,Friday,8,25.6,74.5,0,35.1,32.8
SY032937,BUS_A,Business,10,Wednesday,3,22.0,61.8,175,33.7,37.3
SY045424,RES_A,Residential,9,Wednesday,6,26.9,79.7,56,41.5,41.4
SY064324,SPT_A,Sports,15,Friday,1,16.9,44.1,19,38.8,42.9
SY001636,SPT_A,Sports,18,Sunday,10,20.7,70.8,112,45.9,57.9
SY066730,BUS_A,Business,5,Friday,3,10.7,73.8,4,27.9,25.5
SY049974,ENG_B,Engineering,6,Wednesday,3,14.3,69.9,8,38.4,40.9
SY077373,SCI_A,Science,6,Friday,9,25.7,72.6,2,,75.3
SY045302,ADM_A,Administration,6,Sunday,1,9.4,69.7,0,20.7,17.4
SY047389,LEC_A,LectureHall,7,Monday,9,22.7,83.7,4,14.4,13.1
SY006700,ENG_A,Engineering,2,Monday,4,13.0,77.6,10,38.9,42.0
SY023389,ENG_A,Engineering,6,Saturday,6,25.8,83.5,2,61.3,61.2
SY090633,LIB_A,Library,10,Friday,1,18.0,55.6,,33.4,31.9
SY093560,SCI_A,Science,8,Tuesday,5,27.6,78.8,42,87.9,102.4
SY079531,SCI_B,Science,1,Wednesday,2,14.6,70.7,4,60.5,58.7
SY020481,RES_A,Residential,7,Friday,5,22.9,80.3,354,83.4,79.2
SY094204,SCI_A,Science,18,Sunday,6,29.9,85.2,2,109.8,109.1
SY043839,RES_A,Residential,19,Thursday,5,24.3,62.7,188,68.1,76.5
SY027780,LIB_A,Library,4,Sunday,2,12.9,73.5,5,25.3,25.4
SY028154,SCI_B,Science,14,Friday,4,25.8,54.7,54,71.3,73.1
SY018222,BUS_B,Business,12,Thursday,4,24.8,53.2,185,46.9,47.3
SY018590,LEC_A,LectureHall,12,Friday,1,19.5,50.7,1,14.7,11.8
SY016148,LIB_A,Library,15,Thursday,5,24.8,82.7,360,70.5,77.7
SY026202,ADM_A,Administration,23,Wednesday,4,19.4,65.5,3,18.7,20.2
SY021229,RES_B,Residential,23,Wednesday,6,25.1,75.2,49,57.1,48.3
SY029685,RES_B,Residential,4,Monday,5,16.7,79.2,261,54.9,55.3
SY005934,BUS_A,Business,0,Sunday,5,22.1,79.0,2,23.1,21.8
SY085797,SCI_B,Science,6,Wednesday,4,13.3,77.2,6,75.1,68.0
SY040210,BUS_B,Business,7,Saturday,3,14.5,65.8,5,,25.2
SY009632,SPT_A,Sports,4,Monday,6,26.7,81.4,0,33.5,31.5
SY089253,ENG_A,Engineering,9,Tuesday,6,24.7,67.8,63,,58.4
SY079138,RES_A,Residential,20,Wednesday,1,13.9,77.9,294,87.3,89.7
SY071869,SCI_A,Science,13,Saturday,1,15.9,49.5,4,85.3,81.2
SY048866,ENG_A,Engineering,15,Friday,8,28.5,83.6,44,80.0,77.1
SY050461,LEC_A,LectureHall,21,Friday,2,,63.4,7,44.5,14.9
SY033331,SCI_B,Science,12,Tuesday,2,20.7,50.9,76,75.2,74.3
SY025337,SPT_A,Sports,22,Tuesday,6,22.5,75.3,19,54.1,33.8
SY062774,SCI_A,Science,12,Saturday,12,18.1,54.2,10,76.7,79.3
SY078801,RES_B,Residential,14,Wednesday,7,31.0,86.3,34,50.8,56.4
SY058915,SCI_A,Science,12,Sunday,12,17.8,55.3,11,80.9,77.3
SY083117,RES_B,Residential,22,Friday,3,13.3,65.9,210,64.5,62.1
SY014701,BUS_A,Business,4,Monday,5,23.3,81.1,6,25.5,25.4
SY096791,LEC_A,LectureHall,1,Sunday,5,25.4,83.4,1,25.5,26.5
SY088579,ENG_B,Engineering,1,Sunday,11,14.0,75.6,8,36.4,35.4
SY061122,LIB_A,Library,23,Wednesday,5,21.0,,69,56.6,47.0
SY054215,ENG_B,Engineering,14,Tuesday,3,19.4,77.6,122,47.7,55.8
SY052898,BUS_B,Business,14,Wednesday,9,25.8,82.9,179,53.9,61.7
SY024770,SCI_A,Science,15,Monday,2,20.7,,96,99.3,100.9
SY096544,LIB_A,Library,7,Saturday,2,16.8,65.0,,26.9,23.7
SY013558,SCI_A,Science,22,Sunday,1,14.2,62.1,0,80.2,80.2
SY084508,RES_B,Residential,23,Thursday,6,24.3,79.5,72,54.5,49.6
SY085641,RES_B,Residential,15,Sunday,3,22.7,50.8,145,33.6,36.2
SY006013,SCI_B,Science,17,Monday,4,26.6,56.0,59,98.7,90.3
SY034310,ENG_A,Engineering,5,Saturday,6,20.6,76.8,2,48.2,47.4
SY030715,ADM_A,Administration,15,Saturday,6,33.7,54.4,4,25.1,22.7
SY026701,SCI_B,Science,13,Friday,11,17.3,73.7,49,72.5,67.0
SY035447,SCI_B,Science,13,Friday,1,18.3,49.9,74,73.1,68.2
SY039577,SPT_A,Sports,16,Saturday,11,23.6,53.3,90,43.0,39.0
SY060924,LIB_A,Library,4,Tuesday,4,10.7,71.9,14,30.3,32.2
SY047676,BUS_B,Business,19,Tuesday,1,16.0,53.9,8,24.9,25.6
SY060380,SCI_B,Science,13,Wednesday,1,10.2,76.8,69,92.5,90.0
SY090922,RES_B,Residential,11,Wednesday,5,28.4,60.8,98,40.4,41.5
SY044320,ADM_A,Administration,7,Thursday,7,28.9,79.2,39,20.9,40.2
SY003708,LEC_A,LectureHall,6,Thursday,2,14.2,69.3,7,17.7,19.4
SY082107,LEC_A,LectureHall,17,Sunday,9,25.3,83.8,1,17.6,18.4
SY024743,SCI_A,Science,13,Monday,4,24.7,58.1,103,98.2,93.4
SY023603,LIB_A,Library,13,Monday,8,36.9,55.1,159,87.9,93.3
SY009693,ADM_A,Administration,4,Monday,10,20.9,76.4,5,19.1,22.3
SY072792,ADM_A,Administration,13,Thursday,2,18.5,51.6,83,23.9,31.7
SY080902,SPT_A,Sports,13,Sunday,8,30.1,57.4,37,49.2,53.4
SY005507,ADM_A,Administration,5,Friday,4,16.7,82.0,3,17.6,15.9
SY091386,ENG_B,Engineering,14,Sunday,8,35.2,54.7,15,61.8,68.4
SY012834,BUS_B,Business,5,Wednesday,11,12.4,68.6,4,29.9,31.3
SY012125,ENG_B,Engineering,9,Tuesday,3,18.1,71.6,82,41.4,49.5
SY044349,LIB_A,Library,15,Sunday,5,29.1,86.3,230,91.4,95.6
SY025523,RES_B,Residential,1,Friday,10,20.3,74.9,209,49.0,50.2
SY028320,ADM_A,Administration,0,Thursday,8,19.6,75.8,5,18.7,21.8
SY035320,RES_A,Residential,16,Wednesday,7,29.8,84.5,22,57.5,57.5
SY094171,ADM_A,Administration,20,Thursday,6,29.9,65.5,,23.9,26.5
SY095303,SCI_A,Science,6,Thursday,10,21.5,73.8,9,68.8,73.7
SY056300,SPT_A,Sports,11,Sunday,2,19.1,51.5,88,41.8,42.3
SY047186,ADM_A,Administration,20,Sunday,6,27.8,62.7,2,19.7,22.0
SY032915,SCI_A,Science,21,Friday,2,15.6,76.0,9,80.5,73.9
SY043788,BUS_A,Business,3,Saturday,6,23.7,82.0,2,25.5,24.5
SY089416,SCI_B,Science,14,Saturday,9,31.9,55.4,9,76.8,78.8
SY012648,SCI_A,Science,21,Thursday,11,14.5,82.3,13,83.6,73.7
SY084039,ADM_A,Administration,3,Wednesday,1,12.6,73.5,0,21.1,19.3
SY097638,RES_A,Residential,17,Friday,1,17.3,47.4,161,35.4,43.6
SY086413,RES_A,Residential,2,Thursday,11,11.5,66.8,420,73.8,79.8
SY041036,BUS_A,Business,23,Tuesday,12,13.9,67.2,4,,20.8
SY060675,SCI_B,Science,21,Thursday,10,,,15,83.0,69.7
SY045726,SPT_A,Sports,9,Wednesday,10,20.2,79.9,27,35.1,32.5
SY039182,BUS_A,Business,12,Wednesday,11,21.6,56.9,187,40.3,42.1
SY054022,SPT_A,Sports,5,Sunday,6,25.2,82.4,0,26.8,23.7
SY000374,BUS_B,Business,5,Thursday,9,19.5,77.4,9,27.4,27.7
SY078820,SCI_B,Science,17,Wednesday,6,29.2,90.3,30,106.3,104.7
SY061155,RES_A,Residential,17,Monday,1,,52.0,21,27.3,32.0
SY062157,SPT_A,Sports,12,Friday,4,19.2,72.3,57,43.5,41.4
SY066463,BUS_B,Business,14,Wednesday,2,23.4,47.6,155,38.3,45.5
SY054517,ADM_A,Administration,19,Thursday,8,28.7,83.2,7,24.1,26.5
SY020869,RES_B,Residential,7,Friday,5,23.4,75.2,289,71.1,74.9
SY082864,ENG_B,Engineering,0,Thursday,3,13.7,70.6,15,,41.1
SY006592,SCI_A,Science,1,Saturday,2,12.0,71.9,6,74.3,74.0
SY028318,BUS_A,Business,0,Wednesday,2,17.6,70.9,4,21.8,21.9
SY074716,RES_B,Residential,2,Sunday,5,15.1,72.7,288,53.3,55.2
SY047753,LEC_A,LectureHall,2,Tuesday,3,13.9,70.8,4,16.1,14.1
SY084074,BUS_B,Business,8,Sunday,9,18.3,79.2,3,24.5,29.9
SY030516,SPT_A,Sports,0,Wednesday,6,20.2,78.8,0,32.0,27.4
SY052597,LIB_A,Library,7,Friday,1,13.8,63.1,0,,22.1
SY045547,ENG_A,Engineering,7,Tuesday,1,11.9,70.8,1,51.2,47.6
SY073821,ADM_A,Administration,22,Friday,4,18.8,64.4,3,18.4,16.7
SY025888,LEC_A,LectureHall,21,Tuesday,2,19.7,61.4,10,15.0,17.6
SY083144,ENG_B,Engineering,13,Thursday,12,16.5,73.1,12,40.9,38.2
SY058480,RES_A,Residential,23,Tuesday,4,13.8,65.6,313,88.4,71.0
SY091454,RES_B,Residential,0,Sunday,8,21.7,88.3,67,33.1,31.4
SY094098,ENG_B,Engineering,3,Sunday,6,24.4,80.9,0,50.8,43.8
SY089972,RES_A,Residential,13,Friday,4,22.6,50.6,129,37.8,37.5
SY076433,ENG_A,Engineering,14,Saturday,3,21.0,46.0,42,50.4,51.3
SY075264,ADM_A,Administration,4,Thursday,3,11.7,69.8,2,20.1,21.6
SY095236,BUS_A,Business,6,Sunday,3,15.1,70.9,5,21.4,22.2
SY029681,ADM_A,Administration,6,Thursday,10,21.4,70.8,3,18.0,17.8
SY016795,SPT_A,Sports,15,Saturday,2,20.8,49.9,94,44.2,47.5
SY011286,SCI_A,Science,17,Friday,6,30.9,90.3,44,136.3,134.1
SY094806,LIB_A,Library,4,Sunday,9,22.3,80.7,1,25.1,24.2
SY029628,SCI_B,Science,18,Thursday,12,16.4,54.3,66,79.2,76.5
SY026316,ADM_A,Administration,8,Friday,2,17.6,62.1,86,28.8,33.6
SY040528,BUS_B,Business,5,Sunday,2,13.8,72.4,0,30.9,30.1
SY021813,RES_A,Residential,6,Thursday,7,26.0,75.1,70,47.1,50.5
SY099824,LEC_A,LectureHall,12,Friday,5,25.8,78.8,123,44.7,37.2
SY068677,LIB_A,Library,0,Saturday,5,21.3,75.6,80,66.0,62.2
SY022937,ENG_A,Engineering,21,Friday,2,17.9,64.6,32,55.7,59.2
SY098453,LIB_A,Library,10,Wednesday,2,19.8,62.7,122,28.7,33.7
SY055665,LIB_A,Library,4,Saturday,8,23.8,79.0,10,27.3,27.1
SY014041,SPT_A,Sports,5,Tuesday,6,27.0,79.4,0,33.5,34.6
SY025040,RES_B,Residential,2,Sunday,3,13.5,74.1,283,46.0,52.4
SY081718,RES_A,Residential,10,Wednesday,3,22.1,60.3,102,35.9,37.0
SY070784,BUS_A,Business,22,Wednesday,1,13.7,71.9,12,45.0,21.3
SY012230,BUS_B,Business,8,Saturday,4,19.5,70.2,3,26.0,25.1
SY013457,LIB_A,Library,11,Friday,1,14.0,70.0,127,37.0,41.9
SY041353,BUS_A,Business,20,Wednesday,2,21.5,59.7,85,53.9,45.2
SY054944,ENG_A,Engineering,20,Monday,6,29.0,65.8,16,88.5,83.2
SY068915,SCI_A,Science,12,Saturday,6,33.1,62.1,8,95.5,100.1
SY005249,RES_B,Residential,21,Thursday,2,17.1,61.6,234,62.7,70.7
SY009361,LIB_A,Library,15,Sunday,2,22.2,48.2,161,39.9,41.4
SY001291,ADM_A,Administration,4,Wednesday,2,12.7,68.0,3,17.2,21.0
SY079685,SCI_B,Science,4,Wednesday,2,11.2,72.6,8,75.6,72.1
SY019229,ENG_A,Engineering,11,Wednesday,4,18.5,55.6,110,65.2,60.3
SY089037,BUS_A,Business,15,Friday,9,33.4,56.7,192,83.6,90.5
SY067356,ENG_A,Engineering,3,Friday,4,16.3,66.2,11,41.7,41.4
SY098737,SPT_A,Sports,13,Friday,11,17.7,70.6,57,40.6,44.7
SY027798,ENG_A,Engineering,8,Friday,2,16.0,59.9,62,47.8,57.1
SY051516,ADM_A,Administration,16,Monday,6,33.8,51.3,70,55.6,50.5
SY028991,SPT_A,Sports,5,Sunday,5,25.8,77.6,0,31.1,30.7
SY042928,SPT_A,Sports,2,Thursday,6,25.7,81.8,,36.0,33.5
SY020410,BUS_A,Business,13,Wednesday,1,19.2,48.4,132,38.7,34.9
SY031760,SCI_A,Science,8,Tuesday,6,25.7,74.5,29,69.9,83.2
SY063324,SPT_A,Sports,21,Saturday,2,14.6,59.9,26,56.5,54.4
SY066708,ENG_B,Engineering,5,Saturday,12,10.5,74.4,2,47.5,42.9
SY044271,SCI_A,Science,4,Friday,2,14.2,74.3,8,74.7,79.3
SY046433,ENG_B,Engineering,16,Monday,4,26.2,52.8,110,74.1,62.8
SY026607,RES_A,Residential,17,Saturday,2,14.3,75.8,286,48.1,61.6
SY093330,BUS_A,Business,8,Thursday,2,17.0,63.7,76,22.8,30.4
SY062392,BUS_B,Business,16,Sunday,4,24.1,52.8,14,28.0,28.1
SY015867,SCI_B,Science,14,Friday,1,17.0,51.7,24,59.7,62.2
SY057837,SCI_B,Science,9,Wednesday,2,18.8,63.5,103,69.0,71.6
SY013484,LEC_A,LectureHall,2,Monday,10,17.3,80.4,1,16.8,14.9
SY014602,SPT_A,Sports,2,Tuesday,3,15.1,75.4,0,33.2,33.3
SY038246,BUS_A,Business,1,Wednesday,9,16.0,79.7,3,19.5,22.6
SY066487,SPT_A,Sports,9,Thursday,7,30.6,77.6,16,59.0,35.4
SY094256,RES_A,Residential,0,Tuesday,6,26.6,81.9,72,55.9,56.7
SY025075,ENG_B,Engineering,7,Monday,11,14.4,68.3,15,45.7,43.2
SY059985,RES_A,Residential,10,Saturday,7,28.3,77.0,68,59.0,54.6
SY070417,ADM_A,Administration,4,Wednesday,6,27.3,83.3,3,21.0,21.5
SY031240,ENG_A,Engineering,20,Tuesday,7,26.0,87.4,28,83.0,83.6
SY082536,SCI_B,Science,19,Wednesday,6,28.3,64.3,19,96.1,102.9
SY024088,RES_B,Residential,7,Wednesday,3,17.9,78.8,179,54.9,50.2
SY004321,LIB_A,Library,23,Saturday,8,23.0,75.7,1,27.5,25.7
SY046260,LIB_A,Library,10,Monday,9,29.3,64.7,98,41.5,48.9
SY098832,BUS_A,Business,20,Monday,9,18.8,79.6,104,46.0,40.3
SY013929,LEC_A,LectureHall,2,Friday,9,18.4,77.5,5,16.8,16.1
SY082104,SCI_B,Science,6,Saturday,4,20.0,76.6,12,65.4,60.2
SY095745,RES_A,Residential,18,Friday,5,29.7,56.5,236,73.6,96.5
SY008426,ADM_A,Administration,18,Sunday,8,29.4,53.9,,23.7,24.6
SY094172,BUS_A,Business,16,Tuesday,1,17.3,51.1,4,22.0,20.6
SY057325,RES_B,Residential,0,Wednesday,4,16.4,84.1,189,55.9,47.5
SY063888,ADM_A,Administration,20,Friday,10,26.3,60.9,3,22.2,23.6
SY022220,BUS_B,Business,15,Monday,8,30.7,52.2,45,53.6,54.1
SY000506,BUS_A,Business,4,Wednesday,3,12.9,79.0,4,24.1,24.6
SY021995,RES_A,Residential,12,Friday,6,31.0,55.3,20,43.5,44.8
SY004296,ENG_A,Engineering,17,Monday,5,29.2,81.2,67,92.2,86.7
SY040197,LEC_A,LectureHall,16,Tuesday,12,18.8,54.3,3,11.7,14.1
SY077312,LIB_A,Library,3,Tuesday,11,13.7,78.7,8,26.4,25.7
SY076343,SCI_B,Science,4,Friday,11,13.5,78.7,4,64.9,65.3
SY083630,LEC_A,LectureHall,8,Wednesday,2,14.6,65.3,157,16.4,26.6
SY096725,BUS_B,Business,4,Thursday,5,24.6,81.2,3,30.5,29.7
SY010645,SCI_B,Science,21,Friday,5,25.2,69.2,10,92.3,85.0
SY019943,BUS_B,Business,14,Monday,12,20.2,54.0,157,45.8,45.5
SY091154,RES_B,Residential,2,Sunday,4,18.2,81.2,204,49.6,44.6
SY088222,ADM_A,Administration,5,Thursday,7,28.3,79.3,0,22.7,20.9
SY086579,RES_A,Residential,5,Monday,10,17.7,81.7,226,49.2,56.5
SY064129,LEC_A,LectureHall,18,Monday,7,29.1,87.4,7,31.3,28.1
SY061819,LEC_A,LectureHall,15,Friday,2,22.3,48.9,217,29.6,28.5
SY025326,SCI_B,Science,7,Wednesday,5,24.5,84.2,6,60.9,66.5
SY065565,ADM_A,Administration,9,Wednesday,2,12.4,61.4,73,33.7,33.5
SY012340,RES_B,Residential,6,Sunday,11,13.2,76.4,263,55.9,68.9
SY063862,SCI_A,Science,1,Friday,1,12.1,74.7,1,75.9,78.8
SY088068,SCI_B,Science,4,Tuesday,3,,75.2,4,63.1,63.9
SY078022,RES_A,Residential,18,Tuesday,1,17.6,50.5,295,46.4,79.6
SY094041,SPT_A,Sports,9,Tuesday,1,9.1,58.9,30,68.4,62.6
SY001209,RES_B,Residential,11,Friday,2,17.7,57.3,95,29.5,30.7
SY015106,BUS_A,Business,5,Wednesday,6,21.8,81.6,0,20.7,18.4
SY029597,LEC_A,LectureHall,12,Sunday,6,29.9,79.7,0,23.3,27.3
SY034062,ENG_B,Engineering,4,Tuesday,1,10.0,78.6,10,42.9,44.6
SY062664,LEC_A,LectureHall,9,Friday,1,17.8,61.2,323,32.6,32.4
SY046165,RES_A,Residential,11,Saturday,5,26.4,,202,49.2,50.9
SY013195,SPT_A,Sports,18,Thursday,3,24.7,52.9,129,56.5,69.5
SY044866,SCI_A,Science,0,Monday,12,12.1,67.4,6,81.5,76.4
SY035361,LEC_A,LectureHall,1,Saturday,6,20.7,77.4,0,16.7,15.0
SY053286,LIB_A,Library,21,Monday,1,13.9,55.6,1,27.5,26.4
SY029807,SCI_B,Science,13,Monday,2,18.4,72.8,62,68.5,67.8
SY021337,BUS_A,Business,1,Tuesday,12,11.6,72.0,0,23.4,23.7
SY035086,LEC_A,LectureHall,15,Thursday,7,,58.5,32,74.0,76.5
SY093230,RES_A,Residential,0,Thursday,8,19.3,80.1,79,,35.8
SY027460,BUS_A,Business,2,Sunday,2,14.3,70.9,5,25.2,25.0
SY051507,SPT_A,Sports,5,Friday,5,21.6,80.5,0,22.8,21.6
SY037882,RES_B,Residential,23,Tuesday,3,15.0,70.4,176,57.6,38.6
SY003437,SCI_B,Science,20,Tuesday,11,19.4,65.9,15,72.3,67.4
SY086618,BUS_A,Business,22,Thursday,1,13.5,63.9,18,46.8,25.1
SY034207,RES_B,Residential,6,Monday,9,,82.3,233,57.2,56.9
SY054455,SCI_A,Science,8,Monday,2,18.0,66.8,61,69.7,87.1
SY089733,BUS_B,Business,5,Saturday,6,22.9,85.5,0,24.6,25.4
SY003825,RES_B,Residential,18,Tuesday,11,19.7,56.0,217,32.5,62.1
SY085067,RES_A,Residential,4,Thursday,9,18.6,88.6,244,63.9,58.4
SY031200,ENG_B,Engineering,23,Thursday,3,16.7,71.4,20,43.0,47.0
SY074415,SPT_A,Sports,14,Sunday,4,22.3,79.8,137,44.5,44.7
SY044779,BUS_B,Business,19,Friday,5,24.7,80.9,74,44.2,58.8
SY021681,SCI_B,Science,15,Thursday,4,23.0,85.1,91,82.9,83.1
SY055173,BUS_B,Business,11,Monday,6,29.9,61.7,64,53.4,60.2
SY043105,LEC_A,LectureHall,6,Tuesday,3,12.4,74.0,,18.4,17.9
SY003137,LIB_A,Library,1,Thursday,5,20.5,,92,46.0,48.5
SY086302,ENG_B,Engineering,23,Saturday,4,20.7,70.2,9,37.2,40.3
SY084051,RES_A,Residential,7,Saturday,4,17.1,76.3,245,62.7,70.2
SY001503,RES_A,Residential,5,Monday,1,11.4,71.9,30,38.2,38.5
SY087461,SCI_A,Science,19,Wednesday,5,27.9,63.6,31,114.9,116.1
SY052757,ENG_A,Engineering,4,Monday,4,17.0,83.4,9,46.7,46.8
SY051615,RES_A,Residential,22,Monday,2,18.4,61.8,260,84.8,81.3
SY050782,LIB_A,Library,21,Wednesday,3,16.8,75.8,145,60.8,57.6
SY098583,RES_B,Residential,14,Saturday,3,23.1,55.9,128,38.8,34.6
SY040282,LEC_A,LectureHall,12,Sunday,10,23.7,58.0,4,14.6,15.1
SY044159,ENG_B,Engineering,2,Saturday,2,13.9,72.5,9,36.2,37.6
SY069515,SCI_B,Science,16,Friday,3,17.8,81.2,70,75.0,78.7
SY063950,LEC_A,LectureHall,18,Thursday,9,26.7,50.6,83,50.4,60.9
SY057983,LIB_A,Library,12,Monday,6,31.7,56.8,55,48.6,52.4
SY077046,BUS_B,Business,4,Tuesday,7,25.8,88.9,2,31.5,34.2
SY007267,RES_A,Residential,17,Friday,3,19.0,48.6,156,34.4,36.7
SY011249,SCI_A,Science,11,Tuesday,6,28.7,65.0,62,97.5,103.1
SY059748,SCI_B,Science,8,Saturday,2,18.1,66.9,11,58.6,54.6
SY040042,BUS_A,Business,1,Sunday,9,19.0,82.6,2,22.8,22.2
SY078219,BUS_A,Business,22,Friday,3,,64.6,13,48.2,25.0
SY057336,SPT_A,Sports,12,Monday,2,20.1,44.4,58,40.5,42.3
SY038162,RES_B,Residential,15,Saturday,6,29.1,59.2,,,42.1
SY046409,SCI_B,Science,22,Tuesday,8,20.9,85.5,8,60.7,59.9
SY033045,ADM_A,Administration,23,Thursday,6,24.8,74.3,1,21.1,20.2
SY009208,RES_B,Residential,10,Thursday,11,15.5,79.5,65,29.6,28.2
SY093215,SCI_A,Science,5,Tuesday,1,11.0,77.0,1,89.5,86.6
SY014430,ENG_B,Engineering,17,Tuesday,6,31.1,62.6,44,73.3,73.6
SY083376,LIB_A,Library,5,Wednesday,1,11.5,67.6,2,28.5,26.7
SY050589,RES_B,Residential,21,Thursday,11,14.9,74.8,145,54.0,49.7
SY054247,ENG_A,Engineering,8,Saturday,1,10.3,65.4,0,55.7,54.5
SY067310,LEC_A,LectureHall,6,Sunday,1,13.2,72.6,0,,16.2
SY078297,SCI_B,Science,22,Wednesday,12,17.2,66.4,7,54.9,56.8
SY041285,SCI_A,Science,3,Saturday,12,9.4,75.8,10,85.1,87.7
SY038083,SPT_A,Sports,7,Saturday,1,14.0,62.9,0,37.0,36.1
SY029722,SCI_A,Science,12,Thursday,2,17.5,52.5,114,93.3,100.1
SY039263,RES_A,Residential,10,Saturday,2,20.4,61.1,355,50.5,54.5
SY077524,LIB_A,Library,19,Monday,10,25.6,56.9,132,66.3,68.1
SY049139,SCI_B,Science,20,Friday,2,18.5,61.3,12,77.2,72.8
SY024406,RES_A,Residential,0,Tuesday,3,11.2,68.6,268,80.7,61.0
SY051031,RES_B,Residential,2,Monday,11,12.5,76.7,180,38.6,39.7
SY096797,SCI_B,Science,22,Thursday,1,11.5,65.3,8,68.1,68.6
SY049781,LEC_A,LectureHall,13,Friday,5,30.0,54.3,342,49.8,73.7
SY053859,SCI_A,Science,0,Monday,2,12.7,69.0,10,80.1,83.6
SY021239,SCI_B,Science,7,Tuesday,4,18.6,82.3,7,81.6,82.3
SY004034,BUS_B,Business,19,Saturday,4,23.6,59.8,8,30.7,33.1
SY012409,SPT_A,Sports,0,Sunday,4,20.3,79.7,0,28.4,29.5
SY025886,SCI_B,Science,15,Wednesday,1,20.1,54.5,22,66.2,66.9
SY041793,RES_B,Residential,14,Tuesday,5,28.5,56.6,113,42.2,42.1
SY000681,ENG_A,Engineering,7,Wednesday,2,15.7,73.1,15,48.9,46.8
SY038629,LEC_A,LectureHall,18,Wednesday,1,19.1,50.4,89,32.4,32.7
SY071603,BUS_A,Business,12,Thursday,3,20.5,55.3,147,36.6,35.3
SY099999,BUS_B,Business,2,Wednesday,1,11.3,,1,26.9,27.4
SY030158,ENG_A,Engineering,6,Monday,12,12.6,70.4,10,52.5,52.9
SY099872,BUS_B,Business,17,Friday,11,17.3,69.5,217,43.4,49.5
SY072105,LIB_A,Library,16,Saturday,5,24.4,54.5,96,35.0,37.4
SY014589,RES_B,Residential,7,Friday,8,27.3,85.7,131,77.2,59.3
SY042181,BUS_A,Business,9,Friday,1,16.7,56.6,16,21.8,23.2
SY067067,ENG_A,Engineering,18,Friday,10,26.0,60.4,102,91.5,93.1
SY019436,BUS_A,Business,14,Thursday,9,30.7,58.8,200,54.6,76.2
SY040080,BUS_B,Business,21,Saturday,2,15.7,59.9,7,,27.9
SY095528,BUS_A,Business,8,Tuesday,1,13.6,64.0,6,20.2,20.0
SY039612,ENG_B,Engineering,11,Wednesday,5,27.9,58.0,89,53.3,59.7
SY091205,ENG_B,Engineering,10,Saturday,3,20.8,66.7,14,39.3,38.7
SY076430,BUS_B,Business,18,Monday,7,30.7,61.2,31,59.7,59.6
SY061118,ENG_A,Engineering,9,Wednesday,12,11.3,58.1,115,67.5,73.0
SY040462,RES_B,Residential,2,Thursday,5,19.2,80.7,284,56.8,57.1
SY036786,ADM_A,Administration,6,Wednesday,6,25.5,73.0,2,18.5,18.1
SY076971,ENG_B,Engineering,16,Thursday,11,16.1,73.8,105,56.3,58.3
SY045555,BUS_B,Business,13,Sunday,2,21.2,50.6,93,35.7,37.1
SY068562,LEC_A,LectureHall,8,Tuesday,5,21.5,66.9,161,14.7,25.5
SY083417,SCI_B,Science,20,Wednesday,9,25.2,80.1,,80.2,80.1
SY091127,ENG_A,Engineering,18,Wednesday,12,14.0,50.6,77,72.9,72.4
SY020581,SCI_A,Science,23,Friday,6,24.6,78.0,4,95.7,94.5
SY034844,RES_B,Residential,8,Tuesday,2,,,174,59.3,56.2
SY087925,SCI_B,Science,0,Sunday,8,26.0,80.9,2,83.0,76.3
SY077566,BUS_A,Business,0,Sunday,6,26.9,86.0,0,28.6,28.9
SY049584,LEC_A,LectureHall,22,Saturday,12,12.9,63.8,1,18.4,13.1
SY099578,SCI_A,Science,17,Sunday,12,15.7,76.6,4,79.4,77.8
SY013712,BUS_B,Business,5,Monday,6,25.2,75.8,3,31.2,27.4
SY069157,ENG_A,Engineering,2,Sunday,3,,,7,53.2,53.8
SY054980,RES_A,Residential,16,Wednesday,5,27.4,54.3,123,47.5,50.2
SY074696,ENG_A,Engineering,9,Monday,7,25.3,82.7,62,60.8,67.8
SY050603,BUS_A,Business,17,Tuesday,2,16.5,75.3,137,36.0,36.3
SY055156,ADM_A,Administration,11,Sunday,5,22.1,78.8,5,17.5,14.4
SY036364,BUS_A,Business,12,Thursday,11,15.6,77.7,225,46.0,45.4
SY068275,BUS_A,Business,10,Wednesday,2,13.9,56.9,142,39.2,41.8
SY006386,ENG_B,Engineering,21,Thursday,5,23.6,80.7,6,42.2,39.2
SY060274,ADM_A,Administration,3,Sunday,10,21.5,73.8,5,19.2,19.7
SY093672,SPT_A,Sports,8,Sunday,4,20.4,,61,31.6,37.0
SY083754,SPT_A,Sports,8,Wednesday,11,14.7,66.5,67,48.8,46.0
SY066241,RES_B,Residential,20,Sunday,7,26.5,63.2,58,49.1,51.7
SY071702,LEC_A,LectureHall,15,Sunday,7,29.5,84.2,1,22.2,23.5
SY082274,ADM_A,Administration,12,Saturday,1,12.9,71.7,11,22.4,20.4
SY014374,SCI_A,Science,13,Tuesday,2,19.5,51.1,82,99.7,92.1
SY033206,SCI_B,Science,8,Saturday,5,26.7,70.3,16,66.0,72.2
SY093287,LEC_A,LectureHall,19,Wednesday,7,,,7,33.3,35.7
SY093478,BUS_A,Business,22,Friday,3,18.3,68.0,11,42.6,23.5
SY017754,RES_A,Residential,9,Saturday,1,16.8,61.1,55,33.4,29.5
SY082533,BUS_B,Business,13,Monday,12,22.1,48.2,17,27.5,27.9
SY092364,RES_B,Residential,21,Monday,6,27.7,70.0,69,57.7,60.8
SY051838,RES_B,Residential,14,Wednesday,8,23.1,84.5,28,25.5,24.3
SY042207,RES_B,Residential,0,Monday,9,22.0,82.5,184,62.1,47.2
SY005688,ENG_A,Engineering,10,Wednesday,9,25.7,62.4,131,69.3,79.1
SY034673,ENG_A,Engineering,12,Sunday,3,12.6,66.4,25,51.8,50.8
SY093859,RES_A,Residential,20,Tuesday,12,19.4,58.6,,77.4,75.7
SY062286,SCI_A,Science,18,Friday,9,27.3,56.2,71,102.6,106.6
SY082329,BUS_B,Business,0,Monday,3,17.6,77.5,3,28.3,26.1
SY041522,LEC_A,LectureHall,2,Sunday,2,13.3,68.3,1,15.3,14.7
SY044250,LIB_A,Library,5,Tuesday,11,14.0,69.4,5,27.1,25.3
SY095427,ENG_A,Engineering,10,Saturday,6,,,3,64.0,69.9
SY062869,ENG_A,Engineering,10,Wednesday,2,19.7,63.6,122,73.6,72.9
SY022989,BUS_A,Business,3,Monday,8,27.6,84.7,3,31.9,31.0
SY073118,LEC_A,LectureHall,4,Tuesday,1,9.8,68.7,3,,18.8
SY053729,SCI_B,Science,9,Thursday,8,24.7,75.8,76,64.9,74.6
SY075905,ADM_A,Administration,1,Wednesday,3,11.5,70.9,3,18.0,17.4
SY015147,RES_B,Residential,2,Thursday,9,20.7,83.0,174,56.5,51.6
SY083240,ENG_B,Engineering,3,Friday,5,20.7,81.7,9,38.1,38.3
SY034756,SCI_B,Science,18,Monday,5,25.6,66.7,99,84.1,88.1
SY054674,LEC_A,LectureHall,11,Monday,12,18.4,54.7,236,27.3,27.3
SY043581,RES_A,Residential,0,Monday,7,23.1,77.3,93,59.0,52.1
SY034391,LIB_A,Library,19,Saturday,5,26.4,62.0,88,60.2,67.0
SY035069,SPT_A,Sports,9,Monday,3,17.0,73.1,20,43.9,36.8
SY098944,RES_B,Residential,14,Saturday,6,30.6,79.4,40,52.4,52.4
SY046571,SPT_A,Sports,18,Tuesday,2,22.0,73.2,202,45.6,61.7
SY089584,RES_A,Residential,2,Monday,4,14.7,75.0,265,67.0,66.6
SY036272,SPT_A,Sports,18,Monday,11,20.1,57.6,146,52.7,61.9
SY063858,RES_B,Residential,11,Sunday,3,12.5,72.5,184,45.2,41.1
SY064733,SCI_A,Science,6,Monday,9,22.6,88.7,,66.1,62.3
SY078731,SCI_B,Science,2,Tuesday,3,14.9,78.9,6,59.8,59.9
SY098378,BUS_B,Business,23,Monday,5,27.1,84.9,0,44.5,39.5
SY049138,ENG_A,Engineering,21,Sunday,9,23.4,85.2,11,57.0,60.2
SY026459,LIB_A,Library,5,Monday,6,27.8,74.6,2,37.0,32.6
SY094825,SCI_B,Science,5,Sunday,9,20.4,,4,61.0,58.5
SY078919,RES_B,Residential,5,Friday,5,21.0,85.4,252,51.3,55.5
SY094946,ENG_A,Engineering,23,Monday,5,20.4,75.1,5,64.8,46.7
SY021216,SCI_A,Science,9,Saturday,8,23.9,86.0,14,70.0,71.1
SY001008,SCI_B,Science,14,Friday,3,25.0,45.1,69,76.6,75.7
SY011743,SPT_A,Sports,7,Tuesday,12,12.5,62.8,41,60.5,42.7
SY017796,SPT_A,Sports,23,Thursday,10,21.7,73.2,0,54.3,29.1
SY095898,ADM_A,Administration,17,Friday,1,14.2,74.5,43,31.9,29.7
SY076589,SCI_A,Science,19,Saturday,4,22.3,61.1,3,83.1,80.0
SY092066,SCI_A,Science,16,Saturday,1,21.6,53.0,12,79.3,77.0
SY040704,BUS_A,Business,23,Sunday,3,15.1,69.5,2,19.6,20.8
SY077037,SCI_B,Science,14,Saturday,3,19.5,51.0,13,63.4,62.5
SY059327,LIB_A,Library,12,Wednesday,5,28.6,55.0,230,66.7,69.9
SY018785,RES_A,Residential,11,Sunday,1,19.0,55.5,36,28.3,28.7
SY001509,SCI_B,Science,7,Monday,11,15.4,75.6,5,65.3,60.1
SY084574,RES_A,Residential,2,Friday,3,12.4,74.0,391,77.0,79.3
SY094285,BUS_B,Business,7,Friday,6,28.5,74.9,2,31.1,31.5
SY019561,RES_B,Residential,15,Saturday,3,20.8,46.7,175,39.4,39.4
SY029778,LEC_A,LectureHall,11,Friday,1,18.6,54.1,9,12.5,11.8
SY066515,LEC_A,LectureHall,10,Tuesday,12,16.9,56.2,5,13.6,15.1
SY011672,RES_B,Residential,2,Tuesday,10,20.4,77.5,270,63.2,65.7
SY086182,ENG_A,Engineering,20,Saturday,10,23.7,64.9,11,64.3,59.4
SY004579,LIB_A,Library,1,Sunday,1,9.6,70.2,6,25.3,28.0
SY025811,SPT_A,Sports,18,Sunday,1,18.1,51.4,23,54.6,51.6
SY092476,SCI_B,Science,20,Saturday,3,20.8,60.8,5,58.6,59.4
SY041672,LIB_A,Library,4,Sunday,12,11.0,68.3,2,29.8,30.2
SY009782,BUS_A,Business,23,Friday,5,24.7,81.7,0,31.0,27.5
SY003506,LIB_A,Library,14,Wednesday,1,21.6,45.8,151,36.0,38.1
SY095421,ENG_A,Engineering,17,Sunday,9,24.5,84.3,35,61.0,60.0
SY086930,ENG_A,Engineering,4,Monday,5,16.3,82.5,6,45.1,41.7
SY083607,SPT_A,Sports,4,Saturday,8,23.5,78.1,0,26.6,26.6
SY028884,LIB_A,Library,7,Sunday,2,16.2,62.6,9,25.2,24.7
SY095730,SCI_A,Science,17,Friday,11,22.5,82.0,95,85.9,90.3
SY002468,ENG_B,Engineering,16,Thursday,8,29.8,88.1,44,66.3,70.8
SY041697,BUS_A,Business,8,Thursday,3,16.7,63.8,,19.7,27.5
SY049595,SPT_A,Sports,10,Monday,5,25.2,62.7,24,25.5,29.2
SY083577,ENG_B,Engineering,19,Tuesday,2,20.7,57.7,61,63.0,53.5
SY004666,LIB_A,Library,14,Thursday,4,24.6,49.3,153,33.2,38.9
SY068864,BUS_B,Business,7,Tuesday,10,21.8,73.8,7,30.2,26.7
SY081929,RES_B,Residential,16,Thursday,12,19.6,50.6,116,28.7,30.5
SY070882,BUS_B,Business,19,Tuesday,6,30.4,62.1,30,61.0,74.9
SY003254,RES_B,Residential,3,Wednesday,3,12.9,79.5,267,52.6,55.1
SY007306,SCI_A,Science,14,Wednesday,3,17.3,82.0,106,91.3,98.6
SY028074,ENG_B,Engineering,20,Thursday,5,24.2,84.4,20,54.5,56.0
SY078164,RES_B,Residential,15,Thursday,6,29.8,87.9,24,47.6,49.4
SY036275,RES_B,Residential,1,Thursday,2,10.6,71.3,282,46.4,53.9
SY065383,RES_B,Residential,14,Sunday,2,20.9,52.0,154,34.3,36.1
SY009386,ADM_A,Administration,10,Sunday,1,16.6,51.9,6,15.3,19.1
SY058649,RES_B,Residential,10,Monday,3,16.9,62.9,100,36.5,30.5
SY062642,RES_A,Residential,19,Friday,4,20.2,74.4,265,85.7,81.9
SY083638,RES_B,Residential,18,Tuesday,12,18.8,58.6,20,24.1,26.0
SY075567,ADM_A,Administration,17,Wednesday,2,22.3,45.5,62,43.0,31.1
SY094279,ENG_B,Engineering,12,Wednesday,4,19.2,77.3,88,,54.7
SY073521,SPT_A,Sports,21,Monday,3,16.5,82.2,90,58.2,51.9
SY082498,LEC_A,LectureHall,8,Tuesday,10,22.9,69.2,187,15.9,29.0
SY060803,SPT_A,Sports,9,Wednesday,4,21.6,64.4,27,38.4,34.3
SY023795,SCI_A,Science,4,Sunday,8,23.4,82.1,8,81.8,82.0
SY052062,SPT_A,Sports,5,Wednesday,3,17.2,70.8,0,35.2,34.9
SY064962,LEC_A,LectureHall,20,Tuesday,6,25.4,63.6,0,25.1,24.1
SY080833,ENG_A,Engineering,2,Thursday,8,20.4,84.4,2,46.7,45.0
SY090568,SPT_A,Sports,12,Wednesday,10,29.0,57.0,57,35.1,41.0
SY019335,SCI_A,Science,11,Tuesday,11,20.5,56.3,102,107.2,99.2
SY023797,BUS_B,Business,16,Tuesday,10,24.0,73.8,154,48.0,47.2
SY085024,LIB_A,Library,6,Wednesday,1,11.3,65.0,10,30.8,29.9
SY039365,SPT_A,Sports,7,Tuesday,2,15.1,64.9,54,59.3,41.3
SY067136,LIB_A,Library,16,Monday,1,17.6,50.9,190,44.7,45.7
SY021545,LEC_A,LectureHall,22,Tuesday,2,14.5,74.4,2,15.2,15.5
SY081921,BUS_A,Business,14,Saturday,11,22.4,50.8,14,,21.0
SY094479,ADM_A,Administration,10,Friday,7,34.1,66.0,93,53.2,60.8
SY044072,ENG_B,Engineering,4,Saturday,1,11.2,82.3,5,39.7,38.7
SY091459,SPT_A,Sports,1,Sunday,11,13.1,68.9,0,,37.2
SY034154,LEC_A,LectureHall,6,Monday,7,22.8,84.2,3,,13.3
SY062745,ENG_B,Engineering,6,Sunday,5,24.4,79.1,6,38.0,36.7
SY038584,ENG_A,Engineering,7,Monday,4,20.2,66.5,4,46.3,46.3
SY089554,SPT_A,Sports,11,Wednesday,11,19.8,56.3,36,35.3,34.6
SY004386,SCI_A,Science,8,Saturday,2,15.4,65.2,8,81.5,78.8
SY000959,LIB_A,Library,15,Tuesday,6,32.9,,58,62.1,63.6
SY044643,BUS_B,Business,16,Monday,4,20.7,55.3,196,49.3,44.3
SY069733,SCI_A,Science,15,Tuesday,1,14.6,50.0,125,105.1,105.6
SY091859,SPT_A,Sports,11,Tuesday,5,26.6,61.3,36,27.7,29.7
SY059560,SCI_A,Science,3,Monday,11,13.0,75.1,7,82.0,81.7
SY023228,ADM_A,Administration,15,Monday,9,25.9,77.5,92,49.1,44.2
SY099669,LEC_A,LectureHall,10,Wednesday,10,21.9,76.9,327,27.1,34.1
SY083661,BUS_A,Business,4,Tuesday,1,13.6,73.1,0,20.2,23.6
SY073441,BUS_B,Business,9,Tuesday,4,18.7,67.0,185,36.6,47.7
SY095320,ENG_A,Engineering,23,Tuesday,9,20.0,86.0,21,65.1,61.7
SY050491,BUS_B,Business,15,Tuesday,12,20.5,47.4,99,40.8,38.9
SY020014,RES_A,Residential,2,Friday,2,13.6,68.2,406,63.1,76.3
SY056398,SCI_A,Science,15,Sunday,8,28.7,89.1,7,90.7,94.1
SY095482,ENG_A,Engineering,15,Sunday,1,21.1,45.9,6,41.8,42.4
SY025501,ENG_B,Engineering,17,Saturday,3,18.9,53.3,26,41.0,41.9
SY035116,BUS_A,Business,14,Thursday,7,32.1,75.7,,56.4,54.7
SY024509,RES_A,Residential,18,Wednesday,3,16.2,76.7,230,41.1,69.2
SY056228,SCI_A,Science,5,Monday,5,18.5,77.9,3,72.8,71.6
SY008037,SCI_B,Science,20,Saturday,10,22.6,63.8,3,69.9,64.7
SY019482,ENG_B,Engineering,19,Monday,3,19.2,65.1,63,61.8,60.3
SY004333,BUS_B,Business,4,Thursday,7,28.2,83.5,4,37.5,41.7
SY084984,ENG_B,Engineering,2,Friday,2,14.4,71.5,12,36.8,39.8
SY061547,ADM_A,Administration,13,Thursday,3,21.6,50.3,97,28.9,37.2
SY018741,SPT_A,Sports,7,Sunday,12,13.7,62.0,0,35.2,35.3
SY088286,LEC_A,LectureHall,7,Friday,10,21.1,69.9,7,,13.5
SY075904,ADM_A,Administration,20,Wednesday,11,18.9,58.0,4,22.4,19.0
SY052612,ADM_A,Administration,5,Sunday,8,22.9,84.0,3,19.9,19.0
SY053301,LEC_A,LectureHall,4,Saturday,4,17.0,77.0,0,15.7,16.6
SY027664,SCI_A,Science,1,Tuesday,3,13.3,79.9,6,72.9,79.8
SY081158,BUS_A,Business,13,Saturday,3,21.2,53.5,62,28.1,28.6
SY085012,LIB_A,Library,5,Thursday,1,10.7,67.1,0,28.3,30.7
SY022592,BUS_B,Business,8,Wednesday,6,22.3,72.9,24,23.3,25.8
SY034424,LIB_A,Library,2,Wednesday,4,13.5,81.6,12,29.4,30.6
SY066674,ADM_A,Administration,1,Saturday,2,15.7,68.8,1,19.9,20.6
SY000276,RES_B,Residential,16,Wednesday,6,35.0,55.1,35,56.4,57.3
SY097828,RES_B,Residential,23,Friday,2,12.9,82.2,217,53.3,45.1
SY041833,SPT_A,Sports,16,Sunday,9,30.1,55.9,93,64.8,67.2
SY031273,SCI_B,Science,11,Wednesday,11,19.4,56.1,93,81.4,77.4
SY014601,BUS_B,Business,13,Thursday,3,25.3,53.9,164,52.7,46.4
SY034463,RES_A,Residential,19,Monday,4,23.1,51.5,245,68.2,76.1
SY036156,BUS_A,Business,4,Tuesday,5,19.4,82.9,1,21.8,22.2
SY032852,BUS_A,Business,16,Tuesday,7,27.4,87.4,34,41.9,42.4
SY090531,SPT_A,Sports,17,Tuesday,7,33.2,58.7,67,71.0,73.7
SY037451,LEC_A,LectureHall,11,Monday,10,20.8,73.7,246,27.4,31.8
SY021364,SCI_A,Science,12,Friday,2,16.1,75.6,127,92.3,123.8
SY006688,LEC_A,LectureHall,8,Tuesday,4,19.7,69.9,111,16.3,19.9
SY023765,LIB_A,Library,17,Sunday,12,15.6,72.2,173,44.8,57.8
SY090716,LIB_A,Library,17,Thursday,1,17.4,47.1,147,36.6,57.9
SY034873,ENG_B,Engineering,14,Friday,2,16.4,73.0,106,56.9,56.5
SY035421,BUS_A,Business,15,Friday,5,30.5,51.8,156,70.8,66.0
SY040637,RES_B,Residential,23,Sunday,2,20.4,68.1,250,81.4,62.0
SY087257,LIB_A,Library,21,Sunday,4,18.6,67.1,4,41.2,24.1
SY055334,ENG_A,Engineering,14,Tuesday,7,33.8,60.9,60,85.0,91.0
SY035127,BUS_B,Business,1,Tuesday,4,18.1,76.1,,26.2,26.7
SY071216,SPT_A,Sports,3,Sunday,4,18.3,,0,31.3,29.6
SY026263,LIB_A,Library,19,Saturday,1,19.1,50.8,,44.4,44.8
SY039763,ADM_A,Administration,22,Monday,4,20.8,78.4,3,16.0,18.5
SY093282,BUS_B,Business,23,Saturday,12,13.4,66.1,1,28.3,29.0
SY082886,ADM_A,Administration,19,Thursday,10,26.8,57.4,5,38.8,26.2
SY011900,RES_A,Residential,1,Tuesday,7,25.4,77.4,70,60.1,56.2
SY096282,SCI_A,Science,21,Wednesday,5,25.2,67.4,5,103.4,96.7
SY017976,LIB_A,Library,16,Saturday,9,29.1,80.0,100,66.8,66.6
SY053048,ADM_A,Administration,12,Friday,2,15.6,68.8,78,37.0,29.3
SY036920,LIB_A,Library,16,Monday,4,21.7,78.3,211,,44.4
SY026246,BUS_A,Business,22,Friday,1,11.5,63.0,18,43.5,22.9
SY001230,RES_B,Residential,17,Friday,5,29.8,54.5,122,47.3,53.2
SY050706,LIB_A,Library,1,Thursday,10,21.9,72.9,13,29.5,28.5
SY093700,ENG_B,Engineering,17,Sunday,6,29.4,58.5,14,55.8,57.0
SY006434,LEC_A,LectureHall,0,Saturday,8,27.4,92.2,0,28.1,28.5
SY008326,BUS_A,Business,6,Monday,2,14.6,81.7,3,24.4,24.8
SY083976,SCI_B,Science,17,Saturday,4,26.9,63.9,12,73.3,73.9
SY017232,RES_A,Residential,14,Sunday,4,18.9,75.6,206,45.4,47.2
SY080906,RES_A,Residential,0,Monday,2,12.1,64.7,203,63.1,52.2
SY046666,ENG_B,Engineering,2,Friday,3,10.6,74.8,3,40.7,41.2
SY089952,SPT_A,Sports,12,Monday,10,27.7,52.8,69,34.3,41.8
SY052184,ADM_A,Administration,13,Thursday,12,20.1,51.1,126,27.7,40.7
SY010033,ADM_A,Administration,15,Monday,1,18.9,51.3,90,34.7,30.8
SY043198,LIB_A,Library,2,Sunday,6,23.8,78.9,0,32.1,29.9
SY052117,SPT_A,Sports,16,Sunday,11,21.6,52.6,108,48.5,45.4
SY063527,ADM_A,Administration,13,Thursday,4,25.5,49.2,111,30.5,40.0
SY030931,BUS_B,Business,22,Thursday,6,23.8,72.6,4,57.1,31.5
SY044755,RES_A,Residential,2,Wednesday,1,10.7,71.3,46,36.2,40.2
SY052699,ENG_A,Engineering,0,Thursday,8,26.7,90.5,8,81.2,79.1
SY047540,SCI_B,Science,8,Saturday,3,18.9,66.0,7,58.5,56.5
SY023166,SCI_B,Science,23,Thursday,5,24.8,86.6,10,77.2,74.9
SY045586,BUS_A,Business,18,Monday,1,17.8,56.1,3,23.8,24.5
SY080013,BUS_B,Business,13,Wednesday,9,29.0,55.9,85,61.7,50.4
SY028912,SCI_A,Science,23,Friday,3,13.5,73.1,7,69.6,71.5
SY056929,BUS_B,Business,21,Tuesday,2,17.8,59.1,170,58.4,61.4
SY060502,BUS_A,Business,15,Saturday,10,29.6,54.2,9,23.2,23.9
SY043092,ADM_A,Administration,17,Friday,10,27.1,54.8,72,51.9,44.1
SY060867,SCI_A,Science,6,Friday,5,23.4,74.0,7,75.6,78.1
SY097128,BUS_A,Business,4,Saturday,1,10.7,73.4,6,23.0,23.8
SY081037,BUS_A,Business,7,Monday,11,15.0,68.1,5,25.7,21.3
SY082439,RES_B,Residential,1,Sunday,4,18.0,84.9,225,53.1,48.7
SY062037,RES_B,Residential,4,Tuesday,6,22.8,80.3,75,42.4,37.5
SY092038,ADM_A,Administration,8,Wednesday,2,14.6,62.7,87,28.8,35.6
SY033626,SCI_B,Science,10,Monday,10,24.6,61.4,78,79.8,80.9
SY028594,SCI_B,Science,0,Tuesday,1,11.2,74.1,3,58.1,59.7
SY091845,ENG_A,Engineering,2,Monday,4,21.2,85.4,12,44.3,45.1
SY036126,RES_B,Residential,1,Tuesday,4,17.2,79.7,195,45.1,45.8
SY079917,LIB_A,Library,16,Thursday,3,22.4,48.7,116,41.1,32.7
SY075545,LIB_A,Library,4,Monday,9,22.1,84.3,16,24.2,24.5
SY009319,ADM_A,Administration,4,Monday,3,9.9,71.6,,17.3,20.1
SY092442,LEC_A,LectureHall,17,Friday,12,18.2,52.8,132,33.2,30.3
SY080296,RES_A,Residential,5,Thursday,6,26.1,87.3,121,61.0,56.9
SY024827,SCI_A,Science,19,Monday,8,35.3,65.8,41,155.9,160.3
SY088858,SPT_A,Sports,10,Wednesday,4,15.7,72.0,58,41.7,43.2
SY096058,ENG_A,Engineering,13,Thursday,7,32.6,59.6,47,88.8,88.8
SY077614,RES_B,Residential,15,Monday,1,18.3,43.8,82,31.2,25.9
SY066668,BUS_A,Business,19,Saturday,9,23.9,64.6,3,24.6,26.0
SY057919,SCI_B,Science,14,Sunday,4,30.0,50.6,17,78.8,84.1
SY043978,ADM_A,Administration,7,Saturday,4,21.7,69.1,3,16.3,17.6
SY065856,RES_A,Residential,1,Thursday,4,13.3,73.6,283,64.1,63.4
SY025809,ENG_B,Engineering,13,Friday,1,16.5,47.6,21,44.8,42.0
SY098427,ENG_B,Engineering,23,Wednesday,12,16.4,69.2,16,49.9,42.5
SY066160,RES_B,Residential,6,Wednesday,8,19.8,83.7,63,29.9,30.4
SY031773,ENG_A,Engineering,19,Sunday,9,23.9,82.6,19,61.8,62.9
SY052526,BUS_A,Business,9,Tuesday,5,21.0,72.3,118,29.7,29.0
SY064204,BUS_B,Business,14,Monday,4,26.0,52.1,239,64.0,68.1
SY027728,BUS_A,Business,4,Monday,6,23.6,85.3,0,23.3,21.6
SY077814,LEC_A,LectureHall,14,Thursday,2,20.8,53.0,398,28.8,37.3
SY061358,RES_A,Residential,5,Thursday,3,16.9,68.5,308,68.7,67.5
SY019634,LIB_A,Library,16,Monday,1,19.8,41.5,11,26.0,26.7
SY045393,ENG_A,Engineering,14,Sunday,3,23.3,55.7,22,45.8,43.9
SY009489,ADM_A,Administration,19,Wednesday,1,17.1,48.4,,24.1,18.1
SY072218,LEC_A,LectureHall,2,Thursday,5,20.4,80.9,2,15.0,16.2
SY068365,LIB_A,Library,18,Thursday,12,18.3,52.6,271,70.4,68.6
SY079851,LEC_A,LectureHall,19,Thursday,6,30.3,67.2,8,31.4,30.1
SY081898,RES_A,Residential,18,Thursday,9,29.9,59.0,185,70.5,81.7
SY084655,BUS_A,Business,19,Friday,12,18.5,59.2,12,23.1,24.6
SY027287,LIB_A,Library,15,Wednesday,6,27.2,61.2,39,43.7,46.1
SY024550,RES_A,Residential,4,Thursday,5,19.0,76.5,257,66.1,64.2
SY090776,ENG_B,Engineering,16,Wednesday,9,26.1,56.4,86,60.7,58.8
SY028915,SCI_B,Science,5,Friday,6,26.0,85.4,2,87.3,84.6
SY078644,LIB_A,Library,18,Wednesday,4,22.3,48.9,115,37.7,49.2
SY023730,LIB_A,Library,1,Tuesday,3,16.0,75.3,12,25.0,26.1
SY016873,ENG_A,Engineering,23,Tuesday,3,17.4,80.1,19,55.5,51.7
SY092234,ENG_B,Engineering,8,Sunday,4,16.4,69.6,7,38.7,36.5
SY010999,RES_B,Residential,21,Monday,10,19.7,82.8,171,51.8,52.6
SY094375,ENG_A,Engineering,9,Sunday,3,14.6,58.6,14,48.4,49.7
SY014784,LEC_A,LectureHall,9,Tuesday,6,27.8,79.5,36,37.8,38.0
SY000450,LEC_A,LectureHall,12,Monday,1,18.2,48.9,158,41.7,22.5
SY049876,ENG_A,Engineering,23,Tuesday,5,21.7,74.5,7,63.3,50.8
SY078397,ADM_A,Administration,5,Thursday,9,18.8,76.1,2,16.5,19.3
SY005378,RES_A,Residential,21,Wednesday,1,15.2,57.2,232,,69.2
SY020536,LEC_A,LectureHall,9,Friday,10,25.1,67.1,421,,55.6
SY008224,ADM_A,Administration,11,Friday,5,28.9,61.4,144,52.6,56.6
SY080280,SPT_A,Sports,12,Tuesday,7,34.2,61.0,30,58.3,65.0
SY053009,RES_A,Residential,13,Thursday,7,33.2,59.7,54,58.8,58.3
SY049582,ENG_A,Engineering,20,Wednesday,2,16.7,56.9,33,68.7,62.0
SY062459,BUS_B,Business,1,Friday,9,24.3,76.4,4,33.2,32.5
SY038911,BUS_A,Business,19,Monday,12,17.6,53.2,9,24.4,27.0
SY028464,SPT_A,Sports,10,Wednesday,5,,66.0,13,28.4,27.9
SY010590,ADM_A,Administration,19,Monday,3,17.1,74.0,9,22.7,17.6
SY060964,RES_A,Residential,5,Monday,3,12.6,70.1,320,68.0,68.6
SY065243,RES_A,Residential,22,Friday,5,24.4,65.1,378,112.6,116.9
SY018971,LIB_A,Library,21,Thursday,7,30.8,72.7,32,96.5,89.9
SY006004,LIB_A,Library,21,Thursday,4,19.1,62.3,108,52.4,51.2
SY070796,SCI_B,Science,2,Thursday,1,12.6,77.7,0,59.3,59.3
SY080243,ADM_A,Administration,6,Wednesday,9,18.1,76.4,0,18.2,13.7
SY049180,BUS_A,Business,18,Wednesday,4,20.6,58.8,63,29.0,39.5
SY056357,BUS_B,Business,4,Saturday,5,18.6,78.8,0,27.4,29.4
SY018820,ADM_A,Administration,11,Saturday,6,30.4,69.5,3,25.2,23.5
SY066127,ADM_A,Administration,19,Sunday,6,30.6,84.6,3,25.2,27.2
SY043009,SCI_A,Science,23,Friday,1,12.8,77.8,4,86.1,81.7
SY036090,ENG_A,Engineering,17,Saturday,9,25.6,53.4,33,65.7,65.8
SY021447,RES_B,Residential,18,Tuesday,6,26.4,84.4,39,40.6,45.1
SY033000,LEC_A,LectureHall,8,Sunday,7,27.4,85.7,,19.4,18.7
SY074756,SCI_B,Science,13,Tuesday,1,15.5,69.8,,71.0,68.0
SY075893,LEC_A,LectureHall,4,Sunday,6,25.2,81.9,0,24.3,23.6
SY019881,RES_B,Residential,23,Wednesday,6,20.2,75.7,55,40.7,32.6
SY021222,BUS_B,Business,5,Wednesday,2,15.1,66.4,6,29.0,29.0
SY074621,LEC_A,LectureHall,18,Friday,8,33.4,58.4,11,35.8,31.2
SY002435,RES_B,Residential,10,Sunday,5,19.9,71.8,243,36.1,39.0
SY088242,SCI_B,Science,12,Monday,7,30.4,67.6,38,91.5,95.3
SY027482,SPT_A,Sports,6,Thursday,12,8.9,,75,47.5,69.5
SY016370,SPT_A,Sports,17,Friday,9,32.6,50.8,190,89.4,93.3
SY082984,SPT_A,Sports,4,Thursday,2,14.0,74.5,0,35.9,38.0
SY091171,LIB_A,Library,3,Wednesday,3,13.0,74.2,8,28.4,28.1
SY076288,RES_B,Residential,6,Saturday,6,27.9,83.5,55,45.2,48.0
SY005674,ENG_B,Engineering,14,Tuesday,12,21.8,57.4,61,48.0,50.3
SY024141,BUS_B,Business,14,Tuesday,10,28.1,58.1,169,52.9,65.2
SY009887,BUS_B,Business,10,Tuesday,4,23.8,76.9,210,45.3,54.7
SY044852,SCI_A,Science,15,Wednesday,11,21.9,55.8,92,101.1,92.4
SY068486,ENG_B,Engineering,0,Thursday,8,21.3,82.9,6,48.0,42.9
SY035123,LEC_A,LectureHall,16,Tuesday,12,19.1,48.0,,23.2,25.9
SY030190,RES_B,Residential,9,Sunday,1,14.1,66.8,44,,29.1
SY093617,RES_A,Residential,5,Saturday,3,14.0,76.1,389,80.0,76.8
SY009988,ENG_A,Engineering,6,Tuesday,2,13.6,69.4,13,52.4,52.4
SY016625,ENG_A,Engineering,10,Monday,7,25.2,78.6,42,67.8,63.3
SY019557,RES_A,Residential,9,Monday,11,17.3,64.8,164,53.3,38.3
SY021614,RES_B,Residential,20,Monday,3,17.5,63.1,198,62.5,62.9
SY084363,ENG_A,Engineering,23,Monday,4,19.0,66.2,,59.3,58.6
SY081520,BUS_A,Business,20,Sunday,10,20.6,79.6,17,22.5,26.8
SY024908,ENG_A,Engineering,14,Wednesday,11,18.3,74.0,111,68.8,69.2
SY052585,RES_B,Residential,2,Saturday,8,21.0,90.0,55,29.5,29.8
SY010213,RES_B,Residential,6,Tuesday,12,12.4,68.5,241,59.2,76.1
SY071265,ADM_A,Administration,11,Sunday,5,22.6,59.2,10,21.9,18.0
SY045638,BUS_A,Business,14,Tuesday,5,33.1,53.3,94,50.1,62.1
SY057410,ADM_A,Administration,5,Saturday,9,21.8,76.5,4,22.3,17.5
SY004798,RES_A,Residential,1,Sunday,8,23.4,78.4,70,58.1,50.5
SY007284,RES_A,Residential,6,Sunday,2,13.9,67.0,,55.0,75.2
SY068993,ENG_B,Engineering,5,Wednesday,2,13.0,76.2,14,43.5,42.9
SY000481,RES_A,Residential,6,Wednesday,5,20.2,81.0,,55.9,74.3
SY043124,ADM_A,Administration,10,Wednesday,1,17.6,50.1,5,18.2,20.6
SY011076,ENG_A,Engineering,14,Friday,5,29.5,58.8,88,78.8,84.8
SY010605,SCI_A,Science,2,Tuesday,1,9.5,68.4,1,86.4,87.4
SY039244,ENG_B,Engineering,15,Wednesday,11,22.1,54.8,70,56.0,51.9
SY030741,SCI_A,Science,7,Thursday,6,27.4,77.9,4,,93.4
SY033866,SCI_B,Science,2,Thursday,6,27.8,85.9,3,92.8,90.4
SY089097,BUS_B,Business,2,Tuesday,12,11.2,72.5,2,27.8,30.9
SY009975,BUS_B,Business,18,Tuesday,10,23.0,78.7,112,49.0,54.8
SY079856,ADM_A,Administration,7,Monday,6,28.0,74.5,40,20.4,34.5
SY081242,BUS_B,Business,1,Sunday,10,18.9,73.0,2,,28.4
SY082142,SPT_A,Sports,20,Wednesday,2,13.8,60.7,226,75.6,77.5
SY081155,RES_B,Residential,17,Sunday,1,16.4,50.2,168,35.8,40.8
SY015439,SPT_A,Sports,8,Saturday,1,10.5,63.6,8,46.6,42.1
SY035930,SPT_A,Sports,11,Thursday,11,16.3,71.0,56,38.4,43.8
SY049986,BUS_B,Business,21,Wednesday,1,13.9,74.3,149,54.5,58.4
SY072926,SCI_A,Science,13,Saturday,2,14.9,78.3,18,74.8,79.3
SY090961,RES_A,Residential,4,Monday,4,17.6,83.7,221,51.0,50.4
SY021619,LEC_A,LectureHall,9,Saturday,9,23.8,67.8,2,14.4,13.1
SY087137,BUS_B,Business,11,Sunday,4,20.8,56.8,79,38.1,34.9
SY008677,RES_A,Residential,2,Wednesday,5,19.5,76.9,,85.3,74.9
SY061345,SCI_B,Science,17,Sunday,6,31.2,65.6,7,92.3,99.1
SY013820,RES_B,Residential,13,Saturday,9,28.1,80.6,,53.6,55.7
SY025826,BUS_A,Business,17,Sunday,5,29.0,86.0,5,28.0,28.8
SY052885,LEC_A,LectureHall,22,Wednesday,3,16.2,78.1,3,16.5,15.8
SY026165,BUS_B,Business,20,Saturday,3,17.6,,2,30.0,29.3
SY049855,SCI_B,Science,7,Sunday,9,25.5,85.1,6,65.3,64.5
SY088824,ADM_A,Administration,21,Monday,3,17.8,77.3,1,18.1,18.2
SY043079,ENG_A,Engineering,9,Monday,10,23.2,67.4,122,59.0,67.3
SY058640,ENG_A,Engineering,2,Saturday,1,9.6,73.9,2,47.6,53.0
SY030850,RES_A,Residential,8,Thursday,4,19.9,74.3,173,63.2,58.5
SY041814,ADM_A,Administration,8,Tuesday,6,26.6,87.3,69,36.8,42.8
SY034480,ENG_A,Engineering,15,Saturday,6,33.4,58.7,10,79.4,78.0
SY011221,BUS_A,Business,22,Sunday,5,25.8,66.6,2,32.1,28.2
SY070499,LEC_A,LectureHall,2,Sunday,12,14.2,71.8,0,12.8,15.7
SY002043,SPT_A,Sports,4,Wednesday,3,13.7,79.8,0,39.3,38.2
SY025144,RES_B,Residential,0,Thursday,10,18.6,70.9,187,,44.3
SY007877,BUS_B,Business,0,Monday,1,8.2,70.4,0,25.6,29.2
SY064838,ENG_A,Engineering,3,Friday,5,21.7,81.9,6,48.9,48.4
SY070105,ENG_A,Engineering,23,Friday,2,15.8,65.3,15,55.3,51.2
SY085650,ADM_A,Administration,15,Wednesday,9,29.2,54.2,91,47.0,52.3
SY020579,SCI_A,Science,5,Saturday,12,11.9,76.0,2,86.8,86.3
SY089954,SCI_A,Science,14,Friday,2,16.4,73.9,80,111.7,109.1
SY080391,ADM_A,Administration,2,Friday,11,13.0,80.2,3,20.0,20.8
SY034038,ENG_A,Engineering,16,Saturday,1,18.9,52.5,5,43.2,43.0
SY040165,ENG_A,Engineering,3,Monday,12,11.7,69.2,12,51.1,52.5
SY017040,BUS_A,Business,9,Saturday,8,24.9,69.3,9,20.5,22.2
SY065572,RES_B,Residential,23,Sunday,11,15.0,81.0,189,55.5,42.9
SY000025,SCI_B,Science,21,Friday,5,22.9,68.2,8,85.6,70.6
SY022916,ADM_A,Administration,21,Wednesday,4,20.9,59.2,1,17.2,17.6
SY099706,LIB_A,Library,23,Saturday,4,16.9,79.3,8,27.2,24.9
SY056917,SCI_B,Science,14,Friday,10,29.3,58.9,122,99.0,107.0
SY047673,RES_B,Residential,5,Saturday,10,20.1,76.6,252,52.5,59.8
SY094321,ENG_B,Engineering,17,Tuesday,4,21.2,77.2,85,46.6,49.3
SY017303,SPT_A,Sports,15,Friday,4,25.9,47.1,41,35.4,41.5
SY014128,RES_A,Residential,15,Sunday,6,32.9,56.5,52,52.2,53.0
SY036130,SCI_B,Science,11,Monday,4,20.7,77.8,91,74.6,72.2
SY041644,SPT_A,Sports,21,Sunday,3,15.8,67.0,31,59.7,56.9
SY022877,LIB_A,Library,4,Monday,1,9.9,70.4,10,29.3,31.5
SY079824,RES_B,Residential,16,Sunday,12,15.4,78.1,193,39.0,37.0
SY063908,RES_A,Residential,12,Wednesday,3,15.7,74.5,104,34.9,38.0
SY035726,RES_B,Residential,16,Monday,4,24.4,56.2,102,30.4,33.5
SY024566,SCI_B,Science,17,Friday,10,28.4,54.6,90,105.2,108.0
SY076428,SCI_B,Science,5,Tuesday,3,15.7,76.5,5,56.8,60.5
SY099048,ADM_A,Administration,2,Sunday,6,21.1,74.4,1,17.2,16.7
SY008651,ENG_A,Engineering,7,Tuesday,12,12.1,66.7,1,55.8,53.2
SY004023,LEC_A,LectureHall,23,Friday,3,17.1,68.6,0,16.7,16.4
SY021904,RES_A,Residential,12,Friday,6,30.7,80.6,57,53.0,62.4
SY076118,LIB_A,Library,13,Sunday,1,18.5,52.3,105,30.7,33.8
SY088816,RES_B,Residential,23,Saturday,2,12.1,67.0,269,79.5,59.4
SY065266,LEC_A,LectureHall,20,Saturday,11,20.1,68.2,5,15.9,17.4
SY065917,SCI_A,Science,11,Tuesday,3,20.5,60.0,104,99.5,102.4
SY088694,SPT_A,Sports,5,Friday,1,12.2,69.3,0,38.1,37.7
SY085764,RES_A,Residential,3,Friday,3,14.7,75.4,348,70.7,72.2
SY014839,BUS_A,Business,5,Tuesday,4,18.2,76.4,7,20.9,23.7
SY002903,ENG_A,Engineering,11,Thursday,1,13.9,52.8,136,84.9,82.4
SY039145,ENG_B,Engineering,13,Saturday,1,17.9,56.0,33,42.6,41.9
SY062116,SCI_A,Science,10,Saturday,5,24.9,68.9,5,70.6,71.9
SY098877,BUS_B,Business,4,Sunday,5,16.2,79.4,1,28.1,27.9
SY046266,RES_B,Residential,10,Saturday,3,16.1,62.2,219,38.8,38.6
SY034655,LIB_A,Library,3,Saturday,3,15.5,74.8,8,26.9,27.6
SY089607,BUS_B,Business,6,Monday,1,10.6,74.4,7,29.0,31.1
SY043533,RES_B,Residential,23,Saturday,11,13.4,77.0,230,65.4,48.0
SY021702,SCI_A,Science,21,Saturday,8,28.4,68.4,4,112.8,111.8
SY016775,RES_B,Residential,3,Tuesday,8,,81.0,238,78.6,84.7
SY086300,LIB_A,Library,13,Sunday,1,19.5,49.8,7,24.0,24.7
SY036928,SPT_A,Sports,9,Thursday,3,13.6,74.7,32,54.2,48.9
SY090280,SCI_B,Science,7,Saturday,3,14.8,67.8,6,70.7,65.5
SY088407,BUS_B,Business,10,Sunday,7,27.4,67.6,20,29.4,30.4
SY078998,SCI_B,Science,23,Sunday,12,15.0,76.5,0,57.8,57.3
SY057254,LIB_A,Library,8,Saturday,4,20.9,66.3,4,22.7,23.6
SY051937,BUS_B,Business,23,Sunday,6,25.4,75.0,1,35.6,31.0
SY024610,ENG_A,Engineering,3,Thursday,8,19.5,78.6,4,45.0,44.2
SY003553,BUS_A,Business,20,Wednesday,2,14.0,62.6,107,44.8,43.3
SY081966,ENG_B,Engineering,9,Thursday,1,12.9,59.6,65,49.0,51.7
SY080240,ADM_A,Administration,18,Sunday,3,22.8,57.7,5,17.1,17.8
SY099720,LIB_A,Library,23,Thursday,7,28.5,84.4,19,85.7,43.3
SY086806,RES_A,Residential,14,Sunday,3,21.3,50.4,247,51.1,45.3
SY025512,BUS_B,Business,19,Friday,2,18.0,57.2,132,53.8,53.1
SY009342,SCI_B,Science,10,Thursday,2,17.9,60.8,96,90.7,93.7
SY076466,ENG_A,Engineering,6,Friday,12,11.7,68.8,9,53.2,55.5
SY095901,LIB_A,Library,12,Thursday,5,28.0,59.0,187,54.6,63.5
SY075591,RES_B,Residential,8,Saturday,3,15.0,64.7,248,69.6,64.8
SY067983,ENG_A,Engineering,0,Saturday,4,16.6,79.2,6,52.3,43.8
SY073366,ENG_A,Engineering,21,Tuesday,3,17.8,74.9,38,69.0,66.3
SY085487,LIB_A,Library,22,Sunday,6,25.0,72.9,2,35.2,33.7
SY086442,ENG_B,Engineering,9,Saturday,5,23.5,69.7,4,36.3,36.9
SY096394,BUS_B,Business,22,Saturday,2,16.8,62.9,2,31.0,27.8
SY054652,RES_A,Residential,11,Saturday,12,17.4,53.2,222,44.5,44.0
SY022009,RES_B,Residential,7,Saturday,3,13.6,,284,66.6,66.8
SY039527,LIB_A,Library,3,Sunday,1,10.3,70.3,5,26.3,28.8
SY070689,SPT_A,Sports,15,Thursday,4,22.6,53.6,80,37.6,43.2
SY003466,ENG_B,Engineering,6,Thursday,6,25.2,87.9,5,47.8,47.9
SY043413,ENG_A,Engineering,0,Sunday,2,10.2,79.3,7,44.9,48.8
SY093411,ENG_B,Engineering,13,Thursday,4,24.8,54.5,90,62.3,54.9
SY065444,SPT_A,Sports,14,Sunday,4,19.6,83.1,94,46.2,41.5
SY048858,ADM_A,Administration,19,Sunday,11,,,3,18.7,18.6
SY087599,SCI_B,Science,19,Saturday,8,24.7,88.6,2,67.2,67.2
SY005038,RES_A,Residential,5,Sunday,7,22.0,79.8,89,43.6,36.9
SY053053,RES_B,Residential,16,Tuesday,2,21.5,75.0,116,31.0,35.9
SY068415,SPT_A,Sports,8,Monday,2,14.4,66.7,66,49.3,48.5
SY023199,RES_A,Residential,17,Saturday,12,21.2,45.1,26,29.6,31.8
SY087553,RES_A,Residential,3,Friday,9,22.9,74.9,218,73.1,63.4
SY092156,BUS_A,Business,10,Saturday,1,14.6,62.9,89,29.4,29.9
SY029568,BUS_B,Business,8,Tuesday,9,18.2,81.4,85,29.4,33.9
SY041022,LEC_A,LectureHall,7,Wednesday,12,16.5,62.4,12,16.8,10.6
SY080205,SPT_A,Sports,19,Tuesday,8,36.0,60.2,169,120.5,129.7
SY083897,ENG_B,Engineering,9,Friday,10,24.8,66.8,96,53.1,58.4
SY024553,SPT_A,Sports,11,Monday,5,30.2,59.0,51,48.9,47.6
SY025021,RES_A,Residential,6,Tuesday,7,26.2,80.6,68,49.2,53.3
SY012113,SCI_B,Science,10,Saturday,12,17.2,60.3,3,58.7,58.7
SY069281,SCI_B,Science,7,Sunday,6,27.1,81.4,5,77.3,79.5
SY055776,BUS_A,Business,14,Sunday,11,22.8,55.8,14,24.3,19.9
SY006600,RES_A,Residential,11,Tuesday,2,21.1,60.3,126,38.8,35.2
SY089948,ENG_B,Engineering,2,Thursday,10,21.9,77.5,7,43.8,40.5
SY021682,ENG_A,Engineering,6,Monday,5,20.5,74.9,9,44.6,42.1
SY051350,SCI_B,Science,2,Monday,6,28.6,86.6,3,97.8,97.1
SY064230,SCI_A,Science,7,Saturday,6,27.8,74.5,4,81.3,81.4
SY023360,RES_B,Residential,12,Friday,3,21.0,53.7,94,29.9,25.5
SY073421,ENG_A,Engineering,22,Tuesday,3,18.2,78.4,28,66.3,62.8
SY012202,SPT_A,Sports,1,Friday,3,10.5,72.0,0,43.8,40.6
SY005365,LIB_A,Library,16,Thursday,2,19.3,44.1,142,37.4,34.8
SY084198,SCI_A,Science,5,Monday,6,26.4,79.6,3,88.0,87.8
SY075530,ADM_A,Administration,21,Saturday,4,23.2,64.7,3,20.8,21.4
SY050488,SCI_B,Science,23,Thursday,5,19.3,78.7,5,60.0,59.4
SY025263,ENG_A,Engineering,2,Sunday,4,18.6,80.4,7,50.1,47.3
SY057584,SPT_A,Sports,17,Wednesday,12,20.5,46.0,78,40.8,52.6
SY086766,RES_A,Residential,15,Monday,9,26.4,80.2,131,45.0,51.7
SY075167,LEC_A,LectureHall,12,Thursday,9,27.2,55.6,95,58.8,30.3
SY009344,ENG_B,Engineering,19,Wednesday,9,,63.9,46,64.1,55.0
SY044531,RES_A,Residential,14,Friday,3,24.4,51.5,110,37.2,39.2
SY047537,ENG_B,Engineering,6,Friday,12,10.1,72.6,6,46.9,46.1
SY012955,RES_B,Residential,12,Monday,9,27.1,59.6,98,40.3,43.0
SY005179,SPT_A,Sports,16,Wednesday,5,28.7,,44,46.5,50.6
SY077044,SCI_A,Science,21,Friday,10,23.8,70.2,13,106.0,94.3
SY087815,ENG_B,Engineering,15,Friday,8,25.1,86.1,52,51.3,51.5
SY048891,SCI_B,Science,1,Sunday,6,27.0,87.0,4,92.9,90.3
SY069403,ENG_B,Engineering,23,Tuesday,12,14.3,68.3,2,40.0,38.9
SY072318,RES_A,Residential,21,Saturday,11,16.1,64.2,327,91.0,92.3
SY085017,BUS_B,Business,10,Wednesday,12,19.3,55.7,6,22.8,23.7
SY027938,SCI_B,Science,12,Thursday,11,18.5,56.7,103,84.5,79.3
SY049860,BUS_B,Business,2,Wednesday,2,13.4,74.1,2,28.7,29.4
SY031471,SPT_A,Sports,7,Saturday,8,22.3,83.2,0,26.2,29.1
SY066410,ENG_B,Engineering,4,Friday,8,25.3,78.3,3,48.3,43.0
SY067274,SPT_A,Sports,22,Wednesday,1,13.4,65.5,39,59.2,55.4
SY072669,LEC_A,LectureHall,10,Monday,2,10.4,75.2,258,38.2,40.4
SY063174,BUS_B,Business,8,Sunday,1,15.1,62.7,0,25.5,24.6
SY093874,RES_A,Residential,14,Wednesday,6,29.8,56.8,20,37.8,36.2
SY026204,ADM_A,Administration,17,Tuesday,2,21.0,49.9,65,29.6,32.1
SY000387,BUS_B,Business,22,Wednesday,7,25.9,84.7,4,66.4,34.8
SY010136,ENG_A,Engineering,4,Sunday,6,25.5,78.5,4,61.7,64.3
SY093714,SPT_A,Sports,7,Monday,4,14.6,75.2,78,45.9,45.1
SY069356,LEC_A,LectureHall,17,Friday,8,33.5,55.9,30,72.7,35.8
SY010277,SCI_B,Science,13,Thursday,2,18.4,54.2,,78.7,74.2
SY001897,LIB_A,Library,19,Tuesday,2,17.6,52.9,138,53.6,54.8
SY083573,ENG_A,Engineering,5,Wednesday,1,10.5,72.8,7,55.3,52.7
SY076723,RES_A,Residential,13,Friday,7,29.2,78.1,24,46.6,47.9
SY088380,SCI_B,Science,18,Wednesday,7,32.7,84.9,31,112.6,113.1
SY093386,BUS_A,Business,3,Sunday,11,13.7,83.5,1,21.6,19.9
SY017115,ENG_B,Engineering,4,Saturday,1,9.0,75.0,4,62.5,61.6
SY079675,ENG_B,Engineering,0,Thursday,4,16.9,70.9,9,47.3,36.4
SY097439,BUS_A,Business,21,Wednesday,2,16.4,64.4,128,42.5,42.8
SY072871,SCI_A,Science,21,Thursday,4,21.6,78.8,16,87.6,74.2
SY069705,LIB_A,Library,0,Friday,5,22.1,74.7,68,59.8,55.1
SY016390,LIB_A,Library,20,Tuesday,4,17.5,59.4,182,63.2,66.6
SY060508,ADM_A,Administration,22,Sunday,12,15.0,62.5,1,15.8,17.6
SY022793,BUS_A,Business,11,Friday,4,18.3,79.9,150,34.9,39.5
SY066170,LEC_A,LectureHall,8,Saturday,6,27.9,78.3,0,19.8,22.8
SY018566,ENG_B,Engineering,4,Sunday,5,17.8,80.4,4,33.9,34.5
SY082400,BUS_B,Business,20,Saturday,10,25.0,63.3,,34.8,32.0
SY073542,LIB_A,Library,10,Tuesday,11,18.3,61.1,104,31.6,33.6
SY083435,RES_A,Residential,7,Monday,11,15.0,75.3,219,78.1,57.6
SY054710,LEC_A,LectureHall,14,Wednesday,5,29.2,59.5,242,79.2,62.8
SY072599,RES_A,Residential,22,Saturday,2,11.7,68.6,320,99.1,97.3
SY043782,RES_A,Residential,8,Saturday,3,13.5,67.3,227,69.3,64.6
SY093426,LEC_A,LectureHall,22,Wednesday,9,24.3,68.8,4,23.0,22.0
SY007078,BUS_B,Business,4,Wednesday,3,15.7,70.4,4,,27.5
SY084109,LEC_A,LectureHall,22,Wednesday,2,20.2,61.6,9,15.5,13.6
SY070802,ENG_B,Engineering,0,Friday,6,21.9,77.0,4,42.6,40.9
SY032249,SCI_A,Science,3,Thursday,11,13.5,80.0,3,74.3,74.2
SY016039,SCI_A,Science,13,Tuesday,7,34.0,58.5,,149.6,137.3
SY010929,SCI_B,Science,4,Wednesday,6,23.8,85.0,4,74.8,73.9
SY047204,ENG_A,Engineering,17,Saturday,6,31.6,58.8,14,77.7,78.8
SY007410,SCI_B,Science,6,Sunday,2,14.5,71.9,,56.5,58.1
SY089113,BUS_B,Business,0,Wednesday,5,26.1,78.5,2,36.6,37.2
SY042533,ENG_B,Engineering,9,Tuesday,5,22.5,80.9,63,38.2,45.7
SY035268,LEC_A,LectureHall,19,Tuesday,5,24.0,79.7,40,,36.5
SY055316,LEC_A,LectureHall,2,Friday,5,18.5,78.5,1,15.5,16.6
SY041120,LEC_A,LectureHall,11,Monday,8,27.7,60.8,32,28.2,32.6
SY038177,BUS_B,Business,10,Monday,4,21.7,61.0,200,54.2,47.3
SY012320,LEC_A,LectureHall,18,Friday,5,29.4,58.7,88,59.7,55.3
SY099263,ADM_A,Administration,10,Monday,3,16.2,74.0,135,39.6,43.0
SY002940,SCI_A,Science,7,Wednesday,2,10.5,68.9,10,89.7,84.1
SY017328,ENG_B,Engineering,18,Monday,6,27.8,63.7,32,55.9,59.5
SY050741,RES_B,Residential,10,Saturday,11,17.0,65.1,169,32.6,33.4
SY084729,BUS_A,Business,21,Wednesday,6,25.4,74.2,29,50.0,48.1
SY008953,SCI_B,Science,0,Sunday,6,29.0,84.5,0,101.9,95.4
SY086507,SCI_B,Science,19,Wednesday,1,17.2,55.5,13,74.4,65.2
SY007765,ENG_B,Engineering,3,Friday,11,13.4,81.5,3,41.0,38.5
SY088837,SCI_B,Science,0,Wednesday,1,14.5,71.5,6,58.0,58.0
SY052209,RES_A,Residential,3,Saturday,1,10.1,72.4,252,63.8,60.7
SY011486,BUS_A,Business,22,Friday,3,18.3,67.0,5,,21.1
SY077946,LIB_A,Library,6,Tuesday,1,11.0,67.1,13,27.7,26.5
SY053289,RES_A,Residential,18,Saturday,2,19.9,46.5,209,48.0,63.6
SY031860,SCI_B,Science,5,Friday,3,12.7,82.8,6,73.0,70.7
SY006063,SPT_A,Sports,3,Tuesday,5,23.9,80.2,0,27.5,27.4
SY005270,ADM_A,Administration,4,Tuesday,4,12.9,74.0,4,19.6,18.9
SY066989,LIB_A,Library,8,Sunday,4,16.5,66.5,8,23.4,23.2
SY097918,ENG_A,Engineering,20,Friday,4,17.7,79.3,44,60.9,59.6
SY030018,RES_B,Residential,13,Sunday,3,12.4,77.8,170,37.4,36.7
SY088581,BUS_B,Business,11,Friday,2,21.0,54.0,226,50.4,53.7
SY098719,ENG_A,Engineering,6,Sunday,1,10.2,73.6,6,48.2,51.8
SY044441,SCI_B,Science,21,Friday,3,20.1,63.4,16,73.3,68.0
SY069898,ENG_B,Engineering,16,Sunday,2,19.5,50.8,26,42.5,40.8
SY064771,ENG_B,Engineering,17,Sunday,12,15.6,75.3,19,40.0,47.4
SY097872,RES_A,Residential,18,Thursday,10,24.6,53.3,264,51.2,84.3
SY067217,SCI_A,Science,2,Monday,8,27.9,77.8,1,112.5,105.2
SY013219,ADM_A,Administration,10,Saturday,2,18.3,59.3,10,18.1,16.8
SY027967,RES_A,Residential,9,Saturday,7,31.4,70.5,75,62.5,67.7
SY033721,SCI_A,Science,13,Saturday,7,27.5,79.5,10,91.0,96.4
SY093553,LIB_A,Library,13,Saturday,5,31.5,60.0,159,60.8,74.9
SY075980,BUS_B,Business,4,Tuesday,10,20.1,74.9,3,28.3,28.1
SY030334,RES_B,Residential,2,Wednesday,10,19.1,75.8,227,53.6,53.0
SY091978,ADM_A,Administration,2,Friday,2,14.1,71.4,3,17.8,18.2
SY025307,ADM_A,Administration,5,Sunday,3,14.4,65.9,,18.1,16.4
SY049115,ADM_A,Administration,20,Saturday,1,15.1,55.7,1,17.5,16.9
SY041170,SPT_A,Sports,6,Friday,1,13.4,67.4,102,40.9,62.7
SY031663,BUS_B,Business,7,Monday,1,11.7,69.6,4,32.3,31.1
SY037944,SCI_B,Science,3,Thursday,5,19.1,79.8,6,68.8,65.3
SY030643,BUS_A,Business,19,Thursday,1,14.7,73.9,80,,39.0
SY071392,ENG_B,Engineering,3,Tuesday,5,19.7,76.5,8,39.5,39.1
SY057889,LEC_A,LectureHall,14,Tuesday,4,24.2,75.9,146,22.5,26.5
SY075016,BUS_A,Business,3,Tuesday,1,10.6,72.8,1,24.0,24.9
SY031398,SPT_A,Sports,10,Sunday,3,19.9,54.0,88,42.9,45.2
SY098795,RES_B,Residential,3,Monday,7,23.5,86.2,67,39.1,41.2
SY007846,BUS_B,Business,10,Sunday,7,28.6,79.3,9,35.4,36.2
SY067199,ENG_A,Engineering,7,Sunday,2,14.9,68.0,11,47.2,43.3
SY053218,ENG_A,Engineering,5,Wednesday,2,13.8,67.6,7,48.5,45.7
SY020945,RES_B,Residential,16,Sunday,3,20.2,74.6,139,32.6,34.3
SY096951,RES_B,Residential,23,Thursday,2,11.9,80.2,259,64.7,55.7
SY067460,SPT_A,Sports,17,Saturday,4,21.6,74.0,156,47.2,48.8
SY033651,SCI_A,Science,15,Thursday,5,25.9,77.5,110,107.0,114.2
SY032858,BUS_B,Business,11,Wednesday,4,23.8,59.6,164,44.0,44.8
SY094069,SCI_B,Science,6,Wednesday,5,21.6,76.8,4,65.8,67.4
SY063007,SCI_B,Science,15,Sunday,9,25.7,81.3,15,65.5,68.9
SY064030,SCI_A,Science,17,Tuesday,4,25.2,,83,139.2,134.4
SY068180,RES_A,Residential,13,Wednesday,2,16.5,47.8,141,44.8,38.1
SY023300,RES_A,Residential,7,Thursday,12,13.7,68.2,253,86.9,65.1
SY061802,RES_A,Residential,3,Monday,4,14.8,78.9,392,73.7,69.8
SY023983,LIB_A,Library,16,Wednesday,7,33.9,57.8,44,70.7,79.4
SY082793,ADM_A,Administration,17,Saturday,1,15.3,46.3,1,15.9,17.0
SY079713,ENG_A,Engineering,8,Monday,12,14.2,60.8,47,51.8,57.4
SY087546,SCI_A,Science,9,Friday,5,20.7,70.2,109,89.9,104.9
SY092528,SPT_A,Sports,10,Saturday,4,17.4,74.2,75,40.2,42.6
SY060484,ENG_B,Engineering,13,Wednesday,3,25.1,50.0,60,58.0,49.6
SY089302,BUS_A,Business,6,Monday,8,25.5,76.8,3,26.5,20.4
SY015368,BUS_A,Business,8,Sunday,4,21.2,81.4,4,22.0,20.8
SY007060,ENG_B,Engineering,11,Sunday,7,28.1,85.5,12,75.8,80.7
SY016434,ENG_B,Engineering,9,Tuesday,4,15.6,67.2,80,48.3,52.4
SY012286,ADM_A,Administration,10,Thursday,1,14.5,53.0,113,45.3,42.5
SY067876,BUS_B,Business,11,Thursday,3,18.2,53.0,139,38.2,40.7
SY065899,LEC_A,LectureHall,21,Wednesday,2,16.2,59.8,5,13.4,16.7
SY088668,RES_A,Residential,1,Wednesday,4,19.3,77.0,292,80.1,69.0
SY007209,LEC_A,LectureHall,19,Tuesday,3,20.2,57.1,30,32.8,28.8
SY033599,BUS_B,Business,15,Saturday,6,30.1,58.5,5,31.1,34.2
SY095686,ADM_A,Administration,15,Thursday,10,25.8,52.0,122,40.8,49.5
SY031050,ENG_B,Engineering,7,Thursday,2,11.7,67.5,11,44.9,43.2
SY028125,BUS_B,Business,18,Wednesday,6,32.3,62.9,14,70.3,65.3
SY064897,ADM_A,Administration,10,Wednesday,9,26.5,58.1,86,34.6,37.7
SY046178,ENG_B,Engineering,4,Friday,8,20.4,89.5,4,40.2,39.9
SY024354,RES_B,Residential,14,Friday,1,21.2,51.9,82,28.2,29.6
SY071994,SCI_A,Science,10,Wednesday,1,16.7,57.2,81,102.0,98.6
SY030073,ADM_A,Administration,7,Tuesday,3,16.0,73.6,43,20.2,27.2
SY009134,BUS_A,Business,12,Thursday,6,31.4,58.9,50,40.2,46.4
SY015570,ENG_B,Engineering,14,Tuesday,1,22.9,50.7,18,38.7,39.5
SY048947,SCI_A,Science,17,Wednesday,4,26.6,56.2,,112.0,107.9
SY048618,ENG_B,Engineering,19,Friday,6,28.9,61.1,23,59.7,66.8
SY031899,LEC_A,LectureHall,3,Saturday,1,10.7,71.2,0,16.7,17.1
SY046642,ADM_A,Administration,12,Friday,8,34.5,54.9,68,68.0,57.7
SY060096,RES_A,Residential,9,Friday,11,14.5,73.0,197,69.8,42.8
SY094194,ADM_A,Administration,9,Friday,10,25.8,63.2,76,38.9,37.5
SY069377,SCI_B,Science,18,Friday,2,23.0,53.8,53,71.7,78.8
SY056108,LEC_A,LectureHall,11,Thursday,3,14.9,76.2,336,30.3,33.8
SY010964,SPT_A,Sports,14,Thursday,11,19.5,50.2,47,41.3,42.7
SY052573,LEC_A,LectureHall,10,Monday,1,15.3,53.3,428,32.6,44.7
SY066672,SCI_A,Science,9,Thursday,10,24.3,73.0,133,83.9,102.1
SY055040,RES_B,Residential,21,Friday,9,24.3,68.0,223,94.3,91.7
SY062911,ENG_B,Engineering,20,Monday,5,23.0,68.9,22,63.6,56.5
SY002297,SCI_B,Science,21,Saturday,3,19.5,64.5,3,59.4,57.4
SY035667,ADM_A,Administration,7,Tuesday,1,11.9,64.2,38,19.5,30.3
SY045892,SCI_B,Science,10,Sunday,4,27.1,64.0,11,63.6,68.1
SY019133,ENG_B,Engineering,4,Thursday,5,19.3,82.8,7,35.1,36.1
SY025969,BUS_B,Business,23,Tuesday,4,20.9,77.3,5,33.4,30.1
SY004071,LIB_A,Library,7,Wednesday,4,21.3,69.8,6,23.9,25.1
SY050417,ADM_A,Administration,1,Monday,7,23.3,79.6,5,18.7,20.5
SY008208,RES_B,Residential,13,Saturday,1,15.4,49.1,37,29.7,25.6
SY030820,SCI_B,Science,21,Friday,10,24.2,70.4,23,87.3,82.2
SY061898,ENG_A,Engineering,7,Saturday,5,19.5,70.4,5,45.7,44.4
SY000690,RES_A,Residential,5,Friday,7,26.4,79.5,89,55.8,51.6
SY017653,SPT_A,Sports,18,Sunday,11,17.3,73.0,99,48.9,54.8
SY067575,SPT_A,Sports,13,Friday,4,22.5,52.6,53,38.8,40.1
SY018122,BUS_A,Business,12,Saturday,7,27.2,80.5,17,25.5,24.3
SY081636,SCI_A,Science,0,Thursday,11,15.6,74.5,4,78.7,80.8
SY060971,ENG_A,Engineering,18,Monday,5,30.6,56.6,90,100.5,96.2
SY043950,LEC_A,LectureHall,17,Saturday,3,21.9,49.0,2,,12.1
SY066202,ADM_A,Administration,6,Sunday,9,17.8,78.6,3,18.3,17.4
SY093925,RES_B,Residential,2,Sunday,3,8.4,74.9,227,51.5,50.9
SY033678,SCI_A,Science,22,Sunday,9,22.7,85.4,3,74.5,68.6
SY008174,RES_A,Residential,18,Wednesday,3,21.9,71.9,160,41.5,57.9
SY064311,BUS_B,Business,3,Tuesday,3,16.5,73.7,3,27.4,28.9
SY000077,ENG_B,Engineering,10,Sunday,6,26.7,82.7,,45.5,47.1
SY031812,LEC_A,LectureHall,21,Tuesday,6,26.6,80.1,1,,25.0
SY046896,SCI_A,Science,1,Friday,6,27.3,87.0,3,107.9,98.5
SY090601,SCI_A,Science,14,Thursday,12,16.7,54.6,93,90.4,91.7
SY084412,BUS_B,Business,6,Friday,4,18.2,75.6,,27.2,28.1
SY084555,RES_B,Residential,7,Wednesday,4,13.7,82.3,177,54.3,50.3
SY082422,ENG_A,Engineering,23,Monday,1,11.3,68.0,18,71.0,64.7
SY024643,RES_B,Residential,8,Tuesday,11,15.1,65.3,167,51.7,48.9
SY067874,BUS_B,Business,22,Friday,5,25.2,79.7,10,61.8,33.0
SY030390,SCI_B,Science,10,Monday,4,24.3,79.7,81,87.8,89.5
SY093800,LEC_A,LectureHall,19,Thursday,1,17.2,55.1,48,32.4,27.7
SY014952,RES_A,Residential,12,Thursday,4,23.6,57.2,113,34.3,35.5
SY034239,ADM_A,Administration,14,Wednesday,3,21.4,48.0,121,41.2,42.5
SY011185,LEC_A,LectureHall,0,Sunday,3,13.2,67.3,0,12.7,14.4
SY081947,LIB_A,Library,6,Sunday,8,25.1,75.4,3,24.8,22.5
SY037396,BUS_A,Business,15,Friday,5,30.4,51.7,61,49.9,42.7
SY052789,BUS_B,Business,0,Thursday,12,8.5,69.7,4,32.1,31.0
SY038340,SPT_A,Sports,21,Sunday,6,27.3,66.1,14,72.8,39.7
SY096824,BUS_B,Business,17,Saturday,11,18.2,84.6,14,28.7,26.8
SY045804,SPT_A,Sports,4,Tuesday,7,25.4,82.8,0,31.2,30.2
SY040136,SPT_A,Sports,13,Saturday,6,34.8,53.5,52,68.5,68.2
SY064664,BUS_A,Business,17,Saturday,2,22.7,51.8,6,20.7,21.4
SY071441,BUS_A,Business,2,Tuesday,1,10.5,69.0,0,25.5,23.5
SY009317,LIB_A,Library,12,Friday,12,17.5,58.7,208,45.8,48.5
SY071490,ENG_A,Engineering,20,Monday,8,24.7,72.0,19,72.0,69.2
SY056553,LEC_A,LectureHall,11,Saturday,3,21.7,54.9,1,13.8,12.0
SY005847,RES_A,Residential,15,Tuesday,6,26.7,80.8,31,38.3,38.3
SY008213,BUS_B,Business,15,Saturday,1,16.4,46.2,3,25.0,25.1
SY010939,RES_A,Residential,7,Friday,7,27.7,86.4,88,64.3,67.5
SY096279,ENG_A,Engineering,13,Sunday,12,19.4,48.5,45,51.2,56.9
SY079346,RES_A,Residential,10,Wednesday,12,17.4,58.2,164,43.7,39.8
SY044104,LEC_A,LectureHall,18,Friday,3,22.3,51.8,131,37.6,36.0
SY015501,LIB_A,Library,3,Friday,7,28.3,83.4,5,39.4,40.5
SY066095,LIB_A,Library,17,Saturday,5,27.4,63.5,150,71.7,66.3
SY096563,SPT_A,Sports,17,Sunday,3,22.1,50.5,120,44.2,47.5
SY005958,BUS_A,Business,11,Wednesday,6,30.4,67.1,26,37.2,41.0
SY090343,ADM_A,Administration,1,Tuesday,6,26.7,83.0,1,22.2,22.9
SY016267,RES_B,Residential,21,Saturday,1,16.0,61.4,210,54.5,63.7
SY014507,RES_A,Residential,7,Monday,5,25.3,74.4,213,78.7,74.4
SY081912,SPT_A,Sports,3,Sunday,9,21.9,89.6,0,28.6,27.8
SY013373,LEC_A,LectureHall,7,Friday,7,28.6,75.5,0,20.6,22.4
SY090918,ENG_B,Engineering,6,Saturday,10,18.5,72.8,8,37.7,39.6
SY021572,LIB_A,Library,17,Monday,10,22.4,80.6,120,41.9,40.3
SY029171,RES_B,Residential,4,Wednesday,3,12.0,77.9,206,56.8,50.1
SY059410,ENG_A,Engineering,22,Sunday,4,21.0,74.9,3,53.8,49.3
SY089781,BUS_A,Business,23,Saturday,11,13.2,77.8,1,22.4,23.4
SY025135,ADM_A,Administration,23,Friday,4,18.9,69.1,1,17.0,17.8
SY023936,LEC_A,LectureHall,7,Saturday,8,21.5,76.5,0,14.9,13.7
SY090837,BUS_B,Business,12,Wednesday,7,32.0,81.1,57,71.4,70.9
SY057305,BUS_A,Business,6,Wednesday,11,13.2,70.9,9,24.0,22.4
SY008414,ADM_A,Administration,2,Thursday,2,14.1,69.8,4,16.8,19.0
SY074113,BUS_B,Business,17,Wednesday,8,29.2,64.1,38,53.8,54.0
SY011715,RES_B,Residential,23,Sunday,12,13.7,63.6,230,67.0,52.1
SY020963,BUS_B,Business,15,Saturday,1,18.2,47.6,20,27.7,25.1
SY023338,SCI_A,Science,6,Sunday,11,16.3,85.1,12,75.0,73.2
SY070580,ENG_B,Engineering,4,Thursday,5,22.7,82.6,5,38.5,38.1
SY007373,ADM_A,Administration,3,Monday,3,9.2,77.8,1,19.2,17.3
SY042888,BUS_A,Business,5,Thursday,4,19.3,81.6,3,22.0,23.4
SY086862,ADM_A,Administration,2,Thursday,11,14.1,,1,17.1,18.1
SY036863,BUS_B,Business,21,Thursday,4,21.9,79.3,151,57.9,59.2
SY086010,ENG_B,Engineering,8,Wednesday,4,21.8,69.8,44,35.8,42.5
SY082785,RES_A,Residential,23,Saturday,6,26.0,69.2,89,64.1,59.3
SY005422,SCI_A,Science,23,Saturday,12,14.1,69.0,0,73.7,75.4
SY096253,ENG_B,Engineering,0,Wednesday,1,14.1,72.6,14,36.9,39.7
SY033868,ENG_A,Engineering,18,Monday,12,19.6,50.1,84,74.3,72.1
SY087692,SCI_B,Science,20,Wednesday,3,19.4,60.2,17,77.0,76.0
SY025271,BUS_A,Business,13,Sunday,7,28.5,82.3,8,28.6,30.6
SY029380,SPT_A,Sports,2,Tuesday,10,19.7,72.6,0,28.3,30.5
SY043254,RES_B,Residential,18,Tuesday,2,22.3,56.7,190,37.4,61.5
SY034765,LEC_A,LectureHall,3,Friday,8,20.4,88.0,0,16.0,16.0
SY039122,BUS_A,Business,17,Thursday,8,28.2,62.7,27,39.1,37.6
SY091452,SCI_A,Science,9,Sunday,10,22.1,71.9,16,71.7,75.1
SY063343,ADM_A,Administration,5,Wednesday,6,24.5,78.8,4,19.7,18.5
SY055793,LIB_A,Library,17,Wednesday,3,20.0,47.9,191,35.6,44.6
SY005596,RES_A,Residential,19,Sunday,3,20.3,53.1,215,70.6,72.2
SY014872,ENG_B,Engineering,22,Wednesday,6,27.7,75.2,6,63.4,59.8
SY090284,SPT_A,Sports,5,Thursday,7,25.2,83.2,0,28.0,25.2
SY021475,SCI_A,Science,8,Tuesday,1,11.6,66.3,14,82.6,88.6
SY097537,ADM_A,Administration,3,Wednesday,12,11.9,72.6,3,19.3,17.7
SY059596,RES_B,Residential,4,Wednesday,5,17.4,81.8,251,52.7,51.1
SY090123,ENG_A,Engineering,3,Saturday,1,11.1,76.0,13,46.8,47.9
SY010044,BUS_B,Business,5,Thursday,1,12.7,74.2,1,28.4,28.1
SY034450,ENG_A,Engineering,22,Friday,2,14.1,66.4,25,58.8,57.8
SY003645,ENG_A,Engineering,23,Friday,5,23.8,85.6,18,66.2,56.0
SY025633,ENG_B,Engineering,19,Friday,8,23.7,86.3,21,47.4,57.0
SY075575,ENG_A,Engineering,10,Monday,5,28.6,82.0,75,82.4,82.5
SY018161,LEC_A,LectureHall,16,Monday,4,22.2,79.8,278,35.9,34.3
SY076063,SCI_A,Science,10,Saturday,1,14.8,58.6,15,80.8,87.4
SY036801,LEC_A,LectureHall,10,Thursday,5,29.9,63.4,409,71.7,82.7
SY004633,RES_B,Residential,14,Wednesday,5,23.0,82.5,168,41.4,38.3
SY044183,ENG_B,Engineering,14,Wednesday,10,,80.2,92,53.2,57.4
SY048960,RES_A,Residential,6,Saturday,7,27.9,79.6,86,62.2,66.8
SY099630,RES_A,Residential,6,Monday,2,20.4,72.5,356,,89.7
SY065015,LEC_A,LectureHall,12,Sunday,4,20.4,,1,13.2,10.0
SY032235,BUS_B,Business,11,Tuesday,1,14.9,,316,57.5,64.6
SY036405,ADM_A,Administration,17,Thursday,4,22.9,50.3,46,38.6,24.0
SY090146,RES_A,Residential,7,Monday,12,13.8,66.3,31,,34.0
SY002380,RES_A,Residential,1,Monday,4,13.9,70.4,382,,81.6
SY027636,SCI_A,Science,3,Sunday,9,25.2,82.6,4,92.6,87.7
SY089932,SCI_A,Science,0,Thursday,6,27.3,86.7,2,112.9,110.0
SY085482,ENG_B,Engineering,17,Friday,1,,51.8,95,48.5,62.4
SY060446,RES_B,Residential,7,Saturday,6,26.9,90.3,60,48.0,50.5
SY074199,ADM_A,Administration,18,Tuesday,2,16.4,70.2,7,25.6,25.3
SY083872,SCI_A,Science,21,Sunday,2,10.7,78.9,4,78.8,81.3
SY050972,SCI_B,Science,10,Wednesday,10,26.2,64.0,117,87.3,101.5
SY092730,BUS_A,Business,8,Wednesday,6,28.9,74.0,10,26.7,27.1
SY033278,BUS_B,Business,16,Saturday,9,27.0,52.9,17,33.3,34.2
SY048367,BUS_B,Business,8,Tuesday,6,24.5,73.6,33,23.7,28.3
SY040818,SCI_B,Science,1,Monday,4,12.6,75.7,3,66.5,65.7
SY044334,SPT_A,Sports,14,Saturday,4,22.0,79.4,143,50.8,45.4
SY079009,ADM_A,Administration,4,Wednesday,3,14.1,78.7,2,18.4,19.5
SY059001,SPT_A,Sports,2,Monday,12,11.5,72.1,0,38.6,40.8
SY053474,SCI_A,Science,3,Wednesday,9,16.6,84.6,3,68.0,66.4
SY032602,RES_B,Residential,18,Friday,2,20.7,54.4,142,38.3,52.8
SY003912,BUS_B,Business,11,Sunday,6,31.3,82.4,19,38.8,39.8
SY084023,LIB_A,Library,23,Monday,2,20.2,76.7,77,46.0,45.3
SY039282,SPT_A,Sports,13,Sunday,4,19.7,77.1,122,45.5,46.2
SY077855,LEC_A,LectureHall,22,Thursday,1,12.5,60.5,0,15.1,14.5
SY017998,SCI_B,Science,4,Sunday,8,23.0,82.4,4,69.8,70.4
SY093753,ENG_A,Engineering,6,Wednesday,12,12.2,67.2,14,53.8,56.9
SY060084,SCI_B,Science,9,Monday,12,16.5,61.1,71,61.8,73.5
SY019676,RES_A,Residential,1,Saturday,6,24.7,83.8,78,56.7,55.8
SY000400,SPT_A,Sports,10,Saturday,11,12.9,71.4,109,52.5,53.7
SY078787,LIB_A,Library,22,Saturday,1,14.1,63.6,2,26.7,26.6
SY056094,ENG_A,Engineering,3,Saturday,12,9.6,73.8,13,53.4,58.3
SY096302,SCI_A,Science,7,Wednesday,8,29.2,92.8,9,130.8,137.3
SY027786,BUS_A,Business,20,Monday,5,26.3,69.9,67,57.9,58.8
SY097951,SPT_A,Sports,17,Tuesday,5,25.2,56.3,151,49.6,57.2
SY088501,RES_A,Residential,9,Wednesday,1,16.4,57.5,24,31.5,27.8
SY043543,ENG_A,Engineering,2,Friday,4,18.8,82.3,11,42.8,43.7
SY051308,SCI_B,Science,5,Sunday,3,14.8,77.7,6,61.9,63.0
SY022991,LEC_A,LectureHall,12,Sunday,2,20.4,,4,13.2,13.0
SY062950,SCI_B,Science,8,Saturday,4,19.4,73.9,5,67.0,60.5
SY075524,BUS_A,Business,19,Saturday,11,19.2,54.7,7,23.6,24.6
SY086649,SPT_A,Sports,10,Friday,4,21.2,62.8,41,29.0,29.2
SY080337,RES_B,Residential,0,Sunday,3,12.5,66.9,220,62.8,48.8
SY009803,LEC_A,LectureHall,19,Tuesday,1,17.3,49.5,2,15.1,16.2
SY026668,SPT_A,Sports,5,Saturday,5,18.6,78.8,0,26.1,27.8
SY099265,RES_B,Residential,5,Friday,2,11.7,76.8,204,47.4,49.3
SY028727,SCI_A,Science,2,Wednesday,10,20.3,77.3,5,72.2,71.0
SY094676,ENG_A,Engineering,10,Sunday,4,18.8,67.3,19,45.2,46.8
SY097027,ADM_A,Administration,11,Monday,12,19.7,48.1,41,24.0,24.3
SY044572,SCI_A,Science,11,Friday,11,17.4,60.8,108,100.4,92.5
SY012434,SCI_A,Science,3,Tuesday,4,18.1,74.6,4,72.1,72.8
SY069569,RES_A,Residential,2,Thursday,6,25.5,81.9,74,65.2,57.2
SY012887,SCI_A,Science,3,Thursday,1,10.9,76.2,14,86.5,85.6
SY097887,SPT_A,Sports,21,Thursday,4,20.8,78.3,115,68.6,57.7
SY006740,ENG_A,Engineering,16,Thursday,6,30.3,81.4,53,96.7,97.5
SY085092,SCI_A,Science,10,Wednesday,5,27.5,76.3,78,111.2,118.9
SY044282,BUS_B,Business,9,Saturday,6,29.6,80.0,19,32.8,37.3
SY058076,LEC_A,LectureHall,15,Sunday,4,22.9,78.7,4,12.5,11.9
SY050241,SCI_A,Science,14,Thursday,3,26.2,55.3,95,81.3,90.5
SY006075,RES_B,Residential,7,Saturday,9,24.3,74.5,182,49.8,53.5
SY073773,BUS_A,Business,15,Tuesday,3,20.4,52.3,169,43.3,39.9
SY059573,LIB_A,Library,17,Saturday,4,25.9,56.0,68,38.9,36.2
SY078458,SCI_B,Science,13,Tuesday,12,18.8,49.5,77,74.6,68.4
SY094007,LEC_A,LectureHall,14,Sunday,12,18.6,49.1,3,12.8,12.8
SY064380,LIB_A,Library,7,Monday,5,19.1,73.4,4,22.9,24.1
SY023847,RES_A,Residential,19,Saturday,1,18.9,49.1,165,56.4,52.5
SY008378,ADM_A,Administration,7,Tuesday,9,20.1,81.1,53,15.3,27.3
SY064073,BUS_B,Business,4,Sunday,10,18.3,73.0,2,,28.0
SY085733,RES_A,Residential,19,Tuesday,4,24.1,58.2,238,73.4,78.6
SY034244,LEC_A,LectureHall,10,Wednesday,6,29.9,78.3,45,55.3,53.9
SY019155,BUS_A,Business,23,Tuesday,10,20.4,78.8,3,24.1,24.2
SY028955,LIB_A,Library,11,Saturday,2,23.6,54.5,101,27.2,34.1
SY046050,ADM_A,Administration,1,Monday,6,24.7,79.0,1,24.1,19.2
SY087541,LIB_A,Library,10,Thursday,5,26.0,82.3,267,,70.6
SY029871,RES_B,Residential,13,Saturday,3,,50.2,187,36.6,35.5
SY062422,RES_A,Residential,19,Sunday,4,22.2,59.6,220,59.2,67.9
SY089962,SPT_A,Sports,18,Wednesday,11,19.4,50.2,122,48.6,60.9
SY050295,ENG_A,Engineering,12,Saturday,5,30.0,57.7,31,54.8,59.9
SY044254,SPT_A,Sports,9,Saturday,1,12.0,63.3,44,50.3,55.7
SY024606,SCI_B,Science,17,Friday,1,19.0,54.0,23,60.5,77.1
SY082246,ENG_B,Engineering,9,Saturday,3,19.7,68.5,5,36.1,34.5
SY079864,ENG_A,Engineering,6,Sunday,12,13.9,73.7,1,47.0,46.5
SY040720,ENG_A,Engineering,11,Monday,4,22.0,61.5,97,56.8,56.9
SY028908,ADM_A,Administration,21,Sunday,2,23.5,56.1,0,22.9,22.4
SY068750,ENG_A,Engineering,6,Sunday,5,19.2,82.1,6,48.0,47.7
SY032615,RES_A,Residential,17,Friday,2,22.0,47.9,,37.2,43.8
SY082562,ENG_A,Engineering,9,Sunday,6,26.1,72.0,4,52.4,99.0
SY070388,SCI_B,Science,17,Thursday,3,23.5,53.6,62,84.5,79.6
SY098000,RES_A,Residential,20,Sunday,6,29.4,60.8,56,65.1,63.4
SY053060,SCI_B,Science,1,Sunday,7,25.6,85.5,3,84.4,79.2
SY019075,LEC_A,LectureHall,17,Monday,6,,59.4,29,59.9,30.6
SY022868,RES_A,Residential,0,Monday,6,24.7,76.6,,61.8,60.0
SY037710,BUS_B,Business,20,Thursday,1,14.9,77.8,10,25.2,26.5
SY031989,ENG_B,Engineering,22,Wednesday,3,19.3,65.1,12,52.0,46.5
SY021773,LIB_A,Library,1,Tuesday,10,20.0,77.8,11,25.7,27.3
SY090389,ENG_A,Engineering,1,Thursday,1,10.7,69.4,0,51.3,52.3
SY065495,LIB_A,Library,12,Saturday,5,25.6,59.0,106,30.5,33.5
SY024621,RES_A,Residential,11,Wednesday,5,29.4,57.2,123,56.7,54.3
SY056437,BUS_B,Business,3,Friday,2,10.7,72.2,7,31.7,31.4
SY080015,BUS_A,Business,14,Friday,7,37.4,62.2,48,61.8,67.0
SY008453,SCI_B,Science,17,Friday,3,20.9,55.0,65,77.8,76.1
SY017969,ADM_A,Administration,18,Thursday,2,20.9,53.2,8,33.4,23.8
SY011692,SPT_A,Sports,10,Sunday,2,17.9,56.7,52,40.3,41.8
SY056855,SCI_A,Science,1,Monday,10,17.3,78.7,7,72.2,76.4
SY083082,BUS_B,Business,1,Thursday,2,12.9,70.8,2,27.8,27.4
SY049059,BUS_A,Business,8,Saturday,7,28.0,82.4,1,26.5,26.1
SY047127,SCI_A,Science,11,Thursday,2,17.6,55.9,94,93.9,92.0
SY004782,LEC_A,LectureHall,0,Tuesday,4,12.3,73.1,0,16.5,16.1
SY027230,ENG_B,Engineering,20,Sunday,10,20.7,80.8,7,36.3,35.6
SY003811,LEC_A,LectureHall,2,Saturday,4,17.8,80.2,0,14.5,14.5
SY031221,SCI_A,Science,16,Saturday,2,22.7,56.0,15,74.2,75.4
SY064992,ADM_A,Administration,20,Thursday,5,23.0,57.7,0,18.7,18.8
SY004031,RES_A,Residential,16,Thursday,10,29.8,55.9,122,56.1,56.3
SY086592,ENG_B,Engineering,12,Sunday,3,19.6,78.8,25,58.1,36.5
SY063364,LEC_A,LectureHall,11,Thursday,12,18.7,55.7,204,22.3,24.8
SY027386,ENG_A,Engineering,12,Monday,1,20.2,49.2,22,,46.2
SY053472,ENG_A,Engineering,16,Saturday,3,17.6,48.3,44,47.5,55.6
SY066070,LEC_A,LectureHall,13,Tuesday,6,26.8,79.3,32,22.2,38.0
SY012898,SCI_A,Science,6,Saturday,12,15.6,68.4,,111.4,107.7
SY024316,BUS_A,Business,12,Sunday,5,28.6,75.6,43,42.8,44.2
SY007979,LIB_A,Library,10,Friday,1,17.0,54.2,13,25.9,27.9
SY010916,RES_A,Residential,16,Sunday,8,31.3,54.5,53,55.4,57.9
SY024104,SCI_B,Science,5,Tuesday,10,20.1,84.8,8,62.4,64.1
SY009050,BUS_A,Business,17,Thursday,5,27.9,85.9,61,45.5,48.1
SY094028,LEC_A,LectureHall,5,Thursday,9,22.9,71.0,18,19.4,18.6
SY045122,ENG_A,Engineering,11,Wednesday,6,24.6,58.5,70,56.8,62.3
SY099307,SCI_B,Science,3,Sunday,4,12.6,83.5,8,59.7,66.0
SY032320,BUS_A,Business,8,Wednesday,6,27.4,70.6,27,23.6,29.2
SY078876,BUS_A,Business,4,Sunday,5,15.8,79.8,2,20.0,24.6
SY071540,LEC_A,LectureHall,17,Thursday,5,25.2,82.2,7,17.6,16.7
SY021351,LEC_A,LectureHall,12,Monday,2,21.7,54.2,231,,27.5
SY033901,ENG_B,Engineering,2,Monday,10,19.1,80.0,13,43.2,42.7
SY033869,ENG_B,Engineering,2,Wednesday,4,16.3,80.0,10,37.6,37.6
SY002292,BUS_B,Business,3,Wednesday,3,13.9,72.2,6,28.5,26.0
SY098680,BUS_A,Business,19,Sunday,9,24.3,82.6,11,23.8,25.3
SY023766,RES_B,Residential,11,Monday,11,18.6,58.0,86,29.1,26.2
SY071178,LEC_A,LectureHall,4,Sunday,6,25.8,78.5,0,23.6,22.8
SY074387,SCI_B,Science,4,Friday,11,12.2,75.5,6,62.7,65.1
SY020368,RES_A,Residential,12,Saturday,1,18.5,52.9,28,26.8,28.1
SY008823,ENG_A,Engineering,19,Thursday,9,28.3,69.5,67,96.4,102.9
SY042236,BUS_B,Business,23,Thursday,1,13.6,72.1,0,27.0,24.1
SY067921,BUS_A,Business,18,Friday,5,29.9,59.1,41,49.3,48.1
SY034208,BUS_A,Business,6,Friday,11,13.8,76.5,2,22.9,23.4
SY077798,ENG_B,Engineering,7,Wednesday,5,26.5,83.9,9,46.3,49.3
SY030368,RES_B,Residential,0,Tuesday,6,24.0,80.4,74,50.0,55.5
SY057998,RES_B,Residential,5,Monday,9,19.2,79.2,247,58.2,53.3
SY096922,ADM_A,Administration,22,Saturday,10,23.6,67.5,1,23.9,20.3
SY003274,SCI_A,Science,15,Wednesday,9,29.7,57.1,102,108.9,109.1
SY020770,RES_A,Residential,10,Monday,2,17.6,51.1,102,34.9,35.3
SY051589,SCI_A,Science,4,Wednesday,7,27.1,91.2,7,105.0,104.9
SY094915,LIB_A,Library,23,Monday,6,25.4,75.2,18,66.5,33.7
SY092817,ADM_A,Administration,13,Wednesday,2,17.1,45.8,98,28.5,32.5
SY009539,BUS_A,Business,22,Tuesday,2,10.9,68.5,17,46.5,25.6
SY015730,BUS_A,Business,18,Sunday,3,13.5,75.9,5,25.6,23.7
SY014076,RES_B,Residential,13,Saturday,8,29.3,83.0,44,45.6,42.4
SY005161,ADM_A,Administration,14,Monday,12,19.5,53.9,94,32.9,32.5
SY040193,SPT_A,Sports,10,Wednesday,3,22.2,60.8,37,,30.8
SY083506,SCI_B,Science,22,Thursday,3,15.6,68.7,6,64.8,62.9
SY051196,ENG_A,Engineering,16,Sunday,3,19.8,46.4,29,48.1,52.7
SY044040,ENG_A,Engineering,18,Friday,10,28.0,58.4,73,90.4,98.6
SY051379,BUS_B,Business,6,Thursday,6,26.5,82.1,3,31.8,28.2
SY041252,BUS_A,Business,9,Wednesday,4,18.7,76.8,119,31.7,35.5
SY081597,BUS_A,Business,4,Sunday,2,13.1,79.6,1,21.5,22.2
SY034711,ENG_A,Engineering,17,Saturday,5,28.0,82.7,27,77.3,77.2
SY081299,RES_A,Residential,20,Friday,4,22.3,60.0,258,71.8,74.4
SY065325,SCI_A,Science,0,Monday,6,28.0,79.8,3,120.4,112.5
SY070137,SCI_B,Science,15,Wednesday,8,34.2,86.7,81,124.9,128.3
SY002423,BUS_A,Business,23,Sunday,4,17.5,75.9,3,23.5,22.9
SY055862,ENG_A,Engineering,10,Monday,6,27.8,69.9,70,73.5,82.7
SY063499,SPT_A,Sports,9,Monday,2,18.9,58.8,35,37.8,37.3
SY013789,BUS_B,Business,21,Thursday,11,14.5,77.1,142,53.0,58.4
SY056393,ENG_A,Engineering,13,Saturday,9,26.4,54.9,27,50.1,57.0
SY054308,SCI_A,Science,21,Monday,9,26.2,70.6,14,108.1,102.7
SY090653,LEC_A,LectureHall,10,Friday,12,,59.8,293,40.9,34.7
SY084509,ADM_A,Administration,20,Monday,2,22.7,73.5,2,17.3,17.0
SY004940,RES_B,Residential,7,Sunday,6,26.0,81.6,74,44.9,46.7
SY081941,SCI_A,Science,16,Sunday,6,32.1,86.3,6,126.8,125.0
SY006579,LEC_A,LectureHall,11,Sunday,1,17.0,50.7,3,15.6,13.7
SY090122,ENG_B,Engineering,15,Friday,3,21.0,49.3,139,58.7,64.8
SY095058,BUS_B,Business,23,Saturday,6,,71.0,1,41.1,38.4
SY009348,ENG_B,Engineering,23,Wednesday,1,12.6,73.3,15,,48.6
SY005820,ENG_B,Engineering,11,Saturday,11,17.9,59.4,,42.0,39.9
SY000714,SCI_B,Science,1,Monday,6,24.5,81.4,2,78.5,76.2
SY007073,ENG_A,Engineering,5,Friday,1,9.7,70.2,1,51.4,52.6
SY093104,SCI_B,Science,10,Sunday,2,15.8,64.1,11,67.3,68.3
SY061222,ENG_A,Engineering,11,Wednesday,1,16.7,56.0,132,84.1,76.1
SY009871,SCI_A,Science,12,Thursday,6,28.4,86.4,81,117.1,114.8
SY053710,LIB_A,Library,9,Wednesday,2,15.7,76.5,82,29.8,30.7
SY025267,ENG_A,Engineering,23,Monday,6,24.0,75.8,5,75.8,67.0
SY088313,SCI_A,Science,16,Thursday,2,22.2,53.2,64,103.0,89.9
SY097619,SPT_A,Sports,4,Monday,1,8.0,71.2,0,47.6,51.8
SY094798,SCI_A,Science,16,Sunday,10,25.3,81.4,18,82.9,81.7
SY036758,ADM_A,Administration,15,Tuesday,4,27.5,49.2,100,48.5,43.3
SY085413,ENG_A,Engineering,21,Friday,8,26.8,84.7,20,84.7,69.5
SY062731,ENG_B,Engineering,17,Monday,2,20.4,56.5,100,55.2,63.2
SY013769,RES_B,Residential,4,Saturday,6,23.7,82.7,49,38.0,39.6
SY024453,ENG_A,Engineering,20,Sunday,3,11.6,72.7,,46.4,49.6
SY089528,SPT_A,Sports,10,Monday,9,25.1,81.8,42,32.2,36.8
SY067385,LIB_A,Library,11,Sunday,5,26.0,62.5,144,40.6,42.9
SY079925,ENG_A,Engineering,23,Monday,1,11.6,66.7,2,45.7,47.7
SY062224,SCI_A,Science,23,Tuesday,5,24.5,74.7,4,100.6,91.9
SY080971,LEC_A,LectureHall,2,Tuesday,5,17.5,81.6,2,16.5,16.5
SY021210,SCI_A,Science,22,Monday,3,,62.9,8,,72.2
SY037905,SCI_A,Science,10,Sunday,12,14.1,77.0,14,82.5,78.9
SY006985,RES_A,Residential,20,Friday,5,23.0,61.1,250,94.5,83.6
SY028401,ENG_B,Engineering,10,Tuesday,6,25.8,,47,52.0,53.3
SY050372,ADM_A,Administration,18,Thursday,10,28.4,51.8,7,47.5,38.8
SY019584,ADM_A,Administration,12,Sunday,2,20.4,45.5,8,21.1,17.6
SY046301,LEC_A,LectureHall,1,Thursday,4,16.6,73.2,2,12.5,14.1
SY028957,BUS_B,Business,8,Wednesday,2,20.7,58.9,108,28.3,39.0
SY078253,BUS_B,Business,7,Thursday,9,24.2,71.8,4,28.5,27.7
SY003433,SPT_A,Sports,2,Sunday,4,17.5,76.1,0,34.0,32.7
SY095154,SCI_B,Science,15,Thursday,3,21.6,45.8,98,85.2,80.6
SY098279,SPT_A,Sports,15,Monday,6,29.5,56.2,31,32.9,47.8
SY026265,SPT_A,Sports,0,Monday,4,16.6,72.1,0,34.8,36.1
SY010142,RES_B,Residential,2,Sunday,10,20.3,78.3,199,59.9,55.3
SY006088,SPT_A,Sports,16,Saturday,2,19.0,48.9,111,50.7,47.5
SY033916,SCI_B,Science,3,Thursday,2,14.3,72.3,8,63.1,58.5
SY063780,RES_B,Residential,1,Wednesday,5,21.2,75.3,261,74.7,64.3
SY054772,LIB_A,Library,13,Wednesday,12,15.8,52.8,94,35.9,36.9
SY006436,ENG_A,Engineering,22,Sunday,6,26.3,73.2,4,72.7,66.4
SY049308,SPT_A,Sports,23,Monday,1,11.6,65.0,0,58.0,42.5
SY062681,LIB_A,Library,6,Thursday,10,20.3,72.7,7,22.9,24.8
SY016381,SPT_A,Sports,14,Thursday,9,22.8,79.5,34,33.4,35.7
SY033105,ENG_A,Engineering,20,Saturday,5,29.1,63.4,13,68.0,69.8
SY016024,BUS_B,Business,12,Sunday,6,29.6,79.3,21,37.8,37.9
SY051778,LEC_A,LectureHall,14,Sunday,6,28.6,85.1,0,24.2,23.6
SY019147,LEC_A,LectureHall,22,Sunday,5,26.6,85.3,3,,24.7
SY069176,ENG_A,Engineering,14,Tuesday,8,37.9,59.9,87,113.9,122.5
SY059808,RES_B,Residential,2,Monday,10,16.9,76.0,274,51.5,51.7
SY038126,ENG_A,Engineering,1,Monday,7,24.9,88.9,6,58.9,54.8
SY009638,SPT_A,Sports,11,Monday,3,15.0,60.2,48,47.8,47.2
SY076124,SPT_A,Sports,4,Wednesday,5,25.3,89.5,0,29.0,32.1
SY047290,RES_B,Residential,3,Sunday,3,12.0,75.4,236,54.8,56.6
SY061497,ADM_A,Administration,7,Saturday,6,24.8,71.0,4,16.6,16.5
SY050824,LEC_A,LectureHall,4,Sunday,7,21.4,76.2,0,17.1,14.8
SY033884,SPT_A,Sports,0,Tuesday,11,12.5,75.5,0,39.5,37.8
SY080140,RES_A,Residential,20,Thursday,6,,64.5,50,61.6,61.3
SY076678,LIB_A,Library,11,Saturday,9,25.2,56.5,52,25.4,29.7
SY048952,RES_B,Residential,23,Sunday,9,21.6,85.2,269,79.9,62.1
SY005609,LEC_A,LectureHall,8,Monday,3,16.2,76.9,141,12.1,24.2
SY094830,RES_B,Residential,15,Monday,5,26.4,55.5,119,36.8,38.6
SY052491,LIB_A,Library,4,Thursday,1,10.1,74.0,13,27.4,29.5
SY042606,BUS_A,Business,23,Sunday,11,16.1,64.5,0,21.7,23.4
SY081040,LEC_A,LectureHall,11,Wednesday,7,28.0,,45,45.1,43.5
SY051849,LEC_A,LectureHall,10,Thursday,3,21.1,59.3,320,21.1,31.6
SY063250,SCI_A,Science,10,Saturday,10,24.1,81.5,13,73.3,75.3
SY034325,SCI_A,Science,6,Friday,9,19.9,71.3,6,63.2,64.6
SY098662,RES_A,Residential,7,Monday,4,20.1,64.5,229,60.6,58.3
SY062128,ENG_A,Engineering,0,Friday,4,19.4,84.3,11,52.9,41.2
SY047722,RES_A,Residential,15,Saturday,6,34.3,52.1,62,65.6,63.5
SY040694,SCI_A,Science,23,Thursday,3,17.6,73.2,3,79.4,75.7
SY071983,ENG_B,Engineering,21,Monday,9,23.5,73.5,19,66.4,56.2
SY052010,ENG_B,Engineering,1,Tuesday,6,21.4,79.5,2,41.9,36.5
SY060372,BUS_A,Business,1,Tuesday,1,10.0,70.9,0,23.8,23.2
SY078154,BUS_B,Business,21,Sunday,2,10.6,77.4,6,31.7,32.3
SY073556,ENG_B,Engineering,9,Thursday,10,24.1,69.6,108,53.1,61.4
SY065592,LEC_A,LectureHall,20,Monday,2,19.9,55.7,14,29.0,14.8
SY041707,BUS_A,Business,2,Wednesday,10,19.4,90.0,2,23.6,21.3
SY051276,LIB_A,Library,22,Friday,12,14.1,61.9,13,28.0,23.4
SY004263,SPT_A,Sports,2,Friday,5,21.7,85.9,0,28.6,26.4
SY040138,ENG_B,Engineering,1,Monday,4,17.6,76.0,12,36.3,41.1
SY019043,ENG_A,Engineering,19,Sunday,3,17.9,56.1,9,54.3,43.9
SY057271,SCI_B,Science,5,Monday,1,8.0,70.2,7,77.1,76.0
SY041011,LIB_A,Library,19,Saturday,1,14.0,51.4,14,25.0,27.9
SY008954,LIB_A,Library,13,Wednesday,12,22.6,48.9,208,42.5,45.5
SY058193,BUS_A,Business,12,Monday,2,20.2,47.4,210,37.2,40.5
SY031034,SCI_A,Science,23,Friday,8,26.7,90.9,3,103.5,104.4
SY046998,RES_A,Residential,6,Tuesday,10,21.3,73.0,267,65.3,65.1
SY085326,LEC_A,LectureHall,12,Thursday,4,21.7,54.3,135,34.1,23.2
SY002059,LIB_A,Library,2,Thursday,2,14.0,75.3,11,25.7,26.0
SY046892,BUS_A,Business,3,Monday,1,10.1,73.0,0,22.9,22.9
SY067035,ADM_A,Administration,22,Friday,1,12.4,73.0,,19.3,19.1
SY087139,LIB_A,Library,23,Wednesday,9,19.3,76.2,40,49.0,41.0
SY096338,ENG_B,Engineering,0,Sunday,11,13.6,71.1,2,37.7,37.7
SY043030,ADM_A,Administration,17,Thursday,10,30.4,46.3,52,56.9,45.3
SY072663,RES_A,Residential,7,Thursday,12,17.1,62.4,252,72.6,58.1
SY010030,SPT_A,Sports,10,Friday,7,27.3,80.9,27,30.2,45.0
SY003604,ENG_B,Engineering,2,Wednesday,10,18.2,77.8,11,44.6,40.7
SY033411,RES_A,Residential,5,Friday,5,21.7,85.5,378,80.5,81.0
SY012303,BUS_A,Business,16,Friday,1,17.1,46.2,8,21.9,22.8
SY021053,BUS_A,Business,16,Saturday,2,21.1,53.1,3,23.3,20.3
SY055353,SPT_A,Sports,22,Sunday,12,15.6,72.9,0,40.8,36.9
SY058578,SCI_A,Science,1,Wednesday,5,25.4,79.9,5,99.4,94.4
SY073848,LEC_A,LectureHall,7,Wednesday,1,12.2,65.0,0,21.3,19.5
SY001659,SPT_A,Sports,10,Thursday,8,25.2,73.3,7,25.8,27.5
SY069262,RES_B,Residential,0,Sunday,3,14.4,70.6,233,59.4,51.5
SY098402,LEC_A,LectureHall,5,Tuesday,1,10.3,74.4,0,19.3,16.9
SY061592,ENG_A,Engineering,16,Friday,11,16.8,76.6,125,76.9,74.9
SY020833,SPT_A,Sports,22,Tuesday,9,24.4,74.5,37,74.8,63.2
SY080745,SCI_B,Science,12,Wednesday,1,17.7,50.4,129,79.2,78.2
SY098502,ADM_A,Administration,7,Tuesday,3,16.5,72.3,47,15.2,22.9
SY013369,RES_A,Residential,8,Tuesday,12,14.6,63.7,22,31.6,29.7
SY004458,LIB_A,Library,1,Monday,3,15.1,74.0,8,23.7,23.2
SY036014,ENG_A,Engineering,2,Tuesday,3,14.3,76.7,13,46.6,48.5
SY083594,ENG_B,Engineering,17,Sunday,4,28.6,54.5,19,54.1,52.1
SY047092,SCI_A,Science,19,Wednesday,1,17.2,57.4,50,94.0,94.8
SY011239,RES_A,Residential,22,Wednesday,6,27.5,70.2,81,61.9,65.1
SY021543,SPT_A,Sports,18,Sunday,12,17.7,72.4,21,52.7,49.3
SY093305,ADM_A,Administration,2,Monday,1,9.5,70.6,1,16.4,18.0
SY044598,ENG_B,Engineering,2,Tuesday,5,21.3,73.8,1,43.2,40.7
SY074141,ENG_B,Engineering,0,Tuesday,5,18.8,71.9,6,49.3,41.9
SY039278,LEC_A,LectureHall,4,Wednesday,1,9.5,73.6,0,20.3,18.0
SY064331,ENG_A,Engineering,11,Wednesday,4,23.5,56.1,105,73.6,68.5
SY063344,BUS_A,Business,0,Monday,12,12.7,68.6,2,20.6,22.3
SY036469,ENG_A,Engineering,23,Tuesday,6,25.5,77.7,9,77.8,75.1
SY024834,BUS_A,Business,18,Friday,7,28.2,81.5,13,46.0,42.7
SY040447,ENG_B,Engineering,9,Wednesday,9,23.4,87.7,91,48.5,52.1
SY035459,LEC_A,LectureHall,0,Monday,6,24.5,73.6,0,25.9,20.2
SY086148,SPT_A,Sports,3,Sunday,6,21.6,77.9,0,24.3,24.0
SY034060,BUS_B,Business,8,Sunday,2,16.7,64.2,1,,26.1
SY025875,RES_B,Residential,17,Sunday,5,25.3,84.5,147,44.9,45.2
SY052617,LEC_A,LectureHall,6,Wednesday,4,18.7,73.3,9,14.3,14.4
SY049516,RES_B,Residential,16,Sunday,4,23.1,54.1,118,37.0,34.7
SY092599,RES_B,Residential,23,Monday,11,15.0,71.6,224,,46.5
SY034853,BUS_A,Business,7,Thursday,6,26.4,80.0,,22.0,21.5
SY050304,BUS_A,Business,7,Thursday,6,27.6,79.3,1,26.7,25.2
SY019044,RES_B,Residential,22,Friday,7,30.8,72.2,73,68.2,72.4
SY043738,BUS_B,Business,6,Saturday,1,11.2,65.5,0,25.6,28.1
SY008563,RES_B,Residential,21,Tuesday,1,14.6,63.0,42,34.3,36.0
SY081297,BUS_A,Business,10,Monday,4,20.1,78.3,158,36.0,37.1
SY041878,ENG_B,Engineering,15,Wednesday,3,16.7,75.7,119,53.9,55.0
SY027998,SPT_A,Sports,21,Friday,8,22.2,81.7,45,55.8,51.1
SY065420,SPT_A,Sports,3,Tuesday,5,17.0,78.6,0,30.2,28.3
SY046442,SCI_A,Science,14,Friday,3,20.2,49.9,,89.1,96.4
SY073177,ENG_B,Engineering,11,Tuesday,10,25.4,56.5,104,70.4,65.8
SY002733,LIB_A,Library,9,Thursday,1,12.8,68.7,10,26.0,25.7
SY020512,RES_A,Residential,16,Saturday,6,,82.8,47,66.7,66.2
SY016007,BUS_A,Business,21,Sunday,6,26.0,73.1,0,30.6,28.3
SY006449,SCI_A,Science,6,Tuesday,5,18.6,76.9,10,77.0,76.5
SY012585,SPT_A,Sports,9,Friday,11,14.7,74.2,,49.0,44.0
SY097169,SCI_B,Science,21,Friday,6,27.6,85.7,3,101.2,94.0
SY022414,SCI_A,Science,1,Sunday,2,13.2,70.6,4,71.3,76.7
SY000424,RES_A,Residential,1,Thursday,2,11.9,74.0,353,,68.2
SY071864,SPT_A,Sports,16,Sunday,5,23.3,77.0,125,41.2,40.6
SY032180,ENG_A,Engineering,15,Wednesday,1,19.3,46.2,102,64.0,62.5
SY002741,RES_A,Residential,3,Friday,8,19.7,87.4,72,37.0,36.6
SY078462,LEC_A,LectureHall,22,Thursday,6,28.8,70.2,0,32.7,28.1
SY009161,ENG_B,Engineering,8,Thursday,1,12.4,67.2,39,41.9,49.0
SY092215,BUS_A,Business,8,Friday,12,13.1,62.0,36,24.3,28.6
SY069947,ENG_B,Engineering,9,Saturday,4,14.3,84.2,80,34.1,50.6
SY081130,SCI_A,Science,3,Sunday,6,25.0,88.2,,84.9,85.0
SY014091,LEC_A,LectureHall,11,Saturday,2,20.6,53.0,2,14.5,12.1
SY040143,SCI_B,Science,18,Wednesday,1,20.4,52.4,15,72.0,69.4
SY021343,BUS_A,Business,18,Thursday,9,27.1,53.3,82,47.8,54.8
SY069210,BUS_A,Business,10,Tuesday,4,19.5,56.8,127,34.7,35.2
SY001514,SPT_A,Sports,7,Tuesday,6,25.6,71.7,32,32.4,34.7
SY058646,ENG_A,Engineering,13,Thursday,8,28.9,82.9,67,86.3,88.6
SY093379,ENG_B,Engineering,20,Wednesday,11,16.9,58.1,34,55.6,51.6
SY099587,ENG_A,Engineering,2,Sunday,2,13.3,68.2,8,42.1,44.6
SY064028,SCI_B,Science,9,Thursday,10,,,102,77.2,86.8
SY054101,RES_B,Residential,16,Tuesday,12,21.8,56.1,84,31.5,29.8
SY069962,LIB_A,Library,13,Wednesday,10,22.9,78.3,156,37.4,40.7
SY089861,ENG_B,Engineering,23,Thursday,2,17.5,64.8,10,50.4,47.0
SY040810,LIB_A,Library,23,Tuesday,6,29.0,83.8,9,84.9,41.7
SY089752,RES_B,Residential,7,Saturday,5,21.2,73.7,227,61.8,52.8
SY047935,ADM_A,Administration,3,Saturday,4,17.5,73.7,1,17.1,19.1
SY030335,SCI_B,Science,16,Tuesday,12,19.2,54.1,66,71.5,70.8
SY057314,SCI_A,Science,0,Monday,9,23.0,83.9,11,65.3,69.0
SY015338,ADM_A,Administration,5,Friday,1,10.3,74.2,0,18.2,17.1
SY048557,RES_A,Residential,6,Monday,2,13.8,65.4,268,58.3,82.1
SY036566,SCI_B,Science,13,Tuesday,10,28.4,59.0,60,91.1,90.2
SY048329,SCI_A,Science,2,Saturday,10,17.1,77.8,5,67.4,71.6
SY077868,SCI_A,Science,17,Monday,6,31.7,62.3,41,126.7,119.7
SY047959,ENG_B,Engineering,21,Sunday,9,17.6,83.6,6,40.0,36.6
SY083603,LEC_A,LectureHall,1,Friday,12,15.8,71.5,1,14.8,15.7
SY006696,BUS_B,Business,11,Tuesday,1,11.9,53.9,193,56.6,52.8
SY082459,SPT_A,Sports,9,Monday,8,29.4,71.3,17,,36.0
SY013666,ENG_A,Engineering,3,Friday,12,8.6,74.0,9,56.6,59.5
SY093266,RES_A,Residential,13,Wednesday,10,22.7,78.1,116,39.7,37.8
SY015958,SCI_B,Science,18,Thursday,8,27.8,84.3,26,95.3,88.1
SY035391,SCI_A,Science,15,Wednesday,10,22.5,86.4,117,129.5,126.3
SY081687,ADM_A,Administration,0,Friday,7,27.9,81.6,2,23.6,22.7
SY099498,BUS_B,Business,2,Wednesday,10,18.8,76.0,,27.5,28.4
SY075307,LIB_A,Library,20,Wednesday,3,17.0,61.1,103,51.2,50.6
SY077973,RES_B,Residential,13,Thursday,2,17.7,53.5,102,26.4,26.0
SY022460,SCI_B,Science,12,Thursday,9,27.2,56.9,111,83.2,82.5
SY015659,BUS_A,Business,20,Sunday,11,19.1,63.0,7,20.8,21.9
SY078373,RES_A,Residential,8,Sunday,2,15.5,64.1,348,74.5,73.3
SY052732,RES_A,Residential,9,Monday,7,27.0,81.4,63,50.0,49.7
SY043889,SCI_B,Science,16,Friday,6,30.2,80.8,52,106.7,107.1
SY054010,LIB_A,Library,7,Wednesday,12,10.4,63.9,2,27.8,25.6
SY040523,LEC_A,LectureHall,11,Saturday,7,25.9,86.4,1,16.7,17.4
SY057842,RES_B,Residential,10,Saturday,6,29.6,66.0,44,43.2,43.8
SY034014,LEC_A,LectureHall,16,Sunday,3,21.5,58.4,6,14.8,13.6
SY087973,ENG_B,Engineering,8,Thursday,5,21.8,81.4,59,38.0,48.1
SY028541,LIB_A,Library,22,Tuesday,6,27.0,69.4,,83.2,77.0
SY045356,RES_A,Residential,19,Monday,7,32.5,64.4,55,72.7,73.4
SY066508,RES_A,Residential,6,Sunday,5,23.9,80.5,300,67.4,79.4
SY045819,SPT_A,Sports,9,Thursday,1,12.8,70.7,6,47.5,43.2
SY054701,ADM_A,Administration,12,Wednesday,8,32.3,75.2,59,70.3,62.1
SY035557,SCI_B,Science,19,Thursday,11,15.3,76.6,43,82.7,74.8
SY054873,SCI_A,Science,7,Monday,4,19.1,82.1,6,68.1,68.9
SY001598,ENG_A,Engineering,1,Friday,7,27.9,82.0,4,78.3,75.8
SY079210,SPT_A,Sports,19,Friday,6,30.6,65.2,84,76.6,91.1
SY060722,RES_B,Residential,7,Wednesday,4,15.3,72.1,251,68.3,59.7
SY037613,ENG_B,Engineering,17,Monday,6,31.5,62.4,36,,73.5
SY084191,ENG_B,Engineering,7,Saturday,11,11.9,77.2,10,46.1,43.7
SY081853,ENG_A,Engineering,23,Saturday,10,22.5,77.7,8,59.2,50.4
SY014686,BUS_A,Business,17,Wednesday,2,22.0,50.8,122,,34.6
SY044381,SCI_A,Science,21,Saturday,6,27.7,71.5,0,109.2,103.9
SY060217,LEC_A,LectureHall,21,Tuesday,3,18.4,63.4,9,17.8,16.1
SY030489,BUS_B,Business,18,Thursday,3,15.9,78.3,168,41.5,57.9
SY072063,LEC_A,LectureHall,2,Thursday,1,10.8,70.1,0,14.5,17.0
SY002127,ADM_A,Administration,7,Tuesday,10,19.7,66.6,35,20.9,23.3
SY045002,LEC_A,LectureHall,14,Friday,5,30.6,55.2,215,73.7,64.4
SY004041,SCI_A,Science,5,Tuesday,8,27.9,83.1,2,99.0,94.0
SY064640,ENG_A,Engineering,22,Thursday,3,19.3,66.4,33,61.5,64.6
SY034690,LEC_A,LectureHall,17,Sunday,5,26.0,84.8,2,17.2,20.8
SY057195,RES_B,Residential,9,Sunday,5,25.9,67.9,189,55.9,47.4
SY032763,SCI_A,Science,3,Tuesday,6,26.8,89.6,,105.3,110.2
SY064228,ENG_A,Engineering,0,Friday,12,11.1,68.5,13,51.5,52.7
SY006851,RES_A,Residential,2,Saturday,5,22.1,79.9,311,76.0,79.0
SY068658,ENG_A,Engineering,0,Monday,5,20.5,72.4,7,47.3,48.8
SY092260,BUS_A,Business,8,Friday,9,26.5,73.2,80,24.2,40.3
SY056573,BUS_B,Business,14,Friday,5,26.2,51.4,151,47.8,48.8
SY080409,ENG_B,Engineering,23,Saturday,5,21.8,75.3,6,49.9,42.9
SY039778,SPT_A,Sports,11,Monday,12,19.1,50.5,19,36.1,35.9
SY083161,RES_A,Residential,19,Tuesday,4,25.5,52.4,,77.6,78.5
SY070813,BUS_B,Business,23,Tuesday,3,18.1,74.2,2,28.3,27.8
SY016377,SCI_A,Science,9,Monday,1,14.3,62.1,115,91.8,106.1
SY024798,SCI_A,Science,6,Saturday,2,11.7,80.9,13,86.2,86.4
SY021312,RES_B,Residential,20,Thursday,6,29.7,64.3,37,59.9,55.6
SY059361,ADM_A,Administration,5,Friday,1,10.0,69.9,4,19.5,18.1
SY027237,LIB_A,Library,19,Monday,7,32.8,62.5,47,79.8,93.5
SY035223,LIB_A,Library,17,Wednesday,6,32.4,53.2,39,66.5,66.7
SY042124,RES_B,Residential,18,Saturday,1,14.5,53.5,30,29.0,30.4
SY079278,BUS_B,Business,13,Sunday,9,25.5,78.0,75,35.0,39.0
SY053533,SCI_A,Science,15,Tuesday,6,30.7,87.8,,133.2,131.2
SY041348,RES_B,Residential,9,Sunday,5,18.9,66.1,214,56.4,36.1
SY008755,ADM_A,Administration,17,Thursday,11,17.0,75.6,73,32.4,30.4
SY035940,SPT_A,Sports,10,Tuesday,3,19.0,70.8,40,36.4,40.8
SY030464,ENG_A,Engineering,6,Saturday,8,24.1,77.2,3,46.2,44.0
SY046894,BUS_A,Business,20,Tuesday,2,,,110,44.2,46.9
SY051935,LIB_A,Library,18,Saturday,6,32.0,66.3,22,62.4,42.2
SY021392,SCI_A,Science,8,Saturday,11,15.7,80.0,20,76.2,81.1
SY029885,ENG_B,Engineering,3,Sunday,12,11.8,80.4,2,40.2,40.1
SY095315,BUS_A,Business,18,Thursday,8,27.9,,25,37.6,37.8
SY020840,RES_B,Residential,10,Wednesday,11,16.5,62.2,120,31.0,27.8
SY013520,BUS_A,Business,11,Tuesday,10,25.5,56.4,154,39.4,43.1
SY066161,SCI_A,Science,6,Saturday,4,17.4,81.0,10,,77.0
SY049898,SPT_A,Sports,16,Friday,8,34.3,,57,77.9,80.2
SY008790,ENG_A,Engineering,1,Saturday,7,28.5,77.9,2,79.0,75.8
SY007601,LEC_A,LectureHall,16,Friday,2,22.8,47.3,329,30.3,36.8
SY038091,ADM_A,Administration,9,Wednesday,4,16.8,61.6,101,34.5,35.4
SY015949,ENG_B,Engineering,17,Thursday,6,33.3,60.9,38,79.2,80.1
SY007418,LEC_A,LectureHall,4,Monday,5,17.9,78.9,3,13.8,14.9
SY052481,SCI_B,Science,11,Wednesday,5,22.9,79.5,11,66.9,62.6
SY084651,LIB_A,Library,23,Thursday,1,,64.8,4,28.0,26.2
SY045472,BUS_A,Business,21,Friday,1,16.8,59.2,4,22.9,20.5
SY083662,BUS_A,Business,12,Sunday,7,28.6,85.7,12,27.6,25.1
SY062013,LIB_A,Library,5,Monday,5,19.8,77.9,103,50.6,54.0
SY093360,ENG_B,Engineering,11,Thursday,3,18.8,58.7,94,52.2,53.0
SY042024,RES_B,Residential,10,Wednesday,3,18.4,56.0,97,32.0,31.6
SY065893,ADM_A,Administration,20,Sunday,1,16.5,57.8,1,16.4,16.4
SY085191,ENG_B,Engineering,20,Friday,7,27.8,86.9,26,69.2,72.6
SY088308,SPT_A,Sports,9,Thursday,3,16.6,67.3,41,48.1,40.4
SY068539,RES_B,Residential,1,Friday,5,22.1,76.0,336,80.2,82.7
SY007882,BUS_B,Business,2,Monday,10,17.3,82.5,3,27.1,30.1
SY071962,ENG_A,Engineering,0,Sunday,12,14.6,75.2,3,70.3,68.7
SY050384,RES_B,Residential,12,Friday,11,15.2,74.6,83,25.8,27.0
SY040964,BUS_A,Business,4,Saturday,4,19.5,75.9,1,23.6,21.3
SY068206,SPT_A,Sports,13,Saturday,7,35.8,59.1,47,72.7,70.4
SY044255,LIB_A,Library,10,Monday,2,16.5,53.5,102,32.8,36.6
SY061858,ENG_A,Engineering,17,Friday,3,18.0,55.4,108,,84.8
SY000537,LEC_A,LectureHall,14,Sunday,2,21.2,46.0,4,14.2,10.7
SY049909,BUS_B,Business,12,Saturday,9,28.3,80.3,101,60.1,59.2
SY099193,LIB_A,Library,2,Tuesday,7,23.2,87.4,1,30.3,25.9
SY081372,LEC_A,LectureHall,21,Monday,3,14.3,64.5,7,26.8,17.5
SY056025,SCI_A,Science,15,Tuesday,12,18.9,51.9,124,102.1,99.0
SY085499,LEC_A,LectureHall,8,Friday,12,19.3,60.3,298,14.6,32.1
SY079625,LIB_A,Library,19,Friday,8,28.1,84.3,44,62.6,71.1
SY034839,ENG_A,Engineering,19,Friday,11,15.5,73.1,65,73.2,70.9
SY063924,BUS_A,Business,11,Tuesday,10,24.4,59.7,276,44.2,53.7
SY083436,LEC_A,LectureHall,7,Wednesday,5,22.6,71.7,8,12.6,13.6
SY027090,BUS_A,Business,4,Wednesday,9,20.7,87.4,2,22.0,24.5
SY081652,LIB_A,Library,18,Friday,11,17.0,73.2,111,36.1,44.4
SY063060,ENG_A,Engineering,5,Saturday,5,21.6,77.4,10,41.8,43.5
SY055171,LEC_A,LectureHall,0,Thursday,2,12.4,66.5,0,15.3,17.1
SY002243,SCI_A,Science,1,Sunday,1,8.9,72.9,7,85.6,82.4
SY021083,BUS_A,Business,5,Saturday,5,16.0,77.6,3,21.0,22.0
SY052641,RES_A,Residential,14,Thursday,2,20.3,51.0,105,32.3,30.5
SY034606,LEC_A,LectureHall,22,Saturday,5,27.6,73.5,7,28.5,27.1
SY042034,BUS_B,Business,22,Sunday,6,26.9,83.5,2,35.4,37.8
SY085319,LIB_A,Library,5,Tuesday,1,10.9,75.0,1,29.1,28.2
SY073146,ADM_A,Administration,8,Friday,5,23.6,69.7,92,23.5,34.5
SY065717,ENG_A,Engineering,0,Friday,2,14.3,73.2,12,61.1,48.1
SY051151,SCI_B,Science,5,Monday,5,24.1,76.6,3,72.0,69.5
SY025932,SCI_B,Science,1,Thursday,10,21.5,77.0,4,75.9,71.1
SY093721,SPT_A,Sports,9,Wednesday,5,,74.0,13,32.9,28.4
SY055987,BUS_A,Business,2,Monday,4,17.4,71.9,5,23.8,24.5
SY072544,SCI_A,Science,5,Wednesday,4,18.5,77.0,12,,75.4
SY030557,ENG_A,Engineering,20,Thursday,4,19.6,58.5,47,68.1,62.7
SY081981,ENG_A,Engineering,12,Wednesday,7,28.1,79.5,47,73.1,70.6
SY043174,SCI_B,Science,20,Sunday,9,27.3,84.1,0,80.7,77.1
SY001616,BUS_A,Business,16,Friday,9,32.8,55.1,143,90.5,75.4
SY016013,BUS_A,Business,14,Wednesday,4,23.2,53.5,195,37.5,40.5
SY087958,LIB_A,Library,13,Thursday,10,29.0,52.5,165,54.3,62.9
SY084992,RES_A,Residential,13,Friday,2,,73.5,74,37.5,31.8
SY007837,ADM_A,Administration,2,Tuesday,6,23.9,78.9,1,23.2,18.7
SY012039,RES_A,Residential,0,Monday,2,14.0,70.3,285,64.1,64.0
SY015327,BUS_B,Business,2,Sunday,5,18.2,77.1,2,28.1,25.3
SY015823,BUS_A,Business,5,Tuesday,7,25.3,83.0,0,25.6,25.4
SY038127,ADM_A,Administration,18,Saturday,5,31.2,62.3,0,24.3,24.4
SY047906,ENG_B,Engineering,23,Thursday,10,23.5,75.8,12,67.8,60.7
SY018474,SCI_A,Science,17,Monday,6,34.9,60.5,50,150.1,141.8
SY006634,BUS_A,Business,6,Wednesday,8,31.9,85.3,7,34.0,32.3
SY014206,RES_A,Residential,18,Monday,3,16.5,80.9,261,44.8,77.0
SY044900,BUS_B,Business,22,Monday,5,27.1,63.5,13,93.7,38.3
SY076480,BUS_B,Business,2,Monday,6,24.9,81.9,3,36.6,34.6
SY063690,BUS_A,Business,14,Tuesday,9,25.7,83.8,155,43.3,52.2
SY037879,ADM_A,Administration,10,Monday,9,25.6,60.5,118,39.4,42.3
SY082846,RES_A,Residential,2,Thursday,4,13.5,74.7,284,52.4,59.5
SY050440,SCI_A,Science,4,Tuesday,10,20.8,79.5,7,73.6,71.8
SY059506,SCI_B,Science,9,Saturday,4,21.3,67.6,8,64.4,93.8
SY090248,RES_A,Residential,8,Tuesday,5,21.6,82.8,,68.2,58.9
SY054898,ENG_A,Engineering,18,Monday,7,30.6,84.0,46,95.2,95.4
SY061617,RES_A,Residential,21,Thursday,10,23.4,60.9,242,70.6,82.4
SY023884,BUS_A,Business,22,Wednesday,6,27.8,74.0,5,60.0,27.5
SY081197,ENG_B,Engineering,14,Friday,11,17.4,76.8,111,50.7,54.7
SY081122,ENG_A,Engineering,4,Tuesday,1,9.5,77.9,6,54.4,57.9
SY015438,BUS_A,Business,15,Thursday,5,25.1,87.4,59,39.7,38.8
SY068569,SPT_A,Sports,17,Wednesday,3,21.4,54.9,152,47.9,50.2
SY024321,BUS_A,Business,3,Saturday,1,10.1,73.4,2,23.6,22.7
SY074991,LIB_A,Library,22,Tuesday,1,11.9,62.7,6,27.8,26.8
SY074061,SPT_A,Sports,16,Wednesday,12,21.2,51.0,36,36.0,36.8
SY046539,SCI_B,Science,11,Friday,2,21.0,57.9,96,73.3,77.3
SY052419,SCI_A,Science,14,Thursday,4,25.3,56.9,121,95.6,108.3
SY072415,SPT_A,Sports,5,Monday,3,14.4,76.1,0,44.6,42.6
SY066192,ENG_A,Engineering,6,Thursday,9,22.3,77.2,8,45.4,43.0
SY078798,SCI_B,Science,8,Friday,5,20.1,73.4,64,57.7,72.8
SY087307,SPT_A,Sports,22,Sunday,3,16.6,78.9,0,52.8,36.6
SY050184,LEC_A,LectureHall,11,Wednesday,4,23.9,55.5,314,26.5,32.7
SY091124,BUS_A,Business,10,Sunday,10,20.9,77.5,84,34.1,30.4
SY077093,LEC_A,LectureHall,10,Saturday,4,23.0,54.9,1,,12.2
SY008732,BUS_B,Business,17,Monday,2,18.2,74.9,149,42.1,43.4
SY013417,LIB_A,Library,11,Sunday,2,,53.2,87,32.5,38.7
SY097610,SCI_B,Science,19,Friday,5,28.2,63.9,31,103.4,106.4
SY003937,BUS_A,Business,19,Thursday,6,27.0,87.5,33,43.3,52.7
SY061156,SPT_A,Sports,8,Saturday,4,22.8,70.5,57,23.2,30.1
SY018868,BUS_A,Business,19,Saturday,4,22.2,60.4,8,23.1,22.8
SY065882,RES_B,Residential,17,Saturday,3,17.2,52.1,212,34.5,37.4
SY067952,ENG_B,Engineering,9,Friday,11,21.0,78.4,78,46.3,51.6
SY012724,ENG_A,Engineering,12,Saturday,1,18.0,55.7,9,43.9,43.3
SY025409,SPT_A,Sports,15,Thursday,6,34.4,51.1,32,38.0,65.7
SY073823,RES_B,Residential,12,Wednesday,11,17.3,73.6,116,26.6,30.8
SY079732,SCI_B,Science,22,Monday,2,18.5,64.0,15,59.6,59.9
SY016026,LIB_A,Library,1,Thursday,5,24.5,77.6,69,67.8,69.7
SY016135,RES_A,Residential,0,Thursday,10,19.7,69.5,248,58.4,58.2
SY093512,ENG_B,Engineering,5,Monday,3,15.7,82.1,10,38.0,38.3
SY027653,BUS_B,Business,7,Wednesday,3,15.2,69.9,3,27.6,24.7
SY089968,BUS_A,Business,14,Sunday,12,18.5,70.7,2,20.6,19.7
SY058285,SCI_B,Science,17,Sunday,9,30.0,56.3,8,76.5,83.0
SY054566,RES_A,Residential,8,Friday,1,14.3,60.3,23,33.5,33.4
SY024473,BUS_A,Business,8,Thursday,3,20.3,67.7,79,21.4,29.6
SY047169,RES_A,Residential,22,Sunday,7,26.5,81.7,60,64.6,58.3
SY092675,SCI_A,Science,0,Monday,2,14.1,75.8,7,71.5,71.6
SY006890,SPT_A,Sports,9,Tuesday,8,28.6,80.7,12,58.0,35.0
SY042094,ADM_A,Administration,0,Tuesday,3,14.0,75.3,1,18.4,18.4
SY044927,RES_B,Residential,21,Thursday,4,19.2,63.9,176,62.7,55.1
SY097235,RES_A,Residential,23,Sunday,10,21.3,85.8,,74.9,63.5
SY061023,ENG_A,Engineering,22,Wednesday,6,23.7,71.7,11,68.1,62.3
SY031619,LIB_A,Library,0,Saturday,1,9.9,70.6,1,27.7,28.9
SY068523,SCI_B,Science,7,Monday,2,13.8,71.6,4,69.3,66.6
SY015564,BUS_B,Business,11,Friday,9,31.5,63.7,197,69.5,78.9
SY074934,LEC_A,LectureHall,8,Monday,10,18.5,77.6,206,12.7,28.2
SY009173,RES_B,Residential,7,Sunday,6,24.7,81.2,,34.8,38.8
SY082972,SPT_A,Sports,15,Thursday,5,28.8,53.8,32,31.4,46.6
SY064567,BUS_B,Business,10,Friday,4,18.6,76.1,145,40.2,42.9
SY046394,ADM_A,Administration,1,Monday,12,11.7,75.5,4,16.5,16.9
SY023780,ENG_B,Engineering,13,Saturday,4,24.5,49.0,23,40.5,39.0
SY018732,RES_A,Residential,11,Saturday,3,22.3,58.2,297,56.6,54.8
SY094371,SPT_A,Sports,11,Wednesday,4,20.1,62.8,54,36.5,40.9
SY066347,ADM_A,Administration,3,Friday,4,19.4,83.5,2,16.9,16.5
SY029201,SPT_A,Sports,15,Wednesday,9,29.4,56.1,73,51.5,55.2
SY072228,BUS_B,Business,4,Tuesday,5,20.5,82.2,5,26.5,29.0
SY067559,LIB_A,Library,14,Saturday,3,19.6,44.2,106,37.7,34.1
SY010567,RES_B,Residential,19,Wednesday,7,30.2,84.9,73,67.9,72.5
SY046755,ENG_A,Engineering,21,Friday,11,20.5,75.6,36,,68.7
SY052238,BUS_A,Business,23,Friday,12,16.7,69.0,0,23.1,21.7
SY011708,ENG_B,Engineering,0,Sunday,6,24.3,82.0,4,58.1,55.6
SY059914,ENG_B,Engineering,14,Monday,7,,81.4,45,68.1,63.9
SY023160,ENG_B,Engineering,22,Wednesday,4,17.5,63.8,24,47.1,47.3
SY031183,RES_B,Residential,17,Monday,10,25.7,53.5,147,39.1,42.5
SY078329,ENG_A,Engineering,4,Saturday,3,13.2,76.0,10,44.7,47.3
SY016514,RES_B,Residential,17,Friday,2,21.4,50.5,175,33.5,35.7
SY040170,BUS_A,Business,8,Monday,4,15.6,78.3,111,20.6,32.1
SY086685,BUS_B,Business,16,Saturday,2,19.7,50.0,8,,28.1
SY066454,SPT_A,Sports,6,Tuesday,6,23.6,81.9,43,27.4,30.4
SY060768,RES_A,Residential,23,Wednesday,6,20.8,72.2,63,50.0,36.1
SY030094,ADM_A,Administration,4,Friday,2,14.0,71.7,0,17.4,18.6
SY011990,RES_A,Residential,16,Thursday,5,26.3,51.2,88,47.3,46.0
SY002037,SPT_A,Sports,4,Wednesday,9,15.8,77.0,0,33.6,33.8
SY030460,LIB_A,Library,11,Sunday,10,20.3,74.4,84,31.9,32.7
SY091763,ENG_B,Engineering,15,Friday,12,19.0,50.3,80,50.9,53.0
SY002337,LIB_A,Library,19,Saturday,3,21.3,54.8,53,43.6,42.9
SY074449,RES_B,Residential,5,Saturday,4,17.0,79.8,,44.6,49.5
SY005876,SCI_B,Science,8,Saturday,11,18.9,67.7,7,62.6,62.2
SY095400,BUS_A,Business,18,Sunday,10,21.1,72.5,5,21.8,22.7
SY085908,SCI_B,Science,0,Sunday,11,17.9,83.7,4,63.4,61.2
SY011763,ENG_A,Engineering,20,Monday,12,16.2,57.1,4,49.0,47.4
SY033827,SCI_A,Science,3,Tuesday,4,13.5,71.3,3,72.1,74.2
SY092057,RES_B,Residential,12,Wednesday,3,17.2,55.2,113,27.7,28.7
SY043725,BUS_A,Business,5,Sunday,3,16.5,86.7,1,22.1,22.7
SY089163,RES_A,Residential,3,Wednesday,12,13.9,69.9,,66.2,57.9
SY044763,LIB_A,Library,6,Thursday,5,21.1,82.6,5,26.0,21.8
SY081325,BUS_A,Business,7,Sunday,5,24.8,73.6,1,21.8,21.6
SY012159,RES_B,Residential,9,Tuesday,4,20.2,71.8,175,47.9,33.8
SY066301,BUS_B,Business,12,Wednesday,1,19.9,51.8,12,24.9,24.9
SY040668,BUS_B,Business,5,Thursday,10,20.8,73.1,5,29.0,25.0
SY023597,BUS_A,Business,9,Monday,5,22.2,66.5,116,25.1,31.8
SY020195,RES_B,Residential,12,Monday,1,18.0,50.0,98,28.1,28.9
SY069253,ADM_A,Administration,8,Tuesday,10,20.7,68.9,86,23.3,32.7
SY070679,LIB_A,Library,16,Friday,4,22.4,54.2,133,35.4,38.2
SY094011,LEC_A,LectureHall,10,Sunday,12,15.2,56.7,1,14.2,16.5
SY064349,LEC_A,LectureHall,8,Friday,2,16.6,59.4,263,15.7,31.3
SY095885,LEC_A,LectureHall,13,Saturday,3,22.4,52.1,0,12.7,13.4
SY090190,SCI_B,Science,0,Monday,2,15.1,69.4,3,59.4,57.7
SY009977,SCI_A,Science,9,Sunday,10,25.7,69.1,11,74.8,74.0
SY012743,SPT_A,Sports,18,Monday,8,28.0,58.1,84,56.7,60.0
SY040476,SCI_B,Science,5,Friday,5,22.1,,3,63.0,64.5
SY074346,RES_B,Residential,18,Tuesday,7,31.8,67.4,49,51.9,58.6
SY094430,BUS_A,Business,11,Monday,2,20.0,53.9,153,42.3,41.2
SY046683,BUS_A,Business,14,Monday,1,19.4,50.6,6,22.6,21.4
SY007860,SCI_A,Science,0,Saturday,2,12.9,70.7,5,79.5,76.8
SY043597,RES_B,Residential,14,Wednesday,2,16.8,54.3,94,28.1,28.9
SY034858,RES_A,Residential,12,Wednesday,5,28.2,57.6,135,48.8,52.7
SY052833,ADM_A,Administration,8,Thursday,3,18.0,62.0,83,22.6,30.0
SY026220,RES_A,Residential,4,Wednesday,11,13.4,72.0,253,68.8,62.6
SY099259,RES_A,Residential,12,Sunday,6,33.9,60.4,73,57.6,59.5
SY050734,BUS_A,Business,7,Thursday,9,23.8,76.4,6,19.8,21.9
SY079940,ADM_A,Administration,9,Monday,5,28.6,65.2,102,,47.6
SY007247,SPT_A,Sports,12,Monday,6,31.8,59.0,18,47.9,55.8
SY009393,BUS_B,Business,12,Thursday,5,32.1,61.6,108,56.8,69.4
SY026674,ENG_B,Engineering,11,Sunday,6,29.7,65.8,10,43.3,46.9
SY011622,RES_B,Residential,8,Wednesday,2,14.0,66.0,160,46.1,44.5
SY063848,RES_A,Residential,6,Thursday,3,14.6,73.9,300,75.9,93.6
SY043658,LEC_A,LectureHall,0,Friday,1,9.7,77.5,0,17.1,19.0
SY005371,SCI_A,Science,3,Friday,12,16.6,72.7,1,74.2,79.7
SY055829,SCI_B,Science,7,Wednesday,1,14.0,65.9,2,63.6,59.8
SY052952,SCI_B,Science,9,Saturday,11,20.3,62.9,8,62.2,64.6
SY031148,LIB_A,Library,5,Tuesday,3,16.3,76.7,16,25.6,26.2
SY037221,SPT_A,Sports,18,Thursday,6,32.9,57.8,59,75.4,79.4
SY091629,SCI_B,Science,18,Wednesday,4,20.9,56.1,56,75.4,82.4
SY074793,SPT_A,Sports,10,Saturday,8,28.1,83.5,32,54.2,55.7
SY041115,ENG_B,Engineering,12,Wednesday,8,22.7,76.8,48,51.3,48.6
SY006344,SPT_A,Sports,15,Friday,1,14.6,76.3,80,45.8,51.8
SY039897,LIB_A,Library,3,Saturday,4,16.3,78.3,8,25.1,27.5
SY058393,SPT_A,Sports,13,Tuesday,4,21.8,,52,41.2,39.4
SY089242,RES_B,Residential,6,Tuesday,12,10.9,74.4,228,62.8,74.7
SY029244,ENG_B,Engineering,21,Monday,8,29.8,67.5,13,73.3,65.1
SY025287,LIB_A,Library,9,Monday,1,,53.5,8,25.3,27.1
SY018156,SCI_A,Science,15,Friday,1,15.1,77.3,128,97.7,100.6
SY059380,LEC_A,LectureHall,0,Friday,3,13.3,77.8,0,15.3,18.9
SY029148,BUS_B,Business,23,Tuesday,9,19.9,79.5,4,30.1,28.9
SY093013,LIB_A,Library,19,Saturday,7,25.3,85.1,15,31.9,32.5
SY017321,LEC_A,LectureHall,19,Sunday,5,23.2,59.7,5,16.6,16.8
SY000215,ADM_A,Administration,9,Tuesday,6,28.1,77.8,61,47.3,41.0
SY001386,ENG_B,Engineering,12,Monday,10,20.4,78.2,95,51.6,53.7
SY036761,LIB_A,Library,13,Wednesday,2,18.4,70.0,213,37.1,45.6
SY049421,SCI_B,Science,13,Sunday,5,26.0,58.2,7,63.0,71.8
SY031516,ENG_B,Engineering,10,Tuesday,3,17.9,72.6,95,60.2,54.6
SY010661,BUS_A,Business,12,Monday,6,31.5,64.5,,,44.8
SY085799,ADM_A,Administration,14,Monday,4,24.5,55.3,140,40.7,44.5
SY064435,LEC_A,LectureHall,2,Monday,11,13.5,74.6,0,13.9,15.8
SY071597,RES_A,Residential,18,Wednesday,6,31.5,,60,53.6,60.1
SY018018,SCI_B,Science,17,Tuesday,5,25.9,84.6,39,79.6,79.1
SY094233,ENG_B,Engineering,22,Saturday,3,17.5,67.0,7,34.3,36.8
SY065843,SCI_B,Science,5,Thursday,7,26.0,78.0,1,82.1,78.7
SY032510,ENG_B,Engineering,15,Sunday,6,35.3,61.1,12,62.8,70.5
SY098878,BUS_B,Business,17,Monday,9,27.1,84.9,185,64.8,66.7
SY033423,SPT_A,Sports,14,Tuesday,4,20.9,56.2,36,39.4,36.8
SY064319,ADM_A,Administration,22,Tuesday,7,28.3,66.9,,23.4,22.6
SY037963,RES_A,Residential,9,Friday,5,26.5,64.2,192,72.4,57.6
SY096345,SPT_A,Sports,1,Monday,12,12.5,65.8,0,37.5,35.3
SY000828,RES_A,Residential,5,Tuesday,5,21.2,79.6,,76.3,72.9
SY016779,LEC_A,LectureHall,3,Saturday,4,16.8,78.1,0,14.3,13.5
SY029600,BUS_A,Business,1,Sunday,8,25.5,85.4,0,29.6,24.8
SY003471,LEC_A,LectureHall,2,Monday,8,27.6,74.2,2,29.2,27.8
SY035238,ENG_B,Engineering,20,Sunday,3,18.6,58.5,7,38.7,39.7
SY091882,ADM_A,Administration,20,Wednesday,5,24.8,55.9,1,21.0,18.5
SY011683,ADM_A,Administration,11,Saturday,6,28.5,80.6,7,22.1,22.4
SY018362,SPT_A,Sports,0,Monday,3,16.0,79.1,0,37.6,37.2
SY061315,RES_B,Residential,20,Monday,6,30.2,63.5,67,66.9,70.4
SY082813,ADM_A,Administration,10,Saturday,4,26.3,61.6,8,16.7,18.1
SY041718,LIB_A,Library,16,Thursday,11,20.4,47.4,131,41.6,40.4
SY014432,RES_B,Residential,1,Sunday,7,27.1,87.1,68,58.3,56.7
SY040410,LEC_A,LectureHall,12,Sunday,11,18.2,77.5,2,13.6,12.9
SY021413,ENG_B,Engineering,17,Sunday,4,18.7,82.4,28,39.2,39.7
SY074424,ENG_A,Engineering,12,Monday,9,19.1,72.5,104,,67.5
SY004900,RES_B,Residential,15,Sunday,7,28.2,82.8,47,47.2,48.8
SY096584,RES_B,Residential,22,Thursday,2,12.1,66.0,259,62.1,69.8
SY054383,ENG_A,Engineering,0,Saturday,2,12.6,69.7,7,60.2,46.2
SY081239,LEC_A,LectureHall,11,Thursday,4,22.7,59.0,345,28.2,31.0
SY042281,ENG_A,Engineering,7,Monday,3,16.2,74.7,10,45.3,45.3
SY025095,LIB_A,Library,6,Saturday,1,9.7,68.0,1,27.6,32.4
SY032335,BUS_A,Business,7,Tuesday,8,32.2,75.1,8,30.7,30.9
SY058117,BUS_A,Business,13,Tuesday,10,26.7,53.2,178,49.7,49.3
SY066148,ENG_A,Engineering,4,Wednesday,4,18.1,77.8,14,67.1,67.9
SY058715,RES_A,Residential,15,Sunday,4,18.9,78.6,207,47.2,49.7
SY048959,SCI_A,Science,17,Wednesday,5,24.0,84.5,55,90.7,96.1
SY066265,BUS_B,Business,0,Wednesday,9,19.1,81.1,1,27.5,29.8
SY060436,SCI_B,Science,4,Saturday,8,19.7,84.5,6,57.9,57.8
SY013826,ENG_A,Engineering,17,Thursday,12,15.5,51.7,117,77.6,82.5
SY028765,ENG_B,Engineering,4,Tuesday,8,29.9,78.3,14,64.2,64.7
SY016707,ENG_B,Engineering,2,Friday,12,15.8,71.3,5,37.9,37.2
SY003238,LEC_A,LectureHall,4,Friday,11,13.3,79.1,6,17.8,18.7
SY013677,SCI_A,Science,10,Saturday,11,17.7,66.3,17,76.2,78.2
SY024428,LEC_A,LectureHall,12,Thursday,12,22.4,51.6,90,21.8,19.4
SY063483,ENG_A,Engineering,1,Saturday,6,23.8,81.7,1,63.0,60.3
SY067794,ADM_A,Administration,9,Sunday,4,21.2,56.7,1,16.7,14.7
SY033752,RES_B,Residential,16,Tuesday,4,20.0,83.2,55,30.1,27.1
SY050259,BUS_A,Business,12,Saturday,4,,56.4,78,29.5,30.4
SY083649,ADM_A,Administration,20,Tuesday,11,18.6,57.6,2,21.7,18.2
SY018648,LEC_A,LectureHall,0,Friday,11,,,0,17.6,16.0
SY086833,BUS_A,Business,1,Thursday,11,14.2,78.3,2,19.7,22.5
SY038452,SCI_A,Science,4,Saturday,2,10.2,81.0,1,88.1,82.1
SY027011,RES_A,Residential,3,Saturday,6,27.2,86.8,85,64.6,65.6
SY017551,BUS_A,Business,18,Saturday,4,17.2,81.5,13,21.2,21.3
SY062888,ENG_A,Engineering,2,Wednesday,2,12.3,70.9,12,47.6,51.4
SY089259,ENG_B,Engineering,15,Tuesday,4,20.8,54.8,94,58.9,52.7
SY031293,LIB_A,Library,14,Monday,3,18.1,75.7,165,37.9,36.1
SY077442,ENG_B,Engineering,3,Wednesday,5,22.6,81.1,5,64.2,41.8
SY036080,ENG_B,Engineering,3,Sunday,4,18.8,80.9,6,39.2,38.0
SY036674,BUS_B,Business,14,Monday,9,26.2,77.5,149,51.3,56.2
SY011631,ENG_B,Engineering,6,Tuesday,9,23.2,78.4,11,39.9,36.0
SY003589,SCI_A,Science,13,Tuesday,8,38.2,60.5,93,184.2,169.4
SY069461,BUS_B,Business,20,Sunday,4,26.2,58.5,3,38.3,35.0
SY032187,ENG_B,Engineering,19,Wednesday,4,20.2,60.3,54,58.4,50.4
SY030613,ADM_A,Administration,2,Monday,2,13.5,75.1,0,17.7,17.3
SY062374,SCI_A,Science,4,Sunday,2,18.3,75.6,15,79.1,87.6
SY092916,ADM_A,Administration,1,Friday,11,13.1,74.3,0,19.3,19.9
SY049316,ENG_A,Engineering,6,Monday,5,18.0,71.0,17,50.0,48.0
SY001068,SCI_B,Science,6,Monday,2,14.3,69.8,1,61.3,60.1
SY070365,SCI_B,Science,20,Saturday,3,19.6,56.4,2,62.8,59.1
SY077822,ENG_B,Engineering,13,Friday,9,27.8,56.4,83,61.4,61.8
SY067656,BUS_B,Business,7,Friday,12,13.6,66.3,0,29.1,27.1
SY035769,ENG_A,Engineering,4,Thursday,2,15.9,71.7,11,47.7,48.3
SY074653,LIB_A,Library,5,Wednesday,8,28.8,83.3,5,,34.8
SY072462,LEC_A,LectureHall,18,Thursday,9,29.8,59.1,89,85.9,63.3
SY068218,SCI_B,Science,21,Saturday,11,15.7,80.2,3,57.7,58.4
SY060743,BUS_A,Business,16,Saturday,8,31.1,77.8,2,29.9,31.8
SY078246,RES_B,Residential,10,Monday,12,17.0,58.6,14,27.0,24.4
SY048588,RES_B,Residential,14,Sunday,3,20.6,55.3,155,33.8,35.7
SY006108,LIB_A,Library,18,Monday,6,34.0,61.7,48,84.5,81.6
SY025697,ENG_A,Engineering,2,Tuesday,3,13.5,71.5,6,43.0,47.6
SY057300,BUS_A,Business,18,Sunday,2,20.7,56.4,8,22.6,24.9
SY025273,ADM_A,Administration,11,Thursday,2,18.8,51.9,94,33.3,37.7
SY046906,ENG_B,Engineering,0,Thursday,6,26.8,79.2,3,60.2,60.2
SY036043,SCI_A,Science,12,Friday,11,17.8,80.2,120,106.6,98.6
SY017622,ADM_A,Administration,19,Saturday,3,21.6,53.9,2,17.8,21.6
SY062867,SPT_A,Sports,21,Monday,3,17.1,78.0,84,65.3,57.5
SY065651,BUS_B,Business,16,Thursday,9,28.8,54.4,200,76.8,72.1
SY029538,BUS_A,Business,21,Sunday,2,15.5,65.5,3,21.9,20.8
SY046255,ADM_A,Administration,23,Wednesday,4,20.6,70.2,1,20.0,14.8
SY006712,BUS_A,Business,8,Saturday,8,26.9,71.9,2,24.8,24.5
SY047770,LEC_A,LectureHall,23,Saturday,12,14.1,65.8,0,15.9,15.2
SY076218,LIB_A,Library,9,Saturday,12,16.0,59.2,2,21.6,21.6
SY089370,ENG_B,Engineering,12,Friday,7,35.7,64.2,53,71.7,79.2
SY093945,SPT_A,Sports,6,Friday,12,11.5,65.7,13,41.9,42.2
SY000788,SCI_A,Science,18,Wednesday,10,26.0,57.6,50,111.1,113.9
SY038350,LEC_A,LectureHall,2,Saturday,6,25.5,82.8,0,24.5,21.3
SY069601,RES_B,Residential,4,Wednesday,12,7.2,76.7,287,62.1,67.0
SY093442,RES_B,Residential,13,Wednesday,7,27.5,88.4,17,37.5,37.3
SY039236,SCI_A,Science,8,Tuesday,9,20.8,90.2,43,62.1,72.9
SY069646,LEC_A,LectureHall,17,Sunday,11,22.4,46.0,2,12.4,12.3
SY018209,LEC_A,LectureHall,1,Saturday,6,26.0,81.2,0,27.8,25.2
SY088046,ADM_A,Administration,22,Saturday,12,12.8,65.2,2,19.1,21.4
SY061926,SPT_A,Sports,11,Monday,5,26.7,61.3,33,27.5,32.9
SY082136,BUS_A,Business,19,Friday,11,,57.0,112,38.9,43.5
SY027462,ENG_B,Engineering,1,Tuesday,3,,78.0,7,37.1,39.2
SY082876,RES_A,Residential,3,Monday,2,20.2,72.3,324,,65.1
SY068900,ENG_B,Engineering,21,Friday,5,22.6,65.0,29,,49.9
SY058745,SCI_B,Science,12,Saturday,1,17.7,56.2,1,64.2,61.4
SY085596,SCI_A,Science,12,Friday,12,18.7,52.2,31,89.9,83.8
SY049892,LEC_A,LectureHall,9,Thursday,2,14.3,74.5,199,23.6,26.3
SY059109,BUS_A,Business,19,Sunday,4,20.3,57.1,11,23.4,25.2
SY018745,ADM_A,Administration,17,Sunday,3,19.4,48.4,5,20.6,17.3
SY035503,ENG_A,Engineering,23,Wednesday,1,,68.0,3,46.3,47.8
SY080861,BUS_B,Business,23,Thursday,10,22.0,70.4,3,31.4,26.5
SY048563,RES_B,Residential,0,Friday,5,20.4,78.6,276,65.6,61.0
SY090804,RES_A,Residential,22,Saturday,6,24.2,71.9,67,59.8,58.1
SY047270,BUS_A,Business,11,Saturday,3,19.7,54.8,40,28.2,25.7
SY042357,BUS_A,Business,21,Monday,7,28.6,89.4,25,67.8,64.6
SY023589,RES_A,Residential,5,Saturday,1,11.7,67.2,281,66.2,60.9
SY018905,SPT_A,Sports,22,Saturday,4,17.4,81.2,0,52.6,38.0
SY099117,SCI_A,Science,13,Saturday,2,22.5,52.5,13,78.9,76.9
SY016733,ENG_B,Engineering,19,Tuesday,1,16.6,56.6,54,67.8,56.3
SY017310,ADM_A,Administration,3,Friday,6,25.0,84.1,2,21.6,20.7
SY038516,SPT_A,Sports,19,Thursday,6,31.9,63.3,73,79.4,95.2
SY002326,SPT_A,Sports,2,Wednesday,3,13.0,74.4,0,38.2,37.7
SY044954,BUS_A,Business,6,Thursday,4,19.1,82.1,2,22.0,20.2
SY026171,SPT_A,Sports,9,Friday,6,26.0,73.7,7,23.7,24.2
SY033368,SPT_A,Sports,21,Monday,11,17.3,65.1,122,66.0,60.6
SY009469,ENG_A,Engineering,3,Friday,6,20.3,79.7,3,46.5,48.0
SY016749,RES_B,Residential,10,Wednesday,8,30.9,82.9,21,43.6,47.2
SY032845,SCI_B,Science,19,Monday,3,14.5,83.2,48,82.3,80.7
SY093791,ADM_A,Administration,22,Wednesday,2,15.0,64.0,3,17.3,18.6
SY064053,SCI_B,Science,7,Thursday,7,27.6,78.6,4,73.9,80.3
SY088122,SPT_A,Sports,19,Saturday,4,20.4,85.1,82,57.1,53.0
SY090626,RES_A,Residential,16,Tuesday,1,18.4,50.9,129,31.9,34.9
SY038644,BUS_A,Business,7,Saturday,9,21.3,69.7,1,17.9,22.8
SY028394,ENG_A,Engineering,1,Wednesday,9,20.7,83.0,8,50.7,48.7
SY020743,ADM_A,Administration,20,Tuesday,8,29.8,78.9,2,28.0,29.2
SY079079,BUS_B,Business,23,Sunday,4,16.2,81.8,0,28.6,28.6
SY077873,LIB_A,Library,23,Saturday,1,13.1,65.7,2,26.6,24.9
SY035165,RES_A,Residential,4,Friday,5,16.5,76.5,239,54.0,58.3
SY016099,SCI_B,Science,15,Tuesday,1,20.5,52.9,26,58.3,59.5
SY016259,SPT_A,Sports,15,Tuesday,9,20.0,84.1,78,38.8,41.5
SY045483,RES_A,Residential,2,Wednesday,4,13.4,82.5,331,71.0,73.3
SY055194,RES_A,Residential,19,Thursday,11,16.3,75.1,287,67.3,77.7
SY028178,LIB_A,Library,23,Saturday,1,9.9,75.5,4,27.5,26.7
SY057900,ENG_B,Engineering,19,Sunday,10,28.8,58.8,8,67.7,55.4
SY015487,SCI_B,Science,13,Sunday,6,29.2,86.6,5,80.9,89.7
SY012806,LIB_A,Library,10,Tuesday,2,18.4,57.6,101,27.2,32.8
SY017594,SCI_B,Science,0,Wednesday,6,20.8,78.4,3,,64.3
SY013751,BUS_B,Business,0,Saturday,6,27.3,81.7,0,36.9,34.2
SY096846,ENG_B,Engineering,15,Tuesday,2,19.9,53.7,100,59.5,53.0
SY019488,ENG_B,Engineering,3,Saturday,7,,83.8,3,46.9,45.8
SY091544,BUS_B,Business,5,Wednesday,6,24.9,80.6,2,30.5,28.5
SY097113,RES_A,Residential,4,Wednesday,10,19.4,79.7,286,62.6,59.4
SY002151,LIB_A,Library,9,Wednesday,7,29.1,,22,33.6,55.9
SY046695,ENG_A,Engineering,23,Tuesday,3,15.4,69.5,23,57.0,55.2
SY069648,LIB_A,Library,20,Tuesday,3,18.7,58.4,116,55.2,51.5
SY047968,SCI_B,Science,1,Monday,1,13.3,72.2,0,62.7,58.6
SY001902,SCI_B,Science,12,Monday,6,29.2,56.2,53,84.3,83.9
SY011600,LIB_A,Library,6,Friday,3,,70.1,13,25.1,26.3
SY046393,BUS_B,Business,19,Thursday,6,30.6,67.6,36,62.2,75.7
SY013450,LIB_A,Library,10,Monday,6,26.3,65.0,31,28.1,37.8
SY049126,LEC_A,LectureHall,10,Tuesday,6,29.6,78.1,22,23.9,22.9
SY016951,BUS_A,Business,6,Wednesday,6,22.4,79.2,0,18.4,17.9
SY038013,RES_B,Residential,15,Thursday,11,16.8,78.9,90,25.2,31.1
SY083862,ENG_B,Engineering,16,Friday,1,18.1,46.6,73,53.4,48.5
SY034361,RES_A,Residential,6,Tuesday,1,10.3,67.0,,67.1,81.4
SY021417,BUS_A,Business,9,Saturday,6,28.5,80.9,14,25.5,28.6
SY037227,RES_A,Residential,5,Tuesday,4,17.5,75.1,213,50.9,51.9
SY038434,BUS_A,Business,14,Sunday,2,22.9,50.4,17,28.0,25.5
SY073463,SCI_B,Science,11,Friday,11,18.1,58.6,89,74.7,73.6
SY071512,RES_B,Residential,8,Saturday,7,27.4,85.2,52,47.2,46.2
SY077296,LIB_A,Library,7,Friday,10,22.6,70.5,11,29.2,23.6
SY074562,SCI_A,Science,18,Saturday,1,20.3,52.0,5,72.7,80.7
SY030048,BUS_A,Business,1,Wednesday,3,11.9,72.3,5,24.5,23.1
SY062942,LEC_A,LectureHall,16,Saturday,5,32.4,59.2,5,24.2,29.3
SY065293,SPT_A,Sports,16,Sunday,1,12.4,76.7,,65.5,62.6
SY053716,ENG_B,Engineering,16,Thursday,2,22.0,50.2,62,55.0,48.4
SY086816,RES_B,Residential,8,Friday,4,16.8,68.6,126,53.0,40.6
SY075914,SPT_A,Sports,14,Sunday,5,23.4,79.3,145,37.7,41.1
SY046263,BUS_A,Business,14,Friday,11,17.2,77.7,107,29.8,32.3
SY026720,ENG_A,Engineering,9,Tuesday,6,28.1,72.3,53,70.4,82.2
SY098156,LEC_A,LectureHall,20,Saturday,3,22.3,56.7,,13.5,15.4
SY087667,BUS_A,Business,17,Friday,8,25.2,83.6,36,31.0,28.7
SY031206,SCI_A,Science,2,Tuesday,1,12.6,75.1,8,74.4,78.4
SY022827,SPT_A,Sports,13,Thursday,7,34.6,57.2,30,60.3,64.3
SY039829,LEC_A,LectureHall,23,Saturday,5,22.0,76.1,3,20.4,17.6
SY062264,ADM_A,Administration,20,Saturday,9,28.1,61.7,0,23.6,23.3
SY046405,LEC_A,LectureHall,21,Monday,6,27.1,70.6,0,30.1,25.9
SY035563,LIB_A,Library,7,Monday,12,14.1,66.5,2,26.7,25.2
SY067246,BUS_A,Business,16,Saturday,1,21.4,52.2,10,21.9,20.5
SY068594,BUS_A,Business,17,Monday,6,31.5,66.7,31,53.6,53.9
SY097940,RES_A,Residential,15,Thursday,5,28.2,55.5,127,49.7,55.1
SY080789,SPT_A,Sports,22,Monday,10,20.7,63.0,41,53.8,46.2
SY094609,LEC_A,LectureHall,8,Thursday,3,20.1,65.3,184,13.0,23.6
SY090516,BUS_A,Business,21,Wednesday,6,27.5,81.9,22,55.7,52.5
SY078174,ENG_A,Engineering,23,Friday,6,26.3,82.3,8,70.3,69.1
SY066159,RES_B,Residential,10,Sunday,1,15.0,60.7,185,46.3,39.0
SY027300,ENG_A,Engineering,12,Tuesday,9,24.1,78.9,,80.7,72.6
SY053676,LIB_A,Library,15,Wednesday,7,33.2,61.0,42,71.9,70.7
SY085069,LIB_A,Library,8,Sunday,7,23.5,87.5,1,26.3,30.5
SY088183,SCI_A,Science,5,Monday,1,13.0,73.0,1,75.8,81.5
SY054499,LIB_A,Library,19,Friday,4,26.0,56.4,162,64.9,77.3
SY013273,RES_B,Residential,8,Thursday,11,15.2,79.9,208,47.7,47.9
SY029313,SCI_A,Science,4,Friday,12,10.3,77.6,1,89.1,89.5
SY065525,SCI_A,Science,20,Wednesday,11,17.8,60.4,27,95.5,91.5
SY048701,LIB_A,Library,12,Friday,4,26.2,56.5,148,37.8,45.3
SY060463,BUS_B,Business,6,Monday,12,13.0,68.6,3,30.9,32.3
SY026103,SCI_A,Science,18,Thursday,3,19.0,55.7,86,87.0,96.4
SY099286,SCI_B,Science,20,Thursday,2,16.4,57.3,16,75.0,72.5
SY057170,SPT_A,Sports,0,Monday,4,19.8,69.9,0,31.0,28.4
SY094340,RES_A,Residential,2,Thursday,5,19.6,86.9,308,71.9,68.4
SY074166,RES_B,Residential,4,Wednesday,9,15.4,79.5,198,57.6,50.2
SY009244,RES_A,Residential,17,Wednesday,2,19.7,,186,37.1,55.0
SY029709,ENG_B,Engineering,9,Tuesday,3,17.0,63.2,90,46.2,52.9
SY016559,RES_A,Residential,7,Monday,12,14.6,62.2,28,37.9,29.0
SY040660,BUS_A,Business,12,Thursday,9,27.1,57.1,124,35.6,39.7
SY087028,LIB_A,Library,17,Saturday,3,23.7,51.0,111,32.3,34.9
SY073526,BUS_B,Business,5,Sunday,12,13.5,71.0,0,27.4,24.4
SY019564,ADM_A,Administration,4,Friday,7,26.2,79.7,1,17.7,19.5
SY017185,ENG_B,Engineering,12,Friday,5,29.5,59.7,78,70.6,70.7
SY096993,SCI_A,Science,5,Wednesday,4,19.6,77.6,16,75.2,74.2
SY008645,RES_B,Residential,18,Sunday,2,19.7,54.2,228,33.7,58.4
SY087707,RES_B,Residential,0,Wednesday,2,14.8,71.4,216,60.1,53.3
SY025300,SPT_A,Sports,20,Saturday,3,20.3,54.2,47,55.0,50.6
SY032307,ENG_A,Engineering,23,Thursday,6,22.1,70.1,5,65.5,55.8
SY018248,ENG_B,Engineering,7,Friday,2,15.7,66.2,12,38.7,39.2
SY039005,ENG_B,Engineering,9,Saturday,3,20.4,64.6,8,38.6,36.6
SY041212,RES_B,Residential,7,Saturday,2,14.0,60.6,201,63.1,53.6
SY059182,ENG_B,Engineering,10,Sunday,10,23.0,64.5,17,37.3,39.4
SY037069,LEC_A,LectureHall,22,Thursday,3,14.8,57.8,2,13.8,13.4
SY016319,SCI_A,Science,7,Thursday,7,29.1,84.2,5,100.2,100.3
SY089651,BUS_B,Business,7,Monday,5,26.1,74.4,3,25.6,24.0
SY081590,SCI_A,Science,0,Sunday,10,19.7,77.4,4,72.2,73.6
SY028511,LIB_A,Library,3,Wednesday,12,11.8,73.4,80,52.8,52.5
SY005277,ENG_B,Engineering,22,Monday,9,24.1,84.5,11,57.6,56.4
SY001370,SPT_A,Sports,23,Saturday,5,24.5,73.9,0,29.9,30.3
SY096619,LEC_A,LectureHall,11,Sunday,3,15.6,56.6,2,15.6,13.0
SY065916,SCI_A,Science,1,Wednesday,12,12.6,73.5,1,75.0,82.2
SY054661,ENG_A,Engineering,7,Sunday,6,26.5,75.1,,62.8,63.0
SY059195,ADM_A,Administration,8,Thursday,5,21.4,80.1,107,21.8,35.2
SY063271,SCI_A,Science,12,Sunday,2,20.3,55.1,10,73.4,77.7
SY071794,ENG_A,Engineering,3,Saturday,2,11.8,73.3,10,48.2,47.6
SY025303,LIB_A,Library,22,Monday,1,16.9,64.7,6,26.4,23.5
SY021350,BUS_A,Business,15,Friday,6,31.0,60.2,26,48.5,41.8
SY028007,RES_B,Residential,19,Sunday,9,23.6,82.4,201,69.5,71.8
SY056308,SCI_B,Science,11,Friday,7,29.9,85.2,51,107.3,104.3
SY057211,LEC_A,LectureHall,6,Sunday,1,13.3,67.6,1,15.7,15.2
SY054865,SCI_B,Science,4,Thursday,1,9.8,73.4,3,65.1,66.6
SY016804,LEC_A,LectureHall,11,Wednesday,6,28.2,78.1,54,42.0,46.5
SY062429,BUS_B,Business,8,Friday,5,20.9,69.0,87,24.6,37.0
SY051437,BUS_A,Business,12,Saturday,12,18.0,53.4,36,27.1,24.5
SY011162,BUS_A,Business,16,Thursday,4,23.8,80.3,153,40.7,42.3
SY050615,BUS_B,Business,20,Tuesday,12,17.7,56.7,10,25.5,29.1
SY092685,BUS_A,Business,15,Saturday,5,28.2,61.3,,23.3,26.9
SY071171,ADM_A,Administration,23,Thursday,10,23.1,69.6,2,22.8,20.6
SY090155,LIB_A,Library,19,Saturday,1,18.4,47.8,3,27.2,26.7
SY030392,BUS_A,Business,12,Tuesday,12,19.1,54.1,66,28.8,26.9
SY013913,BUS_B,Business,3,Friday,3,9.8,72.8,8,29.3,32.7
SY058571,ADM_A,Administration,17,Thursday,8,28.1,56.7,56,49.6,43.9
SY070279,LIB_A,Library,3,Tuesday,5,20.4,84.0,62,54.2,46.8
SY028107,SPT_A,Sports,13,Saturday,5,,53.3,42,36.7,38.0
SY008242,ENG_A,Engineering,2,Monday,6,23.3,85.9,6,59.7,57.4
SY037147,ENG_B,Engineering,8,Saturday,2,15.1,64.7,11,37.3,37.6
SY062214,SPT_A,Sports,9,Sunday,2,16.4,58.2,57,40.7,40.3
SY037943,ADM_A,Administration,19,Monday,12,17.8,49.7,3,19.5,18.5
SY015608,ENG_B,Engineering,17,Friday,2,16.0,74.9,116,59.2,65.7
SY093226,SCI_A,Science,13,Thursday,8,28.8,56.8,38,93.0,96.4
SY007452,BUS_B,Business,20,Saturday,7,28.3,,1,38.9,40.3
SY062467,BUS_B,Business,7,Wednesday,1,13.8,65.9,2,28.5,24.2
SY004061,SCI_A,Science,11,Saturday,9,29.3,63.4,8,83.1,81.5
SY024134,ENG_B,Engineering,6,Tuesday,6,25.1,80.7,3,45.7,45.2
SY038742,ENG_B,Engineering,18,Thursday,5,27.9,58.1,60,61.0,62.6
SY028035,SCI_B,Science,20,Thursday,8,25.7,67.4,9,88.6,76.5
SY078448,SCI_B,Science,6,Friday,8,22.2,80.8,3,61.3,58.5
SY076370,BUS_A,Business,11,Thursday,7,34.9,66.2,45,54.8,57.0
SY033594,RES_B,Residential,8,Monday,4,20.9,,155,39.2,39.8
SY095010,ENG_A,Engineering,23,Sunday,6,24.8,86.4,2,65.7,66.3
SY072289,ADM_A,Administration,5,Monday,1,7.8,65.7,1,20.1,20.8
SY075689,LIB_A,Library,2,Tuesday,3,15.1,73.7,10,26.2,25.5
SY083246,RES_A,Residential,8,Monday,8,28.4,70.0,46,46.9,44.5
SY070898,LIB_A,Library,12,Wednesday,5,26.7,58.0,164,39.7,49.8
SY060031,ADM_A,Administration,16,Monday,11,21.2,50.7,79,34.4,34.9
SY024861,RES_A,Residential,17,Monday,10,22.0,80.9,131,35.1,39.8
SY039299,SCI_A,Science,22,Saturday,2,21.5,65.3,4,86.5,87.7
SY044351,BUS_B,Business,19,Saturday,4,22.3,61.3,11,28.4,30.4
SY071547,ADM_A,Administration,10,Saturday,4,23.4,63.1,8,20.3,18.0
SY029852,ENG_B,Engineering,4,Sunday,1,,73.9,,40.1,41.5
SY008745,LEC_A,LectureHall,17,Thursday,3,25.4,49.8,133,44.2,35.3
SY047166,ENG_A,Engineering,11,Saturday,5,26.5,79.9,19,62.9,61.6
SY023221,ADM_A,Administration,7,Sunday,6,24.9,72.5,3,14.6,17.7
SY035126,LIB_A,Library,21,Monday,6,25.6,62.6,32,71.5,63.0
SY088561,LEC_A,LectureHall,17,Wednesday,4,23.2,78.5,152,32.7,27.4
SY024693,ENG_A,Engineering,7,Saturday,1,13.5,70.2,8,57.1,57.1
SY052275,RES_A,Residential,5,Friday,7,28.2,76.7,69,71.5,57.9
SY036747,SPT_A,Sports,17,Friday,1,19.5,50.8,180,47.7,68.3
SY000924,RES_B,Residential,5,Thursday,2,10.7,72.3,243,53.7,55.3
SY005910,BUS_A,Business,5,Thursday,11,12.4,76.3,1,24.3,23.1
SY028512,LEC_A,LectureHall,14,Friday,11,22.8,74.2,326,48.8,35.9
SY062470,BUS_A,Business,14,Saturday,1,17.9,51.9,19,27.2,22.0
SY076667,BUS_A,Business,7,Friday,1,11.5,65.1,10,23.3,23.5
SY090513,RES_B,Residential,10,Wednesday,9,23.4,76.3,89,35.2,30.3
SY051772,LEC_A,LectureHall,12,Wednesday,1,19.0,48.5,0,14.6,11.5
SY079036,SCI_B,Science,2,Wednesday,2,13.3,77.8,10,62.6,62.8
SY026351,RES_A,Residential,19,Wednesday,8,30.6,86.6,80,73.5,78.4
SY091139,ENG_A,Engineering,6,Thursday,10,22.2,71.4,14,44.5,48.9
SY080348,RES_B,Residential,6,Thursday,1,11.0,67.3,174,49.3,60.3
SY053199,LEC_A,LectureHall,9,Monday,3,17.5,77.2,169,24.2,20.4
SY032596,LEC_A,LectureHall,5,Thursday,4,14.3,75.4,6,16.3,14.4
SY063369,LEC_A,LectureHall,0,Saturday,9,20.3,75.7,0,16.8,16.8
SY081170,SCI_A,Science,7,Tuesday,3,,68.3,10,86.2,83.8
SY043118,SPT_A,Sports,16,Thursday,5,27.6,54.0,117,49.3,55.4
SY017785,LIB_A,Library,22,Thursday,4,17.4,67.0,74,51.2,48.9
SY060862,RES_A,Residential,21,Tuesday,11,18.2,61.7,252,68.6,69.6
SY023025,RES_A,Residential,23,Tuesday,1,12.1,62.5,232,72.7,54.5
SY088691,RES_A,Residential,21,Tuesday,6,27.5,67.2,69,65.4,61.0
SY033980,BUS_A,Business,22,Wednesday,6,29.1,72.3,2,67.5,32.7
SY065412,SPT_A,Sports,16,Thursday,9,22.8,86.6,135,43.6,46.3
SY097762,ADM_A,Administration,5,Friday,7,25.8,76.6,1,19.5,22.0
SY083447,BUS_A,Business,12,Saturday,6,33.1,62.2,8,26.8,29.1
SY088032,BUS_B,Business,6,Saturday,2,16.9,69.4,3,30.1,28.4
SY024945,LEC_A,LectureHall,4,Tuesday,4,18.7,71.3,7,15.4,14.3
SY034229,RES_B,Residential,18,Monday,6,30.3,62.4,46,52.1,56.9
SY064922,ENG_A,Engineering,14,Friday,1,17.4,44.9,90,55.6,62.2
SY081399,ADM_A,Administration,7,Friday,5,23.3,66.4,35,16.5,23.5
SY087616,ADM_A,Administration,4,Monday,1,10.0,69.9,3,16.2,18.7
SY094234,ENG_A,Engineering,7,Sunday,4,21.9,76.6,16,40.8,43.0
SY026715,ENG_B,Engineering,15,Saturday,10,29.6,54.9,18,53.1,53.7
SY031248,SCI_B,Science,7,Thursday,5,22.1,84.5,8,57.0,56.4
SY027323,RES_B,Residential,14,Wednesday,3,20.4,53.9,93,31.3,29.2
SY058020,ENG_A,Engineering,6,Thursday,4,17.2,73.6,10,48.2,44.5
SY063915,SCI_B,Science,2,Saturday,3,12.2,78.7,6,65.7,67.8
SY045549,BUS_A,Business,2,Wednesday,9,21.0,81.1,2,24.9,19.5
SY034449,RES_B,Residential,1,Tuesday,6,,87.0,55,,37.8
SY011285,BUS_A,Business,5,Tuesday,9,16.5,85.9,4,20.6,21.0
SY007166,SPT_A,Sports,4,Friday,8,20.0,87.1,0,29.3,31.0
SY045758,LEC_A,LectureHall,16,Sunday,6,36.3,53.3,1,30.8,31.3
SY073257,BUS_B,Business,7,Wednesday,10,20.6,81.0,1,30.4,26.4
SY046402,ENG_B,Engineering,5,Monday,2,15.1,71.9,7,37.6,39.4
SY011466,BUS_B,Business,16,Tuesday,4,22.2,57.2,176,50.3,46.5
SY025146,ENG_B,Engineering,4,Sunday,1,10.6,71.0,2,44.1,44.4
SY042739,SCI_B,Science,11,Saturday,12,17.5,60.3,8,64.0,57.1
SY098504,SPT_A,Sports,10,Wednesday,10,20.8,77.5,51,32.5,36.1
SY022223,ADM_A,Administration,6,Wednesday,4,20.2,68.6,2,17.3,17.4
SY019378,BUS_B,Business,8,Tuesday,3,16.6,60.7,86,22.7,32.8
SY004758,SCI_B,Science,12,Sunday,10,29.3,58.7,12,102.9,77.5
SY063674,LEC_A,LectureHall,21,Tuesday,7,29.0,70.9,2,30.4,32.1
SY037871,ENG_A,Engineering,0,Sunday,2,14.6,67.4,6,41.4,43.3
SY050584,LEC_A,LectureHall,15,Monday,5,32.6,54.6,314,87.4,94.5
SY021590,ENG_A,Engineering,20,Saturday,2,23.2,55.8,13,56.5,50.9
SY019815,LEC_A,LectureHall,17,Sunday,2,21.6,47.9,5,13.2,11.5
SY089726,LIB_A,Library,21,Thursday,1,16.3,57.4,9,27.5,26.6
SY071697,LIB_A,Library,10,Monday,2,20.0,60.3,94,31.0,34.1
SY019303,ENG_B,Engineering,2,Wednesday,5,18.3,76.7,14,42.6,40.7
SY027761,ENG_B,Engineering,18,Wednesday,3,21.3,55.8,,54.1,61.0
SY078377,ENG_B,Engineering,15,Thursday,5,26.1,77.6,24,42.9,40.3
SY033783,BUS_A,Business,18,Friday,3,22.9,55.0,13,20.4,21.7
SY089973,ENG_B,Engineering,16,Sunday,2,20.7,,39,44.9,45.1
SY058426,LIB_A,Library,19,Thursday,3,20.4,56.5,143,46.0,51.5
SY058829,BUS_B,Business,23,Sunday,3,10.6,79.9,5,27.0,28.8
SY022249,ENG_B,Engineering,11,Friday,1,14.6,57.0,116,63.2,65.8
SY001544,LEC_A,LectureHall,9,Tuesday,11,18.1,61.6,293,26.7,30.8
SY032675,RES_A,Residential,10,Wednesday,2,13.7,53.1,148,51.2,44.7
SY003251,RES_B,Residential,4,Monday,2,7.4,75.9,254,62.7,63.0
SY043054,BUS_B,Business,10,Thursday,4,21.2,76.4,203,50.5,52.4
SY060749,BUS_B,Business,18,Saturday,12,19.5,51.0,1,25.3,25.3
SY081389,ENG_A,Engineering,17,Sunday,5,25.4,85.8,17,60.1,57.1
SY043988,ENG_A,Engineering,6,Wednesday,4,18.6,71.9,16,48.4,46.1
SY011094,SCI_B,Science,20,Monday,5,25.5,63.1,9,96.2,78.2
SY001458,RES_A,Residential,12,Saturday,9,30.0,55.0,189,65.8,63.0
SY076750,RES_A,Residential,8,Saturday,6,25.9,73.4,54,40.4,40.6
SY045535,RES_A,Residential,23,Monday,12,14.2,63.7,42,31.0,30.4
SY005060,SCI_B,Science,0,Friday,12,,70.8,2,57.9,58.9
SY042812,LEC_A,LectureHall,20,Sunday,6,32.7,63.0,1,32.6,34.7
SY097578,LIB_A,Library,17,Saturday,9,26.5,51.8,68,42.3,39.5
SY082218,RES_A,Residential,8,Saturday,11,14.0,66.4,354,92.5,79.1
SY008152,ENG_A,Engineering,20,Monday,1,14.8,57.7,34,69.2,57.4
SY058814,RES_B,Residential,14,Wednesday,2,16.7,76.4,95,30.3,27.4
SY041725,SCI_B,Science,22,Wednesday,4,22.6,73.5,11,83.2,71.6
SY010359,LEC_A,LectureHall,18,Saturday,2,21.4,47.7,4,12.1,13.0
SY037419,LEC_A,LectureHall,4,Thursday,11,13.6,80.8,3,15.7,18.3
SY087709,SCI_B,Science,1,Tuesday,6,27.3,,2,96.3,97.2
SY026467,RES_A,Residential,11,Saturday,8,29.5,80.2,62,57.5,57.2
SY038299,SPT_A,Sports,0,Friday,4,19.5,79.1,0,32.9,31.3
SY027255,ENG_A,Engineering,21,Wednesday,3,13.9,79.4,45,62.5,59.8
SY005620,ENG_B,Engineering,8,Friday,5,23.0,72.9,77,36.0,50.3
SY057943,LIB_A,Library,0,Saturday,1,10.7,69.3,6,51.2,27.3
SY094180,BUS_A,Business,9,Monday,8,29.3,72.7,22,27.4,35.4
SY076610,ADM_A,Administration,1,Saturday,9,23.1,76.7,2,22.9,22.5
SY049391,RES_A,Residential,12,Monday,12,,,127,41.0,40.4
SY018783,SCI_B,Science,0,Saturday,5,20.3,78.8,1,57.5,56.5
SY099535,LIB_A,Library,1,Saturday,7,24.1,83.4,1,31.7,31.6
SY012084,BUS_A,Business,12,Thursday,2,20.5,55.7,167,33.8,35.6
SY057714,ENG_B,Engineering,16,Tuesday,5,29.4,89.1,67,75.9,79.1
SY047314,ENG_B,Engineering,23,Thursday,5,20.3,69.8,13,,44.4
SY098368,ADM_A,Administration,23,Saturday,6,25.9,85.7,2,24.8,24.8
SY053916,SPT_A,Sports,20,Thursday,2,18.4,52.2,157,62.7,63.6
SY014442,RES_A,Residential,21,Saturday,11,15.5,77.9,237,67.3,70.1
SY072396,ADM_A,Administration,8,Friday,2,16.2,64.9,90,27.5,35.1
SY043618,BUS_B,Business,16,Sunday,5,28.2,54.7,9,31.8,34.5
SY078456,BUS_A,Business,10,Tuesday,3,16.6,62.5,183,44.1,42.7
SY079728,ADM_A,Administration,12,Wednesday,9,24.9,58.6,71,36.7,32.7
SY042727,LIB_A,Library,21,Monday,6,29.0,66.2,36,72.9,69.7
SY010242,BUS_A,Business,8,Thursday,5,23.7,80.8,39,20.6,26.3
SY072996,BUS_A,Business,21,Tuesday,7,29.2,83.3,27,61.3,60.2
SY076499,SCI_B,Science,12,Wednesday,1,18.9,55.2,30,66.3,70.1
SY009068,ENG_B,Engineering,4,Sunday,3,14.0,74.0,10,36.6,39.7
SY070753,RES_B,Residential,22,Wednesday,4,21.3,74.0,206,57.2,66.9
SY046877,ADM_A,Administration,18,Friday,8,29.6,81.0,5,51.1,36.9
SY060919,ADM_A,Administration,22,Wednesday,2,20.0,59.9,3,18.1,19.7
SY053550,LIB_A,Library,22,Wednesday,5,22.3,70.8,97,65.5,56.6
SY055745,SCI_A,Science,8,Friday,8,28.1,80.2,57,107.6,110.8
SY017488,BUS_B,Business,10,Tuesday,9,18.9,78.5,183,41.1,45.6
SY033525,SPT_A,Sports,17,Tuesday,9,21.2,83.7,153,43.9,51.7
SY057631,BUS_B,Business,13,Friday,2,22.2,53.6,143,48.5,42.0
SY021436,ADM_A,Administration,23,Wednesday,8,21.2,83.3,3,15.3,18.7
SY026756,ADM_A,Administration,17,Sunday,7,26.2,78.9,3,19.4,19.0
SY008368,LIB_A,Library,7,Saturday,4,17.6,82.2,12,24.4,23.4
SY081011,ADM_A,Administration,9,Tuesday,6,25.5,80.8,50,32.8,32.8
SY070581,RES_B,Residential,5,Monday,2,13.8,71.2,178,43.4,40.9
SY052693,SPT_A,Sports,7,Sunday,3,11.3,77.3,0,46.9,41.6
SY009780,BUS_B,Business,22,Saturday,5,20.9,74.1,4,26.3,28.6
SY055537,SCI_A,Science,8,Friday,11,21.3,81.7,52,69.9,77.0
SY028001,SCI_A,Science,4,Saturday,3,12.6,77.6,9,77.4,77.7
SY056814,BUS_B,Business,18,Tuesday,4,20.9,53.6,103,49.2,54.1
SY033622,LEC_A,LectureHall,23,Monday,2,20.0,77.2,0,16.1,16.7
SY000656,LIB_A,Library,1,Friday,1,11.6,74.6,6,25.8,27.0
SY002586,BUS_A,Business,20,Wednesday,2,,58.0,126,50.1,42.5
SY072585,RES_B,Residential,0,Monday,12,11.7,71.5,221,59.2,51.9
SY055315,ENG_A,Engineering,20,Monday,8,30.3,65.0,17,95.1,99.4
SY027894,ENG_A,Engineering,5,Thursday,8,19.9,79.3,5,43.0,44.3
SY051545,SPT_A,Sports,19,Sunday,5,22.5,61.9,29,39.9,48.7
SY030627,ENG_A,Engineering,16,Friday,5,25.6,85.9,77,79.2,82.1
SY047900,BUS_B,Business,12,Thursday,2,15.4,74.4,164,47.8,43.9
SY008922,RES_A,Residential,18,Wednesday,8,32.8,84.3,189,96.9,109.2
SY001440,BUS_B,Business,19,Monday,7,28.6,85.5,40,69.3,83.5
SY010373,LIB_A,Library,7,Monday,5,27.7,80.8,67,57.9,55.8
SY008457,SCI_A,Science,17,Monday,4,25.7,84.1,58,110.3,107.2
SY045155,SCI_A,Science,17,Thursday,1,19.9,49.2,29,80.2,95.0
SY052271,ENG_B,Engineering,6,Tuesday,3,15.2,80.8,7,37.7,40.2
SY054643,ADM_A,Administration,8,Tuesday,7,26.9,80.3,69,35.8,41.9
SY095011,ENG_B,Engineering,14,Friday,7,34.8,55.8,43,71.3,114.4
SY030206,SCI_B,Science,5,Sunday,4,20.1,79.7,8,61.6,62.8
SY021236,LIB_A,Library,19,Thursday,9,23.3,82.0,136,,56.4
SY048869,ENG_A,Engineering,13,Sunday,9,30.1,57.5,34,72.8,73.3
SY033700,ADM_A,Administration,12,Thursday,3,20.1,,74,42.4,28.9
SY078116,RES_B,Residential,5,Thursday,5,23.6,87.2,206,68.2,63.4
SY077890,ENG_A,Engineering,10,Tuesday,6,25.6,79.5,52,63.5,64.6
SY017019,BUS_A,Business,6,Tuesday,7,22.9,88.8,1,21.6,21.2
SY042179,LIB_A,Library,5,Wednesday,11,12.6,68.8,8,27.1,25.5
SY008501,SPT_A,Sports,19,Monday,4,21.2,76.4,191,47.4,60.9
SY085269,LIB_A,Library,22,Friday,5,18.8,69.6,92,51.5,48.2
SY038078,ENG_A,Engineering,0,Saturday,8,24.1,80.0,13,88.1,69.8
SY076130,SPT_A,Sports,0,Thursday,5,20.3,81.0,0,28.3,31.3
SY068987,SCI_B,Science,7,Monday,2,16.3,69.0,5,60.7,60.4
SY036600,ENG_A,Engineering,19,Saturday,6,28.8,81.7,6,82.7,82.7
SY087371,SCI_B,Science,23,Friday,12,12.8,71.6,0,64.2,60.5
SY073940,BUS_A,Business,18,Friday,4,21.2,56.1,91,36.3,42.3
SY007187,LIB_A,Library,9,Saturday,2,17.3,58.3,9,24.8,24.4
SY088198,BUS_A,Business,4,Saturday,12,14.3,77.4,0,23.7,21.6
SY015743,ADM_A,Administration,10,Tuesday,2,12.7,56.4,89,37.6,38.3
SY096482,LEC_A,LectureHall,2,Wednesday,1,10.4,71.0,3,14.8,17.8
SY073158,BUS_B,Business,14,Monday,4,17.4,74.4,214,41.6,51.2
SY031500,RES_A,Residential,19,Thursday,8,26.0,64.1,67,50.6,55.3
SY010105,LIB_A,Library,17,Sunday,4,28.8,53.4,67,59.1,52.3
SY081678,SCI_A,Science,15,Saturday,12,19.4,54.4,4,77.3,68.5
SY066841,BUS_B,Business,22,Sunday,2,15.3,57.9,,27.5,27.8
SY026669,LIB_A,Library,14,Friday,2,22.2,48.9,139,37.8,37.2
SY080118,RES_A,Residential,21,Saturday,2,16.6,64.0,215,76.4,62.7
SY035153,RES_A,Residential,11,Thursday,12,14.4,51.9,127,,43.5
SY063179,ENG_A,Engineering,23,Tuesday,1,12.6,69.2,1,44.6,42.3
SY040465,LIB_A,Library,13,Friday,9,32.8,52.9,105,68.0,63.6
SY001819,BUS_A,Business,15,Wednesday,10,28.4,56.2,146,57.1,50.4
SY081671,ENG_A,Engineering,18,Saturday,3,22.6,57.5,18,51.8,56.6
SY091711,BUS_A,Business,13,Friday,4,23.8,56.5,109,43.4,36.9
SY014956,RES_A,Residential,1,Saturday,3,12.5,75.3,301,65.2,69.6
SY015490,BUS_B,Business,21,Tuesday,4,21.6,65.9,141,63.7,54.6
SY086511,BUS_A,Business,10,Wednesday,4,18.1,60.5,159,31.3,37.9
SY008379,ENG_A,Engineering,8,Friday,5,24.7,,45,46.3,51.7
SY065076,SPT_A,Sports,1,Thursday,4,14.7,69.2,0,38.3,38.5
SY000878,SCI_B,Science,8,Saturday,3,14.7,66.8,14,67.3,67.6
SY089461,RES_B,Residential,2,Friday,4,18.6,85.1,223,47.6,47.8
SY084354,SCI_B,Science,23,Saturday,3,,,2,62.5,68.2
SY014751,LIB_A,Library,3,Thursday,8,27.3,79.8,6,36.5,33.2
SY084588,RES_A,Residential,6,Thursday,6,25.4,84.9,101,,47.1
SY093477,SPT_A,Sports,0,Thursday,4,18.7,78.2,0,31.0,33.4
SY038401,ADM_A,Administration,3,Tuesday,1,10.2,71.5,3,18.0,18.0
SY053279,SCI_A,Science,16,Saturday,8,31.4,83.2,10,116.6,121.1
SY076637,RES_A,Residential,16,Tuesday,1,20.2,51.6,27,27.4,28.4
SY092718,BUS_B,Business,23,Thursday,11,13.8,64.5,4,32.9,30.1
SY076049,SPT_A,Sports,4,Wednesday,8,19.9,78.6,0,29.3,25.6
SY047548,SCI_B,Science,13,Monday,6,31.3,83.6,,111.6,110.2
SY039623,ENG_A,Engineering,21,Friday,1,12.4,56.3,8,45.5,49.6
SY060345,BUS_A,Business,6,Friday,5,22.9,78.4,1,21.2,21.2
SY048132,ADM_A,Administration,6,Wednesday,5,21.2,72.8,2,16.6,15.8
SY018231,RES_A,Residential,14,Sunday,11,18.3,80.3,240,44.6,43.1
SY084228,BUS_B,Business,5,Thursday,9,22.7,72.5,3,28.1,27.4
SY068491,LIB_A,Library,23,Saturday,6,25.9,74.6,3,38.2,38.3
SY074799,SCI_A,Science,21,Tuesday,10,22.1,78.4,12,87.2,74.2
SY043833,RES_B,Residential,6,Sunday,4,13.7,75.0,325,61.8,70.2
SY066510,SPT_A,Sports,7,Friday,2,15.6,64.9,91,51.2,39.6
SY055077,ADM_A,Administration,0,Monday,8,27.5,78.0,5,27.0,27.5
SY016553,LIB_A,Library,16,Wednesday,8,33.0,83.5,48,82.0,76.7
SY087083,SCI_B,Science,11,Wednesday,1,17.2,56.9,33,71.2,66.3
SY031863,LEC_A,LectureHall,15,Tuesday,10,28.1,51.7,364,72.8,77.8
SY043642,ENG_B,Engineering,12,Thursday,4,21.5,57.9,139,59.5,63.8
SY056251,RES_B,Residential,15,Wednesday,4,25.8,54.1,96,34.0,35.8
SY029883,LEC_A,LectureHall,17,Sunday,12,21.2,47.5,0,13.6,14.7
SY013864,SPT_A,Sports,13,Monday,9,18.9,81.0,49,,42.4
SY061352,ENG_A,Engineering,10,Monday,11,17.5,63.1,123,69.6,79.7
SY006710,LIB_A,Library,21,Monday,9,26.3,63.9,132,74.4,82.2
SY078263,SCI_B,Science,5,Wednesday,5,18.6,75.6,3,57.6,58.5
SY040533,ENG_B,Engineering,21,Wednesday,2,16.4,65.4,27,49.6,48.2
SY000265,LEC_A,LectureHall,5,Wednesday,1,13.3,70.7,3,17.2,15.3
SY032674,ENG_B,Engineering,6,Wednesday,5,23.2,79.5,6,40.6,40.2
SY037440,SPT_A,Sports,11,Sunday,6,29.8,61.4,51,56.0,54.1
SY039515,ENG_B,Engineering,20,Saturday,9,23.2,82.7,,39.8,40.6
SY098263,LEC_A,LectureHall,10,Tuesday,5,29.2,66.1,261,50.3,65.2
SY080677,SPT_A,Sports,23,Tuesday,6,28.1,84.0,0,76.6,40.0
SY000362,ADM_A,Administration,18,Saturday,11,22.8,53.0,2,17.3,20.0
SY057168,BUS_A,Business,3,Thursday,9,21.3,83.2,5,25.1,22.4
SY022651,ENG_A,Engineering,3,Friday,5,18.4,77.5,9,49.6,47.6
SY072034,SPT_A,Sports,11,Thursday,3,17.8,52.7,47,43.2,40.8
SY079996,SCI_B,Science,8,Thursday,4,19.8,67.2,34,59.5,63.8
SY072936,ENG_A,Engineering,0,Tuesday,1,10.7,72.1,9,55.6,49.0
SY035057,LEC_A,LectureHall,22,Saturday,8,29.2,87.5,1,30.1,28.7
SY034786,BUS_A,Business,9,Monday,2,17.7,66.6,165,29.3,41.4
SY033056,BUS_A,Business,9,Sunday,6,26.1,77.3,11,20.3,22.4
SY098924,BUS_B,Business,17,Monday,6,35.1,60.2,31,84.4,76.1
SY064801,SPT_A,Sports,3,Wednesday,6,27.1,83.0,0,32.2,30.0
SY039796,LEC_A,LectureHall,22,Sunday,2,15.7,62.7,10,16.6,15.0
SY049548,LIB_A,Library,3,Friday,2,12.2,73.6,10,,26.0
SY036612,RES_B,Residential,2,Wednesday,5,17.4,75.6,192,44.2,45.1
SY017700,LIB_A,Library,18,Thursday,4,24.5,55.3,132,49.9,61.3
SY049606,LEC_A,LectureHall,5,Sunday,2,14.2,72.9,2,13.5,16.1
SY024935,BUS_A,Business,18,Thursday,5,24.8,84.7,47,35.8,35.9
SY061557,SCI_B,Science,10,Monday,4,21.5,64.2,,82.2,92.3
SY092757,RES_A,Residential,6,Wednesday,5,20.6,81.0,325,68.7,72.8
SY010796,LEC_A,LectureHall,4,Wednesday,2,16.1,72.9,6,13.9,13.2
SY041896,BUS_B,Business,12,Monday,10,28.4,55.6,178,51.9,60.9
SY028019,LEC_A,LectureHall,8,Thursday,5,,67.1,296,13.7,34.6
SY012821,RES_A,Residential,15,Friday,2,16.3,73.6,114,34.0,36.2
SY022104,ENG_A,Engineering,18,Monday,2,19.4,51.7,90,82.1,77.0
SY022953,SCI_B,Science,10,Monday,1,19.2,59.9,38,63.1,66.3
SY097215,LEC_A,LectureHall,6,Thursday,5,23.2,84.3,14,18.0,16.7
SY099190,SPT_A,Sports,12,Wednesday,2,20.7,50.5,109,38.3,42.9
SY017136,ENG_B,Engineering,20,Sunday,5,31.2,68.9,6,63.9,70.4
SY034128,LIB_A,Library,1,Tuesday,3,13.9,75.2,3,22.6,24.0
SY008607,ADM_A,Administration,13,Wednesday,8,32.2,80.1,94,62.1,69.3
SY075667,SCI_B,Science,22,Tuesday,2,14.3,76.2,8,61.0,59.0
SY087641,ADM_A,Administration,23,Thursday,1,13.2,62.1,1,19.2,17.2
SY086493,SPT_A,Sports,1,Friday,10,,73.4,0,27.4,28.1
SY047287,SPT_A,Sports,12,Monday,5,24.0,62.3,27,29.4,31.6
SY056686,LIB_A,Library,20,Sunday,9,24.0,79.7,41,56.0,52.1
SY029979,LEC_A,LectureHall,7,Tuesday,1,11.5,62.3,,21.1,18.5
SY069894,ENG_B,Engineering,7,Wednesday,1,11.9,67.2,1,46.8,44.0
SY095595,ADM_A,Administration,8,Friday,3,14.4,75.4,113,28.1,42.2
SY029005,BUS_A,Business,11,Saturday,7,29.9,74.8,14,29.0,29.2
SY087360,ADM_A,Administration,2,Monday,9,21.1,82.5,3,20.2,19.1
SY072706,SCI_A,Science,2,Sunday,3,14.1,77.4,9,70.7,71.2
SY094528,SCI_A,Science,14,Tuesday,10,29.3,55.9,109,110.5,116.7
SY050301,SCI_A,Science,20,Sunday,6,33.0,66.9,1,122.4,126.0
SY009837,BUS_B,Business,2,Sunday,11,13.8,70.1,2,30.4,31.5
SY069887,BUS_B,Business,20,Monday,4,21.9,58.4,135,56.5,56.9
SY011599,ENG_B,Engineering,23,Wednesday,5,22.7,79.3,14,57.7,43.7
SY088203,ADM_A,Administration,14,Sunday,9,20.4,73.9,2,18.7,18.1
SY015075,ENG_A,Engineering,4,Sunday,12,11.1,72.3,9,53.6,51.8
SY037778,BUS_A,Business,14,Monday,3,21.3,52.1,155,31.2,38.1
SY054110,LEC_A,LectureHall,6,Wednesday,3,14.0,78.0,,14.5,14.2
SY093965,LIB_A,Library,20,Tuesday,10,24.2,58.3,128,71.9,68.3
SY064223,BUS_B,Business,19,Wednesday,9,25.1,56.8,130,72.8,65.1
SY018302,BUS_B,Business,17,Sunday,1,17.5,49.8,9,25.6,26.4
SY009181,RES_B,Residential,7,Tuesday,12,11.9,64.4,213,76.1,61.5
SY037608,RES_B,Residential,3,Thursday,6,25.3,87.6,82,46.2,49.6
SY062598,ENG_B,Engineering,18,Wednesday,4,20.6,57.3,79,54.4,58.4
SY077479,RES_A,Residential,23,Sunday,6,26.2,82.2,70,53.8,51.3
SY086784,ENG_B,Engineering,12,Monday,9,28.3,59.9,115,58.8,68.1
SY035047,SCI_A,Science,5,Sunday,8,25.8,74.9,4,94.6,89.8
SY006845,ADM_A,Administration,22,Friday,3,18.0,64.1,,19.1,17.5
SY082807,SCI_A,Science,4,Sunday,5,19.5,84.3,3,80.1,84.4
SY081628,BUS_B,Business,0,Wednesday,5,24.1,77.6,2,29.0,30.3
SY076875,ENG_B,Engineering,13,Monday,1,18.9,45.9,97,53.4,56.6
SY042364,SCI_A,Science,19,Thursday,5,27.6,82.2,22,110.7,119.3
SY008758,SPT_A,Sports,9,Sunday,3,12.3,69.7,90,52.0,55.4
SY010128,LIB_A,Library,4,Tuesday,2,14.0,71.5,12,25.0,25.1
SY077483,BUS_A,Business,11,Tuesday,4,20.1,77.2,118,31.5,31.1
SY049698,RES_A,Residential,19,Thursday,4,22.8,55.1,299,80.5,96.2
SY045956,BUS_B,Business,15,Friday,6,31.9,80.5,45,70.9,70.2
SY070737,RES_B,Residential,17,Tuesday,8,24.6,87.6,30,30.8,32.5
SY039514,BUS_A,Business,8,Thursday,1,12.5,62.9,11,21.6,23.4
SY002510,ENG_A,Engineering,14,Friday,3,18.3,49.4,107,,87.3
SY027112,BUS_B,Business,9,Saturday,2,18.9,62.9,90,25.4,36.6
SY007755,ENG_B,Engineering,22,Sunday,4,18.9,68.1,5,38.7,34.6
SY010302,ENG_B,Engineering,4,Wednesday,2,16.0,75.6,3,37.3,36.2
SY033847,LEC_A,LectureHall,11,Monday,3,19.3,59.2,328,33.2,33.6
SY051668,SCI_B,Science,22,Thursday,1,14.8,68.7,3,64.0,59.9
SY000178,RES_A,Residential,15,Friday,11,23.2,76.6,143,,39.2
SY030075,BUS_A,Business,2,Friday,10,19.7,75.3,0,20.1,22.6
SY002065,RES_B,Residential,5,Wednesday,1,10.8,72.0,,31.8,32.5
SY001694,RES_A,Residential,20,Thursday,2,14.6,61.4,247,67.4,73.1
SY055857,ADM_A,Administration,20,Monday,3,18.2,72.6,3,20.4,24.1
SY048146,ADM_A,Administration,21,Thursday,12,14.8,74.5,1,18.6,16.6
SY033474,BUS_B,Business,3,Friday,6,23.6,86.4,1,28.7,30.5
SY096910,LIB_A,Library,18,Tuesday,5,29.3,60.3,265,93.8,97.8
SY012314,BUS_A,Business,13,Wednesday,11,20.9,55.9,94,32.9,30.4
SY029832,LEC_A,LectureHall,21,Monday,1,15.5,59.6,14,14.4,14.9
SY058000,RES_A,Residential,4,Thursday,9,21.1,77.6,325,71.4,69.1
SY051403,ENG_B,Engineering,22,Tuesday,8,29.1,87.0,6,65.9,62.2
SY006942,SCI_A,Science,3,Tuesday,1,10.0,76.8,7,80.5,86.3
SY020484,ENG_A,Engineering,16,Tuesday,8,37.8,57.9,75,125.6,122.4
SY078659,ADM_A,Administration,3,Wednesday,7,28.4,79.8,2,24.8,23.3
SY065959,BUS_A,Business,13,Thursday,3,21.8,54.8,105,35.3,30.4
SY010941,ENG_A,Engineering,23,Tuesday,3,14.0,82.4,22,54.6,54.4
SY032297,RES_A,Residential,8,Tuesday,10,20.6,69.7,219,54.2,51.5
SY082810,BUS_B,Business,6,Saturday,12,13.1,63.4,0,28.5,28.4
SY000907,RES_B,Residential,9,Sunday,2,16.2,60.8,171,55.3,32.6
SY067091,RES_A,Residential,17,Friday,4,24.3,52.0,158,43.7,50.0
SY000603,RES_B,Residential,7,Thursday,7,28.7,76.3,46,54.6,51.6
SY046832,ENG_A,Engineering,1,Thursday,2,10.8,69.2,2,44.9,46.2
SY017269,ENG_A,Engineering,18,Sunday,6,27.9,85.0,8,79.3,74.0
SY054250,ENG_A,Engineering,16,Monday,5,32.2,57.3,88,90.0,101.8
SY037996,SPT_A,Sports,12,Thursday,2,20.9,48.7,51,39.6,39.1
SY090011,SCI_B,Science,2,Sunday,3,13.5,80.5,5,64.6,62.8
SY007881,LEC_A,LectureHall,21,Friday,8,30.1,65.9,1,35.3,28.0
SY047660,SCI_A,Science,2,Monday,2,13.6,76.6,6,71.6,71.8
SY056655,ADM_A,Administration,21,Sunday,12,15.8,59.8,3,19.7,15.8
SY079938,RES_A,Residential,0,Saturday,4,18.5,,314,67.0,63.9
SY056058,BUS_B,Business,6,Friday,2,15.3,70.5,6,29.2,28.3
SY092025,RES_B,Residential,19,Tuesday,1,10.7,56.0,197,60.4,62.9
SY076549,LEC_A,LectureHall,15,Wednesday,11,18.3,77.8,284,32.9,32.8
SY035300,ENG_B,Engineering,19,Thursday,10,26.6,61.2,58,80.8,72.6
SY044699,ADM_A,Administration,8,Tuesday,2,10.1,59.8,94,36.2,39.5
SY012517,LEC_A,LectureHall,18,Monday,5,26.8,60.9,80,51.4,42.5
SY072570,RES_B,Residential,16,Tuesday,11,21.4,54.6,81,28.3,25.1
SY060357,SPT_A,Sports,8,Monday,2,15.1,75.2,105,44.7,48.1
SY034096,ADM_A,Administration,2,Tuesday,11,13.8,76.0,2,18.9,20.9
SY059083,LEC_A,LectureHall,12,Thursday,3,14.9,76.1,152,33.8,21.4
SY037565,SPT_A,Sports,3,Sunday,6,25.6,77.2,0,27.6,28.4
SY028121,ADM_A,Administration,9,Thursday,9,26.0,70.1,,35.1,41.3
SY053740,LEC_A,LectureHall,18,Tuesday,12,18.5,48.6,3,12.2,14.8
SY065069,SPT_A,Sports,11,Monday,2,11.3,67.8,64,59.2,58.8
SY062507,BUS_B,Business,13,Thursday,8,28.5,58.6,48,43.9,48.2
SY070058,RES_A,Residential,21,Wednesday,1,14.7,56.1,49,34.7,36.6
SY050269,BUS_A,Business,6,Wednesday,4,16.6,81.0,6,23.2,21.8
SY096772,LIB_A,Library,17,Friday,2,22.1,45.9,197,36.9,43.0
SY035611,SPT_A,Sports,12,Sunday,8,28.6,61.5,47,42.0,47.9
SY027158,ADM_A,Administration,21,Thursday,2,18.6,53.8,1,18.5,19.6
SY059122,ADM_A,Administration,21,Monday,11,17.7,65.1,4,17.2,16.6
SY022375,SCI_A,Science,15,Wednesday,3,,,132,114.3,121.5
SY068370,ENG_B,Engineering,11,Wednesday,1,18.6,54.6,17,39.3,43.3
SY076453,LEC_A,LectureHall,17,Friday,11,,,87,26.0,21.1
SY057132,BUS_B,Business,19,Wednesday,10,22.7,77.1,107,52.0,53.0
SY023068,SPT_A,Sports,6,Monday,9,15.9,77.4,87,,44.0
SY090412,SCI_B,Science,8,Sunday,10,20.7,70.9,14,64.5,61.4
SY058373,SCI_B,Science,4,Wednesday,6,26.3,,2,78.0,77.0
SY044743,SPT_A,Sports,23,Tuesday,10,21.1,69.5,0,47.2,24.7
SY020441,BUS_B,Business,1,Friday,1,9.9,64.9,3,29.9,32.3
SY015120,RES_A,Residential,17,Wednesday,1,11.1,69.9,159,43.7,52.1
SY086250,ENG_B,Engineering,3,Saturday,5,18.5,79.0,8,,36.8
SY023487,ENG_B,Engineering,13,Tuesday,2,23.0,78.3,85,55.4,53.9
SY062704,SCI_B,Science,13,Monday,5,28.3,59.6,34,90.2,82.5
SY015007,BUS_B,Business,13,Saturday,2,19.8,56.0,74,33.7,30.1
SY036588,LEC_A,LectureHall,13,Friday,2,21.6,47.9,313,19.4,34.0
SY064826,SCI_B,Science,5,Saturday,2,11.9,76.1,12,73.6,72.5
SY056949,BUS_A,Business,14,Tuesday,11,21.9,55.7,146,31.6,36.6
SY085750,SCI_B,Science,6,Saturday,3,13.7,77.1,5,63.3,65.8
SY029730,SCI_B,Science,1,Monday,6,26.9,83.3,3,105.2,105.2
SY029605,LIB_A,Library,9,Wednesday,12,18.1,59.2,1,18.2,22.4
SY049056,BUS_B,Business,4,Friday,3,13.3,74.7,7,27.7,29.0
SY062858,ENG_B,Engineering,4,Thursday,10,18.7,75.3,10,39.8,39.3
SY083680,BUS_B,Business,1,Saturday,10,18.1,72.7,2,27.8,27.0
SY081253,BUS_A,Business,21,Sunday,1,11.5,71.3,4,22.0,22.4
SY049915,ENG_B,Engineering,2,Thursday,10,17.5,75.1,3,37.4,38.3
SY016540,SCI_A,Science,5,Thursday,8,26.9,87.3,4,94.5,93.9
SY027609,SPT_A,Sports,9,Thursday,4,18.4,68.5,32,38.3,34.1
SY066970,ADM_A,Administration,16,Sunday,10,25.8,48.1,1,18.0,21.2
SY095954,LEC_A,LectureHall,9,Tuesday,7,,72.0,26,23.4,48.1
SY060177,SCI_B,Science,3,Friday,1,9.0,75.9,4,68.3,71.5
SY052444,ENG_A,Engineering,0,Thursday,6,26.5,85.7,1,72.4,71.8
SY096203,ENG_A,Engineering,9,Tuesday,1,17.8,61.7,23,44.1,48.7
SY004969,RES_B,Residential,2,Tuesday,5,22.3,73.7,185,70.3,55.2
SY011860,ENG_A,Engineering,17,Wednesday,1,20.0,51.1,21,46.4,59.7
SY014710,SPT_A,Sports,9,Saturday,1,13.0,63.5,,42.1,42.0
SY041315,LEC_A,LectureHall,21,Saturday,6,30.1,79.9,0,30.0,27.3
SY036188,SCI_B,Science,20,Friday,9,25.1,75.1,14,89.3,82.9
SY066232,ENG_A,Engineering,12,Wednesday,5,28.3,56.9,145,80.7,89.4
SY086868,SCI_B,Science,18,Saturday,1,18.4,53.1,,61.5,59.1
SY028655,ENG_A,Engineering,0,Tuesday,9,21.0,80.3,16,61.8,78.9
SY030213,BUS_B,Business,18,Tuesday,5,29.0,59.0,48,62.1,56.5
SY088687,SPT_A,Sports,1,Friday,4,17.4,75.5,0,30.2,31.9
SY027995,ENG_A,Engineering,12,Sunday,6,29.9,60.0,11,65.0,66.3
SY023801,ADM_A,Administration,18,Tuesday,12,18.7,47.2,7,31.7,21.9
SY076485,BUS_A,Business,20,Monday,1,16.0,58.3,7,23.2,22.1
SY031843,SCI_A,Science,12,Saturday,1,19.9,57.1,9,78.3,79.4
SY083199,ENG_B,Engineering,11,Friday,11,15.3,78.4,110,55.7,60.9
SY075889,RES_A,Residential,15,Tuesday,6,32.3,57.2,35,53.6,57.6
SY024276,ENG_A,Engineering,22,Saturday,4,18.6,79.8,14,45.6,45.8
SY060439,SCI_B,Science,4,Saturday,6,26.3,90.0,,87.5,89.7
SY038357,ADM_A,Administration,18,Sunday,3,21.2,51.8,4,,17.7
SY071991,SPT_A,Sports,3,Saturday,9,22.8,81.9,0,29.9,29.5
SY027246,SPT_A,Sports,2,Tuesday,3,10.1,74.6,0,43.4,41.0
SY049831,ENG_B,Engineering,10,Wednesday,10,26.7,63.9,128,59.1,69.4
SY010210,BUS_A,Business,12,Saturday,7,34.7,66.1,16,32.9,36.4
SY048481,ENG_B,Engineering,18,Saturday,6,32.1,61.9,7,68.9,66.4
SY055230,SCI_B,Science,0,Friday,7,28.3,87.8,2,100.6,99.3
SY013174,SPT_A,Sports,4,Friday,5,21.5,78.1,0,24.7,23.6
SY059409,ADM_A,Administration,10,Wednesday,6,29.7,63.8,99,43.8,52.7
SY037297,SPT_A,Sports,9,Tuesday,7,24.4,84.2,13,32.5,27.4
SY045481,LEC_A,LectureHall,2,Thursday,3,12.6,75.1,0,12.6,17.2
SY002257,LEC_A,LectureHall,8,Wednesday,7,27.9,67.8,22,16.4,17.5
SY029556,BUS_A,Business,4,Saturday,4,20.3,81.9,2,20.7,22.8
SY036528,LEC_A,LectureHall,21,Wednesday,3,16.4,76.6,6,15.8,16.5
SY029929,SPT_A,Sports,13,Tuesday,7,30.0,85.6,17,56.8,55.4
SY047744,RES_A,Residential,6,Monday,3,15.7,73.0,338,65.0,89.5
SY050441,SPT_A,Sports,19,Friday,9,30.9,63.0,160,99.5,106.0
SY045287,SCI_A,Science,11,Saturday,8,27.0,66.8,4,74.6,74.9
SY061260,LIB_A,Library,20,Friday,6,28.6,83.5,36,77.1,73.7
SY033662,ADM_A,Administration,10,Sunday,5,23.7,62.8,4,16.1,17.0
SY023119,BUS_A,Business,15,Friday,1,18.1,48.0,136,30.7,33.8
SY025897,ENG_B,Engineering,14,Monday,1,17.8,51.9,127,52.7,56.5
SY034183,SPT_A,Sports,3,Monday,9,22.1,85.5,0,29.6,27.3
SY086710,SCI_B,Science,17,Friday,5,27.1,85.7,55,91.8,89.6
SY001223,RES_B,Residential,21,Thursday,7,27.2,75.3,53,58.0,56.8
SY024384,BUS_B,Business,23,Monday,4,20.5,79.4,3,28.1,25.2
SY031045,BUS_A,Business,20,Monday,5,24.9,65.3,59,47.7,45.2
SY058435,ENG_B,Engineering,22,Monday,7,26.6,72.0,9,56.6,51.1
SY067739,ENG_B,Engineering,2,Thursday,12,14.5,69.5,,40.8,38.1
SY018140,RES_B,Residential,12,Friday,5,25.3,80.9,129,37.1,43.8
SY077086,LEC_A,LectureHall,18,Tuesday,4,22.1,55.6,132,19.5,35.7
SY054229,SPT_A,Sports,3,Saturday,8,20.5,88.9,0,30.2,29.2
SY032638,BUS_A,Business,7,Sunday,6,27.5,76.5,1,23.0,23.7
SY098768,ENG_B,Engineering,3,Wednesday,2,13.2,80.7,11,43.0,43.6
SY048997,ADM_A,Administration,11,Friday,4,18.2,78.8,122,31.1,35.2
SY058755,ENG_B,Engineering,23,Thursday,4,17.3,77.5,17,51.4,48.0
SY060377,LIB_A,Library,15,Saturday,3,25.1,51.7,91,31.4,36.5
SY033560,SCI_A,Science,11,Tuesday,4,23.5,79.3,111,94.9,94.5
SY032685,BUS_B,Business,12,Wednesday,9,25.2,60.4,229,52.9,56.3
SY034143,SPT_A,Sports,4,Saturday,1,11.0,79.9,0,44.6,44.3
SY013272,SCI_A,Science,5,Saturday,5,19.2,81.6,9,73.9,75.6
SY057912,ENG_A,Engineering,12,Tuesday,4,23.6,55.0,153,76.1,84.9
SY059430,ADM_A,Administration,0,Friday,2,,,5,17.6,20.5
SY008872,ADM_A,Administration,0,Sunday,11,13.6,66.8,2,19.0,17.4
SY031095,BUS_B,Business,8,Tuesday,3,15.9,68.4,99,28.1,38.3
SY019236,ADM_A,Administration,6,Sunday,5,16.4,78.9,2,17.1,16.8
SY050656,SPT_A,Sports,4,Sunday,4,17.2,84.9,0,34.9,34.2
SY092617,RES_A,Residential,14,Friday,8,28.8,54.9,31,42.7,43.3
SY056648,RES_B,Residential,5,Wednesday,4,17.0,76.8,237,49.4,49.4
SY001204,BUS_A,Business,1,Tuesday,11,13.2,81.8,5,17.9,21.2
SY013439,ADM_A,Administration,9,Thursday,2,18.2,52.4,78,33.6,32.9
SY097622,ADM_A,Administration,11,Sunday,10,28.2,57.5,7,25.2,27.4
SY099246,BUS_B,Business,2,Saturday,10,19.9,76.0,2,26.8,27.7
SY097907,LIB_A,Library,9,Monday,1,11.6,56.8,57,41.4,39.5
SY011597,SCI_A,Science,12,Thursday,10,28.7,59.6,116,101.7,117.8
SY091067,RES_B,Residential,4,Friday,3,15.1,76.9,284,49.5,48.5
SY035331,RES_B,Residential,9,Saturday,1,15.8,64.2,214,51.2,43.4
SY009164,RES_A,Residential,17,Wednesday,2,17.5,45.7,198,38.3,54.7
SY005762,ADM_A,Administration,7,Thursday,3,14.1,67.6,42,19.1,28.5
SY092096,ENG_B,Engineering,2,Monday,4,15.6,83.5,9,36.6,39.9
SY058146,BUS_A,Business,19,Sunday,4,25.4,60.8,8,26.1,26.6
SY031514,LIB_A,Library,15,Monday,6,32.8,65.3,54,62.8,73.8
SY092953,ADM_A,Administration,18,Wednesday,3,15.8,76.2,10,25.6,25.1
SY092265,SPT_A,Sports,18,Tuesday,8,24.5,84.3,74,51.4,47.1
SY028101,RES_A,Residential,20,Friday,4,18.2,78.3,301,77.4,90.7
SY077582,BUS_B,Business,19,Saturday,3,21.4,52.0,13,29.2,29.9
SY038334,RES_A,Residential,11,Saturday,2,17.8,54.9,220,45.0,42.5
SY071756,SCI_B,Science,4,Wednesday,4,19.3,77.0,9,58.8,61.8
SY061702,RES_B,Residential,21,Thursday,4,18.0,63.1,218,60.2,63.5
SY025884,ADM_A,Administration,9,Thursday,5,22.6,78.1,133,35.2,40.3
SY023488,LIB_A,Library,21,Thursday,9,27.2,65.8,127,79.2,80.7
SY013956,BUS_A,Business,20,Saturday,1,15.0,57.6,8,19.7,20.4
SY059491,SCI_A,Science,15,Sunday,5,24.8,54.4,8,78.2,80.3
SY058121,BUS_A,Business,3,Monday,12,11.5,69.1,1,25.4,21.3
SY022711,RES_B,Residential,1,Saturday,5,22.5,74.9,270,64.9,71.0
SY093289,BUS_B,Business,11,Wednesday,7,27.9,77.8,46,52.8,50.0
SY068079,SCI_B,Science,6,Friday,11,12.4,73.8,7,65.1,66.2
SY013442,SCI_A,Science,10,Wednesday,10,24.3,65.4,116,99.3,98.7
SY074593,ENG_A,Engineering,16,Wednesday,5,28.5,55.0,68,83.2,85.2
SY033458,SCI_B,Science,21,Tuesday,6,27.7,67.0,4,98.2,99.1
SY034728,SCI_A,Science,13,Tuesday,12,19.8,53.7,21,84.2,81.7
SY050917,BUS_A,Business,3,Saturday,11,11.0,79.1,4,24.5,25.6
SY079693,ENG_B,Engineering,18,Saturday,2,20.2,47.9,12,48.2,46.4
SY025309,ENG_B,Engineering,12,Saturday,4,19.2,74.1,17,40.6,39.9
SY081154,SCI_B,Science,18,Tuesday,1,12.5,48.9,51,90.6,85.3
SY037726,RES_A,Residential,8,Saturday,1,15.5,58.0,47,38.0,33.4
SY047567,SPT_A,Sports,7,Saturday,11,17.5,70.6,0,32.3,32.2
SY014792,ENG_A,Engineering,18,Thursday,1,14.7,51.7,80,84.1,78.6
SY008480,RES_B,Residential,9,Tuesday,8,21.5,86.9,29,26.4,24.8
SY059704,RES_A,Residential,17,Thursday,3,19.8,49.2,146,34.0,38.0
SY063235,ADM_A,Administration,18,Saturday,7,27.0,79.9,2,21.1,18.8
SY095521,BUS_A,Business,9,Friday,10,22.8,67.9,124,,34.7
SY051260,ENG_A,Engineering,9,Tuesday,11,16.9,61.0,100,62.6,70.8
SY009239,ADM_A,Administration,22,Monday,6,26.2,72.4,1,24.5,22.5
SY061714,ENG_A,Engineering,3,Thursday,7,24.8,80.0,8,57.8,55.5
SY002824,ADM_A,Administration,8,Saturday,3,13.9,65.6,2,18.2,18.7
SY030322,ENG_B,Engineering,6,Tuesday,7,27.8,78.9,8,48.8,52.2
SY088471,SPT_A,Sports,8,Friday,3,17.7,65.8,40,29.7,31.9
SY016607,SPT_A,Sports,2,Wednesday,1,11.5,69.6,0,44.2,44.9
SY098325,LIB_A,Library,5,Wednesday,12,13.2,70.1,0,25.9,24.8
SY082692,RES_A,Residential,15,Wednesday,5,31.9,53.6,161,69.2,73.3
SY093378,ADM_A,Administration,11,Wednesday,7,30.9,60.0,85,44.0,49.3
SY098976,BUS_A,Business,8,Saturday,12,17.0,66.8,0,20.2,20.6
SY018117,ENG_B,Engineering,11,Friday,3,19.9,56.1,141,60.6,64.6
SY029912,SCI_B,Science,22,Wednesday,11,15.6,67.2,9,62.7,60.7
SY071399,ADM_A,Administration,13,Wednesday,2,21.5,47.1,123,29.5,37.9
SY092601,RES_B,Residential,11,Saturday,12,16.1,60.3,168,35.9,36.0
SY007537,RES_A,Residential,0,Tuesday,5,20.3,78.7,323,70.7,69.9
SY068152,SPT_A,Sports,13,Saturday,3,23.6,48.5,114,37.5,38.5
SY004523,ENG_B,Engineering,23,Wednesday,2,13.3,70.7,10,46.3,46.1
SY016832,SCI_B,Science,11,Saturday,3,16.8,61.5,13,66.4,61.2
SY002441,ENG_A,Engineering,2,Tuesday,5,,,13,57.7,55.7
SY008803,ENG_A,Engineering,4,Sunday,4,15.1,84.0,9,41.0,43.4
SY032165,BUS_B,Business,8,Saturday,4,15.2,74.3,,27.6,26.0
SY036966,ENG_B,Engineering,21,Tuesday,4,18.0,59.5,24,52.0,50.9
SY044398,SCI_B,Science,7,Thursday,6,21.8,76.7,2,60.3,62.9
SY011496,LEC_A,LectureHall,5,Saturday,3,12.5,77.6,2,14.4,14.6
SY065540,RES_A,Residential,2,Saturday,6,26.6,88.1,53,54.0,49.6
SY039110,RES_B,Residential,18,Sunday,3,21.7,60.1,163,35.2,49.8
SY033590,ADM_A,Administration,4,Tuesday,8,22.1,86.4,4,19.4,19.7
SY006359,RES_A,Residential,2,Wednesday,6,19.1,78.1,75,33.7,39.9
SY079878,LIB_A,Library,11,Friday,2,15.2,70.5,144,35.0,39.0
SY096426,BUS_B,Business,14,Saturday,6,33.7,56.2,2,38.3,35.9
SY025551,BUS_A,Business,6,Sunday,4,20.7,72.8,3,23.5,22.1
SY057337,RES_B,Residential,14,Sunday,2,20.3,47.0,165,34.3,36.1
SY016853,ADM_A,Administration,18,Wednesday,8,23.5,85.9,8,31.5,21.6
SY093760,RES_A,Residential,14,Saturday,6,32.1,58.1,80,53.1,57.6
SY060915,RES_B,Residential,23,Wednesday,3,14.9,73.3,221,64.2,47.0
SY020082,SCI_A,Science,22,Tuesday,9,24.7,76.3,11,91.5,89.2
SY061737,SCI_A,Science,5,Saturday,2,12.7,73.4,7,80.2,81.0
SY069663,RES_B,Residential,17,Monday,1,17.0,52.2,19,,26.9
SY039842,ADM_A,Administration,18,Friday,5,25.0,57.1,5,28.3,20.6
SY079078,SCI_A,Science,14,Friday,11,18.0,75.4,125,91.9,100.4
SY008571,LEC_A,LectureHall,19,Friday,5,22.2,62.4,53,27.3,33.4
SY097299,ADM_A,Administration,6,Thursday,8,26.1,86.1,2,23.9,20.8
SY073001,SCI_A,Science,17,Tuesday,10,26.3,52.9,66,95.3,99.9
SY016051,BUS_A,Business,4,Thursday,6,25.2,80.8,2,28.4,24.6
SY051967,SCI_B,Science,2,Monday,10,17.8,79.3,8,66.3,66.9
SY058074,BUS_B,Business,23,Tuesday,6,25.7,84.2,1,34.9,34.3
SY069955,LEC_A,LectureHall,7,Tuesday,11,15.5,68.4,2,18.1,12.8
SY010201,RES_A,Residential,15,Saturday,3,24.3,47.5,199,48.3,46.9
SY078808,RES_A,Residential,13,Wednesday,9,24.2,78.0,111,43.0,44.7
SY051069,SPT_A,Sports,3,Tuesday,1,5.4,73.5,0,54.4,55.5
SY039647,SCI_A,Science,19,Thursday,5,,,35,98.4,101.6
SY075174,LIB_A,Library,17,Wednesday,2,17.7,43.0,155,36.6,52.6
SY085769,ENG_B,Engineering,13,Saturday,3,20.5,48.6,27,39.5,41.4
SY089121,BUS_A,Business,3,Saturday,3,13.3,,4,23.9,24.7
SY082732,ENG_A,Engineering,12,Tuesday,4,17.7,53.7,101,63.1,57.7
SY090030,LEC_A,LectureHall,23,Thursday,1,13.3,66.0,0,16.0,15.2
SY083571,SPT_A,Sports,19,Wednesday,1,16.7,56.5,,61.4,60.7
SY027270,BUS_B,Business,2,Tuesday,6,20.3,79.7,1,26.1,27.1
SY092028,SCI_B,Science,19,Wednesday,3,17.1,78.2,34,77.8,77.7
SY021066,ADM_A,Administration,9,Monday,2,15.6,60.5,92,37.5,34.7
SY081904,RES_A,Residential,13,Saturday,5,26.7,55.0,287,62.7,70.3
SY062926,LEC_A,LectureHall,1,Sunday,7,22.1,86.6,0,14.5,11.6
SY068651,BUS_B,Business,0,Tuesday,11,13.5,78.4,5,32.2,27.7
SY019189,SCI_A,Science,8,Saturday,3,18.9,65.7,7,78.4,78.9
SY060103,ENG_A,Engineering,13,Friday,5,30.0,60.0,73,79.8,78.6
SY090481,SCI_A,Science,9,Tuesday,6,28.0,82.2,62,97.7,116.5
SY070032,BUS_B,Business,20,Saturday,5,22.9,64.6,10,29.5,29.8
SY032447,BUS_B,Business,22,Wednesday,5,24.0,69.8,7,62.3,30.1
SY042376,LIB_A,Library,15,Sunday,11,22.6,42.7,106,37.0,36.2
SY091722,RES_A,Residential,11,Monday,4,23.3,59.6,167,41.9,40.3
SY021055,ADM_A,Administration,17,Friday,7,29.7,87.3,44,48.1,43.8
SY011051,LEC_A,LectureHall,9,Saturday,10,23.6,78.9,3,15.0,13.3
SY000538,BUS_B,Business,8,Thursday,7,,,23,33.3,39.0
SY025439,SCI_A,Science,21,Wednesday,3,16.9,68.3,12,85.8,74.8
SY048204,LEC_A,LectureHall,6,Saturday,6,27.3,76.5,0,20.2,19.6
SY009323,ENG_A,Engineering,10,Sunday,10,26.9,63.0,20,46.1,52.3
SY002522,ENG_A,Engineering,2,Thursday,1,11.1,76.3,8,64.1,50.0
SY047598,ENG_B,Engineering,8,Tuesday,11,16.5,68.3,49,37.7,45.6
SY005347,SPT_A,Sports,13,Monday,11,21.3,50.8,55,39.6,40.4
SY031764,RES_B,Residential,11,Friday,10,26.2,57.5,87,32.1,33.9
SY049583,SCI_A,Science,23,Friday,2,17.3,68.4,6,84.2,84.5
SY072583,ADM_A,Administration,18,Saturday,4,27.6,54.1,1,20.5,22.3
SY087058,RES_A,Residential,21,Sunday,5,21.8,63.4,320,93.4,94.4
SY090841,SCI_A,Science,5,Sunday,6,26.8,83.7,5,99.2,95.3
SY047973,BUS_B,Business,22,Monday,2,17.2,61.6,14,56.4,26.4
SY064635,ENG_A,Engineering,4,Friday,11,19.1,78.2,11,47.1,50.2
SY081104,ENG_A,Engineering,5,Wednesday,12,14.0,68.8,8,,45.3
SY096254,ENG_A,Engineering,16,Friday,11,22.0,76.8,104,72.9,68.9
SY047465,RES_A,Residential,21,Saturday,4,21.8,64.1,240,72.8,73.8
SY027414,SCI_A,Science,15,Friday,5,31.5,58.0,69,120.3,125.2
SY022083,SPT_A,Sports,12,Sunday,3,21.7,53.8,60,40.3,41.5
SY004157,ENG_A,Engineering,11,Wednesday,3,18.9,59.8,109,62.2,67.3
SY055638,BUS_B,Business,4,Wednesday,6,21.3,81.8,0,29.8,30.1
SY029554,LIB_A,Library,9,Monday,5,22.3,63.0,71,26.1,28.5
SY076721,LIB_A,Library,22,Monday,5,21.5,66.5,74,55.5,47.3
SY070492,ENG_B,Engineering,22,Friday,10,21.4,68.6,18,51.6,47.7
SY085649,BUS_A,Business,19,Thursday,7,31.1,66.6,18,49.6,60.4
SY009023,SCI_A,Science,15,Sunday,9,26.4,76.2,14,112.5,76.8
SY034829,ENG_B,Engineering,2,Tuesday,5,23.3,83.1,5,48.5,50.4
SY030967,RES_B,Residential,1,Wednesday,3,14.5,74.4,226,47.5,45.8
SY075598,ADM_A,Administration,11,Thursday,2,22.4,52.2,103,29.2,38.3
SY091193,LIB_A,Library,11,Friday,4,21.9,78.7,136,34.9,39.5
SY024169,ENG_B,Engineering,2,Wednesday,7,26.0,81.2,4,55.3,53.2
SY014755,LIB_A,Library,21,Wednesday,6,25.5,70.1,47,70.3,68.1
SY068529,SCI_A,Science,23,Friday,5,24.1,79.0,4,103.9,99.4
SY058735,LIB_A,Library,13,Saturday,1,20.3,48.1,,25.5,25.2
SY005506,LEC_A,LectureHall,7,Saturday,6,28.3,79.9,0,22.3,21.3
SY014891,ENG_B,Engineering,14,Sunday,9,25.1,81.5,26,42.1,41.7
SY089670,SCI_A,Science,18,Saturday,9,27.8,83.1,6,,85.9
SY058367,BUS_A,Business,16,Wednesday,4,26.8,53.3,140,47.1,49.6
SY002916,ENG_A,Engineering,6,Wednesday,2,13.9,72.9,12,48.4,45.7
SY087712,ENG_A,Engineering,21,Saturday,2,11.7,79.8,8,48.8,46.4
SY080319,RES_B,Residential,21,Saturday,1,12.5,58.9,204,59.7,60.5
SY025516,BUS_B,Business,21,Wednesday,2,16.2,76.2,124,57.9,53.1
SY045398,SCI_B,Science,3,Thursday,3,16.1,75.6,10,57.8,58.4
SY092495,ENG_A,Engineering,22,Tuesday,1,7.2,66.8,22,69.2,70.6
SY088897,BUS_B,Business,22,Wednesday,1,14.2,65.5,18,57.1,30.1
SY082631,SCI_A,Science,5,Monday,12,12.3,72.4,2,82.0,83.3
SY029179,BUS_B,Business,15,Friday,3,24.7,43.9,230,48.6,52.3
SY005636,SCI_B,Science,21,Saturday,4,22.0,68.7,3,65.5,62.2
SY093480,SCI_B,Science,14,Tuesday,4,27.0,57.7,88,78.1,87.7
SY031733,ENG_A,Engineering,12,Sunday,6,29.7,63.0,16,106.0,112.2
SY045914,SCI_B,Science,11,Tuesday,2,21.3,64.2,70,77.3,73.3
SY057491,BUS_A,Business,15,Thursday,3,23.0,56.6,154,34.3,34.8
SY033613,LEC_A,LectureHall,2,Tuesday,11,14.0,72.3,5,,15.3
SY077913,SPT_A,Sports,0,Monday,9,23.7,83.8,0,30.2,31.6
SY084479,ENG_B,Engineering,4,Friday,8,24.2,83.9,7,41.8,45.4
SY012906,SCI_B,Science,11,Friday,1,19.9,61.7,102,80.0,76.4
SY013378,LEC_A,LectureHall,16,Saturday,6,33.3,57.9,0,29.9,29.6
SY075180,SCI_B,Science,15,Saturday,8,30.6,85.0,7,102.2,104.3
SY017283,RES_B,Residential,4,Wednesday,7,25.0,91.1,60,45.2,47.8
SY045583,LEC_A,LectureHall,23,Wednesday,1,12.4,72.3,0,18.0,16.8
SY011732,BUS_A,Business,2,Sunday,3,9.2,74.4,3,25.3,25.3
SY049173,ADM_A,Administration,7,Monday,10,22.5,64.6,76,17.2,34.2
SY046836,SCI_A,Science,1,Monday,4,17.7,77.3,4,76.5,79.0
SY034703,LIB_A,Library,2,Wednesday,2,15.1,73.0,13,23.9,25.6
SY044796,LIB_A,Library,5,Friday,1,12.2,72.5,1,29.1,26.4
SY087035,RES_B,Residential,23,Wednesday,12,9.3,67.2,211,82.8,53.5
SY087332,LEC_A,LectureHall,8,Saturday,1,16.0,59.1,0,14.3,14.2
SY025514,SCI_B,Science,23,Tuesday,11,16.7,68.7,4,59.3,60.5
SY068269,SCI_B,Science,23,Friday,1,11.0,74.0,4,58.0,61.3
SY028524,SCI_A,Science,22,Sunday,9,17.9,81.6,4,64.2,64.9
SY052357,ADM_A,Administration,19,Tuesday,2,17.6,52.7,3,27.0,18.4
SY069746,RES_A,Residential,13,Sunday,4,28.0,50.6,176,49.6,51.7
SY097524,BUS_B,Business,23,Friday,3,17.8,68.2,4,30.4,28.6
SY069388,SPT_A,Sports,3,Saturday,8,26.7,85.2,0,35.4,36.3
SY075662,ENG_B,Engineering,3,Tuesday,5,24.2,81.7,6,50.4,43.9
SY041427,LIB_A,Library,17,Friday,1,18.5,51.0,17,25.9,25.3
SY038018,RES_A,Residential,4,Friday,12,10.0,74.7,34,39.9,37.4
SY066286,BUS_B,Business,22,Thursday,4,19.4,69.9,14,57.4,28.4
SY015987,BUS_A,Business,0,Tuesday,1,12.0,76.6,3,20.6,22.8
SY039130,SCI_B,Science,20,Friday,8,24.0,86.0,5,73.7,67.0
SY046930,BUS_B,Business,8,Wednesday,10,22.6,66.9,111,23.7,37.0
SY040289,SPT_A,Sports,2,Friday,1,10.4,68.4,0,41.5,38.9
SY077321,LEC_A,LectureHall,22,Saturday,1,10.1,61.6,0,15.7,16.3
SY025190,ENG_A,Engineering,8,Wednesday,3,13.8,62.1,87,48.2,64.4
SY049518,RES_A,Residential,9,Tuesday,7,29.7,75.5,36,51.8,52.5
SY052286,SPT_A,Sports,22,Sunday,6,25.4,73.3,0,39.7,35.6
SY080054,SCI_A,Science,8,Monday,4,20.5,71.0,77,76.7,95.7
SY007268,ADM_A,Administration,3,Sunday,11,13.5,73.2,5,18.5,17.9
SY002293,BUS_B,Business,4,Wednesday,3,17.2,74.5,6,28.8,28.5
SY066550,SCI_A,Science,3,Friday,1,10.3,71.6,3,85.9,83.8
SY064077,ENG_B,Engineering,12,Sunday,2,27.2,54.7,25,44.3,43.8
SY035615,LIB_A,Library,3,Sunday,2,12.5,69.8,2,23.7,24.1
SY026914,RES_B,Residential,5,Friday,6,23.9,81.9,53,33.6,31.9
SY084800,ADM_A,Administration,7,Tuesday,9,23.5,78.2,41,16.5,25.0
SY072075,BUS_B,Business,16,Sunday,10,22.2,78.3,11,28.0,25.7
SY016676,LIB_A,Library,10,Tuesday,7,26.5,76.3,27,37.5,37.7
SY052129,SCI_B,Science,13,Friday,6,30.8,84.6,50,110.9,109.6
SY000180,LEC_A,LectureHall,5,Wednesday,5,18.9,75.2,3,15.4,13.9
SY089268,LIB_A,Library,20,Thursday,3,20.7,56.2,143,57.0,56.0
SY012225,RES_B,Residential,23,Monday,4,21.4,81.1,222,70.7,57.0
SY038760,ADM_A,Administration,15,Saturday,2,25.7,47.2,5,18.5,18.6
SY011733,SPT_A,Sports,20,Thursday,1,15.9,60.5,60,53.9,55.8
SY021231,LEC_A,LectureHall,18,Sunday,1,21.4,52.8,0,15.0,13.8
SY073447,ENG_B,Engineering,20,Monday,2,16.4,55.2,26,54.3,48.6
SY035484,BUS_B,Business,10,Tuesday,10,22.6,62.4,171,44.2,46.6
SY069111,SPT_A,Sports,9,Tuesday,8,22.9,85.5,16,33.8,27.8
SY029181,SCI_B,Science,9,Tuesday,4,22.9,80.9,98,76.9,84.5
SY053655,RES_B,Residential,23,Wednesday,8,21.9,69.7,88,45.4,40.9
SY084206,ADM_A,Administration,8,Monday,10,24.9,69.4,91,26.8,37.5
SY034097,BUS_B,Business,5,Sunday,3,11.0,78.1,0,28.4,28.4
SY073870,BUS_A,Business,20,Monday,8,30.8,67.4,28,66.0,64.0
SY051790,SCI_A,Science,7,Friday,1,13.1,72.1,5,80.2,85.0
SY096923,ENG_A,Engineering,10,Sunday,5,27.7,76.8,13,56.3,59.5
SY060043,SPT_A,Sports,16,Sunday,10,30.1,52.3,132,57.0,65.1
SY041154,SCI_A,Science,6,Thursday,6,26.9,76.0,6,,88.3
SY091599,BUS_A,Business,15,Wednesday,4,18.6,79.3,116,35.2,33.6
SY063692,SCI_B,Science,15,Thursday,1,17.8,51.6,21,,60.0
SY034359,RES_A,Residential,9,Thursday,5,22.1,78.8,180,60.6,44.5
SY052182,ADM_A,Administration,1,Wednesday,7,26.6,83.6,4,22.8,26.7
SY077574,SCI_B,Science,11,Thursday,1,15.2,56.9,81,93.5,82.4
SY042488,LIB_A,Library,1,Wednesday,5,21.9,81.6,114,57.2,51.4
SY070525,RES_B,Residential,2,Sunday,5,18.5,88.8,203,49.6,49.6
SY048205,SPT_A,Sports,19,Thursday,8,26.0,65.1,53,53.8,71.8
SY012006,ENG_A,Engineering,19,Tuesday,12,16.6,55.3,12,60.9,51.7
SY088717,LIB_A,Library,18,Saturday,1,16.6,52.1,75,49.6,47.6
SY072598,ENG_B,Engineering,23,Saturday,3,11.7,62.7,10,41.5,39.9
SY079943,LIB_A,Library,17,Wednesday,2,20.1,49.0,143,41.1,53.8
SY079448,LEC_A,LectureHall,10,Friday,4,22.9,53.0,307,35.0,33.3
SY033610,RES_A,Residential,17,Tuesday,10,23.0,82.1,115,34.5,37.6
SY073391,ENG_A,Engineering,12,Tuesday,5,22.9,83.1,94,62.6,62.3
SY043255,SCI_A,Science,5,Saturday,6,22.9,86.7,3,73.9,73.1
SY038494,SPT_A,Sports,21,Sunday,10,22.2,77.6,27,48.8,45.7
SY053073,ENG_A,Engineering,4,Saturday,10,18.8,78.7,5,48.2,41.5
SY024072,LEC_A,LectureHall,7,Monday,1,10.1,64.7,0,18.2,18.9
SY044331,LIB_A,Library,1,Sunday,1,9.2,73.2,0,29.0,26.9
SY092116,SPT_A,Sports,15,Friday,7,29.1,81.5,23,37.2,52.6
SY068765,BUS_A,Business,0,Wednesday,1,11.2,71.0,1,24.0,25.1
SY046277,RES_A,Residential,20,Wednesday,4,17.9,81.6,319,80.3,94.6
SY031309,SPT_A,Sports,18,Monday,4,24.1,79.4,181,59.1,56.0
SY015542,BUS_B,Business,19,Monday,2,22.3,53.8,126,53.6,54.1
SY021757,ADM_A,Administration,2,Friday,1,9.5,70.9,4,16.9,18.5
SY009961,BUS_B,Business,18,Sunday,4,27.0,60.9,6,32.8,32.9
SY050859,SCI_B,Science,19,Wednesday,10,25.5,66.2,32,100.5,95.6
SY004910,ADM_A,Administration,7,Wednesday,8,20.9,82.3,36,17.7,26.1
SY016176,RES_B,Residential,20,Saturday,3,20.0,58.9,204,72.2,66.2
SY066898,BUS_A,Business,10,Thursday,4,21.8,64.7,203,37.6,38.5
SY049262,RES_B,Residential,18,Thursday,3,20.1,57.2,156,35.7,52.3
SY053183,ENG_A,Engineering,12,Wednesday,4,20.6,58.6,140,64.7,68.8
SY038776,BUS_B,Business,23,Friday,2,17.5,65.1,2,29.5,27.9
SY023275,SCI_A,Science,7,Wednesday,4,19.7,69.6,14,70.2,73.3
SY010366,RES_B,Residential,17,Wednesday,11,20.0,52.5,142,27.3,30.0
SY062007,SPT_A,Sports,11,Thursday,3,20.9,54.7,43,34.4,36.6
SY091148,RES_B,Residential,23,Tuesday,3,13.1,65.4,276,69.1,52.1
SY067916,SCI_A,Science,2,Friday,5,21.5,88.1,4,74.4,75.9
SY019513,SPT_A,Sports,14,Tuesday,6,29.0,85.8,14,51.2,34.0
SY044838,BUS_B,Business,6,Wednesday,7,25.3,,0,24.7,26.7
SY097304,ENG_A,Engineering,4,Friday,8,27.0,82.1,9,77.6,72.7
SY032118,SCI_A,Science,21,Tuesday,1,16.3,62.6,5,80.9,85.6
SY013917,BUS_B,Business,17,Thursday,6,29.1,87.3,48,62.4,64.2
SY031152,ENG_A,Engineering,11,Wednesday,7,30.4,61.1,70,84.9,86.6
SY072573,BUS_A,Business,9,Thursday,9,25.7,72.2,130,31.7,43.8
SY094634,RES_B,Residential,23,Monday,11,14.3,67.9,336,65.1,60.3
SY095854,SCI_B,Science,22,Wednesday,5,21.5,83.4,3,60.1,62.9
SY039940,RES_B,Residential,13,Saturday,4,16.4,74.6,166,36.4,33.0
SY026973,SPT_A,Sports,1,Monday,6,24.3,75.4,0,32.7,32.5
SY026634,SCI_B,Science,2,Sunday,2,11.5,72.6,8,68.2,71.3
SY012974,ENG_A,Engineering,15,Saturday,3,19.0,47.1,23,53.4,47.5
SY035036,ADM_A,Administration,14,Sunday,11,23.1,52.8,2,,17.8
SY056169,BUS_B,Business,12,Saturday,10,28.3,63.2,82,39.8,46.9
SY090297,SCI_A,Science,22,Friday,6,29.0,82.0,4,109.3,100.8
SY063034,LEC_A,LectureHall,20,Wednesday,8,22.6,85.9,4,19.3,16.7
SY079757,LEC_A,LectureHall,16,Sunday,5,35.1,,1,31.4,31.4
SY031174,ADM_A,Administration,5,Saturday,4,18.9,73.0,2,18.9,19.2
SY064822,SCI_B,Science,22,Sunday,2,,66.2,5,58.2,60.4
SY041049,SPT_A,Sports,18,Wednesday,4,26.7,58.1,160,51.6,59.4
SY015551,LEC_A,LectureHall,2,Monday,5,19.5,81.0,2,14.2,15.0
SY032084,RES_A,Residential,4,Saturday,11,11.6,70.2,336,81.2,73.4
SY045858,SCI_B,Science,0,Monday,2,9.8,72.1,5,71.1,69.4
SY002725,RES_A,Residential,0,Tuesday,3,14.2,71.0,251,63.0,59.7
SY048371,BUS_A,Business,20,Tuesday,1,10.2,57.7,142,45.3,50.0
SY068820,BUS_B,Business,15,Monday,3,18.7,52.2,208,47.5,47.9
SY025166,RES_B,Residential,16,Monday,1,20.9,47.2,12,22.5,24.5
SY036379,RES_B,Residential,13,Sunday,4,20.8,78.0,192,33.9,39.5
SY016389,RES_B,Residential,13,Tuesday,7,33.9,58.4,30,45.4,48.2
SY034984,RES_A,Residential,1,Saturday,3,11.6,70.1,323,69.2,65.6
SY085685,LEC_A,LectureHall,5,Friday,7,28.7,76.6,0,28.7,26.1
SY097692,ENG_A,Engineering,7,Sunday,4,18.6,74.5,6,43.3,42.0
SY023897,RES_A,Residential,1,Wednesday,8,28.4,83.6,99,62.8,70.5
SY090384,SCI_B,Science,22,Monday,6,24.4,90.3,7,82.2,76.7
SY099566,RES_B,Residential,0,Thursday,9,19.0,75.5,208,57.3,55.9
SY018694,ADM_A,Administration,13,Friday,1,18.2,43.9,67,33.2,29.5
SY094667,RES_B,Residential,11,Thursday,7,34.4,65.9,25,55.8,52.9
SY041039,SPT_A,Sports,19,Sunday,1,17.2,50.9,40,56.2,54.1
SY044392,SCI_B,Science,6,Thursday,9,22.9,76.4,11,54.9,56.8
SY015052,BUS_B,Business,12,Thursday,2,21.5,52.8,262,49.9,55.0
SY022662,RES_A,Residential,2,Sunday,4,18.7,71.6,277,63.9,65.3
SY052308,ENG_B,Engineering,12,Monday,1,16.8,58.5,128,57.7,58.5
SY043371,ENG_B,Engineering,5,Tuesday,6,27.3,83.0,4,52.3,52.2
SY050423,BUS_B,Business,6,Monday,2,15.9,67.9,5,30.3,29.9
SY099987,LEC_A,LectureHall,9,Saturday,9,26.9,78.4,1,20.5,20.3
SY044637,SCI_A,Science,18,Monday,6,27.3,81.9,27,104.4,98.2
SY078228,BUS_B,Business,8,Thursday,5,24.1,82.8,49,28.5,37.6
SY072279,ADM_A,Administration,21,Sunday,7,27.6,79.5,1,23.6,21.2
SY020612,SCI_B,Science,7,Thursday,2,17.1,66.8,7,61.2,60.9
SY033470,ENG_A,Engineering,15,Sunday,6,34.8,59.9,21,89.0,92.8
SY086478,SCI_A,Science,1,Monday,6,,,2,118.2,110.1
SY051751,RES_A,Residential,17,Friday,2,18.7,53.5,180,,42.0
SY005902,SPT_A,Sports,0,Tuesday,12,14.3,65.3,0,37.5,34.6
SY092503,ENG_A,Engineering,5,Monday,10,20.9,72.9,14,45.2,48.3
SY063202,BUS_A,Business,13,Monday,12,22.2,51.5,8,21.8,24.8
SY027400,RES_A,Residential,22,Monday,7,27.5,80.9,87,64.8,71.4
SY071041,ENG_A,Engineering,9,Wednesday,7,27.8,68.8,47,68.5,72.9
SY047934,RES_B,Residential,7,Wednesday,5,22.7,77.4,172,62.3,50.7
SY084696,ADM_A,Administration,3,Thursday,8,27.4,78.5,0,26.4,25.7
SY011670,ENG_B,Engineering,8,Wednesday,12,17.1,63.2,41,37.3,46.0
SY058692,LEC_A,LectureHall,23,Wednesday,4,18.9,68.6,0,13.8,13.9
SY039707,ENG_A,Engineering,11,Tuesday,2,13.4,56.1,118,70.3,72.5
SY099932,SCI_B,Science,2,Wednesday,5,21.9,89.7,3,67.6,64.6
SY095611,SCI_B,Science,11,Tuesday,6,27.6,64.8,47,,82.5
SY083481,SCI_A,Science,0,Wednesday,4,13.0,77.7,8,77.1,75.0
SY083734,BUS_A,Business,9,Sunday,1,17.8,59.1,14,21.1,23.1
SY019312,ADM_A,Administration,1,Friday,6,21.6,74.2,3,18.7,15.5
SY020063,LEC_A,LectureHall,12,Wednesday,1,8.9,72.4,110,40.6,35.4
SY035425,LEC_A,LectureHall,14,Sunday,10,22.5,74.6,3,15.0,13.3
SY055111,SCI_B,Science,7,Tuesday,2,13.1,67.8,9,71.0,71.6
SY019395,SCI_B,Science,6,Friday,12,12.4,69.2,3,65.9,66.2
SY080456,ENG_A,Engineering,3,Friday,4,16.9,80.0,9,41.3,41.0
SY078035,RES_B,Residential,23,Thursday,1,12.4,67.8,32,31.6,27.4
SY004972,RES_A,Residential,18,Tuesday,8,23.2,79.7,36,35.8,38.7
SY004286,ADM_A,Administration,18,Monday,2,12.1,69.1,4,35.2,28.2
SY037336,ENG_A,Engineering,22,Sunday,5,22.0,72.1,6,53.1,49.3
SY032061,BUS_A,Business,12,Friday,6,29.6,82.1,38,47.3,49.7
SY098796,RES_A,Residential,7,Friday,12,13.2,66.3,50,42.1,40.0
SY079421,SCI_B,Science,11,Friday,4,23.3,64.5,85,76.9,76.3
SY051328,ADM_A,Administration,4,Monday,6,24.6,73.6,1,20.8,21.2
SY045952,RES_A,Residential,22,Friday,2,15.1,,258,74.1,74.2
SY003590,LEC_A,LectureHall,18,Tuesday,8,30.7,79.2,25,30.0,32.8
SY020151,ADM_A,Administration,1,Wednesday,11,15.5,79.6,1,19.0,17.2
SY052028,BUS_A,Business,2,Saturday,5,21.0,76.3,5,25.7,24.1
SY055930,SPT_A,Sports,11,Saturday,1,15.8,52.3,71,46.9,43.1
SY053349,LEC_A,LectureHall,1,Friday,5,22.8,72.2,0,19.1,16.6
SY071820,SCI_B,Science,23,Friday,12,17.0,71.0,3,59.8,59.4
SY080203,BUS_B,Business,10,Wednesday,1,16.4,55.8,23,23.5,27.7
SY026778,SCI_B,Science,3,Wednesday,10,19.2,79.4,9,66.0,64.7
SY018781,BUS_B,Business,9,Saturday,3,16.5,62.0,79,24.1,37.8
SY027940,SCI_B,Science,16,Monday,5,27.5,55.9,69,89.1,84.7
SY080647,BUS_A,Business,20,Wednesday,5,22.2,76.0,8,22.9,24.1
SY034935,ENG_A,Engineering,15,Wednesday,10,27.9,55.0,98,85.9,78.1
SY022259,BUS_B,Business,14,Friday,10,27.7,54.7,202,43.3,64.2
SY078534,RES_B,Residential,2,Friday,2,11.5,70.1,255,48.8,56.6
SY046374,SCI_B,Science,9,Saturday,2,16.1,58.8,7,66.3,70.6
SY088260,LEC_A,LectureHall,20,Tuesday,4,16.9,62.4,,17.1,13.0
SY063408,LIB_A,Library,6,Tuesday,8,31.1,78.8,8,36.7,33.6
SY029949,SPT_A,Sports,21,Tuesday,2,16.3,59.2,103,63.2,62.7
SY000262,SPT_A,Sports,6,Thursday,2,17.6,73.9,80,31.4,48.9
SY001602,SPT_A,Sports,7,Monday,9,23.2,81.7,84,39.7,34.2
SY033441,BUS_A,Business,11,Monday,2,,70.4,170,39.0,40.0
SY018948,RES_B,Residential,7,Thursday,10,18.5,69.9,242,69.4,56.5
SY058374,ENG_A,Engineering,20,Sunday,4,25.4,58.9,12,61.4,55.9
SY059769,RES_B,Residential,23,Monday,3,15.9,81.9,226,56.5,42.9
SY000279,ENG_A,Engineering,4,Friday,12,15.8,75.2,8,49.4,47.4
SY066657,LEC_A,LectureHall,11,Wednesday,2,15.5,49.8,463,44.5,45.4
SY090236,SCI_B,Science,2,Sunday,4,20.5,79.2,4,62.5,64.3
SY003197,SPT_A,Sports,8,Wednesday,4,21.4,72.1,85,32.2,35.1
SY094473,SCI_A,Science,19,Saturday,11,19.5,56.1,2,76.6,79.1
SY035544,RES_B,Residential,20,Monday,5,24.1,65.8,285,103.0,92.5
SY098319,RES_B,Residential,9,Saturday,1,13.8,60.4,30,33.1,28.7
SY038061,RES_B,Residential,1,Saturday,10,21.8,90.2,166,53.0,52.3
SY066151,BUS_A,Business,5,Tuesday,6,25.0,77.8,1,24.4,24.3
SY041678,ENG_A,Engineering,19,Friday,4,23.6,60.6,50,79.4,71.7
SY011160,LIB_A,Library,15,Sunday,11,19.6,74.2,177,32.4,41.8
SY041496,SCI_A,Science,23,Monday,4,19.7,69.3,1,79.1,72.9
SY017026,ADM_A,Administration,1,Monday,4,19.1,73.1,3,17.8,16.8
SY019942,SPT_A,Sports,16,Monday,1,17.9,52.1,83,44.8,45.3
SY095063,ENG_A,Engineering,13,Tuesday,4,20.3,86.3,98,62.1,59.9
SY055692,LIB_A,Library,14,Sunday,6,28.2,84.4,35,62.5,60.7
SY080252,SCI_B,Science,15,Sunday,5,35.8,57.0,4,106.1,103.3
SY094383,BUS_A,Business,13,Tuesday,6,26.9,81.2,33,36.7,34.1
SY038920,ADM_A,Administration,13,Monday,6,35.4,56.0,83,48.5,59.7
SY054540,LEC_A,LectureHall,3,Sunday,1,8.2,69.8,0,21.8,22.0
SY027630,LIB_A,Library,12,Monday,1,20.9,48.4,6,24.5,25.3
SY023107,RES_A,Residential,5,Friday,1,9.5,69.6,376,74.6,76.9
SY027301,SCI_A,Science,6,Tuesday,10,20.8,81.5,7,74.4,75.1
SY046684,LEC_A,LectureHall,9,Thursday,10,25.9,63.2,360,37.9,54.2
SY067766,LEC_A,LectureHall,12,Saturday,3,23.8,57.3,,13.8,14.3
SY044350,LIB_A,Library,15,Sunday,11,17.7,70.9,117,34.4,33.2
SY007504,SCI_A,Science,4,Monday,2,20.4,79.3,12,81.4,82.8
SY058099,LIB_A,Library,6,Thursday,9,20.2,72.3,12,26.6,23.8
SY094159,RES_A,Residential,8,Tuesday,7,29.9,68.3,29,57.0,51.9
SY080285,SPT_A,Sports,11,Tuesday,10,25.3,52.5,49,32.3,33.6
SY091172,LIB_A,Library,7,Saturday,5,18.3,69.4,4,23.9,22.4
SY018385,SPT_A,Sports,15,Monday,11,21.4,50.6,72,38.8,42.9
SY082469,RES_A,Residential,10,Thursday,7,30.0,84.1,27,57.6,59.5
SY006981,LIB_A,Library,23,Monday,12,13.6,58.2,6,26.2,26.7
SY041509,SCI_A,Science,13,Monday,4,22.2,55.4,74,103.3,95.7
SY085478,BUS_B,Business,1,Tuesday,10,19.5,72.6,0,28.6,28.6
SY046231,ENG_B,Engineering,12,Tuesday,11,21.3,48.5,101,57.8,55.8
SY091870,ENG_B,Engineering,12,Thursday,3,24.3,55.8,107,51.9,52.2
SY078999,LIB_A,Library,7,Tuesday,5,26.1,,64,37.8,45.6
SY084147,LEC_A,LectureHall,5,Saturday,4,16.6,73.9,0,12.4,14.1
SY095617,BUS_A,Business,9,Wednesday,2,17.3,57.4,114,31.0,34.8
SY086646,BUS_A,Business,20,Sunday,6,27.5,85.8,2,28.5,27.3
SY046599,BUS_A,Business,12,Saturday,5,26.1,64.2,36,30.6,30.5
SY095095,SCI_A,Science,3,Friday,1,10.0,81.7,8,84.3,83.5
SY064649,BUS_A,Business,19,Thursday,4,21.4,64.9,122,42.2,47.9
SY060561,ENG_B,Engineering,6,Tuesday,1,11.9,75.7,8,40.4,40.3
SY009330,RES_B,Residential,7,Tuesday,5,23.4,72.4,173,67.3,53.2
SY039458,LEC_A,LectureHall,9,Wednesday,6,30.0,82.2,41,53.3,55.3
SY037502,SCI_A,Science,3,Friday,10,18.9,81.2,7,73.9,73.7
SY034189,LIB_A,Library,8,Friday,5,21.0,67.5,37,25.8,27.9
SY050385,ADM_A,Administration,22,Saturday,6,,72.9,1,25.2,20.4
SY094863,SCI_B,Science,16,Wednesday,3,17.3,79.9,100,71.0,75.4
SY013447,ENG_A,Engineering,16,Tuesday,9,30.7,61.1,,135.1,132.0
SY035613,ADM_A,Administration,18,Thursday,2,20.4,50.0,7,36.0,25.1
SY046150,LEC_A,LectureHall,7,Sunday,4,15.9,71.7,1,15.1,12.8
SY094399,BUS_A,Business,23,Monday,11,15.3,68.7,2,23.0,21.2
SY018982,SPT_A,Sports,12,Monday,4,24.2,76.0,110,35.8,41.3
SY029239,BUS_B,Business,23,Wednesday,2,15.7,65.9,1,,27.7
SY050177,BUS_A,Business,7,Sunday,6,26.1,80.3,0,20.8,20.6
SY095501,LIB_A,Library,22,Saturday,3,17.5,63.3,2,22.9,22.8
SY069237,LEC_A,LectureHall,12,Wednesday,2,23.7,53.0,109,33.6,19.6
SY069747,RES_A,Residential,10,Wednesday,4,22.5,63.2,105,40.8,34.3
SY068632,LIB_A,Library,8,Monday,1,13.4,61.4,0,28.9,27.0
SY045553,ENG_A,Engineering,18,Monday,1,17.2,54.9,24,57.6,58.9
SY029429,RES_B,Residential,22,Tuesday,7,25.8,88.8,57,50.5,50.7
SY076200,SPT_A,Sports,21,Saturday,1,14.8,57.6,7,42.1,40.8
SY044249,LEC_A,LectureHall,15,Monday,7,34.1,57.5,21,32.1,29.0
SY034660,SCI_A,Science,6,Sunday,2,14.5,74.6,12,81.2,83.7
SY080848,SPT_A,Sports,22,Monday,8,28.3,71.9,20,84.1,43.0
SY025349,RES_B,Residential,23,Sunday,2,12.6,69.2,201,68.5,50.4
SY075818,RES_B,Residential,13,Friday,1,15.8,49.4,21,23.0,24.0
SY025186,SCI_B,Science,11,Thursday,3,19.8,59.6,89,85.9,79.9
SY030588,RES_B,Residential,12,Saturday,2,18.9,55.2,159,37.5,34.7
SY046447,LEC_A,LectureHall,11,Sunday,3,,54.4,2,12.4,14.8
SY012520,BUS_A,Business,10,Thursday,6,31.0,70.7,39,45.1,44.5
SY038217,ENG_A,Engineering,22,Tuesday,4,20.7,79.3,14,60.1,52.4
SY049473,ADM_A,Administration,5,Saturday,2,12.9,63.8,1,18.9,16.9
SY062800,ENG_B,Engineering,17,Friday,3,18.7,58.0,74,55.8,51.9
SY022924,ENG_B,Engineering,22,Thursday,4,19.2,71.8,23,50.8,52.2
SY036068,ENG_A,Engineering,5,Wednesday,1,9.5,67.8,3,53.1,52.7
SY096853,RES_B,Residential,10,Friday,8,27.0,78.4,67,49.9,44.3
SY011339,BUS_B,Business,11,Sunday,5,22.6,81.4,67,33.6,34.2
SY041945,BUS_B,Business,17,Tuesday,6,27.2,83.4,28,54.3,52.3
SY080042,SPT_A,Sports,4,Sunday,4,19.2,72.4,0,29.6,28.5
SY077071,BUS_A,Business,10,Tuesday,12,16.8,56.6,71,29.8,27.4
SY000769,ENG_B,Engineering,18,Saturday,6,30.8,91.4,11,66.5,71.2
SY066345,LEC_A,LectureHall,6,Sunday,4,20.3,71.3,2,16.2,12.8
SY057625,SCI_A,Science,12,Friday,3,18.4,55.3,130,107.3,104.8
SY038919,BUS_B,Business,14,Saturday,10,25.8,54.0,175,61.1,57.6
SY002862,SCI_B,Science,21,Friday,4,24.4,67.5,10,86.0,79.6
SY003191,BUS_A,Business,10,Sunday,2,19.2,59.4,72,27.1,29.6
SY003188,ADM_A,Administration,10,Friday,4,19.3,58.7,118,36.0,37.5
SY089219,RES_B,Residential,15,Tuesday,4,22.4,55.2,81,31.2,31.3
SY076198,ADM_A,Administration,5,Tuesday,1,9.8,67.6,2,20.8,20.1
SY061862,RES_B,Residential,16,Thursday,7,32.4,59.8,37,46.7,50.1
SY029405,ENG_A,Engineering,23,Thursday,12,9.7,72.1,19,65.7,66.8
SY090638,LEC_A,LectureHall,17,Tuesday,10,,,206,54.1,37.0
SY081824,SCI_B,Science,18,Friday,5,23.9,59.7,89,81.7,80.2
SY029084,ADM_A,Administration,11,Friday,9,27.6,60.9,104,40.3,42.9
SY081414,RES_A,Residential,18,Thursday,4,21.9,80.6,230,42.9,70.2
SY049959,SCI_B,Science,5,Saturday,11,15.1,79.9,9,62.3,63.1
SY021176,ADM_A,Administration,4,Thursday,6,25.1,75.3,3,18.0,20.3
SY063143,SCI_A,Science,0,Sunday,8,24.2,78.5,2,104.4,95.9
SY024385,BUS_A,Business,15,Sunday,6,29.4,85.8,3,27.8,27.9
SY014061,BUS_B,Business,19,Friday,6,30.6,84.4,44,65.1,79.7
SY055875,SCI_B,Science,4,Tuesday,3,15.8,83.9,7,61.5,57.1
SY078741,ENG_A,Engineering,12,Sunday,2,19.9,56.0,24,47.6,51.3
SY087706,SCI_B,Science,0,Friday,11,,79.7,5,63.3,61.3
SY094052,LEC_A,LectureHall,7,Wednesday,6,28.7,79.6,0,21.0,23.5
SY049956,RES_A,Residential,21,Thursday,10,24.0,66.1,274,87.9,97.9
SY042810,ENG_A,Engineering,6,Sunday,3,15.6,70.5,6,42.1,39.9
SY008002,ENG_A,Engineering,2,Sunday,4,19.9,79.9,7,42.5,43.3
SY050022,SCI_A,Science,13,Friday,12,17.9,50.5,59,93.7,88.7
SY021358,SCI_B,Science,7,Thursday,8,30.2,77.7,9,85.8,82.4
SY077568,SCI_B,Science,13,Tuesday,3,19.5,79.9,51,73.7,74.4
SY000789,RES_B,Residential,15,Friday,5,29.9,51.1,136,51.0,55.3
SY015467,BUS_A,Business,21,Tuesday,2,20.9,75.4,85,42.2,42.3
SY030480,LEC_A,LectureHall,14,Friday,10,30.8,51.6,223,86.7,73.2
SY021525,ENG_B,Engineering,12,Saturday,3,20.2,50.3,27,42.6,41.4
SY023430,SCI_A,Science,2,Friday,6,25.7,81.4,1,107.1,102.8
SY060476,LEC_A,LectureHall,14,Thursday,2,18.6,48.0,314,20.4,32.2
SY039390,SCI_A,Science,11,Thursday,5,,,90,92.3,95.9
SY086675,SCI_A,Science,7,Monday,5,25.7,75.7,9,84.5,85.9
SY016636,RES_B,Residential,8,Monday,7,23.3,87.2,37,34.5,31.9
SY011988,RES_B,Residential,18,Monday,6,29.4,83.1,32,50.0,54.0
SY095859,SCI_A,Science,14,Thursday,2,20.7,53.3,178,104.3,116.5
SY054185,SCI_B,Science,23,Wednesday,1,13.4,71.3,5,59.1,57.8
SY047452,ENG_B,Engineering,14,Monday,10,29.1,56.1,109,74.6,81.8
SY044919,SCI_B,Science,16,Thursday,2,21.4,51.5,62,87.0,77.0
SY063841,BUS_B,Business,2,Wednesday,1,14.2,65.8,6,30.5,29.2
SY082497,BUS_A,Business,15,Friday,8,29.6,56.0,29,39.3,36.1
SY044979,SCI_B,Science,11,Sunday,1,11.0,76.8,4,64.3,63.1
SY037439,ADM_A,Administration,17,Thursday,3,25.5,49.8,69,43.2,36.5
SY090556,RES_A,Residential,12,Friday,8,34.3,56.5,34,57.5,53.2
SY043305,LIB_A,Library,6,Friday,1,12.1,69.4,1,29.4,29.8
SY045951,SCI_A,Science,9,Saturday,2,18.0,61.4,,70.3,72.4
SY015283,ENG_A,Engineering,17,Monday,3,16.6,76.0,119,72.5,60.8
SY062496,SCI_B,Science,16,Wednesday,1,20.5,49.5,83,80.3,83.4
SY047856,SCI_B,Science,18,Saturday,2,,49.9,4,69.4,68.4
SY065554,ENG_A,Engineering,3,Saturday,1,9.1,71.2,11,52.0,52.4
SY093444,LEC_A,LectureHall,22,Monday,8,23.6,72.1,1,23.8,20.6
SY018733,LIB_A,Library,4,Thursday,2,13.4,74.0,11,23.8,24.9
SY036885,ENG_B,Engineering,12,Thursday,3,23.4,51.3,91,55.2,55.0
SY069296,LEC_A,LectureHall,16,Tuesday,8,38.2,56.3,208,114.7,116.2
SY083416,ENG_A,Engineering,23,Sunday,2,20.4,67.0,5,53.7,47.6
SY040953,BUS_A,Business,3,Friday,2,13.0,71.0,3,19.3,20.1
SY008278,RES_A,Residential,11,Friday,11,16.7,71.6,120,34.9,35.5
SY083369,BUS_A,Business,8,Thursday,6,28.7,76.4,15,25.2,26.8
SY007833,SPT_A,Sports,3,Wednesday,4,18.8,71.8,0,28.2,30.3
SY054035,BUS_A,Business,1,Thursday,5,20.5,88.5,3,21.5,20.0
SY017717,SCI_B,Science,22,Wednesday,8,30.2,90.6,11,94.5,95.7
SY004587,RES_A,Residential,11,Friday,11,17.2,58.7,117,39.9,38.0
SY084270,LEC_A,LectureHall,21,Friday,1,13.3,70.8,15,19.4,17.3
SY044830,ENG_B,Engineering,3,Tuesday,4,20.9,82.3,6,39.5,38.4
SY010194,LIB_A,Library,6,Saturday,3,13.4,72.6,6,26.0,25.9
SY092360,ENG_A,Engineering,0,Wednesday,9,18.1,78.9,8,61.7,48.4
SY079478,ENG_A,Engineering,13,Thursday,7,36.6,62.5,28,89.7,87.7
SY029017,SPT_A,Sports,9,Tuesday,6,24.9,67.2,14,26.2,28.6
SY063796,RES_B,Residential,19,Friday,8,26.3,61.8,40,39.8,39.7
SY098684,ENG_B,Engineering,13,Friday,5,27.5,58.1,65,55.5,60.1
SY036706,ENG_B,Engineering,0,Thursday,10,18.6,80.1,4,49.2,37.1
SY099111,RES_A,Residential,0,Wednesday,2,17.6,69.0,243,68.5,57.8
SY038198,SCI_A,Science,7,Saturday,11,14.6,64.2,10,83.1,80.3
SY016803,RES_A,Residential,16,Sunday,4,21.5,85.1,161,50.3,44.5
SY004159,BUS_B,Business,1,Wednesday,1,10.6,67.9,3,23.7,25.1
SY028428,SCI_B,Science,9,Friday,4,18.9,63.3,88,68.7,75.0
SY045514,LEC_A,LectureHall,17,Thursday,11,19.7,56.4,,35.5,21.2
SY013459,ENG_A,Engineering,19,Sunday,4,21.5,61.7,11,62.3,46.8
SY051960,LIB_A,Library,5,Monday,7,23.1,81.4,1,23.8,24.2
SY013766,BUS_A,Business,17,Tuesday,4,25.4,58.1,139,49.6,47.6
SY089742,SPT_A,Sports,23,Tuesday,1,13.5,67.5,0,36.2,36.3
SY099496,BUS_A,Business,16,Friday,7,37.4,54.7,31,64.3,62.7
SY050722,RES_B,Residential,0,Sunday,6,23.6,82.7,77,47.5,46.8
SY081423,RES_B,Residential,6,Friday,12,10.7,72.1,264,59.4,80.5
SY074968,SCI_B,Science,4,Friday,5,19.1,79.0,2,59.0,56.9
SY072569,SPT_A,Sports,16,Saturday,1,17.9,47.5,324,66.0,65.9
SY078310,RES_A,Residential,15,Thursday,7,33.5,50.0,43,60.3,62.7
SY087867,SCI_B,Science,1,Saturday,5,19.7,80.3,5,56.5,56.3
SY097289,BUS_B,Business,11,Friday,3,22.5,61.6,169,45.4,43.4
SY058260,BUS_A,Business,13,Wednesday,8,33.4,82.5,116,95.3,76.9
SY029418,BUS_B,Business,6,Saturday,11,11.9,73.5,3,29.0,33.0
SY092098,ADM_A,Administration,10,Saturday,3,15.5,58.9,10,17.2,19.9
SY099375,BUS_A,Business,17,Monday,10,28.4,55.9,143,59.7,61.2
SY014280,RES_B,Residential,9,Wednesday,8,24.1,71.0,45,25.8,25.5
SY063178,SCI_A,Science,3,Saturday,3,15.6,79.5,8,76.7,74.8
SY038691,ENG_A,Engineering,2,Tuesday,1,13.6,69.0,4,42.1,46.1
SY051422,SCI_A,Science,19,Tuesday,12,,55.1,7,89.2,78.7
SY048265,LEC_A,LectureHall,15,Tuesday,9,25.0,86.2,392,63.8,61.4
SY070439,SPT_A,Sports,22,Friday,1,11.2,62.2,40,66.0,59.2
SY072197,LEC_A,LectureHall,0,Sunday,8,22.4,86.9,0,16.5,15.8
SY061825,SCI_B,Science,16,Saturday,10,29.5,55.4,12,87.5,87.0
SY033073,SCI_B,Science,13,Friday,5,24.6,56.6,73,85.4,74.2
SY060503,ENG_B,Engineering,0,Monday,11,14.0,70.2,11,41.5,40.8
SY085008,BUS_A,Business,1,Wednesday,4,13.9,84.8,1,20.4,20.6
SY082062,SCI_A,Science,8,Monday,7,25.7,73.9,26,81.6,82.6
SY094494,LIB_A,Library,21,Thursday,1,13.6,59.0,116,54.3,50.3
SY021112,SCI_A,Science,6,Saturday,3,13.4,73.4,19,77.3,79.2
SY052453,ENG_B,Engineering,3,Tuesday,1,8.4,75.2,4,46.4,45.9
SY086780,ENG_B,Engineering,10,Saturday,5,27.5,65.4,12,76.0,80.0
SY090318,RES_A,Residential,8,Friday,4,18.9,63.3,249,70.9,63.5
SY091214,LIB_A,Library,13,Monday,2,11.7,74.0,183,52.6,48.3
SY039636,ENG_B,Engineering,12,Saturday,1,12.9,75.2,26,42.5,41.7
SY065610,SCI_B,Science,3,Saturday,9,21.3,86.4,6,57.8,60.8
SY073114,BUS_B,Business,21,Saturday,10,20.9,62.9,9,28.8,27.4
SY064702,RES_B,Residential,18,Saturday,12,19.9,58.7,31,27.6,30.6
SY042470,ENG_B,Engineering,7,Friday,5,23.5,74.0,3,35.1,36.6
SY088869,RES_A,Residential,21,Sunday,3,16.0,63.0,289,76.9,80.1
SY078589,SPT_A,Sports,11,Tuesday,5,23.1,60.2,,32.5,35.4
SY060375,BUS_A,Business,13,Friday,1,20.1,48.9,11,20.4,23.6
SY016308,SPT_A,Sports,0,Wednesday,2,17.0,,0,32.7,31.0
SY041437,ENG_A,Engineering,12,Sunday,12,16.4,67.5,3,42.6,42.7
SY017923,BUS_A,Business,5,Monday,5,19.9,84.7,1,24.1,23.0
SY017506,ADM_A,Administration,3,Friday,1,11.6,67.7,0,19.8,15.9
SY001605,ENG_B,Engineering,17,Wednesday,9,29.4,58.5,60,63.9,62.5
SY027354,LEC_A,LectureHall,21,Saturday,11,18.5,68.3,4,,15.7
SY034774,SCI_B,Science,16,Wednesday,2,20.3,52.5,75,82.3,82.0
SY032586,LIB_A,Library,5,Saturday,7,23.5,80.1,3,30.6,27.3
SY054946,ENG_B,Engineering,6,Thursday,2,16.8,63.5,11,38.7,39.2
SY090873,SPT_A,Sports,16,Wednesday,9,25.1,80.0,131,46.8,54.7
SY088699,SCI_A,Science,12,Wednesday,3,15.8,73.7,127,112.6,103.5
SY037109,ENG_A,Engineering,14,Monday,6,34.9,52.3,52,96.1,101.7
SY062751,LIB_A,Library,10,Tuesday,4,19.5,56.5,96,27.8,29.8
SY045558,ADM_A,Administration,7,Sunday,11,,,2,19.0,16.4
SY029275,RES_B,Residential,21,Saturday,7,25.1,86.9,52,47.1,43.7
SY099409,SCI_B,Science,7,Tuesday,3,13.9,67.5,9,66.9,67.4
SY077484,RES_B,Residential,23,Friday,11,12.1,73.5,242,56.2,49.1
SY008631,RES_A,Residential,3,Saturday,2,15.9,69.9,248,61.3,52.7
SY014126,SCI_B,Science,8,Thursday,2,19.7,68.7,39,60.9,65.9
SY088772,SPT_A,Sports,3,Thursday,6,25.9,83.6,,33.5,33.2
SY067754,ENG_A,Engineering,7,Monday,3,14.9,77.9,16,42.0,45.0
SY011821,LEC_A,LectureHall,23,Friday,7,27.9,75.3,0,30.3,31.2
SY019440,LEC_A,LectureHall,5,Wednesday,1,,68.7,0,18.9,17.2
SY048775,LIB_A,Library,8,Friday,6,28.6,80.0,11,38.0,35.7
SY007622,SCI_A,Science,6,Thursday,2,16.0,69.3,,69.8,73.6
SY090269,SCI_A,Science,20,Friday,1,17.3,57.3,,89.0,89.0
SY072480,BUS_B,Business,22,Wednesday,8,24.9,71.7,3,61.9,30.8
SY026643,BUS_B,Business,15,Sunday,9,28.3,86.2,9,34.6,34.4
SY022150,LEC_A,LectureHall,21,Saturday,3,19.6,61.5,4,14.8,15.3
SY036061,RES_A,Residential,3,Monday,6,23.3,82.2,70,48.9,45.8
SY052333,RES_B,Residential,20,Thursday,6,27.6,81.2,46,51.6,50.5
SY045510,BUS_A,Business,20,Wednesday,12,19.8,60.8,56,36.7,38.9
SY064687,LIB_A,Library,8,Saturday,10,20.4,66.2,8,23.8,23.8
SY032682,ENG_B,Engineering,20,Monday,6,29.4,66.4,20,79.6,76.7
SY015926,SPT_A,Sports,13,Sunday,3,17.0,52.3,105,52.1,50.6
SY024343,ENG_B,Engineering,21,Tuesday,5,26.3,65.8,13,63.7,57.3
SY051486,SCI_A,Science,9,Saturday,10,20.9,71.0,,72.9,83.8
SY033930,BUS_A,Business,19,Friday,7,28.4,85.4,23,48.1,57.4
SY034131,ADM_A,Administration,14,Saturday,3,25.3,49.0,2,17.0,19.0
SY087147,ADM_A,Administration,0,Monday,6,24.3,70.8,1,21.6,21.3
SY074985,ENG_B,Engineering,14,Wednesday,7,28.7,85.0,29,,60.0
SY069618,ENG_A,Engineering,23,Tuesday,3,13.4,74.3,15,58.9,53.3
SY083720,SCI_B,Science,4,Saturday,7,28.3,82.6,4,92.3,94.8
SY008411,ADM_A,Administration,0,Friday,9,23.8,76.7,2,19.1,20.9
SY037075,SCI_B,Science,16,Sunday,6,28.3,86.5,5,92.6,91.6
SY030482,SCI_B,Science,10,Sunday,3,14.6,59.3,12,64.9,62.5
SY089310,ENG_A,Engineering,21,Thursday,3,16.5,63.7,38,56.0,56.2
SY082390,LIB_A,Library,3,Monday,5,23.6,76.0,73,63.0,63.9
SY023879,LEC_A,LectureHall,14,Monday,8,30.4,59.8,63,27.0,48.0
SY050272,ENG_B,Engineering,6,Saturday,6,23.8,79.0,3,32.9,36.5
SY053302,ENG_A,Engineering,2,Saturday,7,26.5,91.7,3,69.9,65.9
SY008277,RES_B,Residential,9,Tuesday,2,16.9,60.8,122,38.5,30.1
SY000427,LEC_A,LectureHall,13,Friday,10,28.3,50.9,444,44.3,82.5
SY096377,SCI_B,Science,14,Tuesday,1,18.8,52.4,84,80.4,82.9
SY005988,BUS_B,Business,7,Saturday,8,21.4,76.2,0,24.7,25.4
SY073249,ENG_B,Engineering,19,Friday,10,27.5,62.8,47,91.6,77.2
SY030423,SCI_B,Science,7,Tuesday,5,25.7,83.5,8,75.6,77.5
SY044737,RES_A,Residential,6,Sunday,10,18.4,84.6,,60.6,70.1
SY014484,ENG_B,Engineering,8,Friday,5,25.7,68.9,27,41.0,43.8
SY050280,BUS_A,Business,18,Friday,12,17.7,56.8,43,40.0,36.1
SY041051,SPT_A,Sports,9,Saturday,6,26.8,67.4,32,31.8,36.4
SY021177,SCI_A,Science,23,Tuesday,12,14.0,,2,79.2,77.3
SY057361,BUS_B,Business,19,Thursday,10,28.5,57.5,157,84.7,91.1
SY057482,SCI_A,Science,15,Wednesday,7,33.1,64.4,70,131.0,129.4
SY037025,ADM_A,Administration,6,Thursday,5,20.8,82.1,0,18.3,15.9
SY020211,ADM_A,Administration,12,Tuesday,3,20.9,54.5,66,37.3,27.8
SY089436,SCI_A,Science,21,Saturday,9,26.8,69.4,0,95.3,94.7
SY071895,SPT_A,Sports,18,Wednesday,6,31.9,64.0,90,70.3,77.7
SY035386,ADM_A,Administration,5,Wednesday,5,21.0,73.5,4,17.8,16.6
SY035543,ENG_A,Engineering,16,Sunday,4,21.3,87.1,36,46.2,47.4
SY002003,RES_A,Residential,17,Monday,1,17.6,49.9,212,40.7,53.5
SY002925,BUS_A,Business,19,Wednesday,5,25.7,65.8,93,41.1,53.7
SY014488,ENG_B,Engineering,0,Saturday,6,26.4,83.2,6,60.5,56.0
SY056441,LEC_A,LectureHall,11,Wednesday,5,28.8,79.1,400,78.6,86.0
SY028465,LEC_A,LectureHall,4,Saturday,4,19.0,75.2,1,16.0,14.9
SY060120,ENG_B,Engineering,22,Sunday,6,27.6,87.0,2,61.0,58.5
SY065306,SPT_A,Sports,22,Friday,11,12.1,63.9,37,59.7,56.6
SY074613,RES_B,Residential,17,Wednesday,12,15.0,46.7,142,34.2,41.8
SY009436,BUS_B,Business,0,Sunday,3,15.4,70.7,2,24.4,26.5
SY004291,ADM_A,Administration,2,Thursday,12,12.4,66.3,1,18.6,18.6
SY097853,ENG_A,Engineering,18,Tuesday,11,15.6,78.6,82,65.7,72.0
SY077910,SCI_A,Science,3,Thursday,8,20.2,81.6,4,74.9,69.8
SY036540,SCI_A,Science,16,Wednesday,7,32.6,81.9,51,152.7,140.8
SY042693,RES_A,Residential,11,Sunday,2,12.6,65.4,222,51.4,50.5
SY077277,BUS_A,Business,16,Tuesday,11,17.4,84.0,140,36.0,37.1
SY066651,ADM_A,Administration,23,Tuesday,6,28.5,83.0,1,24.6,22.7
SY088101,RES_B,Residential,22,Thursday,7,28.6,76.2,57,59.3,60.1
SY035872,SPT_A,Sports,10,Sunday,1,10.8,68.9,21,,53.8
SY035767,RES_A,Residential,17,Saturday,6,32.4,59.3,96,56.2,60.5
SY059608,ADM_A,Administration,12,Thursday,2,20.4,51.3,,37.7,28.0
SY085591,LEC_A,LectureHall,19,Tuesday,10,25.9,55.1,46,66.5,54.8
SY002499,LEC_A,LectureHall,4,Wednesday,6,24.0,78.8,1,19.5,19.2
SY023972,BUS_B,Business,4,Thursday,5,23.8,87.6,2,29.5,28.5
SY098755,ENG_B,Engineering,12,Monday,5,29.0,85.6,93,82.9,84.6
SY036796,SCI_A,Science,16,Tuesday,9,21.8,81.0,91,82.6,79.3
SY062551,ADM_A,Administration,2,Saturday,8,27.2,78.7,,26.0,26.0
SY073948,LEC_A,LectureHall,18,Wednesday,9,28.2,57.6,390,55.1,89.9
SY034306,SCI_B,Science,3,Saturday,6,21.8,85.8,1,67.8,62.0
SY005763,SCI_B,Science,11,Monday,6,31.6,65.8,50,95.5,98.9
SY038772,SCI_B,Science,9,Monday,2,16.8,68.5,83,68.4,73.6
SY050416,RES_B,Residential,11,Friday,3,20.3,53.9,202,35.6,39.2
SY085037,ENG_A,Engineering,15,Sunday,9,19.9,79.0,40,53.3,53.2
SY044960,BUS_B,Business,7,Friday,2,17.8,67.6,6,27.5,28.5
SY046256,SPT_A,Sports,4,Saturday,9,21.1,82.8,0,29.1,27.1
SY099503,LIB_A,Library,11,Monday,8,27.8,60.3,27,35.1,37.1
SY053839,LEC_A,LectureHall,6,Friday,2,15.2,,8,15.6,15.6
SY039790,RES_A,Residential,10,Friday,1,16.5,57.8,21,29.2,30.5
SY021706,SPT_A,Sports,2,Friday,10,19.7,72.7,0,28.0,30.0
SY028254,BUS_B,Business,14,Thursday,2,21.8,49.3,223,40.4,51.8
SY049509,ADM_A,Administration,7,Monday,3,9.5,74.5,43,18.7,27.5
SY097159,LIB_A,Library,15,Wednesday,4,18.4,78.4,176,43.5,45.6
SY048584,RES_A,Residential,15,Wednesday,9,26.1,56.2,105,41.2,43.4
SY082513,SPT_A,Sports,2,Tuesday,4,17.0,74.7,0,31.0,31.2
SY052048,SCI_A,Science,1,Friday,5,20.3,77.3,5,76.1,76.3
SY003435,RES_B,Residential,21,Friday,11,15.4,61.4,197,53.4,56.1
SY041272,LIB_A,Library,6,Thursday,1,9.0,64.9,5,33.2,30.8
SY004983,RES_A,Residential,7,Saturday,4,14.2,77.5,306,70.6,71.3
SY080157,SPT_A,Sports,7,Wednesday,3,13.7,69.1,78,63.3,49.1
SY005982,BUS_B,Business,14,Friday,6,30.3,84.4,53,63.1,65.1
SY097769,SPT_A,Sports,19,Monday,5,25.1,60.0,105,46.7,60.5
SY021405,ENG_A,Engineering,1,Saturday,1,11.3,78.2,12,45.9,46.1
SY073255,LEC_A,LectureHall,12,Saturday,1,12.7,72.5,1,16.0,18.9
SY064477,LIB_A,Library,3,Tuesday,5,23.3,79.1,10,31.9,30.6
SY043358,LIB_A,Library,23,Friday,9,25.2,75.7,36,71.2,64.6
SY086402,ADM_A,Administration,15,Thursday,8,37.2,50.2,104,77.9,75.3
SY089156,LIB_A,Library,14,Saturday,5,28.7,80.4,181,83.1,77.3
SY076279,BUS_A,Business,13,Wednesday,7,31.8,84.2,32,50.0,50.8
SY019625,LIB_A,Library,11,Saturday,6,32.0,60.1,17,31.3,32.5
SY062785,ENG_B,Engineering,16,Friday,10,27.4,59.7,100,66.1,66.7
SY067062,SPT_A,Sports,2,Friday,5,20.8,80.9,0,25.1,21.3
SY012942,ENG_A,Engineering,18,Sunday,1,,,11,66.8,67.3
SY056266,LEC_A,LectureHall,8,Wednesday,11,16.6,67.0,143,13.4,22.6
SY015010,SCI_B,Science,13,Tuesday,12,18.4,51.1,18,63.9,62.9
SY079836,RES_B,Residential,8,Friday,8,27.7,77.0,38,40.8,36.9
SY032689,BUS_A,Business,16,Saturday,1,17.9,51.5,15,20.3,21.6
SY028516,SCI_A,Science,22,Thursday,2,12.9,64.7,7,75.2,69.9
SY090715,BUS_B,Business,16,Tuesday,3,23.7,50.9,150,42.1,41.6
SY091289,SCI_B,Science,15,Monday,10,26.9,53.4,89,,95.2
SY090034,SPT_A,Sports,16,Saturday,7,26.7,79.5,54,52.8,50.1
SY032776,LEC_A,LectureHall,20,Wednesday,9,24.0,59.8,25,44.0,24.1
SY013942,ENG_B,Engineering,19,Friday,6,30.3,85.5,23,77.4,80.9
SY093607,ADM_A,Administration,11,Friday,6,31.9,56.7,78,43.6,49.0
SY016921,RES_A,Residential,21,Wednesday,3,16.3,76.2,243,85.7,79.7
SY053369,LIB_A,Library,11,Thursday,3,22.3,58.9,125,33.3,34.5
SY077473,ADM_A,Administration,21,Saturday,7,28.2,84.6,2,22.2,22.2
SY035841,ENG_B,Engineering,9,Friday,12,15.6,56.8,26,42.0,42.2
SY006750,SCI_A,Science,12,Wednesday,3,16.1,78.0,85,97.3,85.0
SY030384,BUS_B,Business,1,Saturday,1,9.3,73.0,1,32.4,29.0
SY014340,ADM_A,Administration,18,Monday,7,29.5,85.6,6,47.7,23.4
SY075246,LEC_A,LectureHall,23,Saturday,6,24.1,75.2,,25.8,22.6
SY075369,SCI_A,Science,14,Thursday,5,33.3,58.9,79,119.1,134.9
SY057572,SCI_A,Science,5,Friday,8,26.2,85.0,5,85.1,89.0
SY013937,SPT_A,Sports,16,Friday,4,22.1,56.7,97,37.5,46.5
SY080114,RES_A,Residential,22,Monday,4,18.2,68.5,255,73.6,83.7
SY006366,SPT_A,Sports,23,Thursday,5,19.2,76.9,0,46.1,28.2
SY005913,ADM_A,Administration,23,Tuesday,11,15.9,66.6,4,16.3,18.6
SY008643,SCI_A,Science,21,Saturday,2,15.4,62.3,1,77.6,73.9
SY026225,BUS_A,Business,16,Friday,4,20.0,81.4,119,37.2,32.9
SY097883,SPT_A,Sports,21,Saturday,8,28.1,67.6,16,73.0,40.2
SY063262,SPT_A,Sports,21,Tuesday,5,24.6,60.5,39,63.8,58.6
SY022876,ENG_A,Engineering,14,Wednesday,2,19.0,52.7,100,58.7,63.0
SY070929,RES_A,Residential,17,Thursday,12,18.5,51.0,180,37.3,45.6
SY052204,SCI_A,Science,18,Monday,1,18.6,56.0,67,100.1,102.6
SY070657,LIB_A,Library,17,Monday,1,18.8,42.7,150,39.9,53.4
SY076787,LEC_A,LectureHall,4,Monday,2,14.3,69.1,7,14.5,14.7
SY033239,LIB_A,Library,12,Monday,9,31.8,60.5,150,56.4,68.8
SY036900,BUS_B,Business,10,Friday,3,20.7,60.3,214,44.1,45.4
SY090244,LEC_A,LectureHall,16,Thursday,1,15.8,72.8,339,34.3,35.3
SY035744,SCI_B,Science,4,Saturday,8,24.2,82.7,7,63.3,59.5
SY042815,ENG_A,Engineering,6,Tuesday,6,25.3,79.8,2,53.1,54.2
SY043383,RES_B,Residential,14,Sunday,3,21.8,52.6,195,32.5,35.3
SY077394,SPT_A,Sports,5,Sunday,6,23.9,80.5,0,26.5,23.9
SY031608,ENG_A,Engineering,5,Friday,4,18.4,82.5,11,43.4,42.5
SY041171,LEC_A,LectureHall,21,Wednesday,3,18.3,61.9,5,13.0,14.8
SY084093,LEC_A,LectureHall,0,Tuesday,12,14.2,64.3,0,15.2,13.4
SY094637,LIB_A,Library,8,Sunday,3,17.3,62.0,2,22.4,24.9
SY067286,RES_B,Residential,20,Monday,2,10.0,78.0,197,72.3,67.0
SY081884,BUS_B,Business,13,Sunday,6,,62.5,27,40.6,42.9
SY080472,BUS_B,Business,16,Thursday,2,16.8,72.3,155,45.4,45.0
SY093200,BUS_B,Business,20,Wednesday,8,33.3,81.2,129,125.9,118.4
SY006290,ADM_A,Administration,19,Sunday,5,24.7,59.6,1,17.5,19.1
SY027266,SPT_A,Sports,12,Friday,3,16.7,59.4,63,43.3,46.5
SY026403,BUS_A,Business,3,Thursday,1,11.6,79.4,5,23.0,25.2
SY005525,ENG_A,Engineering,5,Tuesday,2,14.3,71.7,14,48.5,47.2
SY015830,BUS_A,Business,13,Thursday,1,17.9,52.4,7,23.2,22.2
SY026278,BUS_A,Business,18,Thursday,2,20.5,57.3,85,44.0,37.4
SY063594,RES_B,Residential,22,Friday,6,26.4,87.1,57,53.5,54.3
SY035852,SCI_B,Science,12,Thursday,4,22.6,76.3,74,,75.2
SY080040,RES_B,Residential,2,Thursday,4,20.5,79.5,265,58.7,56.2
SY045776,BUS_A,Business,10,Monday,5,23.3,63.0,80,28.7,28.4
SY043928,ADM_A,Administration,2,Wednesday,5,21.9,77.5,3,19.5,20.6
SY005463,BUS_B,Business,21,Saturday,2,22.1,60.1,5,31.9,29.7
SY050023,SPT_A,Sports,22,Thursday,12,18.4,63.9,23,46.6,31.8
SY057724,SCI_B,Science,3,Thursday,9,18.3,87.2,5,58.2,59.7
SY070324,RES_A,Residential,13,Tuesday,5,,50.6,135,67.9,64.2
SY050772,ENG_B,Engineering,16,Friday,5,24.5,59.0,131,61.5,72.3
SY023733,SCI_B,Science,23,Saturday,4,16.2,76.4,4,56.8,60.7
SY001145,ENG_A,Engineering,13,Wednesday,1,9.0,73.6,132,99.4,89.4
SY070629,ADM_A,Administration,0,Friday,11,11.1,66.8,1,21.4,20.3
SY079154,BUS_B,Business,3,Saturday,6,25.8,80.5,1,34.6,31.5
SY044463,RES_A,Residential,3,Friday,11,10.5,,321,65.5,73.3
SY073923,LEC_A,LectureHall,16,Tuesday,10,,,389,37.8,54.1
SY076772,LEC_A,LectureHall,19,Friday,9,30.6,63.6,31,73.5,36.9
SY040968,SCI_B,Science,13,Thursday,1,15.1,75.8,15,72.8,63.5
SY012070,ADM_A,Administration,13,Wednesday,3,25.2,47.6,119,32.8,39.5
SY094668,SCI_A,Science,4,Wednesday,10,19.2,86.6,10,74.4,70.8
SY006458,ENG_B,Engineering,7,Wednesday,5,21.1,75.3,10,38.7,37.4
SY023614,BUS_B,Business,5,Monday,6,24.6,85.4,1,30.3,29.5
SY049483,LEC_A,LectureHall,6,Sunday,1,9.2,71.0,0,18.3,23.4
SY020888,LEC_A,LectureHall,1,Friday,5,17.2,74.9,3,15.3,17.3
SY078314,SCI_B,Science,2,Sunday,6,21.3,79.8,4,71.5,70.7
SY021117,RES_A,Residential,11,Wednesday,7,30.7,76.4,36,55.0,59.2
SY096292,RES_A,Residential,7,Saturday,3,17.6,66.4,256,82.3,65.9
SY037855,ENG_B,Engineering,22,Tuesday,5,23.8,73.0,11,66.1,58.9
SY029688,BUS_B,Business,18,Thursday,3,25.2,50.3,112,53.1,63.2
SY093541,BUS_A,Business,0,Friday,1,11.4,78.1,5,,22.3
SY078782,ADM_A,Administration,1,Wednesday,2,14.5,66.8,1,18.0,18.5
SY089551,ENG_A,Engineering,19,Monday,1,15.4,58.6,16,56.3,47.5
SY018391,BUS_A,Business,2,Wednesday,3,17.0,79.5,4,23.0,21.3
SY082182,RES_A,Residential,10,Monday,9,23.6,77.3,80,42.1,35.0
SY094631,BUS_A,Business,17,Wednesday,6,32.5,85.1,24,58.6,58.6
SY090885,BUS_A,Business,6,Tuesday,10,21.0,80.1,10,22.9,24.1
SY098354,ADM_A,Administration,0,Tuesday,12,12.0,67.8,1,18.1,18.4
SY057872,LIB_A,Library,8,Saturday,8,23.0,82.8,1,20.3,23.4
SY051985,LEC_A,LectureHall,22,Monday,3,12.8,70.7,2,17.5,15.9
SY021630,BUS_B,Business,14,Tuesday,1,23.0,49.0,21,27.1,30.7
SY034363,RES_B,Residential,12,Sunday,1,10.0,71.7,,38.2,38.3
SY025898,LEC_A,LectureHall,21,Sunday,10,22.6,76.4,2,18.8,17.3
SY049414,ENG_B,Engineering,9,Friday,6,27.9,75.8,55,58.3,63.5
SY019990,BUS_B,Business,3,Sunday,12,12.6,71.7,,27.7,26.0
SY037668,ENG_B,Engineering,11,Wednesday,11,20.4,54.7,82,49.8,51.2
SY090928,LIB_A,Library,0,Tuesday,5,20.2,76.3,64,48.7,46.1
SY046728,ENG_B,Engineering,4,Tuesday,3,15.9,82.7,9,37.3,35.8
SY070475,ENG_A,Engineering,17,Sunday,6,28.0,88.6,6,67.1,65.9
SY028027,ADM_A,Administration,7,Sunday,9,18.1,77.5,4,17.4,19.9
SY021096,LEC_A,LectureHall,6,Friday,5,22.8,78.2,9,16.4,13.3
SY005419,ENG_A,Engineering,19,Thursday,5,30.5,62.5,41,91.6,95.1
SY012360,LEC_A,LectureHall,3,Wednesday,7,26.3,85.3,0,26.8,26.7
SY032831,ADM_A,Administration,15,Tuesday,2,19.9,51.7,115,40.6,37.7
SY065739,BUS_A,Business,22,Monday,3,14.0,71.6,15,46.6,24.2
SY000641,LIB_A,Library,16,Sunday,5,27.7,54.5,228,68.3,72.6
SY085554,RES_B,Residential,7,Thursday,2,15.0,,201,79.5,50.4
SY012621,RES_B,Residential,21,Sunday,12,13.6,79.9,242,72.1,68.4
SY090311,RES_B,Residential,2,Sunday,8,24.5,78.8,52,,38.8
SY022633,BUS_B,Business,3,Thursday,3,12.6,76.7,5,27.4,29.4
SY094646,RES_B,Residential,19,Monday,4,19.6,58.9,,53.7,50.1
SY067880,SPT_A,Sports,10,Tuesday,4,19.0,57.5,34,38.6,39.0
SY064403,ENG_A,Engineering,2,Sunday,6,23.3,79.6,3,61.6,58.2
SY085825,BUS_B,Business,12,Sunday,6,31.4,57.6,26,37.7,39.0
SY049792,BUS_B,Business,23,Sunday,8,24.1,81.7,2,34.9,34.8
SY008102,RES_A,Residential,22,Saturday,8,23.5,83.7,58,42.2,42.7
SY069354,SCI_B,Science,23,Sunday,5,19.7,77.0,0,68.0,63.4
SY059572,SCI_A,Science,16,Thursday,1,19.4,54.2,20,77.5,80.2
SY066334,SCI_A,Science,1,Monday,2,13.7,77.5,5,79.3,84.7
SY018881,ENG_A,Engineering,8,Monday,11,16.4,65.5,65,50.4,62.2
SY058337,RES_A,Residential,0,Sunday,10,21.4,69.9,317,82.2,85.9
SY093196,ENG_B,Engineering,16,Saturday,1,19.1,54.9,5,37.5,36.5
SY063439,LEC_A,LectureHall,10,Monday,2,22.0,76.2,480,26.7,46.8
SY096006,LEC_A,LectureHall,7,Thursday,5,22.0,68.0,4,13.1,13.7
SY091123,BUS_A,Business,23,Wednesday,1,14.8,58.4,0,21.1,20.1
SY059051,ENG_A,Engineering,7,Thursday,9,20.9,74.0,16,46.6,50.6
SY019154,BUS_A,Business,14,Monday,12,21.3,46.8,85,26.5,30.4
SY014286,RES_B,Residential,5,Saturday,5,15.0,77.2,206,42.1,46.1
SY006235,RES_A,Residential,19,Sunday,5,27.8,82.9,233,93.7,105.8
SY078546,BUS_A,Business,23,Saturday,4,20.9,70.1,2,22.5,20.0
SY034270,SPT_A,Sports,8,Tuesday,6,27.2,88.4,39,50.5,54.5
SY078488,SPT_A,Sports,20,Thursday,1,13.1,58.5,162,65.9,70.0
SY050614,BUS_B,Business,12,Wednesday,7,32.8,65.4,45,51.5,59.4
SY072126,RES_A,Residential,12,Friday,6,28.4,79.1,30,41.1,44.2
SY048364,SCI_B,Science,14,Thursday,12,17.0,53.7,96,75.4,72.0
SY034149,BUS_B,Business,10,Friday,12,16.5,56.8,13,23.1,26.1
SY071456,LIB_A,Library,19,Wednesday,12,19.3,47.1,221,65.2,66.0
SY046060,LEC_A,LectureHall,8,Friday,5,25.7,65.2,265,12.7,36.6
SY031036,RES_A,Residential,2,Sunday,6,23.4,78.2,47,45.1,39.3
SY002250,ENG_A,Engineering,19,Wednesday,5,22.1,78.9,12,44.3,46.8
SY004747,SCI_A,Science,2,Tuesday,5,26.2,85.1,5,100.4,97.0
SY086439,SPT_A,Sports,21,Wednesday,11,16.4,61.0,79,66.7,56.9
SY096933,BUS_B,Business,15,Friday,4,22.0,79.2,178,43.7,48.0
SY088505,ENG_B,Engineering,23,Friday,5,22.6,76.8,10,56.2,45.5
SY069160,RES_B,Residential,17,Tuesday,3,21.6,50.8,107,31.1,35.3
SY056547,BUS_B,Business,2,Friday,10,20.2,72.3,4,26.3,29.3
SY053373,LEC_A,LectureHall,21,Sunday,3,17.4,65.8,4,15.2,15.3
SY016788,SCI_A,Science,21,Friday,8,27.8,81.3,14,119.6,112.3
SY065211,ADM_A,Administration,0,Sunday,2,14.9,63.0,3,18.5,18.9
SY075344,SPT_A,Sports,6,Saturday,6,26.6,77.2,0,28.4,31.2
SY022187,BUS_A,Business,23,Wednesday,6,27.5,,2,32.7,31.4
SY050446,RES_A,Residential,11,Wednesday,3,20.0,56.0,142,39.1,38.7
SY039556,SCI_B,Science,22,Saturday,4,15.3,84.4,4,60.4,56.8
SY000872,BUS_B,Business,8,Monday,7,26.0,70.7,24,25.6,30.3
SY088363,ADM_A,Administration,2,Friday,3,,71.8,4,16.3,19.4
SY055394,ENG_B,Engineering,8,Sunday,1,13.8,63.9,5,40.9,40.4
SY050929,RES_B,Residential,18,Wednesday,1,14.9,72.4,166,36.3,54.1
SY095877,ENG_B,Engineering,5,Friday,11,12.7,76.0,13,44.9,44.4
SY088553,LEC_A,LectureHall,5,Thursday,5,20.4,79.5,9,16.6,15.6
SY067584,RES_A,Residential,2,Thursday,2,12.3,69.7,331,72.8,70.6
SY051489,LEC_A,LectureHall,11,Wednesday,8,28.2,65.6,28,17.5,19.6
SY003955,LIB_A,Library,3,Wednesday,4,16.5,,,24.7,24.4
SY092319,SCI_A,Science,7,Monday,3,15.6,79.8,4,79.3,74.9
SY006754,BUS_B,Business,20,Sunday,1,11.7,74.9,2,31.6,29.7
SY039470,SCI_B,Science,6,Monday,6,26.6,81.0,2,,75.0
SY016793,BUS_A,Business,2,Thursday,9,22.1,83.2,,22.5,22.5
SY014578,SPT_A,Sports,0,Sunday,4,18.4,77.4,0,35.1,34.8
SY093179,LEC_A,LectureHall,6,Monday,2,14.6,77.3,10,14.9,15.2
SY019275,LEC_A,LectureHall,7,Saturday,12,13.4,65.8,,18.5,12.4
SY001367,ENG_A,Engineering,4,Sunday,5,18.4,83.9,12,47.0,46.3
SY028233,BUS_B,Business,0,Saturday,5,19.3,83.8,0,27.0,27.6
SY097571,BUS_B,Business,23,Sunday,12,15.3,75.1,,28.0,25.3
SY075508,RES_B,Residential,18,Wednesday,6,29.2,64.5,42,45.7,46.5
SY067762,ADM_A,Administration,6,Tuesday,4,13.8,70.4,3,18.0,17.1
SY030696,RES_B,Residential,13,Monday,6,34.8,59.0,37,49.1,47.8
SY045570,BUS_B,Business,1,Friday,8,20.8,83.3,3,29.0,27.1
SY044037,SCI_B,Science,15,Sunday,1,12.9,77.9,5,61.9,62.0
SY030992,RES_A,Residential,17,Saturday,12,18.3,50.8,268,42.4,62.9
SY088991,ENG_A,Engineering,1,Sunday,5,18.7,80.7,9,46.2,47.9
SY039631,RES_B,Residential,18,Tuesday,5,27.8,62.5,197,64.1,79.4
SY033681,ENG_A,Engineering,22,Saturday,11,15.1,74.0,11,50.7,51.7
SY065180,LEC_A,LectureHall,7,Tuesday,12,12.5,66.2,0,17.9,15.1
SY014213,SCI_A,Science,14,Friday,6,35.3,59.5,63,158.7,169.6
SY001715,SCI_B,Science,10,Monday,7,28.3,83.5,47,103.9,98.7
SY095069,BUS_B,Business,21,Tuesday,2,15.3,74.3,125,55.0,50.0
SY004997,LEC_A,LectureHall,0,Thursday,2,13.2,68.7,0,17.0,14.8
SY021905,SCI_A,Science,0,Thursday,3,12.8,75.2,,115.2,117.1
SY093094,BUS_B,Business,23,Tuesday,4,14.7,68.8,3,31.8,29.3
SY006345,ENG_B,Engineering,12,Monday,7,32.9,62.0,65,59.9,71.5
SY028436,LIB_A,Library,8,Saturday,6,26.1,75.5,3,27.9,26.3
SY046822,ADM_A,Administration,19,Thursday,3,20.1,57.2,10,22.7,17.6
SY080206,SCI_B,Science,2,Saturday,6,22.7,84.5,2,71.0,67.8
SY079342,ENG_B,Engineering,17,Monday,1,19.2,53.5,88,54.5,59.5
SY079618,RES_B,Residential,8,Wednesday,7,28.7,80.7,50,48.1,50.1
SY082519,BUS_B,Business,8,Sunday,3,16.9,59.8,3,28.1,26.1
SY066567,LIB_A,Library,0,Tuesday,6,25.6,79.4,5,36.8,33.8
SY082167,RES_B,Residential,10,Saturday,3,14.5,63.0,217,43.4,41.0
SY024712,RES_B,Residential,10,Friday,11,21.4,80.3,101,31.5,29.4
SY091694,ADM_A,Administration,7,Saturday,1,11.6,64.9,2,20.4,18.6
SY073637,RES_A,Residential,17,Saturday,10,27.7,53.7,217,61.1,64.7
SY082780,BUS_A,Business,15,Saturday,8,32.6,55.1,7,30.1,32.5
SY043440,LIB_A,Library,5,Sunday,7,21.4,81.1,2,27.2,25.8
SY026573,SCI_B,Science,1,Thursday,4,18.5,86.8,5,61.5,65.6
SY092020,LEC_A,LectureHall,17,Saturday,1,12.9,74.3,3,15.7,19.1
SY031951,LIB_A,Library,6,Sunday,4,20.5,68.8,9,26.6,23.4
SY074369,BUS_A,Business,4,Monday,3,9.9,74.8,7,23.4,24.1
SY070749,RES_B,Residential,7,Sunday,6,24.0,77.4,57,32.2,37.8
SY002225,RES_A,Residential,23,Monday,6,25.6,75.7,86,55.1,54.9
SY030325,ADM_A,Administration,3,Tuesday,3,12.5,70.7,3,15.9,16.8
SY019456,SCI_B,Science,20,Thursday,12,15.4,73.1,4,61.2,61.4
SY037701,RES_B,Residential,0,Wednesday,5,25.2,82.1,266,91.2,84.9
SY017629,ENG_A,Engineering,6,Thursday,3,12.2,75.3,16,50.1,52.8
SY045453,LEC_A,LectureHall,9,Sunday,2,17.0,56.2,1,14.3,14.5
SY057126,ENG_A,Engineering,17,Friday,5,24.1,56.5,114,77.6,78.0
SY095764,ADM_A,Administration,6,Thursday,7,26.3,74.2,1,19.3,18.6
SY010862,ENG_B,Engineering,22,Tuesday,12,13.9,62.6,5,38.1,38.6
SY054984,RES_A,Residential,11,Monday,7,27.0,78.4,28,39.1,39.6
SY096500,BUS_A,Business,16,Tuesday,7,35.5,59.2,34,59.8,58.6
SY015668,BUS_A,Business,9,Sunday,6,27.4,84.6,16,25.0,25.5
SY055578,SPT_A,Sports,14,Wednesday,6,28.8,85.9,20,53.7,34.6
SY009085,SCI_B,Science,11,Thursday,4,22.1,77.1,67,,73.1
SY041965,BUS_A,Business,7,Thursday,7,28.7,82.3,0,27.0,25.5
SY022872,SCI_B,Science,3,Tuesday,9,16.1,87.9,7,60.4,56.9
SY032606,ENG_B,Engineering,21,Tuesday,1,14.9,62.9,27,52.8,49.7
SY033731,SCI_B,Science,6,Sunday,5,19.9,83.8,4,58.8,59.2
SY005543,SCI_A,Science,13,Friday,6,30.6,53.3,33,98.5,101.4
SY093536,BUS_A,Business,15,Monday,3,18.4,52.6,142,39.7,35.6
SY033913,RES_B,Residential,19,Friday,3,16.8,61.8,178,49.0,54.2
SY021007,SCI_B,Science,9,Monday,3,15.7,75.7,118,71.9,89.8
SY027803,ENG_B,Engineering,20,Thursday,5,26.2,79.6,24,70.2,65.9
SY082375,SCI_A,Science,7,Tuesday,12,12.7,66.3,2,84.3,83.1
SY075355,LIB_A,Library,13,Wednesday,12,22.0,51.3,9,23.0,22.1
SY025944,BUS_B,Business,20,Monday,5,30.4,62.4,105,98.9,91.2
SY008754,SPT_A,Sports,22,Tuesday,7,27.4,81.6,29,82.1,66.3
SY036893,RES_A,Residential,3,Tuesday,12,10.4,70.8,316,68.2,76.7
SY053750,SPT_A,Sports,12,Tuesday,1,17.4,51.9,20,41.1,40.1
SY035821,SCI_B,Science,9,Sunday,12,15.8,73.5,0,52.6,52.6
SY038939,ADM_A,Administration,19,Thursday,6,32.3,60.4,8,26.1,26.2
SY061548,BUS_B,Business,11,Thursday,4,22.9,60.5,193,43.3,43.0
SY035034,BUS_B,Business,8,Saturday,1,15.4,65.1,3,29.7,27.4
SY087201,ENG_B,Engineering,23,Wednesday,7,25.5,85.5,8,52.4,50.8
SY082006,RES_A,Residential,22,Thursday,5,22.9,80.3,328,84.4,103.0
SY033736,ENG_B,Engineering,2,Wednesday,5,22.8,84.7,6,67.4,64.2
SY030006,RES_A,Residential,6,Tuesday,9,20.1,82.6,239,60.1,57.8
SY068000,RES_A,Residential,15,Monday,6,29.7,56.3,32,43.8,44.8
SY031522,ENG_B,Engineering,6,Sunday,2,11.5,74.4,5,45.3,43.9
SY006753,SCI_B,Science,0,Saturday,8,24.6,82.2,5,85.5,75.8
SY045292,RES_B,Residential,19,Saturday,4,23.2,60.2,212,54.9,65.9
SY022603,LEC_A,LectureHall,12,Thursday,5,25.2,78.9,255,55.1,44.7
SY053031,LIB_A,Library,5,Thursday,6,23.3,84.9,5,28.0,22.0
SY039744,SCI_B,Science,7,Tuesday,10,21.3,75.0,14,67.4,66.1
SY020068,RES_A,Residential,12,Friday,2,18.3,53.9,149,37.1,41.4
SY033996,SPT_A,Sports,13,Wednesday,11,20.5,52.0,39,42.6,41.3
SY004588,SPT_A,Sports,2,Sunday,10,17.9,71.1,0,26.4,28.1
SY010414,ENG_A,Engineering,23,Friday,12,11.7,65.6,17,61.1,53.6
SY041473,ENG_A,Engineering,23,Monday,3,15.4,,21,55.9,62.3
SY077204,RES_A,Residential,23,Wednesday,1,12.3,72.1,297,89.5,65.1
SY037663,ENG_A,Engineering,21,Monday,1,13.7,62.2,36,67.6,66.2
SY070379,RES_B,Residential,7,Wednesday,3,14.9,69.4,200,58.9,51.9
SY049774,LEC_A,LectureHall,7,Saturday,4,21.6,70.5,1,13.0,11.9
SY016327,RES_A,Residential,16,Thursday,7,31.6,84.0,36,72.5,69.5
SY020791,BUS_B,Business,20,Thursday,8,26.5,88.9,45,76.7,74.8
SY008861,RES_A,Residential,5,Sunday,3,14.0,68.0,345,61.7,74.0
SY016373,ADM_A,Administration,15,Thursday,6,29.5,87.4,81,56.4,54.9
SY055975,LIB_A,Library,11,Saturday,7,23.8,83.3,28,27.3,28.8
SY016637,LIB_A,Library,6,Thursday,6,25.6,84.8,3,27.3,29.0
SY033600,ADM_A,Administration,19,Tuesday,8,30.6,84.1,3,29.9,28.0
SY086443,BUS_B,Business,17,Thursday,5,25.6,81.6,119,64.4,55.2
SY007396,RES_A,Residential,3,Monday,3,13.0,81.3,271,66.0,62.6
SY055209,SCI_A,Science,5,Sunday,8,22.9,89.1,3,70.1,74.1
SY051149,ENG_A,Engineering,8,Friday,3,13.3,62.9,69,46.5,57.3
SY082235,RES_A,Residential,1,Friday,3,16.3,70.0,213,59.9,54.2
SY081982,SCI_B,Science,7,Thursday,5,21.0,69.9,5,66.0,64.9
SY090911,SCI_B,Science,19,Thursday,9,23.0,83.5,40,79.6,75.6
SY027422,SCI_A,Science,3,Monday,3,13.4,85.0,5,73.6,76.6
SY074503,SCI_B,Science,10,Sunday,5,25.0,68.2,5,65.2,64.5
SY055375,RES_B,Residential,12,Wednesday,1,19.3,53.0,97,31.3,28.1
SY096451,LEC_A,LectureHall,7,Saturday,7,24.3,85.4,1,10.8,15.7
SY092267,LEC_A,LectureHall,3,Monday,4,17.7,81.2,10,13.7,14.8
SY017918,SPT_A,Sports,19,Thursday,10,27.6,57.8,139,82.8,76.2
SY014182,LIB_A,Library,10,Sunday,5,24.6,71.7,119,23.9,40.9
SY098341,BUS_A,Business,2,Tuesday,10,20.1,86.4,6,21.9,22.9
SY079901,LEC_A,LectureHall,17,Monday,8,29.2,59.3,15,43.6,24.6
SY009458,SPT_A,Sports,14,Thursday,7,36.6,54.8,18,69.7,43.2
SY092699,SCI_B,Science,8,Saturday,4,21.1,70.2,10,61.6,64.4
SY081454,RES_B,Residential,2,Wednesday,2,7.9,71.3,275,54.5,60.8
SY085348,ENG_A,Engineering,6,Monday,2,14.8,74.6,12,47.3,47.5
SY029802,SCI_B,Science,19,Thursday,12,14.9,57.7,30,76.5,66.9
SY043825,BUS_A,Business,3,Saturday,4,17.2,75.7,4,21.9,22.2
SY071296,ADM_A,Administration,17,Monday,6,32.3,54.9,37,59.8,47.6
SY014702,SCI_A,Science,21,Saturday,4,19.9,82.3,2,76.7,74.4
SY055422,SCI_A,Science,10,Tuesday,10,24.2,64.5,119,98.6,100.7
SY045403,ENG_B,Engineering,17,Sunday,3,16.9,49.6,32,42.1,44.2
SY035755,SCI_B,Science,19,Friday,1,18.7,55.9,6,73.1,62.0
SY038269,SCI_B,Science,12,Monday,7,33.3,61.9,40,92.8,101.8
SY001308,LEC_A,LectureHall,14,Sunday,2,19.7,45.1,1,14.8,14.5
SY024144,SPT_A,Sports,15,Friday,5,30.7,51.4,31,31.9,51.8
SY064641,LEC_A,LectureHall,4,Tuesday,3,12.0,68.9,5,18.3,14.7
SY055166,LEC_A,LectureHall,14,Monday,10,22.2,79.1,286,39.1,33.8
SY042044,RES_A,Residential,8,Monday,7,,,52,60.4,59.9
SY023407,LEC_A,LectureHall,12,Wednesday,11,21.4,52.4,154,32.9,23.0
SY018852,RES_A,Residential,0,Tuesday,9,,76.4,272,79.4,71.2
SY013709,RES_A,Residential,20,Tuesday,8,29.8,79.9,67,66.3,67.8
SY081939,SPT_A,Sports,22,Saturday,7,22.7,85.6,0,29.2,29.4
SY045916,ENG_B,Engineering,20,Sunday,7,27.4,64.6,,52.0,51.3
SY074372,SCI_B,Science,11,Monday,9,24.9,85.0,102,73.6,78.4
SY086133,BUS_B,Business,17,Saturday,8,31.0,61.0,16,44.1,40.5
SY083297,LIB_A,Library,3,Sunday,4,16.8,84.1,9,25.8,27.5
SY087320,SCI_A,Science,17,Sunday,1,18.6,55.4,7,75.5,74.7
SY092427,LEC_A,LectureHall,10,Tuesday,10,25.9,70.0,345,49.7,57.4
SY000337,BUS_B,Business,22,Thursday,8,28.3,84.9,5,74.1,40.2
SY091391,SPT_A,Sports,1,Sunday,5,24.4,85.8,0,27.2,28.0
SY084463,ENG_B,Engineering,11,Saturday,6,27.6,65.4,11,41.9,43.5
SY014954,RES_B,Residential,8,Thursday,12,12.7,77.4,20,28.6,27.0
SY075233,BUS_A,Business,15,Tuesday,2,,,148,38.6,40.7
SY044697,ADM_A,Administration,13,Wednesday,2,21.6,50.9,106,29.8,37.8
SY096457,RES_A,Residential,16,Saturday,5,32.1,60.5,301,80.6,99.0
SY069202,SCI_A,Science,23,Monday,3,14.6,77.9,1,74.9,74.5
SY028062,ADM_A,Administration,23,Saturday,5,21.7,72.8,1,20.4,20.4
SY045370,SCI_B,Science,23,Sunday,3,13.8,70.4,4,64.4,66.2
SY058737,ENG_A,Engineering,22,Sunday,7,25.8,68.8,1,63.8,57.4
SY066931,BUS_A,Business,7,Saturday,2,17.1,69.3,5,21.1,18.9
SY017242,ADM_A,Administration,17,Saturday,3,23.4,48.9,1,16.2,18.1
SY091017,SPT_A,Sports,18,Monday,5,26.2,61.7,84,55.5,51.9
SY096251,ENG_B,Engineering,9,Wednesday,3,21.0,60.3,72,45.6,49.3
SY083995,SCI_B,Science,10,Thursday,3,21.5,64.4,112,86.3,89.7
SY065803,ENG_B,Engineering,7,Monday,3,14.0,79.1,9,39.2,38.4
SY005509,LEC_A,LectureHall,3,Saturday,11,14.1,75.6,0,17.6,16.2
SY097679,SCI_A,Science,15,Thursday,8,37.0,56.1,100,163.2,152.8
SY019415,RES_B,Residential,7,Monday,1,10.5,70.4,227,79.4,69.1
SY094222,SCI_A,Science,10,Friday,4,22.6,61.9,105,99.6,98.3
SY056302,ADM_A,Administration,14,Monday,3,22.1,48.2,98,36.5,34.3
SY097009,RES_B,Residential,8,Thursday,2,14.6,67.0,186,54.8,50.6
SY061425,ENG_B,Engineering,3,Saturday,3,12.5,77.7,10,,42.9
SY055513,LIB_A,Library,15,Tuesday,4,20.0,,163,47.9,45.9
SY097365,BUS_A,Business,9,Friday,6,27.8,77.2,28,25.8,37.9
SY082874,SCI_A,Science,12,Monday,6,,,74,122.4,124.8
SY076574,LIB_A,Library,8,Tuesday,6,26.3,73.3,11,26.8,30.8
SY049260,SCI_A,Science,3,Sunday,5,18.4,77.6,7,71.1,73.6
SY003055,SPT_A,Sports,16,Wednesday,1,19.4,48.6,29,39.8,40.4
SY010450,SCI_A,Science,20,Friday,3,21.6,55.5,19,101.7,94.0
SY031146,BUS_A,Business,6,Thursday,1,12.3,76.5,3,22.5,24.0
SY074340,ADM_A,Administration,13,Tuesday,1,18.4,47.5,100,27.6,31.2
SY030365,RES_B,Residential,13,Thursday,1,18.9,48.5,16,22.9,24.9
SY037962,RES_B,Residential,9,Saturday,6,26.9,68.7,66,38.8,35.9
SY008955,SPT_A,Sports,16,Saturday,11,14.1,74.3,141,50.6,56.9
SY028575,LIB_A,Library,0,Sunday,7,26.9,83.3,1,36.3,32.2
SY081646,SCI_B,Science,12,Tuesday,4,26.5,60.4,91,83.9,88.5
SY058519,SPT_A,Sports,1,Thursday,5,21.1,75.3,0,26.6,24.8
SY016358,LEC_A,LectureHall,7,Monday,2,15.1,72.1,3,15.2,11.8
SY014871,ENG_B,Engineering,7,Friday,1,13.6,67.2,1,40.3,37.9
SY040630,ADM_A,Administration,20,Sunday,3,17.5,52.8,3,18.7,18.2
SY092188,ENG_A,Engineering,11,Saturday,7,29.0,75.8,10,65.2,64.7
SY013046,RES_A,Residential,16,Friday,12,25.0,46.6,151,43.0,44.4
SY050454,SCI_B,Science,11,Tuesday,12,17.2,55.1,41,61.4,67.0
SY048338,ENG_A,Engineering,10,Thursday,1,15.6,57.8,104,72.2,65.7
SY095984,BUS_B,Business,8,Saturday,4,22.6,67.8,2,26.7,23.6
SY064044,SPT_A,Sports,17,Wednesday,7,31.2,86.4,85,74.3,80.5
SY014504,BUS_B,Business,3,Tuesday,2,11.3,68.7,3,28.9,29.5
SY058710,ENG_B,Engineering,5,Wednesday,6,26.4,79.7,4,50.2,47.2
SY047503,ENG_A,Engineering,9,Wednesday,6,22.0,73.2,47,51.6,56.2
SY069564,RES_A,Residential,12,Friday,12,16.9,56.6,99,35.9,35.9
SY029693,ENG_A,Engineering,1,Wednesday,4,19.4,80.2,12,40.1,38.5
SY068173,BUS_A,Business,7,Tuesday,4,20.4,71.1,4,20.8,19.0
SY041360,BUS_B,Business,12,Sunday,8,29.0,64.4,15,31.7,34.7
SY043380,SCI_B,Science,19,Friday,10,26.4,56.6,40,98.5,101.4
SY083916,RES_A,Residential,19,Wednesday,6,30.8,63.4,46,66.3,62.0
SY002330,SPT_A,Sports,21,Sunday,6,28.0,83.6,9,73.0,39.7
SY034190,SCI_B,Science,2,Wednesday,1,11.8,73.4,8,61.9,62.8
SY052362,ENG_A,Engineering,16,Thursday,3,19.7,54.5,82,68.1,59.8
SY055305,ENG_B,Engineering,13,Tuesday,6,29.1,59.3,31,62.1,58.0
SY016789,ADM_A,Administration,0,Saturday,6,27.9,81.7,2,25.1,22.6
SY098075,ENG_B,Engineering,23,Friday,5,24.1,74.1,11,60.1,48.9
SY042958,SCI_A,Science,6,Wednesday,11,13.1,71.6,13,87.4,84.3
SY048922,SCI_A,Science,17,Tuesday,7,30.0,86.8,42,144.6,145.2
SY064237,BUS_B,Business,5,Thursday,1,8.1,74.1,8,33.6,34.4
SY048906,ENG_B,Engineering,22,Wednesday,4,22.3,73.7,21,57.5,51.4
SY068373,SCI_B,Science,15,Saturday,11,24.0,,16,65.1,66.0
SY076173,BUS_A,Business,6,Tuesday,12,,,3,20.5,25.5
SY066303,RES_B,Residential,10,Saturday,10,24.9,61.2,153,43.2,40.1
SY030587,LIB_A,Library,7,Tuesday,6,26.7,80.6,5,32.0,32.6
SY045651,SCI_A,Science,20,Thursday,12,20.2,62.8,12,97.1,80.1
SY049718,BUS_B,Business,20,Thursday,12,15.4,71.6,8,26.9,26.3
SY074438,ENG_B,Engineering,20,Wednesday,6,30.0,70.9,7,77.5,71.4
SY060403,SPT_A,Sports,12,Tuesday,4,20.1,53.8,64,41.0,41.2
SY081230,ENG_A,Engineering,18,Monday,4,22.4,63.4,87,60.5,70.6
SY043106,RES_B,Residential,21,Saturday,7,29.3,71.4,,63.0,67.3
SY048689,LIB_A,Library,16,Saturday,12,20.5,46.7,9,21.5,22.2
SY087458,BUS_A,Business,9,Monday,11,17.5,66.7,130,25.8,33.7
SY006485,SCI_A,Science,7,Sunday,10,19.8,71.6,13,77.2,73.0
SY088624,SCI_B,Science,23,Saturday,9,24.1,89.0,1,74.4,70.2
SY077915,LIB_A,Library,10,Sunday,1,18.4,52.2,5,23.3,22.0
SY026581,SCI_A,Science,23,Monday,1,12.3,67.3,0,85.0,83.0
SY096508,SPT_A,Sports,3,Sunday,5,19.4,87.0,0,29.2,28.3
SY055019,SCI_B,Science,2,Sunday,1,9.3,75.8,6,70.1,70.2
SY000411,ADM_A,Administration,19,Friday,2,18.2,54.1,2,23.9,17.0
SY026596,SCI_A,Science,1,Tuesday,5,18.6,81.8,7,77.1,78.4
SY050922,ADM_A,Administration,9,Monday,12,15.2,63.5,111,37.7,39.2
SY040084,BUS_B,Business,19,Saturday,12,18.3,57.5,1,25.3,26.8
SY096930,BUS_B,Business,2,Saturday,11,12.2,76.0,4,32.4,30.7
SY029471,LIB_A,Library,16,Sunday,2,21.1,48.2,122,37.0,38.4
SY026812,ENG_B,Engineering,7,Tuesday,1,15.8,69.9,4,35.8,36.9
SY007455,ENG_A,Engineering,0,Thursday,2,14.3,71.4,13,61.7,51.2
SY089907,BUS_A,Business,4,Saturday,3,10.9,77.2,5,25.4,26.8
SY007420,SCI_A,Science,9,Sunday,2,17.4,58.9,15,72.1,76.4
SY072058,SCI_B,Science,13,Wednesday,4,,58.7,64,,86.7
SY099431,RES_B,Residential,12,Sunday,5,29.8,59.2,,47.0,53.7
SY089846,BUS_A,Business,22,Wednesday,5,22.6,71.5,10,52.4,24.6
SY091314,RES_B,Residential,11,Saturday,3,21.3,63.3,186,33.9,32.7
SY076028,BUS_A,Business,8,Saturday,5,21.5,74.2,,18.7,20.4
SY092725,SCI_A,Science,2,Friday,1,9.0,79.2,6,88.1,89.8
SY060897,LIB_A,Library,18,Monday,5,28.4,57.1,245,84.5,83.0
SY019078,BUS_A,Business,20,Saturday,6,29.0,69.1,1,30.1,33.3
SY085051,ENG_A,Engineering,16,Sunday,4,,77.9,38,44.5,44.5
SY080954,BUS_A,Business,15,Sunday,10,29.9,56.3,12,22.2,27.9
SY053102,SPT_A,Sports,20,Thursday,2,21.0,59.2,180,62.8,63.1
SY060760,ADM_A,Administration,13,Thursday,4,24.6,51.1,109,29.7,40.7
SY099105,ADM_A,Administration,10,Tuesday,2,21.2,69.9,113,33.8,39.8
SY074363,BUS_B,Business,6,Friday,9,22.0,74.9,10,30.1,26.6
SY072088,RES_A,Residential,8,Friday,12,12.1,56.9,179,76.2,58.9
SY094305,ENG_A,Engineering,8,Wednesday,1,13.8,65.2,,49.5,47.2
SY062862,LIB_A,Library,16,Tuesday,2,16.6,44.7,,42.2,43.1
SY091970,ENG_B,Engineering,21,Saturday,5,27.9,67.4,9,63.1,62.7
SY095567,ENG_B,Engineering,5,Saturday,7,26.2,91.3,1,50.1,50.0
SY012177,SCI_B,Science,9,Monday,3,17.7,74.1,80,80.1,82.5
SY053425,BUS_B,Business,8,Monday,10,25.0,70.5,78,27.4,33.8
SY087636,SPT_A,Sports,13,Tuesday,1,15.8,48.7,14,,46.5
SY046751,ADM_A,Administration,2,Sunday,1,9.5,71.6,3,18.4,17.4
SY076684,RES_B,Residential,9,Tuesday,8,28.6,80.5,26,41.2,39.7
SY006205,RES_A,Residential,11,Monday,2,22.7,71.1,106,,36.4
SY039719,LEC_A,LectureHall,13,Wednesday,4,17.7,75.2,176,20.5,22.5
SY011436,LEC_A,LectureHall,7,Thursday,1,12.9,74.1,0,17.8,17.0
SY052905,SPT_A,Sports,1,Friday,3,12.4,76.9,0,,40.9
SY058607,BUS_A,Business,10,Sunday,4,26.8,62.3,87,31.3,33.5
SY030995,SCI_A,Science,7,Sunday,12,14.8,78.4,7,80.5,76.7
SY031794,BUS_A,Business,1,Friday,8,27.8,85.1,1,34.3,32.4
SY068059,BUS_A,Business,2,Monday,5,16.5,79.8,1,21.5,22.4
SY007799,BUS_B,Business,9,Saturday,6,29.2,69.5,21,31.1,33.8
SY041006,BUS_B,Business,21,Tuesday,6,28.5,83.5,65,70.8,75.6
SY000055,LIB_A,Library,18,Monday,4,25.3,58.8,156,44.9,67.7
SY005569,RES_A,Residential,8,Thursday,12,13.2,74.7,20,31.8,31.3
SY090402,ADM_A,Administration,10,Wednesday,5,26.2,61.1,87,35.7,38.1
SY051365,RES_A,Residential,1,Sunday,12,14.2,74.9,46,33.4,32.9
SY060940,SCI_B,Science,17,Monday,6,30.9,87.5,34,109.4,113.9
SY003688,LIB_A,Library,10,Friday,8,,59.6,21,35.3,48.9
SY001266,ADM_A,Administration,15,Tuesday,6,26.9,78.0,49,39.3,38.4
SY089187,LIB_A,Library,17,Monday,4,25.6,49.1,152,48.4,49.0
SY096286,LIB_A,Library,17,Monday,2,20.5,55.0,131,38.3,51.8
SY040053,BUS_A,Business,2,Sunday,4,12.7,79.6,3,21.8,22.0
SY092173,RES_B,Residential,19,Friday,11,16.3,58.5,162,50.1,49.2
SY051823,SCI_A,Science,21,Saturday,1,15.6,59.3,3,77.9,75.4
SY006721,RES_A,Residential,11,Monday,4,22.0,60.1,103,37.6,39.9
SY050812,RES_A,Residential,3,Thursday,11,15.0,79.1,320,66.6,63.2
SY074251,BUS_B,Business,10,Monday,12,17.9,57.0,197,48.7,49.4
SY043308,ADM_A,Administration,15,Sunday,3,23.0,43.9,5,16.8,16.2
SY046985,LIB_A,Library,18,Friday,8,28.3,88.4,53,53.2,62.6
SY090974,BUS_B,Business,14,Tuesday,3,22.7,42.8,216,41.3,47.3
SY062915,BUS_B,Business,1,Thursday,6,25.7,79.3,0,37.3,36.1
SY004509,ENG_A,Engineering,7,Wednesday,8,30.1,83.9,15,84.2,90.2
SY023951,ADM_A,Administration,10,Thursday,9,24.2,65.0,144,37.5,44.4
SY054057,ADM_A,Administration,8,Wednesday,3,14.2,60.9,87,28.1,33.2
SY046969,LEC_A,LectureHall,3,Thursday,3,16.0,71.1,5,16.4,15.1
SY063365,SCI_A,Science,4,Saturday,2,14.4,77.4,8,72.3,73.6
SY031660,ADM_A,Administration,11,Wednesday,2,20.6,51.0,97,39.8,34.7
SY060864,SCI_A,Science,1,Tuesday,5,24.5,78.3,5,101.6,96.5
SY081168,ENG_B,Engineering,13,Thursday,2,22.6,56.6,88,53.7,53.7
SY050948,LIB_A,Library,9,Monday,6,,,20,33.8,40.5
SY051418,RES_A,Residential,12,Monday,8,28.5,62.2,33,37.9,41.5
SY060069,LEC_A,LectureHall,7,Monday,5,25.4,75.4,13,,17.6
SY074015,SCI_A,Science,22,Wednesday,11,15.4,67.5,15,83.6,83.5
SY084262,ENG_B,Engineering,17,Wednesday,12,16.2,47.7,80,56.9,62.6
SY015561,BUS_B,Business,12,Sunday,5,30.7,57.0,,58.5,60.7
SY082146,BUS_A,Business,9,Wednesday,11,19.0,63.9,151,27.8,37.3
SY072866,RES_A,Residential,0,Tuesday,4,13.5,70.6,362,67.9,69.9
SY063180,BUS_A,Business,21,Wednesday,2,14.7,58.7,106,43.3,44.2
SY028977,SCI_A,Science,12,Saturday,4,26.5,57.4,17,76.7,77.1
SY072031,BUS_B,Business,0,Saturday,6,25.3,74.0,0,37.2,33.9
SY071634,LIB_A,Library,11,Saturday,10,26.9,55.5,75,33.2,39.6
SY069302,LIB_A,Library,15,Friday,6,32.9,55.5,51,59.0,60.4
SY065556,ADM_A,Administration,2,Friday,1,10.3,77.4,2,19.6,16.0
SY019551,ENG_B,Engineering,4,Sunday,6,21.8,84.5,3,36.8,34.9
SY088982,SCI_A,Science,8,Sunday,3,17.3,64.6,20,75.5,77.4
SY022064,BUS_B,Business,15,Sunday,3,23.3,47.8,15,27.9,26.2
SY087100,ADM_A,Administration,18,Friday,3,22.9,49.8,16,25.1,28.8
SY013399,SCI_A,Science,14,Sunday,4,22.8,84.4,16,74.6,69.7
SY063410,LEC_A,LectureHall,10,Saturday,4,17.5,75.3,,11.5,12.2
SY098710,LEC_A,LectureHall,14,Tuesday,6,27.0,79.6,46,38.0,39.3
SY017271,RES_A,Residential,18,Friday,1,18.7,52.2,224,53.2,65.2
SY005574,ENG_A,Engineering,0,Saturday,12,10.9,70.1,7,53.6,51.1
SY041799,ENG_A,Engineering,16,Sunday,2,20.5,52.1,33,46.8,47.3
SY000470,SPT_A,Sports,18,Friday,6,30.0,84.3,84,76.8,76.3
SY044664,ENG_A,Engineering,3,Sunday,11,12.6,77.1,16,46.9,48.4
SY083699,LIB_A,Library,10,Monday,1,13.9,51.7,8,26.4,25.6
SY011979,ENG_B,Engineering,13,Saturday,2,22.0,52.8,27,40.1,41.2
SY098209,ADM_A,Administration,14,Thursday,1,20.7,50.1,38,26.4,25.0
SY077454,ENG_B,Engineering,17,Tuesday,6,29.6,62.4,43,66.9,71.5
SY089821,SPT_A,Sports,16,Tuesday,1,17.7,50.9,92,41.1,47.8
SY065887,ENG_B,Engineering,16,Monday,3,14.7,77.1,71,56.3,49.6
SY056156,BUS_B,Business,15,Tuesday,3,23.4,50.8,177,42.6,42.1
SY048576,SCI_B,Science,4,Saturday,3,,,7,63.2,64.5
SY062845,SPT_A,Sports,15,Sunday,11,21.8,50.3,79,42.3,41.1
SY016815,RES_B,Residential,3,Monday,2,10.1,72.9,194,59.8,52.2
SY070383,BUS_A,Business,1,Wednesday,4,17.5,72.9,3,21.5,19.5
SY043654,LIB_A,Library,2,Saturday,3,15.1,71.4,4,24.0,23.5
SY019030,ADM_A,Administration,23,Monday,5,21.7,72.4,1,20.7,17.5
SY023271,LEC_A,LectureHall,10,Thursday,1,17.0,52.5,345,26.5,34.5
SY011558,ENG_A,Engineering,19,Thursday,12,15.1,78.1,21,59.7,51.7
SY010195,LIB_A,Library,7,Tuesday,1,11.6,69.6,11,31.1,29.6
SY094918,ENG_A,Engineering,6,Monday,9,20.7,71.3,12,49.3,47.5
SY012244,SCI_A,Science,4,Monday,9,15.4,84.8,,63.5,65.1
SY005133,SCI_A,Science,20,Wednesday,2,20.1,58.7,24,88.2,87.7
SY021149,RES_B,Residential,5,Sunday,2,13.0,69.9,250,51.5,48.5
SY086072,SCI_A,Science,22,Friday,4,16.8,70.3,9,69.0,69.6
SY030372,RES_B,Residential,22,Saturday,7,22.4,85.6,58,43.2,38.9
SY013511,ENG_A,Engineering,4,Friday,1,10.3,75.3,3,50.0,51.4
SY020587,LIB_A,Library,5,Sunday,2,10.1,74.0,3,27.5,27.3
SY056980,RES_A,Residential,14,Thursday,5,29.0,51.8,126,53.1,59.4
SY044482,BUS_A,Business,23,Saturday,2,13.8,69.9,4,22.9,22.8
SY084177,SPT_A,Sports,7,Sunday,2,16.0,64.7,0,34.8,33.7
SY021080,ENG_B,Engineering,18,Tuesday,3,21.6,55.1,63,48.8,55.4
SY006089,SCI_B,Science,8,Monday,4,19.3,82.0,46,56.1,65.9
SY096275,LEC_A,LectureHall,12,Tuesday,2,21.2,52.0,169,31.8,21.6
SY024466,ENG_B,Engineering,20,Sunday,4,21.1,80.6,5,37.9,39.0
SY003513,ADM_A,Administration,1,Saturday,11,12.0,68.7,3,18.5,19.1
SY036209,LIB_A,Library,17,Wednesday,7,28.3,85.6,29,60.1,58.5
SY014776,SPT_A,Sports,4,Tuesday,1,13.5,70.2,0,34.5,35.7
SY076548,ENG_B,Engineering,11,Friday,9,,64.6,130,70.7,82.1
SY057740,ENG_B,Engineering,19,Wednesday,6,31.1,64.5,28,71.2,77.5
SY036644,RES_A,Residential,12,Wednesday,7,31.4,79.9,35,61.9,64.7
SY045173,ENG_A,Engineering,7,Thursday,4,15.2,70.4,10,47.8,45.1
SY056900,LIB_A,Library,6,Sunday,12,14.3,74.3,1,24.2,24.7
SY023558,RES_B,Residential,18,Sunday,5,27.7,83.7,173,60.3,72.1
SY083003,SPT_A,Sports,21,Saturday,3,18.1,65.9,28,54.8,49.7
SY041726,SCI_A,Science,4,Wednesday,5,21.0,87.6,4,77.3,76.1
SY064448,RES_B,Residential,19,Wednesday,2,20.9,55.2,180,63.6,63.2
SY092913,SCI_A,Science,17,Tuesday,12,19.4,48.8,42,87.0,95.1
SY098347,SPT_A,Sports,5,Friday,6,24.2,78.8,0,24.9,22.1
SY071104,SCI_A,Science,0,Thursday,5,21.3,77.3,3,74.6,70.9
SY070646,ADM_A,Administration,7,Tuesday,1,15.4,63.9,32,15.7,22.3
SY024829,RES_B,Residential,19,Friday,1,14.4,56.9,185,51.1,57.1
SY022856,ENG_B,Engineering,13,Saturday,5,28.0,54.9,19,46.9,50.4
SY050811,BUS_B,Business,14,Sunday,8,32.3,60.4,2,36.7,35.8
SY060968,ENG_B,Engineering,19,Sunday,3,18.7,50.0,8,44.3,37.7
SY037238,ENG_A,Engineering,6,Tuesday,5,,,11,52.6,48.1
SY075626,LIB_A,Library,4,Saturday,3,12.4,66.1,3,25.5,25.8
SY051060,BUS_B,Business,14,Tuesday,9,24.0,73.3,170,45.7,46.7
SY036971,BUS_A,Business,23,Monday,2,14.4,64.1,2,21.0,23.0
SY074588,SPT_A,Sports,19,Saturday,10,26.7,64.5,74,75.4,70.8
SY037672,BUS_B,Business,4,Friday,6,26.1,84.7,0,35.1,33.7
SY045894,SCI_A,Science,4,Sunday,5,16.0,82.2,6,79.7,82.8
SY044501,SPT_A,Sports,20,Wednesday,5,22.5,81.0,120,60.2,54.8
SY065088,ENG_B,Engineering,17,Friday,3,22.6,57.7,82,121.2,115.1
SY066644,BUS_A,Business,11,Tuesday,2,22.0,54.2,132,35.1,37.7
SY043735,SCI_B,Science,19,Sunday,1,16.8,55.1,0,54.6,57.0
SY029876,RES_B,Residential,21,Thursday,1,11.5,56.5,214,64.2,63.8
SY045677,RES_B,Residential,17,Saturday,4,25.2,57.6,185,43.3,48.1
SY085899,ENG_B,Engineering,9,Wednesday,1,8.1,70.4,80,58.5,62.7
SY091292,RES_B,Residential,10,Monday,5,27.9,80.4,110,,59.1
SY066367,LEC_A,LectureHall,0,Friday,4,17.7,71.7,0,15.3,11.3
SY039463,ENG_A,Engineering,3,Wednesday,2,12.0,79.7,12,41.9,45.0
SY034343,RES_A,Residential,5,Monday,1,7.7,66.3,330,76.2,75.7
SY085052,LIB_A,Library,23,Saturday,8,25.6,73.9,1,32.6,31.1
SY027795,ADM_A,Administration,4,Tuesday,5,23.7,78.7,3,23.2,19.0
SY099963,SPT_A,Sports,20,Saturday,2,19.2,58.5,42,56.1,52.5
SY089295,SCI_B,Science,19,Saturday,2,20.8,52.1,1,60.0,55.8
SY016737,ENG_B,Engineering,8,Friday,4,21.3,78.4,10,34.1,36.1
SY095618,LEC_A,LectureHall,22,Wednesday,6,24.5,71.1,0,21.4,21.0
SY051347,ADM_A,Administration,18,Saturday,5,28.6,77.1,3,18.4,21.2
SY054992,BUS_A,Business,23,Sunday,3,16.2,68.5,6,21.2,24.1
SY005878,ENG_B,Engineering,13,Saturday,9,28.6,79.8,28,56.6,58.2
SY072507,RES_A,Residential,1,Thursday,8,21.1,76.3,77,41.4,38.8
SY028115,LIB_A,Library,20,Friday,1,16.8,54.5,13,28.9,27.6
SY047197,SCI_B,Science,19,Wednesday,6,26.3,60.9,22,84.4,86.3
SY079546,RES_B,Residential,21,Wednesday,5,25.0,66.3,217,74.2,80.2
SY031721,ENG_A,Engineering,4,Sunday,12,9.2,71.7,2,52.9,55.0
SY093718,ENG_A,Engineering,9,Wednesday,5,22.8,64.4,87,88.6,63.7
SY001254,LEC_A,LectureHall,4,Friday,9,18.7,78.6,9,18.4,15.9
SY056432,ENG_B,Engineering,16,Sunday,1,12.8,77.1,42,43.9,45.7
SY004490,RES_B,Residential,2,Thursday,6,26.8,84.7,60,49.3,47.7
SY056205,LEC_A,LectureHall,18,Thursday,3,15.9,78.3,93,15.8,31.3
SY067531,LIB_A,Library,22,Wednesday,5,24.4,79.7,124,78.2,64.2
SY092004,ENG_B,Engineering,1,Friday,7,26.8,80.9,5,63.2,58.3
SY050702,LEC_A,LectureHall,18,Friday,6,31.4,83.5,6,32.2,30.8
SY053210,SPT_A,Sports,22,Saturday,2,12.0,69.3,0,61.4,44.3
SY066266,RES_B,Residential,4,Monday,6,23.0,80.6,76,35.0,39.0
SY070620,SPT_A,Sports,16,Monday,10,28.7,53.5,119,51.6,60.2
SY072643,LIB_A,Library,5,Sunday,6,24.5,87.1,1,28.6,27.4
SY040507,SPT_A,Sports,9,Wednesday,11,17.7,59.4,29,42.2,37.6
SY049532,RES_B,Residential,5,Friday,4,19.5,78.1,203,48.4,42.1
SY091857,BUS_B,Business,23,Tuesday,6,25.7,72.4,0,,34.7
SY063937,SCI_B,Science,11,Sunday,6,29.5,62.8,9,75.9,82.5
SY015819,ENG_B,Engineering,1,Thursday,2,17.5,71.8,3,37.7,35.5
SY024615,SPT_A,Sports,5,Thursday,1,11.8,69.9,0,41.7,41.7
SY021020,LIB_A,Library,18,Monday,6,31.7,58.5,30,64.9,68.8
SY049480,ADM_A,Administration,19,Wednesday,10,25.1,61.5,9,38.8,24.3
SY034146,ADM_A,Administration,6,Tuesday,1,11.6,73.6,0,21.5,18.9
SY034734,ENG_A,Engineering,5,Thursday,11,12.7,76.8,14,54.1,50.1
SY038035,SCI_B,Science,4,Monday,2,14.2,71.4,3,60.4,59.2
SY035318,LIB_A,Library,16,Wednesday,4,26.9,51.0,205,69.3,61.1
SY080719,SPT_A,Sports,20,Sunday,12,17.3,58.5,45,53.4,52.6
SY064278,SCI_A,Science,10,Thursday,12,17.5,61.3,79,93.0,91.2
SY042861,LEC_A,LectureHall,22,Monday,7,29.6,70.4,0,32.6,32.1
SY007297,SCI_A,Science,13,Sunday,2,21.5,56.4,13,73.5,74.6
SY078933,LEC_A,LectureHall,18,Thursday,3,18.9,53.6,106,20.8,32.1
SY040746,SPT_A,Sports,1,Tuesday,7,25.5,84.2,0,31.9,32.1
SY019062,ENG_B,Engineering,16,Thursday,4,23.6,84.4,66,54.0,47.1
SY090797,SCI_B,Science,5,Friday,4,16.3,76.7,5,62.3,62.3
SY075367,SCI_B,Science,14,Wednesday,11,22.6,56.7,103,74.6,80.9
SY057433,SCI_A,Science,13,Friday,10,29.6,57.0,62,110.1,107.6
SY039643,LEC_A,LectureHall,15,Thursday,12,17.2,51.9,218,28.3,25.0
SY032283,BUS_A,Business,10,Monday,9,18.5,81.0,142,33.4,35.2
SY024069,ENG_A,Engineering,0,Monday,11,14.1,67.4,13,50.8,51.4
SY017646,BUS_B,Business,19,Thursday,5,25.0,62.4,149,52.0,69.7
SY099412,LEC_A,LectureHall,14,Thursday,2,25.6,47.9,222,46.0,36.4
SY046520,ENG_A,Engineering,18,Sunday,12,17.1,73.3,0,45.5,41.7
SY026156,RES_A,Residential,10,Thursday,6,28.0,77.1,35,40.6,39.7
SY095792,SCI_A,Science,18,Thursday,7,33.8,68.0,39,138.4,145.1
SY080471,LEC_A,LectureHall,2,Wednesday,4,13.7,83.5,1,14.9,16.2
SY015702,ENG_A,Engineering,9,Monday,8,28.9,70.2,62,62.5,76.8
SY096549,ENG_B,Engineering,2,Thursday,5,20.0,88.3,4,38.4,37.6
SY092419,LIB_A,Library,14,Wednesday,1,20.3,47.3,162,38.1,38.2
SY055966,SPT_A,Sports,1,Thursday,6,25.7,86.9,,36.3,36.0
SY099309,ADM_A,Administration,23,Friday,5,24.1,84.9,2,20.9,21.7
SY027437,BUS_B,Business,12,Thursday,5,27.9,,141,57.1,63.2
SY035619,SCI_B,Science,4,Thursday,12,14.2,74.2,3,58.4,59.1
SY097634,BUS_B,Business,5,Thursday,5,25.0,76.4,0,29.7,29.3
SY061809,BUS_A,Business,15,Sunday,7,29.7,84.5,3,28.7,30.3
SY058579,ENG_A,Engineering,16,Monday,3,19.1,79.0,135,63.7,70.9
SY050039,SPT_A,Sports,13,Wednesday,3,16.8,76.4,49,45.3,41.9
SY039694,BUS_B,Business,10,Thursday,8,27.2,78.4,49,46.9,49.7
SY085851,SPT_A,Sports,23,Thursday,4,20.2,82.4,0,45.7,29.9
SY034305,RES_A,Residential,8,Monday,5,27.1,67.0,205,74.4,73.5
SY028316,RES_B,Residential,15,Wednesday,1,18.9,46.6,23,24.3,24.0
SY074498,LIB_A,Library,13,Thursday,3,15.8,78.2,177,33.3,37.7
SY093787,LEC_A,LectureHall,18,Thursday,4,22.4,80.3,107,19.5,21.5
SY098619,BUS_A,Business,18,Thursday,6,32.2,58.2,30,52.7,50.7
SY030847,LEC_A,LectureHall,11,Sunday,2,20.1,54.1,2,11.1,14.1
SY054879,ENG_B,Engineering,12,Saturday,10,27.8,61.9,17,44.3,41.8
SY053154,LIB_A,Library,14,Sunday,6,35.9,54.0,28,76.9,72.6
SY094765,BUS_A,Business,9,Monday,6,27.7,64.1,48,25.7,38.5
SY030401,BUS_B,Business,2,Wednesday,4,18.0,82.8,4,28.7,24.5
SY098235,SCI_B,Science,19,Tuesday,4,17.6,62.9,26,90.6,81.2
SY099623,LIB_A,Library,0,Thursday,5,21.9,73.7,63,65.8,56.2
SY071734,ADM_A,Administration,22,Monday,8,23.8,68.6,3,22.3,22.5
SY005233,ENG_B,Engineering,13,Saturday,10,24.8,54.8,84,55.8,59.5
SY021369,LEC_A,LectureHall,21,Saturday,9,25.9,80.2,4,28.7,23.9
SY099714,ENG_B,Engineering,21,Tuesday,3,16.7,68.0,29,46.5,48.1
SY084895,ENG_A,Engineering,9,Saturday,5,22.4,68.5,7,41.9,42.2
SY024656,ENG_A,Engineering,19,Tuesday,4,25.0,,66,81.1,71.5
SY068732,LIB_A,Library,10,Thursday,2,,58.3,76,29.3,26.6
SY059767,RES_A,Residential,22,Thursday,5,21.1,68.0,263,103.0,78.5
SY048446,LIB_A,Library,12,Tuesday,11,20.6,51.7,174,36.3,41.0
SY031762,SCI_A,Science,15,Friday,3,17.7,76.5,84,103.5,91.8
SY031700,SCI_A,Science,21,Saturday,6,29.9,83.6,4,118.4,114.3
SY018930,LIB_A,Library,0,Saturday,2,15.1,66.8,4,41.6,23.9
SY094268,ENG_A,Engineering,11,Friday,6,30.0,80.6,59,86.6,95.2
SY079119,LIB_A,Library,4,Friday,11,,,9,28.7,26.9
SY036715,SPT_A,Sports,21,Saturday,8,25.0,68.7,14,62.1,33.9
SY033387,LIB_A,Library,5,Friday,5,21.8,68.1,8,28.1,24.7
SY018042,SPT_A,Sports,16,Friday,8,,,59,60.4,63.0
SY083260,RES_B,Residential,1,Saturday,7,23.3,86.3,75,45.9,41.1
SY000001,SPT_A,Sports,14,Friday,6,29.7,83.0,19,64.9,38.1
SY039919,ADM_A,Administration,11,Wednesday,5,22.3,75.2,14,16.7,18.0
SY003065,BUS_A,Business,20,Wednesday,3,22.0,60.7,117,49.5,44.2
SY096387,SCI_A,Science,5,Monday,3,16.3,83.9,4,83.8,80.9
SY000945,ADM_A,Administration,1,Monday,6,24.9,77.0,2,20.7,19.4
SY072242,BUS_A,Business,2,Friday,1,12.0,68.2,,,23.0
SY065232,SCI_A,Science,21,Sunday,8,26.0,74.8,1,111.5,103.1
SY082434,ADM_A,Administration,11,Monday,7,28.8,81.8,65,44.6,46.4
SY070832,RES_A,Residential,0,Sunday,2,11.7,66.2,253,54.8,62.1
SY014797,ENG_A,Engineering,10,Thursday,2,15.1,71.1,127,79.9,75.9
SY004934,SCI_B,Science,16,Saturday,10,25.0,81.1,16,75.8,74.6
SY018536,BUS_B,Business,17,Friday,11,17.5,78.2,138,51.6,44.5
SY026857,SPT_A,Sports,3,Friday,6,25.3,86.5,0,34.3,32.4
SY058530,LEC_A,LectureHall,23,Saturday,5,26.5,72.3,2,27.1,26.0
SY030257,ADM_A,Administration,20,Friday,5,27.9,61.3,2,21.4,22.4
SY096469,RES_B,Residential,0,Sunday,6,25.1,75.8,59,47.1,48.6
SY023200,SCI_A,Science,16,Monday,6,27.7,81.2,61,104.2,109.2
SY026432,ENG_A,Engineering,10,Wednesday,6,31.3,67.9,63,83.0,93.9
SY018126,SPT_A,Sports,0,Saturday,10,19.9,76.5,0,27.7,28.1
SY095444,ENG_B,Engineering,7,Sunday,4,15.8,75.0,14,37.9,38.7
SY059146,LEC_A,LectureHall,9,Monday,10,25.1,66.7,189,34.6,37.2
SY080171,RES_A,Residential,16,Sunday,6,32.5,57.2,66,53.0,54.3
SY017823,ENG_B,Engineering,12,Thursday,5,27.0,61.4,158,65.7,81.4
SY039450,BUS_B,Business,10,Wednesday,10,21.7,78.0,177,44.7,45.0
SY019910,RES_B,Residential,3,Wednesday,9,20.7,82.4,252,49.8,55.3
SY037679,BUS_B,Business,16,Friday,2,22.2,,139,44.2,40.0
SY094195,ENG_A,Engineering,19,Tuesday,7,28.8,88.5,24,78.5,88.3
SY029690,ADM_A,Administration,10,Wednesday,12,19.3,52.9,9,19.0,19.4
SY053254,ENG_A,Engineering,12,Sunday,6,25.9,84.0,9,60.9,61.6
SY017460,SCI_A,Science,4,Saturday,6,23.2,80.7,0,80.8,79.0
SY095139,ENG_B,Engineering,3,Friday,1,8.7,76.8,2,44.7,45.6
SY078711,ENG_A,Engineering,10,Friday,3,20.3,62.1,138,71.4,68.4
SY015778,LIB_A,Library,8,Friday,8,28.9,73.2,9,28.6,28.7
SY004447,RES_A,Residential,5,Saturday,2,11.8,71.4,224,59.3,56.7
SY034068,ADM_A,Administration,9,Monday,1,14.9,51.0,37,26.8,24.3
SY058195,ADM_A,Administration,5,Monday,1,10.9,70.0,1,17.3,20.2
SY038432,BUS_A,Business,22,Tuesday,1,16.1,67.9,3,20.5,19.6
SY032107,LEC_A,LectureHall,12,Tuesday,7,34.4,63.5,15,54.0,29.5
SY017930,BUS_B,Business,9,Tuesday,6,27.3,71.7,43,35.4,43.1
SY096603,RES_B,Residential,11,Sunday,8,27.7,64.8,48,32.5,34.3
SY082954,LEC_A,LectureHall,7,Sunday,9,21.1,79.2,3,13.8,15.7
SY053902,SCI_B,Science,9,Thursday,3,19.0,62.9,88,72.2,83.5
SY073217,ENG_B,Engineering,1,Friday,2,15.7,72.8,10,36.4,35.8
SY013162,ENG_A,Engineering,18,Tuesday,3,21.6,54.9,76,69.7,69.4
SY014551,RES_B,Residential,22,Wednesday,7,24.9,89.5,61,49.0,46.8
SY021472,BUS_A,Business,10,Sunday,6,31.1,67.1,17,29.4,29.0
SY057213,RES_B,Residential,6,Monday,2,13.9,79.7,214,53.0,55.8
SY076571,SCI_B,Science,15,Friday,5,30.5,52.5,74,105.8,104.3
SY018675,ENG_A,Engineering,3,Friday,4,19.0,85.1,9,43.7,41.6
SY030135,ENG_A,Engineering,14,Thursday,8,27.9,84.1,34,69.4,70.1
SY019429,ENG_B,Engineering,21,Sunday,5,23.8,81.4,5,43.0,43.0
SY044894,SPT_A,Sports,0,Wednesday,3,16.2,71.5,0,31.5,31.0
SY030402,LEC_A,LectureHall,5,Sunday,3,14.4,69.9,1,14.8,13.4
SY026552,SCI_B,Science,22,Monday,10,21.4,68.2,9,72.1,67.5
SY053742,LIB_A,Library,23,Tuesday,6,24.1,72.3,7,57.1,29.5
SY088877,SCI_B,Science,10,Thursday,6,29.6,66.6,56,83.6,96.1
SY064959,ADM_A,Administration,19,Saturday,6,31.8,60.0,0,23.2,24.0
SY081532,RES_A,Residential,0,Tuesday,9,21.0,79.1,291,68.8,70.1
SY032985,ENG_B,Engineering,19,Sunday,4,25.6,58.6,11,58.1,45.9
SY019452,RES_A,Residential,21,Monday,1,14.0,56.9,331,83.0,92.8
SY010389,SCI_B,Science,7,Thursday,6,27.1,87.7,8,85.7,82.7
SY087628,ENG_B,Engineering,11,Friday,5,29.2,65.2,100,63.2,68.7
SY061230,BUS_B,Business,19,Thursday,3,22.5,58.1,179,55.6,57.4
SY001533,LEC_A,LectureHall,16,Friday,7,34.2,58.0,26,32.8,37.3
SY021458,ENG_B,Engineering,17,Saturday,2,19.7,48.4,26,40.1,48.8
SY029907,SCI_B,Science,5,Thursday,1,12.1,71.4,1,69.6,67.0
SY004183,SCI_A,Science,2,Tuesday,10,21.0,79.5,11,74.0,72.8
SY023682,ENG_B,Engineering,9,Monday,10,23.1,62.8,106,46.5,58.8
SY048708,SPT_A,Sports,3,Saturday,1,11.5,66.8,0,35.8,38.4
SY069303,ADM_A,Administration,6,Friday,9,25.4,68.6,2,21.3,20.4
SY009748,SCI_B,Science,17,Friday,5,30.0,57.9,,106.1,102.7
SY024025,RES_B,Residential,21,Tuesday,10,22.8,64.5,278,75.1,82.2
SY050740,LIB_A,Library,4,Friday,2,11.0,74.9,3,27.7,25.2
SY001782,LIB_A,Library,12,Wednesday,4,19.6,74.2,169,33.8,37.2
SY053623,ADM_A,Administration,20,Sunday,2,16.7,53.9,3,15.3,19.2
SY007768,LIB_A,Library,14,Sunday,9,26.1,77.5,69,43.5,43.2
SY008344,RES_A,Residential,2,Tuesday,6,24.5,72.0,67,50.9,51.6
SY014615,SCI_A,Science,9,Monday,7,26.1,82.4,47,77.6,85.8
SY085414,ADM_A,Administration,11,Friday,4,23.5,55.5,80,30.3,29.7
SY023595,SCI_A,Science,16,Sunday,2,22.3,53.6,15,75.5,73.3
SY063147,SPT_A,Sports,6,Friday,3,17.4,70.6,59,34.1,49.2
SY041708,ENG_B,Engineering,14,Friday,1,20.1,51.5,15,41.3,43.0
SY045206,SCI_B,Science,8,Sunday,3,17.6,65.7,7,64.7,66.3
SY098923,ENG_A,Engineering,21,Monday,3,17.6,73.0,44,65.9,61.8
SY096050,ENG_A,Engineering,18,Tuesday,6,31.1,58.0,61,90.1,102.4
SY017893,LIB_A,Library,18,Tuesday,12,17.8,52.8,153,56.0,56.2
SY030730,ENG_B,Engineering,20,Friday,1,17.1,50.7,3,41.5,37.5
SY096704,LIB_A,Library,21,Saturday,5,21.1,65.6,2,44.5,22.6
SY026900,RES_A,Residential,5,Friday,3,10.2,71.1,205,56.9,62.9
SY003866,LIB_A,Library,11,Monday,1,19.2,52.4,14,24.7,24.5
SY088429,ADM_A,Administration,0,Monday,4,18.1,72.5,1,16.4,15.9
SY086913,SCI_A,Science,3,Wednesday,1,6.7,84.3,7,92.9,97.8
SY003568,ENG_A,Engineering,22,Wednesday,2,13.8,63.5,26,57.8,58.7
SY058277,SCI_B,Science,1,Tuesday,4,18.2,78.0,3,64.3,64.0
SY084595,ENG_A,Engineering,19,Friday,9,,,60,97.0,106.2
SY098993,SCI_A,Science,16,Saturday,2,25.9,55.0,13,89.7,92.5
SY000825,LIB_A,Library,9,Thursday,2,16.9,64.1,84,32.5,32.9
SY022311,RES_A,Residential,19,Tuesday,3,16.2,73.7,199,61.7,66.4
SY009727,SCI_A,Science,15,Monday,7,34.1,57.7,51,132.4,139.5
SY013364,SPT_A,Sports,17,Monday,5,,78.1,110,75.3,82.4
SY062602,RES_A,Residential,13,Sunday,5,31.0,54.4,224,67.8,76.4
SY052529,ENG_A,Engineering,8,Sunday,5,21.5,86.3,6,45.7,44.7
SY053526,RES_A,Residential,5,Tuesday,6,23.9,84.6,97,43.1,39.4
SY005929,BUS_A,Business,16,Wednesday,7,32.8,82.7,41,55.9,56.3
SY002095,LEC_A,LectureHall,22,Tuesday,7,27.9,74.2,0,32.1,29.5
SY019856,SCI_A,Science,19,Saturday,3,21.5,56.0,4,72.9,72.1
SY007611,RES_B,Residential,15,Tuesday,4,20.3,85.1,96,27.1,30.1
SY053139,LEC_A,LectureHall,16,Monday,1,18.6,49.5,0,15.5,12.9
SY098679,RES_B,Residential,8,Saturday,5,23.2,72.6,234,,57.3
SY002157,ENG_B,Engineering,8,Friday,9,23.8,71.4,43,37.8,43.7
SY060194,RES_B,Residential,0,Friday,3,12.4,78.5,242,48.1,56.0
SY015750,SCI_A,Science,4,Tuesday,1,11.1,79.5,,80.0,76.1
SY089031,LIB_A,Library,19,Friday,1,18.6,51.9,13,29.1,27.4
SY033129,SCI_A,Science,3,Friday,7,26.3,86.0,4,132.9,128.4
SY030050,LIB_A,Library,3,Monday,1,10.3,71.9,6,29.9,30.0
SY069192,RES_A,Residential,6,Saturday,11,11.1,72.2,295,73.1,91.4
SY028683,ADM_A,Administration,13,Monday,3,18.9,75.0,125,31.4,38.6
SY059781,SCI_A,Science,10,Friday,2,18.6,58.0,91,84.5,88.2
SY048234,ENG_A,Engineering,22,Wednesday,3,19.6,77.6,24,61.8,58.8
SY093604,BUS_A,Business,0,Thursday,10,20.6,80.6,4,21.8,26.9
SY085476,ENG_A,Engineering,13,Monday,4,25.5,77.4,110,84.4,74.7
SY024608,RES_A,Residential,21,Tuesday,5,22.6,80.6,256,91.7,88.8
SY076686,ENG_A,Engineering,2,Wednesday,1,9.6,71.1,3,,53.8
SY036581,RES_A,Residential,13,Sunday,11,18.3,73.9,254,41.4,44.6
SY044478,LEC_A,LectureHall,15,Thursday,4,22.9,75.2,367,42.9,40.2
SY015623,RES_A,Residential,9,Tuesday,3,18.1,68.8,143,56.5,37.5
SY092139,SCI_B,Science,4,Saturday,10,22.4,82.0,8,64.8,64.1
SY039920,SCI_B,Science,6,Monday,11,14.9,,6,63.7,65.8
SY099367,BUS_B,Business,18,Friday,1,17.5,49.3,115,54.6,53.8
SY091253,RES_B,Residential,2,Saturday,7,25.9,91.4,76,57.7,54.4
SY068338,LEC_A,LectureHall,18,Sunday,6,34.7,57.4,0,32.8,36.7
SY072879,BUS_A,Business,14,Friday,2,22.2,53.6,152,33.9,38.4
SY069959,SCI_A,Science,7,Tuesday,7,27.2,76.7,,95.9,96.8
SY089853,SCI_A,Science,23,Sunday,8,24.1,81.8,2,101.5,98.0
SY096959,LIB_A,Library,1,Friday,9,23.7,75.1,,,27.1
SY080936,RES_A,Residential,9,Wednesday,3,,58.5,180,62.9,40.7
SY009788,BUS_B,Business,1,Thursday,2,12.8,69.5,6,28.0,29.3
SY022573,BUS_B,Business,4,Monday,2,20.7,79.2,5,28.5,26.1
SY062073,RES_B,Residential,9,Friday,3,18.5,62.2,261,49.8,42.6
SY054257,SCI_A,Science,16,Sunday,12,21.2,50.9,13,69.0,72.4
SY014271,LIB_A,Library,5,Thursday,5,21.2,81.4,7,22.9,22.3
SY069282,ADM_A,Administration,21,Friday,6,27.8,82.1,,24.3,25.7
SY017505,RES_A,Residential,17,Friday,1,14.0,73.0,165,37.7,51.6
SY031021,LIB_A,Library,4,Monday,6,,,3,34.9,33.0
SY074439,BUS_A,Business,16,Wednesday,5,31.7,53.1,63,59.9,54.3
SY088580,RES_A,Residential,2,Monday,8,27.6,75.4,328,95.8,107.4
SY065573,RES_A,Residential,4,Tuesday,12,10.5,71.3,340,81.6,75.0
SY048277,RES_B,Residential,13,Tuesday,5,31.0,53.1,112,51.9,52.5
SY007797,ENG_A,Engineering,18,Thursday,4,23.3,55.7,99,55.6,71.3
SY013410,SCI_B,Science,20,Monday,1,18.6,62.0,6,63.2,58.2
SY079612,ADM_A,Administration,23,Friday,11,10.8,62.3,4,21.1,21.0
SY016067,RES_A,Residential,23,Monday,10,20.0,69.7,286,94.6,64.1
SY025206,ADM_A,Administration,6,Friday,8,26.7,80.0,4,22.2,21.5
SY025329,RES_A,Residential,1,Sunday,12,10.5,72.6,363,,72.9
SY098685,ENG_B,Engineering,12,Monday,2,22.2,54.0,86,51.3,50.4
SY022562,BUS_A,Business,11,Saturday,12,18.4,50.4,7,22.9,20.8
SY069793,BUS_A,Business,23,Thursday,9,21.4,77.8,2,22.4,22.6
SY099954,ADM_A,Administration,20,Sunday,5,27.9,86.8,3,21.1,21.2
SY086336,RES_A,Residential,4,Saturday,3,10.6,72.4,238,63.8,62.9
SY019878,RES_A,Residential,10,Monday,7,,,37,51.1,51.5
SY024242,SCI_B,Science,0,Wednesday,6,24.8,86.2,2,76.6,75.7
SY094163,RES_B,Residential,7,Thursday,8,26.4,83.4,65,42.7,42.6
SY012251,BUS_A,Business,9,Friday,6,26.8,75.2,35,23.0,29.5
SY047620,SCI_A,Science,6,Wednesday,1,11.7,68.6,5,86.1,89.6
SY002892,SCI_B,Science,13,Sunday,6,28.1,84.4,5,83.3,84.1
SY053066,BUS_A,Business,7,Monday,4,18.3,73.2,8,17.2,19.2
SY005462,BUS_A,Business,22,Tuesday,11,17.2,68.6,16,43.8,24.7
SY047448,ENG_B,Engineering,13,Wednesday,6,31.3,82.8,43,72.8,72.4
SY082603,ENG_B,Engineering,3,Friday,9,18.0,76.6,9,36.0,36.5
SY058403,BUS_B,Business,8,Monday,2,10.4,76.6,116,30.2,52.4
SY083221,RES_B,Residential,0,Friday,5,18.8,78.6,203,55.8,47.3
SY010540,SCI_B,Science,13,Thursday,2,24.5,55.6,47,80.6,74.2
SY010509,ENG_B,Engineering,17,Wednesday,10,29.5,54.7,114,74.2,83.2
SY023203,LIB_A,Library,13,Monday,7,26.8,80.5,36,46.8,46.3
SY016549,BUS_B,Business,5,Monday,8,27.9,78.5,5,37.1,37.4
SY059070,SPT_A,Sports,18,Sunday,11,20.3,62.4,75,43.3,57.0
SY061772,SCI_A,Science,4,Monday,3,14.3,79.2,3,76.6,76.5
SY098464,SCI_A,Science,12,Thursday,9,22.4,81.3,79,79.0,77.3
SY041357,SCI_A,Science,10,Sunday,11,,77.7,15,76.5,76.4
SY073780,LIB_A,Library,7,Wednesday,4,14.3,72.9,7,27.6,31.8
SY097446,SCI_B,Science,12,Thursday,4,22.7,56.0,126,92.2,94.1
SY046176,LIB_A,Library,1,Friday,1,9.8,69.7,14,28.5,31.6
SY038791,RES_B,Residential,10,Saturday,10,24.4,65.7,193,46.8,39.2
SY007760,BUS_A,Business,5,Wednesday,2,8.4,68.8,4,24.5,25.4
SY063294,LIB_A,Library,1,Friday,11,10.2,67.2,11,27.2,28.1
SY098788,ENG_B,Engineering,7,Sunday,6,28.3,74.9,4,47.9,48.6
SY001195,ENG_B,Engineering,12,Sunday,5,26.7,60.9,11,42.1,44.4
SY012399,LIB_A,Library,1,Friday,5,21.5,79.6,97,55.5,52.6
SY059098,SPT_A,Sports,15,Saturday,6,29.5,57.7,54,48.5,54.3
SY084660,ADM_A,Administration,19,Thursday,5,24.9,75.4,2,24.4,20.6
SY035867,LIB_A,Library,18,Wednesday,5,22.9,81.6,93,36.3,36.3
SY048770,ADM_A,Administration,6,Thursday,11,14.6,76.3,5,18.8,19.2
SY021766,ENG_B,Engineering,13,Friday,11,20.2,45.8,83,55.6,48.3
SY000049,SCI_A,Science,18,Sunday,6,,62.6,1,126.2,129.5
SY064706,ADM_A,Administration,20,Friday,6,27.8,63.9,5,24.7,22.5
SY017547,LEC_A,LectureHall,20,Saturday,4,20.6,62.0,2,16.4,14.6
SY058572,ENG_A,Engineering,0,Wednesday,7,23.4,80.3,8,63.7,62.7
SY077443,ADM_A,Administration,3,Sunday,3,13.9,,3,15.9,17.3
SY019921,SCI_B,Science,23,Wednesday,5,25.5,73.7,4,88.8,87.3
SY036231,SCI_B,Science,22,Monday,11,15.2,64.6,3,97.4,63.4
SY010282,LEC_A,LectureHall,10,Tuesday,3,19.9,61.9,480,,38.7
SY098941,LEC_A,LectureHall,1,Saturday,3,12.7,75.6,0,15.0,15.8
SY069576,LEC_A,LectureHall,14,Wednesday,4,27.7,55.1,480,44.2,67.6
SY004185,LIB_A,Library,17,Saturday,7,35.0,56.8,30,76.0,78.5
SY073957,RES_B,Residential,3,Thursday,3,11.9,79.2,207,50.0,50.3
SY009074,RES_A,Residential,22,Tuesday,5,25.3,67.7,311,115.6,113.7
SY040362,LEC_A,LectureHall,7,Friday,11,12.6,63.6,12,19.3,16.3
SY096849,LEC_A,LectureHall,0,Monday,4,14.1,72.0,0,14.5,16.6
SY005236,RES_A,Residential,23,Thursday,6,25.8,80.3,88,50.7,51.6
SY038683,BUS_B,Business,19,Tuesday,9,23.2,81.5,136,53.9,56.0
SY075660,SCI_B,Science,18,Saturday,3,,,1,64.1,64.8
SY054015,RES_A,Residential,6,Wednesday,8,20.2,81.2,81,38.4,34.6
SY095725,SPT_A,Sports,1,Friday,7,27.6,87.5,0,37.2,34.7
SY048737,ENG_A,Engineering,1,Wednesday,3,14.5,78.1,10,44.0,45.2
SY032364,ADM_A,Administration,5,Wednesday,6,25.6,81.4,2,20.4,20.7
SY081167,ENG_A,Engineering,20,Monday,10,25.9,66.3,49,92.3,82.6
SY010880,RES_A,Residential,17,Thursday,2,,,251,44.8,55.0
SY073686,RES_A,Residential,17,Wednesday,3,21.7,78.7,152,37.7,41.5
SY072593,RES_B,Residential,0,Tuesday,2,19.0,75.4,201,56.0,51.7
SY038111,BUS_A,Business,18,Saturday,4,27.9,58.7,6,26.1,23.6
SY046737,SCI_B,Science,12,Wednesday,2,19.3,53.7,77,124.6,116.6
SY077311,SPT_A,Sports,5,Thursday,6,25.1,80.5,0,29.6,30.0
SY077010,SCI_A,Science,4,Tuesday,6,21.0,80.3,4,74.9,71.9
SY006183,SPT_A,Sports,17,Sunday,3,20.7,51.8,162,50.3,52.9
SY094614,LEC_A,LectureHall,8,Sunday,1,14.3,62.2,0,16.4,15.4
SY057946,ENG_B,Engineering,6,Saturday,8,22.4,84.3,5,58.2,58.1
SY047603,ADM_A,Administration,8,Monday,8,25.1,69.6,84,25.7,37.9
SY093933,RES_B,Residential,6,Thursday,2,12.9,71.2,224,56.3,73.5
SY075860,RES_B,Residential,6,Tuesday,8,29.8,79.1,299,96.5,102.7
SY015227,LIB_A,Library,9,Monday,10,23.8,68.7,61,26.6,27.6
SY063851,BUS_B,Business,3,Saturday,6,26.2,85.2,1,34.6,33.8
SY085415,BUS_A,Business,20,Monday,5,24.8,64.9,79,55.9,48.5
SY063079,ENG_B,Engineering,20,Tuesday,6,25.6,85.0,12,66.4,61.1
SY031822,LIB_A,Library,2,Wednesday,2,16.9,71.8,7,23.8,23.5
SY061152,RES_B,Residential,15,Thursday,11,18.6,52.4,92,29.9,28.6
SY076363,LIB_A,Library,10,Tuesday,4,23.8,77.0,102,31.5,36.6
SY002085,ENG_B,Engineering,23,Saturday,6,27.4,78.3,3,58.5,58.3
SY040761,ENG_B,Engineering,0,Sunday,6,25.0,79.0,3,58.2,52.6
SY017049,SPT_A,Sports,0,Thursday,7,26.3,82.9,0,31.6,33.9
SY043649,ENG_B,Engineering,8,Wednesday,4,20.1,84.5,52,39.0,44.9
SY087065,LEC_A,LectureHall,17,Wednesday,11,22.5,53.6,43,21.4,16.8
SY033228,SCI_B,Science,7,Thursday,3,13.3,80.5,8,109.8,68.8
SY083186,BUS_B,Business,5,Sunday,2,11.7,77.0,1,31.8,28.8
SY070464,BUS_A,Business,3,Monday,11,13.2,73.5,3,23.2,25.2
SY078929,ENG_B,Engineering,8,Saturday,9,26.0,70.0,15,39.4,43.9
SY021513,ADM_A,Administration,9,Tuesday,4,18.6,80.0,78,30.0,29.7
SY055407,SCI_B,Science,14,Thursday,5,25.3,80.2,84,82.3,87.4
SY001105,SCI_B,Science,17,Friday,11,17.1,79.7,70,77.1,72.9
SY021644,LIB_A,Library,23,Wednesday,7,30.5,84.5,14,93.5,46.5
SY028223,BUS_B,Business,10,Thursday,1,17.6,52.1,187,44.3,46.2
SY081863,BUS_B,Business,4,Saturday,3,12.8,69.1,0,31.2,26.7
SY014104,ENG_B,Engineering,2,Monday,3,15.6,77.9,14,39.1,38.8
SY026533,RES_A,Residential,11,Sunday,11,15.7,78.7,208,41.9,45.5
SY087344,BUS_A,Business,3,Saturday,7,23.6,,1,25.8,23.1
SY007448,ENG_A,Engineering,3,Wednesday,6,18.9,84.5,6,47.4,45.5
SY046235,ADM_A,Administration,12,Saturday,5,29.5,53.3,5,27.5,29.1
SY028554,LIB_A,Library,12,Saturday,3,23.6,48.6,104,28.3,29.5
SY040454,RES_B,Residential,12,Monday,11,19.5,56.0,107,27.6,26.9
SY000146,ADM_A,Administration,14,Thursday,5,25.1,77.8,87,35.8,37.6
SY089273,LIB_A,Library,8,Thursday,4,19.8,65.3,40,21.8,28.7
SY076638,BUS_B,Business,18,Thursday,3,19.1,54.6,120,47.2,50.9
SY023758,SCI_A,Science,19,Tuesday,5,24.5,83.8,36,91.0,97.5
SY057321,RES_A,Residential,6,Monday,6,25.9,80.1,67,45.4,51.0
SY099080,RES_A,Residential,9,Monday,4,19.8,63.1,147,63.1,43.0
SY022963,ENG_A,Engineering,20,Sunday,10,26.1,59.0,4,68.6,83.9
SY019073,LEC_A,LectureHall,0,Friday,5,22.5,82.4,0,14.5,15.1
SY083739,ENG_A,Engineering,21,Monday,1,,,38,58.6,58.1
SY035591,BUS_A,Business,10,Friday,4,22.3,,74,27.6,29.6
SY031774,RES_B,Residential,22,Tuesday,8,31.3,72.1,278,127.6,120.3
SY044102,BUS_B,Business,13,Saturday,6,32.3,61.5,24,38.5,40.0
SY089985,ADM_A,Administration,13,Tuesday,6,32.2,62.3,101,48.6,61.3
SY078485,ENG_B,Engineering,1,Sunday,5,19.6,77.4,3,39.5,40.6
SY086670,LEC_A,LectureHall,10,Tuesday,6,27.5,64.8,44,24.0,28.9
SY012079,SCI_B,Science,4,Tuesday,5,23.6,83.2,3,74.9,72.0
SY063168,ENG_A,Engineering,13,Friday,4,25.5,51.7,91,70.6,66.2
SY093399,SCI_A,Science,6,Thursday,11,14.8,82.5,9,80.5,76.8
SY095345,RES_B,Residential,7,Wednesday,4,16.7,76.9,146,50.9,44.6
SY033475,SCI_A,Science,1,Tuesday,6,23.0,78.7,2,92.6,84.8
SY099741,LIB_A,Library,12,Friday,3,23.5,52.6,153,35.1,36.9
SY030420,SCI_A,Science,18,Wednesday,1,15.9,73.2,66,97.2,92.6
SY065070,BUS_A,Business,7,Saturday,12,12.9,67.8,1,25.5,22.0
SY074851,BUS_B,Business,5,Monday,3,16.9,76.1,3,30.0,28.8
SY005726,ADM_A,Administration,6,Friday,8,21.0,80.1,3,16.8,16.3
SY053759,BUS_A,Business,10,Friday,3,16.4,57.6,117,38.5,39.4
SY086358,ENG_B,Engineering,13,Monday,12,21.5,50.5,30,39.5,41.5
SY005698,RES_A,Residential,18,Friday,5,25.3,90.7,245,,79.2
SY048008,SCI_B,Science,23,Saturday,11,15.6,77.0,4,61.1,61.1
SY004368,ADM_A,Administration,20,Tuesday,5,24.0,78.3,3,18.5,17.1
SY062880,RES_B,Residential,17,Wednesday,8,33.4,82.1,115,67.4,72.0
SY084524,SCI_B,Science,13,Monday,1,18.2,47.0,87,76.1,71.9
SY002628,BUS_B,Business,8,Tuesday,9,23.3,78.3,90,27.7,40.0
SY058065,BUS_B,Business,17,Sunday,5,27.8,61.3,7,34.5,34.3
SY020127,ENG_A,Engineering,12,Sunday,6,33.3,61.6,9,74.6,77.4
SY079330,SCI_A,Science,8,Friday,1,15.8,68.4,,76.0,82.7
SY054201,SCI_A,Science,5,Wednesday,1,6.3,71.6,4,97.4,96.9
SY056075,RES_B,Residential,4,Tuesday,7,24.0,90.2,49,39.5,43.0
SY058898,LEC_A,LectureHall,5,Sunday,10,20.6,79.2,2,16.3,18.9
SY052479,SPT_A,Sports,8,Tuesday,7,24.1,82.9,42,32.0,32.5
SY082668,BUS_B,Business,21,Saturday,11,14.4,73.5,7,29.1,31.6
SY031198,LIB_A,Library,11,Sunday,3,12.7,70.7,79,,38.0
SY066087,ENG_A,Engineering,9,Monday,11,16.9,60.4,99,60.6,64.5
SY069506,RES_B,Residential,18,Wednesday,5,29.8,59.6,183,59.2,75.0
SY052669,BUS_A,Business,18,Friday,5,30.8,57.1,54,58.1,52.3
SY052531,RES_B,Residential,12,Saturday,3,16.7,51.0,181,36.2,36.6
SY074099,SCI_B,Science,2,Friday,1,9.9,82.5,3,67.3,70.0
SY093250,RES_A,Residential,4,Saturday,5,21.3,79.2,271,84.0,66.5
SY046600,RES_A,Residential,6,Monday,7,,,90,53.9,61.0
SY062382,BUS_B,Business,10,Friday,5,28.2,67.1,87,49.6,52.9
SY033058,ENG_B,Engineering,11,Thursday,12,18.5,58.7,55,45.2,43.7
SY022610,ADM_A,Administration,12,Tuesday,4,24.1,52.7,68,37.3,29.2
SY070674,LEC_A,LectureHall,14,Wednesday,8,33.2,76.8,55,68.7,73.8
SY054671,RES_B,Residential,18,Thursday,6,27.1,62.6,54,39.0,47.4
SY031558,BUS_B,Business,12,Saturday,6,31.0,76.2,23,40.1,38.8
SY007968,LIB_A,Library,13,Tuesday,1,18.7,53.5,7,24.0,24.3
SY017037,ENG_B,Engineering,2,Sunday,6,26.9,86.4,3,57.3,60.4
SY019467,RES_A,Residential,16,Friday,2,22.6,49.0,155,42.4,38.3
SY004010,ENG_B,Engineering,19,Wednesday,1,19.0,57.9,80,64.1,59.1
SY000706,ADM_A,Administration,18,Thursday,7,31.4,62.9,5,47.3,24.6
SY003871,LEC_A,LectureHall,0,Sunday,10,18.6,81.8,0,16.4,15.8
SY009021,LIB_A,Library,13,Wednesday,1,20.6,48.1,131,37.5,36.0
SY035817,RES_B,Residential,5,Tuesday,5,24.8,85.2,220,80.3,72.4
SY072990,RES_A,Residential,4,Monday,12,,,272,71.6,68.7
SY009616,BUS_B,Business,16,Monday,2,24.4,73.6,159,46.4,48.8
SY066542,BUS_B,Business,4,Wednesday,7,26.1,86.4,0,35.1,33.0
SY004056,ENG_B,Engineering,20,Thursday,1,13.5,64.3,10,37.8,37.4
SY076143,LEC_A,LectureHall,12,Monday,5,27.3,57.5,121,59.8,36.3
SY005995,LIB_A,Library,19,Saturday,12,16.7,51.9,138,60.7,51.7
SY049215,ENG_B,Engineering,20,Thursday,7,34.0,73.0,21,90.1,89.1
SY094894,LEC_A,LectureHall,2,Tuesday,2,13.2,70.5,4,13.2,16.7
SY058232,LIB_A,Library,16,Sunday,6,28.1,80.8,43,54.0,55.1
SY093564,ADM_A,Administration,5,Sunday,2,13.9,71.2,3,17.0,16.5
SY009108,ADM_A,Administration,11,Tuesday,6,31.0,57.3,80,51.2,50.2
SY075477,RES_A,Residential,18,Friday,10,28.4,55.9,206,64.6,92.1
SY067820,BUS_B,Business,9,Wednesday,4,21.9,63.1,147,35.5,40.7
SY088940,RES_A,Residential,21,Friday,6,29.2,89.6,65,66.2,67.9
SY056463,SCI_B,Science,21,Friday,8,30.6,69.3,,95.7,96.2
SY073619,BUS_A,Business,18,Wednesday,5,27.9,54.0,87,65.5,53.7
SY073643,SPT_A,Sports,11,Thursday,3,19.2,57.3,55,40.6,42.3
SY044836,RES_A,Residential,22,Saturday,10,23.6,68.7,299,,108.1
SY082012,LEC_A,LectureHall,15,Wednesday,1,21.8,48.6,2,14.2,10.6
SY052040,SCI_A,Science,22,Thursday,6,,90.9,2,119.3,114.7
SY026146,ENG_B,Engineering,23,Wednesday,1,9.2,75.3,12,55.2,54.0
SY064323,RES_A,Residential,0,Wednesday,4,18.2,75.3,262,55.0,56.7
SY021169,SPT_A,Sports,20,Thursday,4,21.6,55.1,186,58.6,59.8
SY092881,LIB_A,Library,3,Monday,4,17.5,78.1,19,24.4,25.0
SY059965,ENG_B,Engineering,17,Friday,5,30.8,59.1,79,78.3,74.2
SY030584,SCI_A,Science,22,Wednesday,6,22.7,73.3,6,80.4,79.2
SY088066,ENG_A,Engineering,21,Saturday,3,18.5,66.6,9,44.9,41.6
SY022560,ENG_A,Engineering,7,Monday,4,13.8,72.9,13,44.2,47.0
SY010438,ADM_A,Administration,2,Saturday,3,14.8,70.2,2,20.2,19.8
SY039134,ADM_A,Administration,6,Saturday,2,16.3,62.5,4,17.5,19.6
SY097730,SCI_A,Science,23,Friday,1,13.0,64.9,1,74.9,76.8
SY001742,BUS_A,Business,9,Friday,5,23.3,64.4,190,25.6,42.0
SY059008,ADM_A,Administration,8,Saturday,6,26.2,75.0,1,18.5,17.8
SY078143,SPT_A,Sports,9,Thursday,12,19.8,56.0,18,33.1,31.9
SY081642,SPT_A,Sports,7,Wednesday,1,12.2,64.1,28,46.0,44.9
SY017465,SPT_A,Sports,18,Thursday,11,16.3,76.9,131,49.8,64.1
SY005063,ENG_B,Engineering,5,Tuesday,4,19.3,74.7,7,37.7,36.5
SY083675,SCI_B,Science,16,Thursday,12,18.0,50.9,78,74.1,74.7
SY075628,LIB_A,Library,3,Wednesday,2,11.3,70.9,11,27.8,26.2
SY065942,RES_A,Residential,6,Sunday,10,21.1,80.2,290,56.7,63.7
SY011772,LEC_A,LectureHall,2,Friday,4,16.1,73.6,5,14.3,16.4
SY079970,BUS_B,Business,20,Tuesday,3,19.0,77.7,137,50.4,52.0
SY057621,SCI_B,Science,20,Tuesday,6,28.3,88.6,7,111.0,100.7
SY026101,ENG_A,Engineering,22,Sunday,4,,78.9,8,41.8,41.1
SY028025,ENG_B,Engineering,14,Saturday,11,15.4,78.4,31,48.2,44.3
SY063519,ADM_A,Administration,16,Tuesday,9,24.9,81.8,114,47.2,48.6
SY053531,SCI_B,Science,1,Thursday,5,20.9,79.9,7,64.0,64.1
SY055151,ENG_B,Engineering,3,Tuesday,6,21.7,88.3,8,42.6,44.7
SY065053,SCI_A,Science,8,Saturday,6,28.0,83.3,8,97.1,93.3
SY058438,ENG_A,Engineering,0,Wednesday,5,23.4,77.9,8,54.9,52.1
SY075861,BUS_A,Business,23,Wednesday,8,32.1,76.9,2,38.8,35.3
SY066217,ENG_A,Engineering,14,Friday,2,,48.1,111,67.2,64.0
SY034052,ENG_A,Engineering,3,Thursday,12,7.0,73.1,12,58.0,59.4
SY066598,LIB_A,Library,4,Monday,6,28.4,81.5,2,37.8,42.4
SY077249,ADM_A,Administration,0,Tuesday,10,17.2,70.5,2,20.9,18.5
SY032807,LIB_A,Library,9,Wednesday,9,23.3,83.5,63,25.4,29.3
SY042154,BUS_B,Business,8,Saturday,3,16.4,67.2,2,26.2,24.1
SY031950,BUS_B,Business,19,Sunday,9,24.8,79.2,8,31.7,30.1
SY011830,RES_B,Residential,5,Saturday,8,22.7,87.5,63,32.7,34.6
SY021164,SCI_A,Science,12,Tuesday,6,28.6,60.2,76,97.0,103.1
SY016269,SCI_B,Science,7,Friday,10,23.7,75.5,3,61.7,60.2
SY067552,BUS_A,Business,9,Thursday,5,24.4,79.6,45,26.3,27.7
SY090737,ENG_A,Engineering,9,Tuesday,6,26.4,72.5,65,61.4,72.2
SY082200,SCI_B,Science,21,Tuesday,11,18.5,61.9,14,67.4,63.0
SY054945,RES_A,Residential,21,Thursday,3,15.5,59.8,270,71.4,81.9
SY049147,ADM_A,Administration,15,Monday,8,37.5,50.8,107,85.7,80.6
SY053776,LEC_A,LectureHall,4,Thursday,6,25.2,81.0,1,23.2,23.8
SY001930,LEC_A,LectureHall,7,Tuesday,11,14.1,75.3,3,16.8,15.5
SY070613,ENG_B,Engineering,0,Thursday,10,19.5,72.8,7,50.2,38.9
SY099677,SPT_A,Sports,21,Tuesday,8,32.7,71.8,119,123.3,116.6
SY048550,LIB_A,Library,23,Friday,12,13.7,73.0,5,23.4,24.8
SY005348,RES_A,Residential,8,Saturday,1,10.5,64.1,45,42.6,43.2
SY014930,ENG_B,Engineering,5,Wednesday,10,19.5,85.1,10,36.7,36.5
SY061655,LIB_A,Library,19,Sunday,1,17.8,49.9,8,29.1,27.2
SY028902,BUS_B,Business,17,Saturday,6,29.3,59.8,0,31.2,30.3
SY044125,ENG_B,Engineering,2,Saturday,2,14.4,73.9,9,38.1,37.5
SY070113,ADM_A,Administration,7,Sunday,8,28.0,71.4,1,22.7,23.3
SY054460,SPT_A,Sports,9,Monday,1,13.5,60.0,25,53.0,44.1
SY059545,ENG_B,Engineering,9,Sunday,10,20.3,76.6,6,36.4,35.6
SY077932,BUS_B,Business,17,Saturday,12,19.8,45.0,7,27.1,30.6
SY095214,SCI_A,Science,21,Monday,4,22.5,66.8,20,92.1,83.7
SY047437,SCI_B,Science,23,Monday,7,23.9,82.9,3,78.7,76.8
SY095380,ENG_B,Engineering,8,Thursday,10,20.8,67.2,50,35.4,45.7
SY014386,RES_A,Residential,20,Wednesday,5,24.3,59.1,333,95.3,102.8
SY007379,RES_A,Residential,18,Monday,1,17.0,49.3,239,53.5,73.0
SY023570,ENG_A,Engineering,16,Sunday,2,21.8,53.6,26,46.2,50.5
SY097398,ENG_B,Engineering,9,Friday,1,13.1,74.0,65,52.4,51.6
SY014805,SPT_A,Sports,14,Monday,4,24.3,55.4,20,35.7,34.1
SY058775,ENG_A,Engineering,10,Saturday,12,18.8,,2,43.6,42.4
SY085000,ADM_A,Administration,19,Sunday,10,23.4,75.7,3,20.6,20.7
SY004603,LEC_A,LectureHall,23,Wednesday,1,12.8,,0,14.5,14.2
SY080379,SPT_A,Sports,6,Thursday,6,26.2,83.1,,31.6,48.2
SY007782,ADM_A,Administration,9,Saturday,6,27.5,64.3,2,17.1,18.2
SY002123,ADM_A,Administration,6,Thursday,8,20.5,76.0,3,18.0,18.3
SY002801,SCI_B,Science,18,Thursday,8,30.5,78.8,32,96.6,97.5
SY089147,SCI_A,Science,23,Friday,1,11.0,65.7,,80.9,78.2
SY070274,RES_A,Residential,6,Saturday,5,23.7,78.8,265,64.1,69.2
SY065363,RES_A,Residential,13,Friday,8,34.0,57.4,34,53.2,55.5
SY015669,RES_B,Residential,23,Sunday,10,18.8,74.1,261,68.8,54.1
SY071425,RES_A,Residential,21,Thursday,11,15.5,72.8,294,75.1,79.3
SY048261,LIB_A,Library,17,Friday,5,31.1,57.6,213,106.0,91.6
SY089358,BUS_A,Business,11,Tuesday,9,24.6,79.8,144,48.5,44.9
SY001943,LIB_A,Library,20,Wednesday,3,19.7,56.3,116,57.1,52.0
SY026789,LIB_A,Library,17,Monday,1,18.9,50.0,175,45.6,58.0
SY027801,BUS_A,Business,23,Wednesday,6,26.3,79.5,1,29.1,30.1
SY064888,LIB_A,Library,1,Sunday,5,19.7,77.8,3,21.9,22.4
SY020450,BUS_B,Business,10,Thursday,6,26.1,82.4,27,39.6,37.5
SY023788,SPT_A,Sports,18,Saturday,1,18.1,55.8,20,52.3,53.4
SY004715,BUS_A,Business,14,Monday,4,22.9,53.5,155,35.7,38.9
SY070557,SCI_A,Science,5,Thursday,3,14.6,73.5,13,78.1,76.9
SY067249,SCI_A,Science,5,Monday,6,,,2,106.5,105.2
SY095268,ADM_A,Administration,16,Friday,5,30.4,50.4,128,55.4,62.4
SY077677,LEC_A,LectureHall,19,Sunday,5,27.9,83.5,3,28.7,25.2
SY083712,SCI_A,Science,19,Wednesday,5,28.2,89.0,25,118.9,127.5
SY012469,LEC_A,LectureHall,14,Sunday,9,25.2,79.9,3,17.5,17.2
SY061827,ADM_A,Administration,22,Friday,7,31.4,71.6,0,26.0,23.9
SY037222,ENG_B,Engineering,0,Sunday,4,,68.8,7,37.7,37.6
SY028664,ADM_A,Administration,5,Wednesday,12,9.5,62.4,5,19.9,20.9
SY030281,LIB_A,Library,11,Wednesday,11,17.9,71.8,144,,38.7
SY078575,SCI_A,Science,17,Sunday,4,22.6,78.0,13,71.4,75.0
SY099819,LEC_A,LectureHall,23,Wednesday,9,19.1,77.3,0,18.1,14.8
SY077392,BUS_A,Business,3,Tuesday,1,14.3,72.0,0,21.0,20.2
SY075026,BUS_B,Business,21,Friday,6,27.8,82.3,33,83.4,73.8
SY043159,RES_B,Residential,16,Sunday,4,18.4,75.6,175,,34.9
SY090657,SCI_A,Science,0,Saturday,2,12.8,72.8,1,73.2,74.3
SY074520,SPT_A,Sports,5,Tuesday,4,13.3,72.0,0,35.2,36.3
SY071827,ENG_A,Engineering,7,Monday,9,21.1,69.3,,47.5,44.5
SY072870,LIB_A,Library,2,Thursday,4,13.6,74.7,15,25.0,25.5
SY018817,SCI_B,Science,19,Friday,2,21.7,56.8,42,78.8,77.1
SY091482,RES_B,Residential,13,Thursday,8,35.8,63.7,133,68.7,70.3
SY086034,BUS_B,Business,10,Sunday,6,30.7,81.3,22,38.6,38.8
SY027588,RES_A,Residential,15,Tuesday,6,30.3,82.9,35,59.0,61.7
SY042716,SCI_A,Science,9,Wednesday,5,23.1,69.7,76,88.8,91.0
SY062601,RES_A,Residential,19,Tuesday,3,20.5,54.9,228,74.4,75.0
SY067026,ENG_A,Engineering,16,Friday,9,29.2,59.6,110,94.5,99.7
SY095672,BUS_A,Business,7,Tuesday,4,14.7,71.0,5,22.0,19.8
SY083192,BUS_B,Business,19,Thursday,1,15.5,52.6,16,25.5,27.2
SY093962,ENG_B,Engineering,19,Friday,7,28.1,82.6,29,65.2,69.2
SY034598,RES_B,Residential,17,Friday,5,30.0,57.7,138,51.3,54.3
SY099910,LIB_A,Library,15,Tuesday,9,22.7,83.5,202,44.7,47.0
SY010015,SCI_B,Science,5,Sunday,2,13.9,75.0,4,60.2,59.1
SY018015,LIB_A,Library,5,Friday,10,20.5,74.0,8,28.1,25.2
SY029302,SPT_A,Sports,13,Saturday,6,31.5,77.8,61,71.4,70.7
SY050125,RES_B,Residential,5,Wednesday,2,12.7,77.6,243,60.3,56.6
SY025519,SCI_B,Science,0,Sunday,2,15.0,66.6,3,55.8,58.9
SY022340,ENG_A,Engineering,0,Wednesday,4,20.3,71.1,12,53.5,40.1
SY032941,ENG_A,Engineering,23,Saturday,8,24.9,75.7,4,63.9,62.5
SY089917,BUS_A,Business,7,Thursday,10,19.4,68.5,5,24.2,23.5
SY028122,ENG_A,Engineering,21,Friday,1,11.9,77.1,42,63.8,62.1
SY014575,RES_B,Residential,22,Sunday,5,20.9,65.8,245,63.3,71.4
SY070358,RES_A,Residential,5,Sunday,4,13.3,76.8,220,59.9,59.0
SY035466,SCI_B,Science,7,Wednesday,1,13.4,68.3,7,71.6,67.5
SY087113,ENG_B,Engineering,10,Saturday,2,17.8,60.3,24,36.5,38.9
SY012333,BUS_B,Business,11,Wednesday,12,21.9,57.7,112,37.2,36.4
SY038730,LIB_A,Library,7,Tuesday,1,10.1,67.4,0,33.0,28.3
SY040277,BUS_A,Business,10,Tuesday,10,25.1,67.0,155,36.2,36.7
SY046943,ENG_A,Engineering,11,Saturday,5,25.9,61.5,21,49.3,51.9
SY037769,BUS_B,Business,5,Friday,5,19.8,73.9,6,25.6,28.1
SY061937,ADM_A,Administration,20,Saturday,6,29.2,65.6,3,21.7,25.3
SY042845,BUS_B,Business,7,Friday,7,30.8,78.6,5,37.8,36.4
SY036099,LIB_A,Library,5,Monday,6,24.4,76.2,0,26.4,28.1
SY045617,RES_B,Residential,2,Tuesday,7,24.9,79.4,43,52.5,43.9
SY077017,RES_A,Residential,21,Friday,10,23.7,67.2,235,98.3,84.8
SY027176,ENG_A,Engineering,2,Thursday,12,11.8,69.8,6,88.6,88.9
SY064939,ENG_A,Engineering,14,Sunday,10,24.0,80.2,28,55.8,52.3
SY047518,SPT_A,Sports,3,Tuesday,7,24.8,84.7,0,31.4,28.1
SY025912,RES_B,Residential,4,Wednesday,1,10.8,69.8,241,53.3,57.2
SY048370,LEC_A,LectureHall,18,Sunday,4,18.8,74.9,2,11.9,17.2
SY048449,ENG_A,Engineering,16,Sunday,8,35.1,54.3,8,84.2,81.9
SY085762,BUS_A,Business,13,Thursday,4,22.2,78.8,102,42.7,33.6
SY078519,SCI_A,Science,3,Wednesday,8,28.1,89.6,4,109.1,105.8
SY026094,LEC_A,LectureHall,0,Monday,2,9.6,70.4,0,19.0,17.4
SY002028,RES_B,Residential,5,Thursday,5,19.7,82.8,268,60.6,56.8
SY036778,RES_A,Residential,8,Saturday,3,18.0,59.8,302,66.4,74.3
SY057722,ADM_A,Administration,23,Sunday,5,22.5,82.9,3,20.8,18.5
SY076189,LIB_A,Library,18,Tuesday,7,33.0,54.9,52,73.2,74.2
SY050541,LIB_A,Library,9,Sunday,12,13.9,,10,25.6,27.8
SY021499,BUS_B,Business,12,Monday,3,,71.2,222,48.1,50.5
SY089975,SCI_A,Science,22,Saturday,2,13.8,67.5,0,73.9,78.9
SY030304,SCI_A,Science,1,Sunday,2,13.0,67.2,5,74.5,73.8
SY071084,ENG_A,Engineering,21,Friday,2,15.6,58.0,35,60.0,63.3
SY048240,LIB_A,Library,14,Monday,9,31.8,55.7,159,66.1,74.2
SY001879,ENG_B,Engineering,2,Thursday,9,19.1,85.4,17,38.4,37.6
SY076657,LIB_A,Library,6,Friday,11,13.9,75.8,10,26.8,24.7
SY082995,LIB_A,Library,21,Friday,12,15.1,54.4,275,66.2,67.0
SY013276,ENG_A,Engineering,21,Tuesday,1,12.9,76.7,40,59.1,60.0
SY034209,SCI_A,Science,19,Monday,7,29.9,67.9,19,116.5,127.9
SY083621,BUS_A,Business,23,Tuesday,6,25.7,78.9,0,29.1,27.4
SY034010,RES_B,Residential,21,Wednesday,11,16.4,66.1,336,78.6,79.6
SY088541,BUS_B,Business,16,Monday,6,33.6,58.8,36,73.6,67.0
SY011697,LIB_A,Library,4,Saturday,2,12.2,71.8,7,27.4,28.6
SY063146,RES_A,Residential,1,Saturday,2,11.7,69.6,261,64.1,60.4
SY055393,ADM_A,Administration,2,Thursday,3,15.9,73.0,4,17.8,16.6
SY047739,SCI_B,Science,12,Friday,1,18.4,50.0,25,67.9,65.4
SY027459,ENG_B,Engineering,5,Sunday,6,26.6,83.4,1,49.6,44.1
SY041558,RES_B,Residential,4,Saturday,7,26.3,90.6,69,49.2,50.2
SY009777,SCI_B,Science,4,Sunday,7,26.3,87.7,5,85.8,85.1
SY041178,RES_A,Residential,3,Wednesday,6,24.8,80.3,78,55.7,57.7
SY083229,LIB_A,Library,7,Thursday,4,16.5,70.5,4,26.4,22.5
SY013977,ADM_A,Administration,5,Monday,11,11.9,69.9,4,21.6,22.6
SY013547,RES_A,Residential,12,Wednesday,1,18.0,49.1,95,31.8,33.9
SY028157,ENG_B,Engineering,8,Saturday,1,15.1,68.0,12,39.1,40.0
SY091954,BUS_A,Business,5,Friday,6,23.5,82.9,2,23.7,23.7
SY042683,BUS_A,Business,16,Friday,2,23.7,45.2,150,35.0,38.1
SY083129,LIB_A,Library,0,Friday,1,10.4,72.4,12,45.4,28.5
SY018171,LIB_A,Library,17,Tuesday,5,30.3,49.7,282,84.0,92.9
SY050305,SCI_B,Science,3,Saturday,3,15.9,75.7,,63.8,60.5
SY053207,RES_A,Residential,1,Sunday,12,10.0,72.9,310,67.8,70.7
SY053501,LIB_A,Library,20,Wednesday,1,16.6,53.1,3,25.0,25.5
SY071520,ENG_A,Engineering,19,Tuesday,5,24.0,81.3,56,73.0,73.6
SY030531,LIB_A,Library,2,Sunday,8,22.2,84.7,4,26.4,23.6
SY073557,LIB_A,Library,18,Saturday,12,21.0,56.6,4,24.0,23.8
SY011183,ADM_A,Administration,10,Friday,8,27.0,77.2,104,42.8,48.7
SY051471,SCI_B,Science,6,Wednesday,11,15.4,70.6,2,61.0,60.3
SY067388,BUS_A,Business,10,Sunday,4,18.1,76.1,79,31.1,29.7
SY033222,BUS_B,Business,23,Sunday,6,28.3,84.6,0,38.4,35.0
SY018488,SCI_A,Science,23,Sunday,10,21.5,90.5,4,76.1,73.0
SY021381,SCI_A,Science,23,Sunday,7,26.9,84.2,2,110.8,102.1
SY081346,SCI_A,Science,11,Wednesday,4,24.2,56.7,130,101.8,101.0
SY011756,LEC_A,LectureHall,15,Friday,10,30.5,51.1,201,73.2,75.8
SY079318,RES_B,Residential,20,Wednesday,3,20.0,74.1,190,56.0,57.9
SY022289,ENG_B,Engineering,15,Tuesday,4,25.3,57.5,121,58.7,65.8
SY082309,BUS_A,Business,14,Saturday,1,20.9,46.5,10,27.5,21.5
SY088178,RES_B,Residential,8,Thursday,7,28.1,79.3,52,41.4,51.4
SY093275,RES_A,Residential,22,Friday,3,18.1,63.9,283,72.4,85.7
SY065713,BUS_A,Business,2,Tuesday,5,26.2,85.2,2,27.2,25.8
SY063012,SPT_A,Sports,0,Monday,6,23.8,81.4,0,33.9,31.8
SY037288,SPT_A,Sports,1,Saturday,11,16.5,78.5,0,32.7,30.3
SY076974,ENG_B,Engineering,13,Tuesday,1,20.2,47.4,11,43.4,41.0
SY087733,ENG_A,Engineering,4,Tuesday,2,19.2,73.4,13,,48.4
SY075144,RES_B,Residential,1,Wednesday,10,18.4,72.7,240,54.5,55.0
SY027752,SPT_A,Sports,8,Monday,1,12.8,63.1,67,53.4,49.9
SY051136,LIB_A,Library,3,Monday,1,7.4,75.0,13,31.6,30.1
SY002478,BUS_B,Business,11,Sunday,6,30.5,64.1,19,34.7,38.3
SY075967,LEC_A,LectureHall,12,Friday,10,26.3,56.5,155,58.0,35.6
SY062039,LIB_A,Library,15,Saturday,9,28.6,77.0,126,59.5,66.8
SY024518,BUS_B,Business,1,Sunday,3,10.4,75.0,2,31.6,29.7
SY002342,LIB_A,Library,4,Thursday,1,12.1,82.1,10,,25.5
SY089375,ADM_A,Administration,3,Monday,4,18.4,71.3,4,,18.5
SY037647,ENG_B,Engineering,0,Tuesday,10,22.2,70.4,11,55.6,46.5
SY058295,SCI_A,Science,19,Sunday,7,28.4,62.9,1,107.5,106.4
SY055759,RES_A,Residential,13,Saturday,2,20.7,47.1,181,44.8,42.6
SY051046,ADM_A,Administration,4,Wednesday,5,22.3,77.3,0,18.5,17.7
SY011395,LEC_A,LectureHall,3,Friday,1,11.6,71.3,0,15.8,15.8
SY003996,ADM_A,Administration,19,Monday,4,18.2,54.5,3,25.3,16.7
SY003528,BUS_A,Business,14,Saturday,3,22.9,52.1,17,28.6,22.1
SY053148,ENG_B,Engineering,12,Sunday,6,34.8,65.3,9,54.5,62.7
SY018291,ENG_B,Engineering,20,Saturday,7,26.0,86.6,4,49.2,48.9
SY004361,SCI_A,Science,15,Thursday,11,17.6,80.5,117,98.5,100.0
SY084948,LIB_A,Library,15,Monday,8,30.1,54.2,52,48.5,49.8
SY061280,RES_B,Residential,9,Friday,1,12.4,58.1,21,32.3,30.3
SY034976,BUS_B,Business,14,Monday,9,32.2,54.6,213,81.6,93.5
SY051153,SCI_A,Science,7,Wednesday,10,22.5,72.5,15,69.5,70.5
SY090273,RES_B,Residential,4,Thursday,11,13.0,83.9,161,45.2,39.8
SY088716,SPT_A,Sports,2,Saturday,10,21.3,85.7,0,27.0,26.4
SY079664,LIB_A,Library,7,Friday,3,12.9,68.0,9,26.4,25.5
SY070330,LIB_A,Library,13,Wednesday,3,21.9,53.2,142,38.6,41.0
SY049816,SPT_A,Sports,21,Tuesday,2,19.2,57.4,,56.2,52.3
SY015687,RES_A,Residential,14,Sunday,1,12.2,68.5,31,36.0,35.5
SY009845,ENG_A,Engineering,15,Friday,8,24.5,84.5,73,56.2,60.5
SY083259,ENG_B,Engineering,15,Wednesday,12,23.5,50.8,,52.9,49.6
SY043927,ENG_A,Engineering,19,Saturday,2,,54.8,10,64.8,56.5
SY089266,BUS_A,Business,21,Tuesday,1,14.8,61.0,105,42.9,38.9
SY021486,SCI_B,Science,17,Monday,2,20.5,59.1,64,76.8,85.8
SY060361,BUS_B,Business,1,Saturday,11,12.3,77.9,3,29.7,32.4
SY091433,SCI_B,Science,3,Wednesday,7,28.0,86.9,,95.4,97.0
SY044842,LEC_A,LectureHall,6,Saturday,4,19.8,73.0,1,16.6,12.9
SY038676,SCI_B,Science,15,Wednesday,5,23.3,84.9,13,63.5,62.7
SY028260,RES_A,Residential,2,Saturday,10,21.2,82.0,334,73.7,73.2
SY024884,SCI_A,Science,10,Thursday,4,22.8,64.8,98,90.8,88.8
SY030565,SPT_A,Sports,22,Saturday,2,16.8,62.7,0,54.9,40.2
SY083887,BUS_A,Business,21,Friday,4,18.9,81.8,89,39.5,39.3
SY032710,RES_A,Residential,18,Tuesday,2,,72.2,236,46.5,72.4
SY030716,RES_B,Residential,11,Friday,5,28.5,57.5,112,39.7,44.9
SY007626,BUS_A,Business,7,Monday,5,25.7,77.0,1,22.1,20.4
SY058863,BUS_B,Business,2,Wednesday,6,26.9,80.5,0,34.3,31.6
SY046849,ADM_A,Administration,23,Saturday,5,24.9,75.1,1,21.4,19.7
SY059085,ENG_A,Engineering,15,Tuesday,6,26.6,82.3,79,78.6,81.9
SY007602,ENG_A,Engineering,1,Saturday,4,17.2,70.0,7,45.5,45.7
SY068433,LIB_A,Library,11,Friday,9,27.5,60.6,135,39.3,51.6
SY086688,BUS_B,Business,6,Tuesday,4,21.8,80.7,5,31.3,24.9
SY040428,RES_B,Residential,15,Monday,5,32.1,53.5,95,57.3,54.1
SY019981,LEC_A,LectureHall,11,Friday,11,18.2,55.1,276,29.2,33.1
SY020613,SPT_A,Sports,9,Friday,8,30.7,69.9,13,47.6,37.0
SY038961,SPT_A,Sports,0,Friday,2,14.1,73.7,0,39.1,37.0
SY010284,ENG_B,Engineering,13,Thursday,6,28.9,83.7,30,,65.8
SY066326,SPT_A,Sports,20,Friday,2,20.6,61.5,147,68.1,65.9
SY051460,ENG_B,Engineering,18,Monday,8,28.0,58.3,37,60.5,58.0
SY004441,LEC_A,LectureHall,0,Thursday,10,18.7,77.2,0,16.0,15.0
SY089162,LEC_A,LectureHall,17,Friday,4,21.5,53.3,79,,17.1
SY044758,SPT_A,Sports,20,Monday,9,27.9,60.8,196,88.9,94.7
SY078063,SCI_A,Science,2,Monday,6,23.3,85.3,3,88.7,90.1
SY070751,SCI_B,Science,15,Saturday,2,22.8,47.1,6,55.8,57.8
SY068484,RES_A,Residential,6,Saturday,8,24.5,76.7,76,46.2,47.0
SY006201,SCI_B,Science,8,Monday,5,21.2,69.6,36,65.1,72.1
SY060098,RES_B,Residential,5,Wednesday,1,12.1,72.3,24,34.4,32.6
SY090428,RES_B,Residential,22,Wednesday,8,21.8,87.3,61,35.8,36.3
SY060550,ADM_A,Administration,23,Wednesday,11,14.3,64.2,0,19.9,16.9
SY035440,SCI_B,Science,5,Friday,9,24.3,79.9,7,,66.9
SY076000,BUS_A,Business,13,Friday,3,19.2,49.6,98,42.9,36.2
SY024053,RES_A,Residential,0,Monday,6,23.9,71.5,82,51.3,48.0
SY015077,SCI_B,Science,18,Saturday,5,31.3,66.9,0,95.8,95.5
SY025204,ENG_B,Engineering,23,Sunday,1,13.1,60.9,3,39.1,39.3
SY070690,LIB_A,Library,7,Monday,8,24.0,76.2,4,23.8,23.5
SY020599,SCI_B,Science,7,Wednesday,4,21.4,74.5,9,66.8,65.4
SY057461,RES_B,Residential,20,Saturday,12,16.9,56.0,29,29.9,27.3
SY067832,BUS_A,Business,12,Sunday,2,18.4,47.9,80,28.9,27.0
SY043014,ENG_B,Engineering,9,Wednesday,2,17.5,58.8,88,45.7,49.7
SY045095,RES_B,Residential,12,Friday,1,17.8,53.9,12,21.3,24.0
SY061957,ENG_B,Engineering,17,Wednesday,10,26.9,57.6,93,79.4,69.3
SY098906,SPT_A,Sports,17,Wednesday,5,27.0,58.9,151,52.7,59.4
SY021030,RES_B,Residential,10,Sunday,11,17.7,62.6,223,41.6,37.0
SY005190,SPT_A,Sports,0,Saturday,1,9.4,72.5,0,44.8,42.6
SY041724,ENG_A,Engineering,22,Tuesday,11,16.9,69.6,31,65.8,62.2
SY002269,BUS_A,Business,19,Wednesday,6,30.2,87.4,25,57.0,68.1
SY011443,SCI_A,Science,0,Friday,1,10.3,75.1,,79.2,80.9
SY008366,ADM_A,Administration,8,Saturday,4,21.1,64.4,2,18.4,18.1
SY080428,BUS_A,Business,13,Friday,8,29.9,84.5,119,74.4,66.3
SY048228,RES_B,Residential,3,Saturday,3,10.1,69.1,281,53.6,60.7
SY037590,RES_B,Residential,21,Tuesday,4,21.7,66.0,194,71.9,62.8
SY041745,SCI_A,Science,13,Saturday,4,24.2,50.5,15,79.4,78.8
SY026248,RES_A,Residential,23,Thursday,3,16.4,68.6,311,77.2,68.1
SY069335,ENG_A,Engineering,19,Tuesday,3,18.0,76.0,72,78.9,74.3
SY073166,ENG_B,Engineering,1,Tuesday,9,15.7,83.5,13,33.8,38.1
SY015293,ENG_A,Engineering,0,Friday,5,18.7,79.3,7,55.3,43.4
SY097881,ENG_A,Engineering,5,Thursday,4,13.6,76.4,9,45.2,46.8
SY074618,ENG_B,Engineering,9,Monday,9,17.2,84.5,157,46.6,63.9
SY002702,BUS_A,Business,22,Tuesday,1,11.8,66.4,0,24.3,21.7
SY075966,BUS_A,Business,8,Tuesday,4,16.7,68.2,54,24.0,27.8
SY049660,SCI_B,Science,21,Tuesday,11,17.5,65.1,,72.2,60.2
SY022052,LIB_A,Library,15,Tuesday,8,38.8,54.3,182,95.3,112.0
SY004163,RES_A,Residential,15,Thursday,11,19.9,48.6,212,39.1,44.2
SY076240,SPT_A,Sports,11,Sunday,2,16.0,56.7,109,50.9,54.7
SY000620,ENG_A,Engineering,17,Friday,6,29.8,83.4,62,95.1,99.9
SY068318,SPT_A,Sports,14,Thursday,4,21.8,77.1,23,35.3,31.4
SY016930,ADM_A,Administration,3,Monday,4,11.8,71.4,0,17.9,18.4
SY032029,BUS_A,Business,5,Thursday,3,17.3,72.3,5,22.4,25.0
SY031288,SPT_A,Sports,12,Saturday,4,25.5,50.9,119,43.0,42.7
SY066902,LIB_A,Library,9,Wednesday,10,26.5,67.9,60,30.8,34.9
SY027418,RES_B,Residential,10,Saturday,5,22.8,67.6,219,41.9,40.7
SY084521,RES_B,Residential,16,Wednesday,5,29.2,56.6,92,43.7,47.4
SY061528,LEC_A,LectureHall,17,Tuesday,5,29.4,55.4,168,76.4,61.1
SY065096,ADM_A,Administration,20,Wednesday,2,16.4,54.1,4,16.4,19.9
SY095703,SPT_A,Sports,2,Thursday,6,19.4,80.6,0,28.1,28.4
SY014143,RES_B,Residential,6,Monday,10,18.2,81.3,275,57.1,67.7
SY066489,ENG_B,Engineering,15,Tuesday,5,30.2,57.2,49,69.5,66.2
SY043806,SCI_A,Science,21,Wednesday,4,18.1,66.1,17,82.7,72.4
SY081724,SCI_A,Science,9,Tuesday,8,22.6,86.4,65,79.7,85.5
SY053808,ADM_A,Administration,6,Thursday,7,28.0,85.0,7,21.6,20.9
SY035434,ENG_A,Engineering,1,Monday,7,25.8,86.7,7,,75.2
SY050406,RES_A,Residential,19,Sunday,3,21.3,54.4,226,75.9,75.9
SY029925,ADM_A,Administration,15,Sunday,1,20.3,45.3,2,17.0,15.3
SY013453,BUS_A,Business,17,Saturday,5,26.9,65.8,6,25.6,24.9
SY032706,SCI_B,Science,19,Thursday,10,25.6,61.8,31,107.7,95.6
SY023710,RES_A,Residential,4,Wednesday,3,15.7,70.5,220,56.3,52.9
SY034028,BUS_A,Business,2,Sunday,4,16.0,80.5,3,22.4,21.2
SY022788,SPT_A,Sports,11,Friday,11,17.7,57.8,51,36.1,43.3
SY046901,LEC_A,LectureHall,7,Friday,3,11.7,63.6,12,19.8,16.6
SY021279,BUS_B,Business,20,Friday,5,26.5,80.6,79,67.0,66.5
SY017975,ENG_B,Engineering,19,Monday,1,16.2,57.0,5,37.9,37.4
SY048465,SPT_A,Sports,14,Sunday,3,22.7,49.9,107,40.7,40.8
SY074826,SPT_A,Sports,2,Friday,4,14.6,74.6,0,33.3,35.1
SY090449,SCI_A,Science,21,Monday,1,14.8,59.0,2,81.8,81.9
SY006262,SCI_A,Science,11,Friday,4,23.4,62.7,78,98.3,91.8
SY013486,ENG_B,Engineering,13,Thursday,6,29.6,80.7,34,71.3,64.3
SY096037,RES_B,Residential,15,Wednesday,1,15.8,71.0,100,30.2,30.2
SY005486,SPT_A,Sports,16,Friday,4,23.9,54.4,115,34.8,42.3
SY071149,BUS_A,Business,23,Tuesday,10,20.8,,5,26.0,23.3
SY012416,ENG_B,Engineering,2,Saturday,10,21.7,86.3,7,44.6,39.0
SY004288,RES_A,Residential,12,Sunday,2,20.6,52.1,228,45.1,43.1
SY093697,LEC_A,LectureHall,22,Wednesday,4,20.9,77.1,3,14.1,15.9
SY024756,SCI_A,Science,9,Monday,5,22.1,70.8,114,83.6,98.3
SY065090,ADM_A,Administration,23,Wednesday,1,12.4,67.4,3,17.2,16.0
SY054546,SPT_A,Sports,15,Monday,2,17.9,73.7,79,40.2,47.6
SY023629,LIB_A,Library,3,Friday,8,25.1,80.3,2,29.1,32.1
SY097428,ENG_B,Engineering,2,Wednesday,2,8.0,70.0,16,47.1,48.1
SY016077,RES_A,Residential,23,Friday,5,17.3,72.1,247,74.1,54.6
SY053143,LIB_A,Library,1,Saturday,11,12.4,77.3,11,22.7,26.0
SY000819,ENG_B,Engineering,7,Sunday,3,16.0,69.8,8,38.9,41.9
SY083678,RES_B,Residential,18,Saturday,7,28.6,88.0,49,48.9,52.4
SY092008,LEC_A,LectureHall,13,Friday,9,32.6,54.3,204,65.8,78.4
SY054465,BUS_B,Business,17,Sunday,8,28.9,84.9,3,30.1,35.0
SY090454,SCI_A,Science,19,Friday,1,15.2,54.6,7,99.8,84.6
SY070284,ENG_B,Engineering,4,Sunday,6,25.8,81.0,5,49.7,52.3
SY058509,ENG_B,Engineering,7,Wednesday,7,26.9,85.7,5,47.7,47.6
SY041797,RES_A,Residential,9,Tuesday,3,15.3,59.6,134,60.0,39.6
SY091412,ADM_A,Administration,11,Thursday,5,24.0,74.7,117,35.0,39.0
SY084402,ADM_A,Administration,5,Saturday,2,15.2,67.9,2,18.5,17.5
SY028312,BUS_A,Business,18,Thursday,2,20.3,51.4,127,45.3,42.8
SY094589,SCI_B,Science,14,Thursday,4,24.7,50.6,117,82.5,94.7
SY024591,SCI_A,Science,17,Monday,2,23.5,80.1,113,99.2,116.8
SY034505,ADM_A,Administration,23,Saturday,2,15.5,65.9,0,20.2,17.9
SY031523,BUS_A,Business,17,Thursday,8,35.9,58.5,124,99.3,85.8
SY060467,ENG_B,Engineering,22,Thursday,9,21.2,84.8,34,50.0,47.3
SY070548,SCI_A,Science,16,Sunday,9,25.0,84.7,14,76.8,80.2
SY077199,LIB_A,Library,3,Sunday,10,17.5,76.5,6,24.5,27.6
SY056597,SCI_B,Science,11,Friday,8,28.3,62.6,38,76.9,76.3
SY073815,SCI_B,Science,18,Tuesday,1,18.6,53.2,66,88.9,85.4
SY024190,BUS_A,Business,7,Thursday,12,17.2,63.3,3,22.4,19.0
SY091186,BUS_A,Business,2,Friday,10,21.1,83.7,4,24.4,21.4
SY089913,RES_B,Residential,7,Friday,8,22.3,75.8,34,,25.0
SY006376,SPT_A,Sports,11,Monday,3,18.9,54.7,39,40.8,38.7
SY012818,LEC_A,LectureHall,0,Wednesday,1,10.6,70.6,0,17.4,20.1
SY011862,ADM_A,Administration,22,Wednesday,4,19.0,81.0,2,18.2,18.0
SY017592,LIB_A,Library,22,Friday,4,21.6,76.2,12,25.6,25.4
SY087319,BUS_A,Business,12,Friday,6,31.4,81.1,33,51.6,51.3
SY046351,SCI_A,Science,14,Wednesday,4,20.6,84.4,116,87.5,94.6
SY000944,BUS_B,Business,10,Tuesday,3,18.6,69.0,137,48.0,43.0
SY022270,RES_B,Residential,8,Thursday,1,13.5,62.5,178,64.3,52.8
SY065705,ENG_B,Engineering,8,Saturday,8,22.8,86.2,9,53.8,37.2
SY092006,ENG_A,Engineering,16,Monday,10,26.5,55.0,121,74.4,87.7
SY031359,RES_A,Residential,19,Wednesday,5,29.2,60.6,230,96.6,104.6
SY061801,SCI_A,Science,15,Sunday,2,22.2,54.9,23,75.7,75.5
SY000335,LIB_A,Library,20,Thursday,5,24.8,61.1,96,68.4,65.1
SY084190,SCI_A,Science,20,Sunday,4,21.1,81.4,6,78.8,79.1
SY005784,SCI_A,Science,17,Saturday,1,13.1,76.2,13,79.1,81.3
SY023399,RES_B,Residential,1,Wednesday,7,25.4,90.2,59,47.4,49.5
SY067444,RES_B,Residential,18,Friday,6,30.5,85.9,51,53.5,59.4
SY093234,LEC_A,LectureHall,9,Monday,4,19.8,76.8,332,28.5,32.7
SY084587,RES_A,Residential,17,Monday,2,23.0,76.4,211,38.5,49.2
SY040959,ENG_A,Engineering,7,Sunday,1,12.4,68.8,0,,48.4
SY006476,BUS_B,Business,13,Tuesday,7,27.8,81.2,41,43.7,45.6
SY052628,RES_A,Residential,13,Thursday,1,17.6,48.4,17,28.8,27.4
SY096297,RES_B,Residential,3,Monday,3,12.1,77.5,171,51.2,46.5
SY024706,BUS_B,Business,23,Saturday,10,21.9,82.7,2,29.2,28.7
SY059809,RES_B,Residential,8,Monday,8,30.4,72.7,191,88.0,72.9
SY083393,LIB_A,Library,19,Thursday,8,26.3,65.5,38,45.8,61.9
SY017054,RES_B,Residential,7,Sunday,5,16.4,77.5,266,53.1,54.7
SY090299,ENG_A,Engineering,2,Friday,10,20.5,84.3,11,48.1,47.5
SY095541,LIB_A,Library,0,Sunday,1,13.1,65.5,5,24.6,26.3
SY002333,BUS_B,Business,10,Friday,1,17.3,57.0,14,27.0,30.2
SY012596,BUS_A,Business,5,Tuesday,4,17.2,83.2,5,20.8,21.5
SY069469,ADM_A,Administration,18,Thursday,11,17.1,74.8,7,23.5,25.1
SY054664,BUS_A,Business,23,Thursday,3,17.3,70.1,3,23.5,22.2
SY067162,LEC_A,LectureHall,21,Wednesday,8,30.5,81.8,0,31.1,29.6
SY037340,RES_B,Residential,4,Monday,7,23.6,77.7,65,41.2,38.5
SY002584,RES_A,Residential,13,Saturday,9,30.1,55.0,195,63.0,69.5
SY019985,SPT_A,Sports,7,Tuesday,3,15.8,71.3,91,54.7,43.3
SY045874,SPT_A,Sports,3,Wednesday,9,16.1,81.2,0,30.4,33.6
SY087681,RES_B,Residential,15,Sunday,1,19.4,47.1,150,35.4,34.7
SY002997,ADM_A,Administration,11,Sunday,1,16.8,51.0,7,22.3,17.0
SY080868,ADM_A,Administration,15,Sunday,5,26.0,74.1,3,17.6,19.1
SY034314,ENG_B,Engineering,14,Saturday,10,29.1,58.5,20,44.5,53.1
SY096134,LEC_A,LectureHall,15,Monday,2,18.6,74.1,299,31.3,30.4
SY075456,SCI_A,Science,11,Sunday,8,29.0,64.1,11,91.5,98.5
SY028489,ENG_B,Engineering,18,Wednesday,3,16.4,79.5,79,52.4,62.9
SY029045,LIB_A,Library,3,Monday,4,11.5,73.5,3,26.6,29.2
SY012963,RES_A,Residential,12,Monday,2,17.5,66.1,97,35.6,33.9
SY071134,RES_B,Residential,5,Thursday,4,13.3,76.7,,51.0,49.5
SY075321,BUS_A,Business,15,Friday,1,21.4,54.0,161,36.0,37.8
SY010088,SCI_A,Science,3,Sunday,1,10.9,77.6,3,82.1,85.6
SY094505,BUS_B,Business,9,Saturday,6,29.0,78.6,18,36.4,38.1
SY007868,RES_A,Residential,14,Wednesday,1,19.3,55.1,115,37.5,37.7
SY076628,SCI_B,Science,9,Saturday,2,17.2,62.3,11,66.4,60.1
SY095089,BUS_A,Business,11,Sunday,8,28.5,66.9,10,21.2,20.5
SY080874,ADM_A,Administration,20,Saturday,6,30.8,65.7,2,24.0,24.3
SY032740,LEC_A,LectureHall,12,Thursday,6,31.0,61.2,23,41.5,25.0
SY013223,ENG_A,Engineering,12,Sunday,5,,59.2,26,52.3,48.7
SY062907,LEC_A,LectureHall,5,Sunday,6,24.6,80.9,0,19.5,14.9
SY087370,RES_A,Residential,0,Monday,9,22.7,79.6,235,83.2,63.1
SY082705,SCI_A,Science,5,Wednesday,5,20.4,81.1,5,,74.9
SY044358,BUS_A,Business,10,Tuesday,4,18.9,58.3,149,47.1,36.9
SY002894,LIB_A,Library,3,Thursday,3,14.0,73.4,9,27.9,27.0
SY086742,SPT_A,Sports,0,Wednesday,1,10.5,69.5,0,43.9,47.8
SY098767,ENG_A,Engineering,21,Thursday,10,23.1,62.2,33,81.1,74.8
SY011682,LIB_A,Library,3,Thursday,10,21.0,76.9,9,26.9,28.0
SY060252,ENG_A,Engineering,23,Wednesday,12,14.2,68.1,0,46.1,46.1
SY033096,SCI_A,Science,16,Thursday,6,31.0,81.9,34,137.8,129.1
SY092697,LIB_A,Library,22,Monday,6,26.5,78.0,24,75.4,76.0
SY021286,SCI_A,Science,13,Sunday,3,19.9,79.9,7,71.9,67.9
SY062898,ENG_B,Engineering,11,Friday,3,17.8,51.8,90,55.9,54.3
SY080926,LIB_A,Library,0,Thursday,6,27.1,85.6,,40.8,38.9
SY007542,BUS_B,Business,16,Sunday,6,30.1,79.8,3,38.9,38.1
SY030284,BUS_B,Business,10,Tuesday,9,27.8,64.9,246,57.6,71.8
SY033448,RES_B,Residential,10,Thursday,4,18.1,64.8,129,,34.2
SY081128,ENG_A,Engineering,16,Tuesday,5,,,129,105.6,103.9
SY046839,SCI_A,Science,1,Thursday,11,14.6,78.9,3,74.0,73.0
SY003160,ENG_B,Engineering,10,Saturday,5,24.8,67.7,10,36.9,36.5
SY009314,BUS_B,Business,7,Saturday,1,10.2,69.6,2,32.1,28.8
SY078501,SCI_A,Science,10,Sunday,12,15.5,59.2,11,86.9,79.3
SY071557,SCI_A,Science,8,Tuesday,1,13.6,64.5,44,84.6,93.4
SY014489,RES_B,Residential,1,Thursday,3,16.1,73.7,204,43.5,43.8
SY064377,RES_B,Residential,21,Saturday,3,17.8,60.6,313,79.0,75.4
SY058126,SCI_A,Science,20,Friday,12,15.9,56.9,15,90.0,80.1
SY013155,ENG_A,Engineering,7,Saturday,9,24.2,75.6,13,51.1,52.7
SY085347,ADM_A,Administration,2,Thursday,9,18.8,84.6,2,19.0,19.0
SY020462,ENG_A,Engineering,14,Thursday,3,22.5,48.4,127,61.7,70.0
SY078551,RES_A,Residential,12,Sunday,8,27.1,79.0,51,41.1,43.7
SY004167,BUS_A,Business,13,Wednesday,12,15.6,53.2,162,51.6,34.9
SY096961,ENG_B,Engineering,3,Tuesday,4,17.5,77.2,10,39.0,39.5
SY051232,RES_B,Residential,19,Thursday,12,15.0,77.3,36,28.6,31.6
SY018893,SCI_B,Science,13,Wednesday,6,29.8,82.9,29,100.7,97.9
SY082150,SPT_A,Sports,15,Tuesday,5,30.5,56.6,29,32.6,45.9
SY011667,LEC_A,LectureHall,22,Wednesday,12,17.6,64.5,3,15.9,13.9
SY043206,SPT_A,Sports,2,Sunday,4,15.8,80.2,0,31.5,32.0
SY012813,RES_B,Residential,8,Tuesday,5,20.9,69.4,184,52.1,41.5
SY039214,RES_B,Residential,0,Thursday,6,25.9,87.3,58,48.3,50.1
SY047875,LEC_A,LectureHall,6,Saturday,3,17.0,68.0,,16.7,14.8
SY090130,SCI_A,Science,1,Monday,11,13.8,74.6,5,80.4,79.6
SY016093,BUS_A,Business,3,Tuesday,8,27.1,85.7,0,27.9,25.2
SY061884,RES_B,Residential,10,Wednesday,10,20.1,79.2,92,32.7,30.9
SY016878,ENG_A,Engineering,5,Saturday,10,20.0,74.2,8,43.4,46.3
SY012507,BUS_A,Business,12,Monday,2,21.9,55.4,166,37.1,38.6
SY092246,BUS_B,Business,23,Tuesday,1,6.8,68.3,4,30.6,31.6
SY081572,ENG_B,Engineering,21,Wednesday,6,28.6,,18,76.8,70.7
SY000480,ADM_A,Administration,22,Saturday,1,15.1,66.6,0,16.1,18.4
SY017590,SCI_B,Science,16,Monday,4,22.1,84.3,,77.3,76.5
SY060062,BUS_A,Business,3,Monday,3,9.3,79.4,2,22.9,23.4
SY063014,LIB_A,Library,9,Sunday,3,18.0,63.5,5,23.4,20.5
SY060535,RES_B,Residential,5,Sunday,4,16.6,72.7,189,40.3,43.5
SY063786,SCI_A,Science,17,Sunday,6,30.0,85.1,4,112.8,109.8
SY021860,SPT_A,Sports,19,Saturday,4,25.9,59.7,71,62.5,62.7
SY098666,RES_B,Residential,17,Tuesday,7,26.6,85.9,30,41.1,41.9
SY075202,ENG_B,Engineering,9,Saturday,5,19.6,70.1,9,39.6,40.4
SY043411,RES_A,Residential,22,Monday,3,16.4,58.6,317,76.1,87.1
SY068667,RES_B,Residential,12,Sunday,6,28.8,82.3,27,47.3,46.7
SY083738,SCI_B,Science,14,Thursday,2,25.6,51.3,116,77.0,86.9
SY058013,ADM_A,Administration,9,Wednesday,5,22.3,76.6,84,41.4,33.8
SY055347,RES_A,Residential,15,Tuesday,7,29.9,80.4,36,55.2,56.2
SY011858,BUS_A,Business,23,Saturday,3,14.8,64.4,0,24.6,24.1
SY009389,LEC_A,LectureHall,14,Saturday,2,20.7,50.4,3,13.5,11.0
SY097051,LIB_A,Library,15,Saturday,6,31.9,57.0,30,56.9,65.1
SY042697,BUS_A,Business,13,Wednesday,4,27.7,56.0,107,44.6,44.5
SY095281,ADM_A,Administration,20,Monday,7,29.2,83.1,3,22.5,23.2
SY081549,RES_B,Residential,16,Friday,5,23.7,56.9,103,32.8,33.2
SY007783,LIB_A,Library,9,Sunday,8,31.0,66.7,2,29.2,31.4
SY073199,LIB_A,Library,5,Wednesday,1,10.9,68.6,11,29.8,29.8
SY051441,SCI_A,Science,22,Tuesday,10,20.7,80.9,15,74.2,76.2
SY046935,SCI_B,Science,15,Monday,4,24.9,57.6,94,89.5,88.4
SY070288,LIB_A,Library,5,Thursday,2,12.0,70.3,4,27.5,24.0
SY048580,BUS_B,Business,6,Sunday,3,11.4,76.5,3,28.4,28.9
SY071564,SPT_A,Sports,20,Saturday,3,19.7,62.1,52,45.3,44.4
SY009546,SCI_B,Science,4,Tuesday,1,11.5,81.0,2,58.1,62.0
SY027993,LIB_A,Library,21,Sunday,6,31.2,68.3,3,49.1,44.2
SY099506,RES_B,Residential,5,Tuesday,11,12.4,73.0,221,,48.7
SY019166,LIB_A,Library,4,Monday,4,14.1,71.2,14,29.7,30.6
SY006767,ENG_B,Engineering,4,Saturday,5,22.1,83.3,3,40.9,41.0
SY058303,LEC_A,LectureHall,11,Tuesday,1,14.6,70.4,333,35.7,40.4
SY040056,LEC_A,LectureHall,9,Monday,12,17.4,58.6,5,12.6,13.3
SY020290,LIB_A,Library,12,Saturday,5,30.2,60.8,129,50.7,60.8
SY002555,BUS_A,Business,22,Sunday,9,22.6,83.4,4,27.2,25.2
SY076252,BUS_A,Business,16,Friday,11,22.6,78.8,128,34.4,35.3
SY078140,BUS_A,Business,15,Friday,7,29.7,84.9,41,52.4,55.9
SY094561,ENG_A,Engineering,14,Sunday,3,13.5,71.0,35,51.9,51.5
SY095355,RES_A,Residential,4,Friday,2,15.3,77.8,311,64.8,62.9
SY062352,LEC_A,LectureHall,1,Saturday,5,22.0,75.0,1,17.7,15.3
SY067063,SCI_B,Science,19,Wednesday,1,18.2,58.1,8,74.0,62.1
SY048680,RES_B,Residential,15,Wednesday,11,21.5,55.2,147,35.9,35.8
SY096218,RES_A,Residential,5,Friday,3,12.6,78.5,293,63.7,66.6
SY099767,RES_B,Residential,16,Friday,2,21.7,50.4,100,33.3,30.8
SY017996,SPT_A,Sports,21,Friday,5,26.3,65.8,90,72.4,72.1
SY049174,LIB_A,Library,2,Saturday,5,21.3,74.6,57,54.8,53.2
SY043086,LIB_A,Library,17,Monday,12,20.3,49.0,240,49.6,66.2
SY024093,RES_B,Residential,1,Thursday,9,21.5,75.9,234,53.8,56.5
SY056381,LEC_A,LectureHall,17,Friday,5,25.4,83.5,89,48.9,40.4
SY008226,BUS_A,Business,18,Monday,11,21.1,52.8,75,30.9,39.4
SY025251,SCI_A,Science,17,Sunday,4,23.1,60.3,10,69.3,65.3
SY092486,RES_A,Residential,7,Wednesday,2,15.4,65.8,268,81.3,67.0
SY015284,LEC_A,LectureHall,7,Wednesday,2,18.3,71.1,6,16.3,12.3
SY029285,RES_B,Residential,1,Thursday,12,12.1,74.9,199,55.7,48.2
SY058576,RES_A,Residential,13,Monday,1,17.6,45.0,125,40.4,38.1
SY029384,LIB_A,Library,2,Friday,2,13.9,74.2,8,23.6,23.5
SY023671,RES_B,Residential,16,Sunday,3,22.1,51.5,148,36.2,37.0
SY041517,RES_B,Residential,4,Saturday,1,9.7,72.8,32,33.9,33.3
SY062525,SCI_A,Science,6,Sunday,7,26.3,90.3,7,102.3,99.9
SY090719,LEC_A,LectureHall,8,Wednesday,3,14.6,75.5,232,16.9,29.5
SY093710,LIB_A,Library,3,Wednesday,6,25.2,79.1,4,37.3,33.6
SY083059,LEC_A,LectureHall,0,Monday,7,24.2,83.1,0,23.4,22.8
SY059541,SCI_B,Science,6,Thursday,6,26.7,76.0,6,78.1,81.4
SY009381,RES_A,Residential,11,Sunday,2,25.9,52.2,259,47.1,51.0
SY025696,BUS_A,Business,22,Monday,2,21.1,76.1,11,42.9,23.8
SY099034,LIB_A,Library,0,Tuesday,3,16.1,75.6,3,43.6,24.6
SY042869,LIB_A,Library,21,Tuesday,7,29.6,66.6,23,88.2,80.6
SY077201,SCI_B,Science,1,Friday,11,12.2,75.0,3,59.2,58.5
SY029888,RES_B,Residential,3,Saturday,1,7.1,72.5,48,38.7,41.3
SY016063,RES_A,Residential,13,Thursday,9,27.6,55.6,,45.2,49.6
SY081594,RES_A,Residential,0,Saturday,2,12.1,69.4,291,55.9,64.1
SY046988,ENG_B,Engineering,23,Saturday,11,13.3,78.3,13,39.7,40.8
SY029440,ADM_A,Administration,20,Saturday,12,16.0,52.7,4,19.7,18.4
SY000720,RES_A,Residential,21,Friday,10,24.0,68.7,254,91.0,95.9
SY040474,LIB_A,Library,6,Friday,4,17.9,74.2,13,22.4,23.5
SY083501,ENG_B,Engineering,1,Wednesday,8,20.8,79.3,3,37.9,37.3
SY065146,ENG_A,Engineering,5,Saturday,10,21.3,82.5,10,72.1,71.3
SY038554,LIB_A,Library,23,Saturday,4,23.2,67.8,4,31.8,29.9
SY028145,ENG_A,Engineering,6,Sunday,5,19.6,79.5,5,40.7,41.2
SY042428,SPT_A,Sports,14,Wednesday,3,16.5,80.5,,45.9,48.9
SY022344,BUS_B,Business,11,Monday,1,18.5,55.7,219,,52.9
SY058701,ADM_A,Administration,3,Thursday,8,23.5,84.5,,22.3,19.8
SY041475,BUS_A,Business,22,Saturday,12,13.2,66.3,5,18.1,23.3
SY069418,RES_B,Residential,23,Tuesday,1,15.3,65.3,35,29.6,28.5
SY018463,SCI_A,Science,23,Sunday,2,15.7,69.3,1,70.0,72.0
SY001893,BUS_A,Business,15,Saturday,4,28.2,50.3,10,23.8,25.2
SY021280,RES_A,Residential,9,Saturday,3,,58.8,292,72.7,52.8
SY017694,RES_A,Residential,13,Friday,6,30.7,81.1,38,62.4,60.9
SY007823,ENG_A,Engineering,5,Saturday,12,11.4,73.4,0,48.5,51.6
SY035144,BUS_B,Business,22,Tuesday,9,19.3,78.7,16,52.1,30.1
SY038095,ENG_A,Engineering,4,Sunday,9,21.7,86.1,8,51.2,50.3
SY090990,ADM_A,Administration,17,Thursday,2,18.1,47.4,55,,31.4
SY001993,SCI_A,Science,3,Saturday,7,26.4,85.9,5,112.0,110.3
SY005675,LIB_A,Library,9,Friday,11,14.9,72.7,58,27.0,30.5
SY052784,ENG_B,Engineering,4,Saturday,8,26.2,88.7,3,59.3,53.4
SY008519,ENG_B,Engineering,7,Thursday,4,19.5,80.6,9,36.0,35.6
SY066311,LEC_A,LectureHall,4,Tuesday,10,19.2,79.4,4,18.3,16.3
SY066754,ADM_A,Administration,18,Friday,5,27.5,56.4,13,36.9,29.0
SY083803,BUS_B,Business,19,Monday,1,17.3,47.9,14,25.2,26.7
SY047256,ADM_A,Administration,8,Sunday,8,24.8,80.2,0,17.9,18.0
SY028810,RES_B,Residential,2,Monday,4,16.9,82.0,,48.8,51.5
SY081215,LEC_A,LectureHall,0,Wednesday,8,20.9,82.8,0,19.5,15.1
SY067928,LEC_A,LectureHall,13,Monday,7,26.9,80.6,36,19.8,25.4
SY053637,SPT_A,Sports,2,Friday,2,11.7,74.9,0,43.5,41.3
SY021827,ENG_A,Engineering,9,Saturday,6,29.2,69.8,4,56.5,61.0
SY014685,SCI_A,Science,18,Monday,3,19.0,80.7,87,87.4,102.4
SY091223,LIB_A,Library,5,Saturday,12,11.9,69.5,1,27.4,25.2
SY085772,RES_B,Residential,12,Friday,10,,55.0,92,31.9,31.5
SY001896,LEC_A,LectureHall,18,Sunday,4,26.3,60.9,4,21.6,21.7
SY089831,BUS_A,Business,21,Wednesday,6,29.4,83.8,21,65.4,62.4
SY043004,SCI_A,Science,6,Monday,1,10.3,75.4,8,84.5,83.1
SY061233,BUS_A,Business,18,Saturday,1,17.7,49.9,4,22.4,19.6
SY013140,SPT_A,Sports,12,Saturday,2,21.5,51.9,103,40.6,41.7
SY002761,ENG_B,Engineering,14,Saturday,9,31.6,56.3,34,61.5,61.8
SY028934,RES_A,Residential,16,Thursday,4,24.9,51.9,170,47.9,49.1
SY091922,LIB_A,Library,8,Sunday,3,16.4,61.0,8,21.4,21.7
SY042308,SPT_A,Sports,23,Saturday,10,20.5,65.0,0,29.1,29.9
SY058355,BUS_A,Business,15,Sunday,1,18.2,48.4,10,21.6,21.5
SY018625,SCI_B,Science,23,Tuesday,5,25.8,79.0,1,87.0,82.0
SY081660,ENG_A,Engineering,6,Saturday,1,11.0,77.3,16,48.6,51.7
SY092093,BUS_B,Business,8,Tuesday,6,25.6,77.0,14,29.5,30.0
SY007281,LEC_A,LectureHall,5,Sunday,6,,81.4,0,22.7,17.5
SY065560,SCI_B,Science,2,Wednesday,3,13.8,82.8,4,67.8,72.9
SY064525,RES_B,Residential,6,Saturday,1,11.8,67.1,237,58.7,75.8
SY010520,RES_A,Residential,7,Thursday,6,27.4,69.5,65,41.9,47.6
SY084504,SCI_A,Science,22,Saturday,5,18.4,78.0,1,78.4,78.5
SY049881,LEC_A,LectureHall,13,Monday,3,20.0,75.4,368,21.8,35.1
SY065798,BUS_B,Business,13,Wednesday,5,27.7,60.5,147,53.9,50.6
SY094301,ADM_A,Administration,17,Sunday,6,30.4,63.2,1,20.5,22.7
SY065894,SPT_A,Sports,22,Tuesday,4,20.0,69.4,47,56.7,48.5
SY067547,BUS_A,Business,11,Sunday,2,12.7,68.5,79,32.7,32.2
SY008371,ENG_A,Engineering,22,Monday,4,16.2,67.6,14,54.4,53.8
SY010474,SCI_B,Science,17,Wednesday,1,20.3,52.9,24,64.6,74.6
SY049937,ENG_A,Engineering,14,Wednesday,1,10.0,70.8,159,89.4,91.7
SY066705,RES_A,Residential,11,Monday,10,24.4,55.9,133,43.2,37.8
SY055964,SCI_B,Science,14,Monday,3,19.0,80.3,106,77.5,81.5
SY099948,RES_B,Residential,8,Thursday,7,30.2,69.9,39,51.6,48.6
SY071874,ENG_B,Engineering,10,Wednesday,4,23.0,66.6,119,55.7,59.1
SY077372,ENG_B,Engineering,15,Monday,10,22.3,76.5,92,50.9,53.4
SY008222,LIB_A,Library,13,Saturday,6,31.9,61.4,29,34.8,54.4
SY017600,SPT_A,Sports,4,Sunday,1,9.9,68.5,0,44.6,42.8
SY060517,SPT_A,Sports,8,Tuesday,10,24.0,65.0,91,34.1,34.1
SY011786,BUS_B,Business,19,Thursday,1,16.0,54.1,132,49.6,55.7
SY063808,BUS_A,Business,18,Sunday,9,28.4,88.7,16,30.9,29.2
SY026615,SCI_B,Science,4,Thursday,11,13.1,77.9,5,58.9,64.9
SY078074,LEC_A,LectureHall,16,Wednesday,5,24.4,81.7,331,35.0,42.8
SY059580,BUS_B,Business,23,Saturday,12,12.8,64.8,0,30.7,31.7
SY054938,ENG_A,Engineering,21,Tuesday,12,15.1,63.0,16,63.9,59.5
SY063050,ADM_A,Administration,12,Wednesday,3,20.1,56.5,94,41.5,35.0
SY022664,LIB_A,Library,1,Wednesday,7,23.1,80.0,2,31.6,33.3
SY085337,LEC_A,LectureHall,2,Tuesday,10,,,0,17.0,18.5
SY002875,ENG_B,Engineering,3,Friday,1,10.7,81.7,6,39.9,42.1
SY011485,LIB_A,Library,8,Friday,3,18.7,68.0,45,22.2,25.1
SY041995,ADM_A,Administration,22,Friday,8,26.8,76.9,4,24.6,24.4
SY044738,LIB_A,Library,12,Saturday,2,22.9,,70,27.5,27.4
SY028532,LEC_A,LectureHall,12,Thursday,4,23.5,72.1,160,46.4,23.4
SY083201,SCI_A,Science,0,Monday,1,9.9,72.4,8,82.2,83.5
SY057050,RES_B,Residential,21,Friday,3,14.4,67.2,247,56.3,64.5
SY065491,RES_B,Residential,19,Sunday,7,,62.4,39,46.1,49.1
SY003003,SPT_A,Sports,20,Wednesday,6,30.6,,103,93.3,102.4
SY008735,RES_A,Residential,16,Tuesday,4,19.7,49.1,126,45.5,42.2
SY056615,ENG_B,Engineering,5,Monday,5,26.2,86.6,5,56.0,53.8
SY050427,RES_B,Residential,7,Saturday,1,9.1,68.4,43,41.5,38.8
SY006897,BUS_A,Business,17,Saturday,2,14.4,77.9,7,21.8,21.4
SY071155,SCI_A,Science,23,Monday,4,12.8,70.8,0,76.7,76.6
SY036668,LIB_A,Library,19,Friday,3,17.9,50.3,140,49.2,51.5
SY073824,ENG_B,Engineering,12,Monday,2,11.8,73.8,108,63.0,63.5
SY096367,BUS_A,Business,13,Sunday,2,13.5,71.6,75,28.9,31.7
SY074122,LEC_A,LectureHall,18,Saturday,11,22.8,53.6,2,13.3,16.4
SY007596,SPT_A,Sports,19,Monday,12,17.7,53.1,39,51.2,52.7
SY028176,SCI_B,Science,4,Friday,3,12.9,76.7,6,64.1,69.5
SY015653,ENG_A,Engineering,23,Sunday,4,16.8,74.4,6,50.3,45.5
SY040498,BUS_B,Business,17,Friday,6,30.9,81.5,,71.8,70.5
SY042760,SCI_A,Science,23,Sunday,2,10.0,77.0,4,83.1,84.7
SY035357,ENG_A,Engineering,10,Tuesday,12,18.2,59.9,102,61.8,67.2
SY005634,SPT_A,Sports,9,Sunday,2,17.9,59.1,91,38.7,41.5
SY061608,SPT_A,Sports,10,Sunday,5,20.5,69.9,48,33.8,33.5
SY069877,ADM_A,Administration,3,Sunday,2,12.2,,1,19.7,19.5
SY097618,ADM_A,Administration,14,Friday,5,25.6,51.7,92,30.1,37.4
SY059966,ADM_A,Administration,9,Sunday,2,18.2,60.2,1,15.9,17.4
SY087098,BUS_B,Business,6,Monday,7,25.8,79.8,2,33.0,30.8
SY088993,RES_B,Residential,12,Sunday,8,33.3,62.7,42,43.2,44.7
SY001117,LEC_A,LectureHall,3,Monday,2,13.6,76.9,0,14.8,14.9
SY034653,ENG_B,Engineering,17,Sunday,6,29.6,83.0,18,61.2,61.0
SY081228,LEC_A,LectureHall,8,Friday,2,13.4,63.9,243,15.4,32.9
SY023437,RES_B,Residential,18,Wednesday,4,20.3,79.1,136,28.9,47.6
SY058477,SCI_A,Science,5,Friday,10,19.7,79.0,13,69.1,75.2
SY068907,ENG_B,Engineering,4,Sunday,10,20.7,79.7,7,39.4,41.4
SY011152,ENG_B,Engineering,13,Friday,5,30.4,55.2,65,70.0,63.3
SY063249,LEC_A,LectureHall,9,Monday,11,17.0,64.1,226,29.2,28.9
SY006299,ADM_A,Administration,7,Wednesday,2,16.4,64.4,52,18.5,25.9
SY071237,RES_A,Residential,18,Sunday,6,27.2,83.7,59,48.0,51.4
SY031640,SPT_A,Sports,22,Sunday,3,16.8,66.8,0,51.4,39.0
SY058125,SCI_B,Science,7,Saturday,2,13.8,69.4,15,71.7,69.7
SY003559,ENG_A,Engineering,9,Monday,5,23.8,66.2,73,48.2,54.1
SY084170,RES_A,Residential,21,Friday,12,13.2,63.7,311,69.0,88.3
SY040603,RES_B,Residential,12,Saturday,2,21.0,55.7,208,42.1,41.4
SY071714,LEC_A,LectureHall,9,Monday,12,15.1,61.7,480,44.0,44.5
SY076313,ENG_A,Engineering,9,Monday,9,22.5,81.2,106,56.9,73.1
SY035377,BUS_A,Business,19,Monday,2,21.2,58.8,151,40.0,50.5
SY085906,ENG_A,Engineering,19,Saturday,1,13.4,51.9,5,45.2,49.0
SY003793,SPT_A,Sports,22,Wednesday,3,14.4,69.3,39,62.6,58.6
SY081920,RES_A,Residential,17,Sunday,12,19.7,47.3,180,46.9,50.5
SY004024,BUS_B,Business,17,Sunday,2,19.3,54.0,11,26.6,28.9
SY024842,ENG_B,Engineering,12,Wednesday,6,28.6,62.1,41,55.1,54.6
SY089578,RES_A,Residential,22,Thursday,3,19.4,64.6,261,85.3,78.7
SY002239,LIB_A,Library,21,Saturday,11,17.2,60.9,9,43.3,23.3
SY095203,SPT_A,Sports,9,Sunday,3,16.7,64.1,97,44.0,50.0
SY049868,SCI_B,Science,13,Sunday,2,21.2,52.5,10,66.9,66.6
SY002161,BUS_B,Business,19,Sunday,11,20.2,53.7,7,29.9,28.8
SY045492,LIB_A,Library,15,Thursday,6,,80.6,75,58.3,63.3
SY078184,BUS_B,Business,5,Wednesday,1,11.1,69.3,8,,31.5
SY019795,LEC_A,LectureHall,15,Saturday,3,20.8,50.3,1,13.4,12.5
SY062956,ADM_A,Administration,4,Thursday,11,11.4,68.4,0,16.8,21.1
SY086329,RES_B,Residential,1,Saturday,3,9.5,76.7,240,52.6,51.1
SY059776,BUS_A,Business,19,Saturday,1,11.8,72.9,6,21.1,24.3
SY053091,SCI_A,Science,5,Saturday,11,11.4,68.7,11,82.4,83.5
SY001457,LEC_A,LectureHall,7,Tuesday,3,13.8,66.7,4,18.8,15.7
SY012847,LEC_A,LectureHall,17,Monday,2,23.7,77.6,129,44.2,25.6
SY085444,RES_A,Residential,10,Saturday,10,23.6,76.2,260,56.4,49.6
SY001711,SPT_A,Sports,5,Tuesday,8,21.7,86.7,0,26.9,27.8
SY044704,LIB_A,Library,13,Wednesday,5,29.9,56.8,178,78.8,80.8
SY015359,SCI_A,Science,7,Tuesday,4,21.1,80.4,6,74.4,74.3
SY048422,SCI_A,Science,1,Tuesday,1,5.8,75.6,8,91.3,95.4
SY012943,LIB_A,Library,23,Tuesday,9,23.4,70.5,36,65.7,50.3
SY006648,BUS_B,Business,11,Monday,3,,76.6,247,46.1,50.8
SY067821,ADM_A,Administration,12,Thursday,9,27.3,54.5,96,43.7,41.5
SY056158,SPT_A,Sports,20,Thursday,4,19.7,64.0,165,59.8,62.7
SY048832,LEC_A,LectureHall,12,Monday,3,17.0,69.7,124,40.0,19.3
SY093514,LIB_A,Library,14,Sunday,4,29.4,47.4,87,51.4,56.2
SY074895,SPT_A,Sports,5,Thursday,2,12.9,70.3,,40.7,40.3
SY012038,LIB_A,Library,8,Tuesday,11,14.7,70.2,55,24.2,29.5
SY051962,RES_A,Residential,4,Sunday,4,18.6,77.5,284,61.8,56.6
SY025336,LIB_A,Library,17,Thursday,11,19.2,56.0,116,40.4,35.7
SY040488,RES_A,Residential,14,Thursday,5,24.8,77.1,269,47.7,52.1
SY058656,BUS_B,Business,13,Sunday,12,20.5,50.0,82,36.4,35.0
SY025924,BUS_B,Business,1,Sunday,10,19.5,79.4,5,26.9,26.8
SY094294,SPT_A,Sports,5,Thursday,4,16.1,69.9,0,35.6,33.6
SY045699,ENG_B,Engineering,0,Tuesday,1,14.9,69.6,2,34.8,37.7
SY017958,RES_B,Residential,19,Sunday,10,23.0,62.4,187,69.7,64.9
SY032862,SCI_A,Science,5,Monday,6,27.9,80.3,9,104.6,95.2
SY076923,LIB_A,Library,7,Sunday,11,15.1,67.8,3,30.2,23.3
SY001565,LIB_A,Library,14,Tuesday,2,22.0,53.0,151,34.9,39.5
SY070837,LIB_A,Library,21,Monday,9,18.1,,104,46.9,48.1
SY049972,SCI_A,Science,21,Friday,2,19.6,59.4,15,92.3,86.2
SY066773,ADM_A,Administration,21,Friday,5,27.4,64.5,3,22.4,22.7
SY002035,BUS_B,Business,9,Friday,8,26.8,84.2,37,35.3,47.9
SY004813,RES_B,Residential,14,Thursday,4,24.4,52.7,79,27.1,30.5
SY008354,ENG_A,Engineering,19,Friday,1,15.0,53.6,,60.0,51.2
SY026356,SCI_B,Science,23,Wednesday,2,17.3,65.1,3,63.2,64.1
SY018892,RES_A,Residential,12,Sunday,4,19.5,74.4,209,55.2,50.6
SY090825,LIB_A,Library,15,Sunday,3,,,131,35.9,33.7
SY084774,ENG_A,Engineering,9,Thursday,7,31.8,70.5,53,63.9,79.1
SY034006,ENG_B,Engineering,9,Wednesday,10,22.9,66.3,88,47.5,52.7
SY073321,ENG_B,Engineering,19,Friday,5,25.9,63.9,52,60.2,69.2
SY056017,BUS_B,Business,22,Wednesday,4,16.5,68.1,21,55.1,31.4
SY066433,RES_A,Residential,1,Saturday,1,10.7,69.1,31,33.7,35.0
SY074333,BUS_A,Business,6,Wednesday,8,21.8,74.8,2,20.7,19.0
SY000557,LEC_A,LectureHall,19,Tuesday,6,27.9,63.6,6,24.8,24.4
SY009602,BUS_A,Business,4,Tuesday,5,23.7,79.2,1,25.3,25.2
SY075601,LIB_A,Library,0,Friday,10,20.6,70.7,7,53.3,25.9
SY066071,SPT_A,Sports,19,Friday,5,28.0,59.7,140,74.4,77.3
SY056592,LIB_A,Library,16,Wednesday,4,21.2,79.0,193,41.6,38.2
SY033710,RES_B,Residential,1,Friday,5,19.0,75.6,162,52.5,41.9
SY074509,SCI_B,Science,15,Tuesday,4,24.7,81.8,98,89.3,87.7
SY007583,SPT_A,Sports,11,Tuesday,6,28.7,75.8,31,46.9,48.8
SY077308,SCI_A,Science,17,Wednesday,11,20.4,53.8,85,107.3,98.3
SY041082,SPT_A,Sports,3,Thursday,6,24.9,82.2,0,31.9,31.7
SY062673,SPT_A,Sports,10,Saturday,4,22.9,64.1,97,32.7,36.8
SY089767,RES_B,Residential,6,Friday,1,9.1,71.8,196,60.6,70.9
SY042788,SPT_A,Sports,2,Thursday,2,9.2,69.5,0,45.2,48.0
SY014054,ENG_B,Engineering,8,Friday,1,10.5,73.4,49,47.1,53.0
SY024342,LIB_A,Library,1,Saturday,4,14.7,76.4,7,23.3,22.9
SY023335,SCI_B,Science,9,Saturday,10,25.0,63.8,18,65.7,63.7
SY046601,RES_B,Residential,8,Saturday,5,21.3,72.8,202,51.6,53.6
SY042373,SCI_B,Science,11,Saturday,5,26.1,66.7,8,64.6,71.0
SY067718,RES_A,Residential,16,Wednesday,2,17.2,50.3,137,38.8,38.3
SY040328,SPT_A,Sports,13,Tuesday,12,21.7,50.4,25,35.8,34.0
SY083354,ADM_A,Administration,14,Monday,4,22.4,50.7,90,29.7,34.2
SY078466,LEC_A,LectureHall,10,Thursday,8,26.7,78.8,48,30.9,37.4
SY067194,BUS_B,Business,13,Saturday,9,28.8,78.9,96,59.2,61.6
SY074006,LIB_A,Library,15,Wednesday,5,29.5,80.7,257,95.8,93.5
SY027899,LEC_A,LectureHall,8,Friday,2,,76.2,218,12.9,30.8
SY036754,BUS_B,Business,20,Monday,2,,73.5,121,48.5,55.2
SY004199,SPT_A,Sports,21,Saturday,3,14.2,63.1,21,52.5,51.6
SY009300,LEC_A,LectureHall,4,Monday,6,23.7,79.1,0,,18.3
SY057165,BUS_A,Business,0,Saturday,2,13.1,67.6,0,24.9,21.5
SY068919,ENG_A,Engineering,10,Friday,8,30.4,62.3,55,79.1,81.7
SY079501,RES_A,Residential,7,Friday,2,12.5,65.3,280,99.2,79.0
SY036112,SCI_B,Science,10,Friday,11,16.2,61.3,84,83.5,79.5
SY058466,LEC_A,LectureHall,19,Monday,4,18.4,56.6,31,30.5,30.9
SY066930,ENG_B,Engineering,20,Thursday,4,21.2,84.9,39,60.4,48.5
SY036289,ENG_A,Engineering,4,Sunday,1,8.9,71.4,2,58.5,57.7
SY035869,RES_A,Residential,18,Friday,4,23.1,56.6,212,50.0,75.2
SY042473,RES_A,Residential,21,Thursday,4,21.4,79.5,214,62.0,73.4
SY060160,LEC_A,LectureHall,14,Saturday,1,17.4,53.1,3,12.2,12.3
SY066796,BUS_A,Business,22,Saturday,11,15.4,65.0,3,17.1,22.7
SY069280,RES_B,Residential,11,Tuesday,12,16.5,54.0,19,24.8,24.3
SY090908,SCI_A,Science,11,Monday,11,19.9,55.3,107,104.0,100.8
SY096955,LIB_A,Library,5,Wednesday,9,17.9,74.1,6,26.2,24.2
SY048533,RES_B,Residential,0,Thursday,2,14.3,73.4,,44.8,56.4
SY009778,SCI_B,Science,6,Monday,1,10.6,73.2,7,64.5,64.4
SY029552,SCI_A,Science,14,Tuesday,12,19.7,47.0,127,91.5,102.1
SY027078,LIB_A,Library,14,Wednesday,2,17.8,71.3,160,45.6,39.4
SY053410,LIB_A,Library,12,Monday,1,17.7,49.3,13,26.0,27.5
SY011742,ENG_A,Engineering,14,Tuesday,6,29.1,88.4,56,83.6,90.8
SY014107,LIB_A,Library,13,Friday,11,22.6,71.3,146,34.4,39.9
SY061263,LEC_A,LectureHall,0,Sunday,3,15.8,72.2,0,16.0,16.3
SY040022,BUS_A,Business,14,Thursday,4,22.9,77.4,169,33.6,43.5
SY078854,RES_A,Residential,10,Tuesday,3,18.3,59.2,134,36.7,38.7
SY006830,ADM_A,Administration,10,Tuesday,1,14.9,61.8,116,38.2,39.6
SY047496,RES_A,Residential,7,Saturday,10,21.9,72.5,362,85.0,82.1
SY099962,SCI_B,Science,20,Sunday,6,28.2,70.2,1,97.6,93.5
SY090966,SCI_A,Science,8,Friday,2,17.5,65.8,,82.1,90.1
SY096601,ENG_B,Engineering,23,Thursday,2,15.2,67.6,11,48.8,43.9
SY004611,LIB_A,Library,13,Tuesday,2,21.0,52.2,136,35.4,37.6
SY056474,SCI_A,Science,5,Wednesday,7,29.0,88.3,5,108.9,104.6
SY097779,BUS_A,Business,20,Saturday,9,27.9,65.9,7,30.9,34.0
SY099554,BUS_A,Business,11,Wednesday,9,23.9,59.2,143,36.8,38.1
SY064670,RES_A,Residential,15,Tuesday,3,18.6,73.3,137,38.1,42.2
SY049799,LEC_A,LectureHall,22,Monday,6,27.4,83.9,0,30.5,29.3
SY009660,BUS_B,Business,20,Thursday,11,16.1,76.3,119,50.3,50.0
SY029442,BUS_A,Business,4,Monday,8,22.1,80.8,0,19.3,22.7
SY086315,SPT_A,Sports,12,Friday,2,21.8,54.2,78,36.9,36.9
SY082487,SCI_A,Science,11,Tuesday,2,21.4,63.9,85,102.7,97.6
SY052044,RES_B,Residential,22,Tuesday,4,15.8,67.4,193,60.2,57.1
SY058919,BUS_B,Business,22,Monday,1,13.3,58.9,21,54.5,28.3
SY048231,BUS_A,Business,15,Sunday,1,19.4,50.0,11,22.3,19.4
SY089236,LIB_A,Library,12,Saturday,7,30.3,79.5,34,36.3,61.6
SY033259,SPT_A,Sports,19,Thursday,5,27.1,80.4,110,66.5,79.2
SY033181,BUS_A,Business,9,Sunday,3,15.7,59.9,90,22.6,31.7
SY094434,ENG_A,Engineering,21,Wednesday,7,24.8,86.7,14,76.0,59.8
SY025677,ENG_B,Engineering,3,Thursday,5,23.1,84.7,3,43.5,43.7
SY077022,LEC_A,LectureHall,10,Wednesday,4,24.1,64.3,,24.6,38.7
SY043393,LEC_A,LectureHall,15,Sunday,12,20.3,47.9,2,10.9,14.0
SY046596,LEC_A,LectureHall,3,Wednesday,12,13.5,71.7,0,15.1,15.3
SY054320,RES_B,Residential,0,Sunday,9,24.7,91.5,216,76.0,67.1
SY037607,RES_A,Residential,7,Saturday,10,19.6,73.3,287,79.9,62.0
SY082086,LIB_A,Library,18,Monday,10,28.5,55.7,149,68.4,85.1
SY023509,BUS_A,Business,10,Sunday,3,19.1,62.2,72,27.4,27.2
SY017402,SCI_A,Science,23,Saturday,1,9.7,78.0,5,82.9,81.1
SY053784,SCI_B,Science,17,Saturday,4,19.7,85.1,8,64.7,70.7
SY039451,BUS_A,Business,16,Tuesday,6,33.1,61.3,38,49.4,54.8
SY099882,RES_B,Residential,18,Tuesday,1,20.0,50.5,18,26.8,29.7
SY054396,SPT_A,Sports,2,Sunday,3,9.2,73.8,0,43.4,42.3
SY052615,BUS_B,Business,8,Thursday,9,22.3,,94,24.2,37.8
SY049796,LEC_A,LectureHall,18,Tuesday,1,17.0,53.6,150,,35.7
SY080315,BUS_B,Business,19,Saturday,3,19.2,57.9,8,28.5,30.0
SY076350,ENG_A,Engineering,20,Tuesday,1,14.9,57.0,38,63.8,61.7
SY041446,BUS_B,Business,15,Wednesday,3,17.5,73.2,199,44.6,48.5
SY048106,BUS_A,Business,7,Wednesday,2,10.8,67.9,9,27.1,25.5
SY076451,LIB_A,Library,1,Wednesday,10,19.6,81.4,8,24.8,25.9
SY044081,LIB_A,Library,4,Wednesday,5,20.7,84.9,87,49.6,43.3
SY090773,SCI_A,Science,14,Friday,3,19.4,49.4,122,81.6,93.9
SY013936,ADM_A,Administration,0,Wednesday,10,19.3,83.5,4,18.3,20.2
SY099721,LEC_A,LectureHall,6,Thursday,11,14.5,79.5,10,16.5,17.8
SY059015,LEC_A,LectureHall,17,Monday,1,18.9,53.1,104,25.2,35.8
SY081746,LEC_A,LectureHall,11,Sunday,4,22.5,77.8,5,13.3,14.6
SY093922,BUS_A,Business,8,Thursday,3,19.6,63.0,67,19.5,23.4
SY002006,BUS_B,Business,20,Tuesday,10,24.6,,182,83.3,69.9
SY094467,RES_A,Residential,1,Saturday,7,,,63,50.8,50.6
SY099325,SCI_B,Science,14,Sunday,12,18.7,70.7,3,58.2,55.4
SY009679,LEC_A,LectureHall,18,Sunday,2,20.6,54.7,2,11.5,13.4
SY021885,RES_B,Residential,10,Friday,9,23.9,64.0,88,31.9,31.0
SY096573,ENG_A,Engineering,5,Wednesday,6,23.3,81.3,5,53.5,50.4
SY011563,ENG_B,Engineering,1,Friday,1,9.4,74.0,1,41.7,45.7
SY034792,ADM_A,Administration,7,Thursday,11,14.0,62.6,53,20.1,30.7
SY028792,SCI_A,Science,22,Wednesday,5,21.5,84.5,2,78.2,77.2
SY082645,RES_A,Residential,8,Tuesday,1,8.7,62.2,224,74.9,69.9
SY042212,RES_A,Residential,2,Friday,4,19.6,82.1,253,59.6,59.2
SY062810,ENG_B,Engineering,9,Saturday,1,14.3,63.3,13,58.3,42.4
SY010316,ENG_B,Engineering,12,Wednesday,4,21.0,61.3,107,52.4,62.2
SY062115,ENG_A,Engineering,2,Wednesday,1,10.9,66.8,0,43.4,45.9
SY090179,ADM_A,Administration,21,Friday,5,23.5,63.6,1,21.2,16.2
SY090636,SCI_B,Science,6,Monday,3,16.0,80.8,4,61.0,62.0
SY010243,SPT_A,Sports,21,Tuesday,4,18.2,63.5,91,63.0,53.8
SY013255,BUS_B,Business,1,Friday,12,16.5,69.7,0,27.6,28.4
SY038851,ADM_A,Administration,3,Thursday,6,25.6,77.2,3,21.1,18.0
SY081618,ENG_B,Engineering,13,Sunday,10,21.7,80.7,28,43.8,38.5
SY085154,ENG_B,Engineering,17,Thursday,8,35.7,,89,96.2,93.9
SY081689,ENG_A,Engineering,7,Friday,4,20.6,69.0,10,38.4,37.3
SY024259,RES_A,Residential,5,Monday,2,8.5,76.9,359,,86.5
SY019609,RES_A,Residential,21,Sunday,9,17.7,79.9,315,87.2,87.5
SY014788,SCI_A,Science,21,Wednesday,5,24.2,73.6,9,101.6,91.7
SY082518,RES_B,Residential,14,Sunday,4,29.2,51.3,169,65.5,53.8
SY088210,SPT_A,Sports,8,Friday,6,27.8,78.2,48,44.4,50.4
SY068639,ADM_A,Administration,23,Monday,5,26.8,81.0,2,22.7,25.7
SY027678,RES_B,Residential,22,Friday,10,21.2,67.7,209,66.7,72.2
SY095667,SCI_A,Science,10,Wednesday,2,22.3,60.7,101,100.2,101.1
SY008871,RES_B,Residential,7,Monday,6,22.7,73.4,64,31.8,34.0
SY056851,ENG_A,Engineering,5,Tuesday,4,12.9,74.1,9,49.0,46.0
SY048710,RES_B,Residential,7,Friday,6,25.7,84.1,37,43.7,42.9
SY065003,BUS_B,Business,7,Wednesday,9,22.6,72.0,4,24.3,24.3
SY092873,SPT_A,Sports,18,Monday,6,30.6,64.5,52,62.5,62.4
SY090515,SCI_A,Science,1,Thursday,7,28.2,92.7,3,116.1,112.5
SY043798,ADM_A,Administration,23,Tuesday,3,13.5,63.8,0,19.1,15.0
SY083890,LIB_A,Library,21,Wednesday,12,11.9,58.1,76,48.8,48.4
SY037392,ENG_A,Engineering,20,Sunday,6,28.6,84.2,6,81.7,81.4
SY097348,ADM_A,Administration,6,Thursday,5,22.6,82.6,2,17.5,16.2
SY035335,RES_A,Residential,17,Monday,11,20.4,50.7,178,33.4,39.1
SY063581,LEC_A,LectureHall,22,Thursday,10,20.9,66.8,4,16.2,16.8
SY065291,LEC_A,LectureHall,16,Saturday,11,23.9,53.8,5,14.2,12.6
SY040857,BUS_B,Business,20,Thursday,5,28.8,69.6,75,78.4,83.8
SY020401,ENG_A,Engineering,8,Sunday,3,17.4,75.6,17,46.4,48.0
SY038576,LIB_A,Library,14,Wednesday,2,25.0,49.7,117,36.1,34.4
SY030168,SCI_B,Science,7,Sunday,5,20.8,72.0,9,70.3,67.5
SY006667,BUS_B,Business,21,Saturday,5,21.3,66.7,14,27.7,30.5
SY099198,RES_B,Residential,18,Wednesday,10,27.7,60.3,176,54.3,75.9
SY062367,SPT_A,Sports,11,Sunday,6,32.0,67.3,50,51.5,61.9
SY084515,BUS_A,Business,15,Friday,6,30.0,83.5,45,46.4,50.7
SY039243,LEC_A,LectureHall,13,Sunday,10,25.2,54.7,8,15.1,16.4
SY068541,BUS_B,Business,17,Thursday,3,25.9,49.9,153,55.2,53.1
SY055264,LIB_A,Library,16,Monday,3,19.5,73.3,163,39.9,37.5
SY063711,BUS_A,Business,12,Thursday,6,33.8,62.0,56,48.9,55.7
SY077543,BUS_B,Business,17,Wednesday,1,19.4,44.5,1,22.5,25.5
SY044064,SPT_A,Sports,20,Friday,12,15.4,53.0,72,60.7,56.6
SY005235,ENG_A,Engineering,2,Sunday,5,20.8,84.5,5,47.9,47.5
SY013078,ADM_A,Administration,18,Friday,6,33.6,56.2,9,51.6,26.6
SY017764,BUS_B,Business,16,Monday,5,33.4,55.4,154,87.9,91.4
SY058384,RES_B,Residential,23,Friday,4,21.3,74.0,259,81.7,63.5
SY067033,SCI_B,Science,15,Monday,4,23.0,85.1,102,76.6,77.3
SY061272,SCI_B,Science,19,Sunday,8,29.1,68.8,,87.3,92.5
SY007349,SPT_A,Sports,2,Wednesday,10,19.4,75.6,0,26.9,29.5
SY039735,LIB_A,Library,22,Sunday,3,10.6,81.6,4,28.6,29.3
SY091072,LEC_A,LectureHall,14,Tuesday,5,30.5,55.1,301,63.3,70.7
SY016536,RES_A,Residential,23,Wednesday,9,23.9,,200,87.7,62.8
SY012687,LIB_A,Library,1,Tuesday,2,15.6,69.3,9,24.0,25.5
SY055905,BUS_B,Business,17,Thursday,3,21.7,52.5,183,44.6,44.2
SY003990,RES_B,Residential,1,Thursday,9,18.7,84.0,190,52.3,45.7
SY090459,RES_B,Residential,18,Saturday,4,21.5,82.4,184,36.4,57.5
SY002822,ENG_A,Engineering,5,Thursday,5,19.7,73.2,11,48.3,49.2
SY009112,LEC_A,LectureHall,11,Sunday,12,19.1,52.4,0,11.2,14.2
SY082994,ADM_A,Administration,7,Thursday,6,26.9,80.2,51,18.5,36.2
SY034938,ENG_B,Engineering,22,Sunday,4,18.2,78.9,5,34.8,35.8
SY090002,BUS_B,Business,6,Saturday,1,13.2,,0,30.2,27.1
SY079461,ENG_A,Engineering,22,Friday,9,25.7,76.7,21,96.5,84.2
SY007634,SPT_A,Sports,5,Thursday,5,20.1,79.6,0,30.8,27.4
SY052805,RES_A,Residential,13,Saturday,6,32.9,61.3,49,51.1,51.7
SY053158,RES_A,Residential,17,Monday,1,18.5,52.1,149,33.0,41.1
SY046818,LEC_A,LectureHall,17,Wednesday,3,22.0,76.8,100,32.0,15.7
SY044998,LEC_A,LectureHall,9,Sunday,2,18.4,60.1,4,14.5,13.1
SY066214,LEC_A,LectureHall,12,Thursday,10,25.0,59.2,94,28.9,20.7
SY066146,BUS_A,Business,18,Tuesday,4,21.4,81.8,66,31.4,38.3
SY079266,SCI_B,Science,11,Wednesday,7,28.2,80.7,50,94.5,92.2
SY033357,SCI_B,Science,5,Thursday,2,17.2,73.9,10,56.8,62.1
SY071276,SPT_A,Sports,2,Wednesday,3,14.1,77.9,0,38.3,36.8
SY094776,RES_A,Residential,1,Tuesday,2,19.4,73.8,282,69.7,60.7
SY040201,LEC_A,LectureHall,13,Monday,12,19.9,49.6,313,21.4,29.8
SY003396,BUS_A,Business,4,Thursday,5,23.7,84.3,2,25.7,21.6
SY037987,BUS_A,Business,11,Thursday,8,27.2,83.3,45,35.6,36.5
SY052218,ENG_B,Engineering,18,Saturday,3,20.8,50.8,14,42.7,48.5
SY012796,SCI_B,Science,4,Wednesday,4,19.0,78.1,6,64.4,61.1
SY069794,RES_B,Residential,12,Wednesday,11,20.7,55.0,127,29.1,30.4
SY071380,ENG_A,Engineering,23,Thursday,2,14.8,67.5,23,60.1,61.1
SY091364,ENG_B,Engineering,1,Sunday,6,25.3,82.2,3,52.9,51.4
SY033533,ADM_A,Administration,19,Wednesday,8,28.2,59.4,2,24.5,24.0
SY092524,LIB_A,Library,22,Sunday,5,26.4,85.3,16,38.4,39.3
SY041020,ADM_A,Administration,19,Sunday,12,19.0,49.3,2,19.3,20.3
SY013615,BUS_A,Business,12,Saturday,1,21.5,49.8,57,29.2,26.3
SY024720,BUS_A,Business,16,Monday,5,27.1,54.6,75,37.3,35.6
SY071965,SCI_B,Science,4,Monday,3,15.4,82.1,10,69.9,66.6
SY039306,SPT_A,Sports,11,Wednesday,4,23.8,57.3,53,30.6,34.0
SY075717,RES_B,Residential,16,Thursday,6,33.0,58.3,26,48.0,49.9
SY000474,SCI_A,Science,17,Friday,6,30.7,82.0,33,126.6,128.0
SY067938,SCI_A,Science,16,Friday,6,30.8,86.5,36,130.3,126.6
SY055534,LIB_A,Library,11,Thursday,5,31.1,57.8,165,75.2,79.5
SY066852,LIB_A,Library,3,Friday,2,10.4,70.4,13,26.7,27.7
SY001088,LEC_A,LectureHall,11,Monday,3,15.4,58.1,240,33.7,31.9
SY051290,ADM_A,Administration,17,Sunday,4,,,3,19.3,20.5
SY075707,SPT_A,Sports,16,Wednesday,3,17.3,81.3,151,50.9,54.5
SY055328,RES_A,Residential,15,Wednesday,12,23.7,47.5,119,37.5,33.1
SY035856,SPT_A,Sports,20,Sunday,6,28.8,66.9,23,73.8,72.5
SY043231,ENG_A,Engineering,17,Wednesday,3,16.1,77.2,100,65.4,63.5
SY052202,BUS_A,Business,21,Monday,5,23.6,69.7,68,52.3,48.9
SY044443,BUS_B,Business,2,Tuesday,8,22.5,87.8,3,28.7,29.5
SY066769,ADM_A,Administration,19,Monday,4,17.7,71.6,11,23.9,17.7
SY044916,SCI_B,Science,6,Monday,1,14.3,70.9,1,59.7,62.8
SY013607,ADM_A,Administration,18,Wednesday,3,20.4,52.9,9,33.3,26.7
SY076961,LIB_A,Library,11,Wednesday,4,19.1,51.6,103,37.7,36.3
SY074945,RES_A,Residential,22,Wednesday,5,26.1,64.8,322,132.0,125.3
SY095035,LEC_A,LectureHall,19,Sunday,10,29.0,56.1,4,27.6,28.1
SY064395,ADM_A,Administration,19,Wednesday,10,22.6,78.1,5,27.4,22.2
SY004564,SCI_A,Science,6,Monday,9,,81.4,7,67.5,69.0
SY028926,ADM_A,Administration,20,Saturday,2,13.4,71.6,3,17.8,18.4
SY066686,RES_B,Residential,13,Sunday,12,20.3,51.8,31,23.7,25.9
SY079534,BUS_B,Business,21,Friday,7,26.8,76.9,34,67.1,62.4
SY027802,SPT_A,Sports,15,Sunday,8,28.0,83.7,73,55.2,62.3
SY012998,BUS_B,Business,12,Sunday,2,20.7,53.6,86,35.3,38.2
SY030757,LIB_A,Library,17,Thursday,5,27.3,59.4,122,56.6,58.3
SY053993,RES_A,Residential,22,Wednesday,1,13.7,59.3,235,70.9,72.6
SY084037,BUS_A,Business,22,Wednesday,11,16.6,67.0,20,42.9,24.7
SY029014,ENG_B,Engineering,3,Saturday,7,27.9,87.7,3,63.5,58.5
SY018089,SPT_A,Sports,0,Wednesday,2,15.4,69.1,0,33.3,33.1
SY020055,RES_A,Residential,8,Monday,12,,,215,72.5,68.4
SY009544,RES_B,Residential,23,Sunday,9,16.8,86.7,283,62.5,60.2
SY063149,ADM_A,Administration,16,Saturday,9,24.9,69.9,4,18.0,17.7
SY037291,ENG_A,Engineering,2,Tuesday,9,20.7,79.3,,46.4,48.4
SY048798,RES_B,Residential,13,Tuesday,3,22.0,53.6,90,29.9,28.0
SY090306,ENG_B,Engineering,4,Friday,2,12.2,75.5,11,,41.4
SY054790,SCI_A,Science,11,Friday,6,28.7,84.3,63,120.0,117.2
SY080009,SPT_A,Sports,9,Saturday,5,19.7,68.7,88,35.7,37.9
SY096392,BUS_A,Business,18,Saturday,7,24.5,87.2,3,21.3,20.7
SY066963,SPT_A,Sports,7,Monday,3,9.3,75.5,72,69.5,59.7
SY014360,ENG_B,Engineering,11,Sunday,2,19.7,57.0,45,39.8,45.3
SY052418,SCI_A,Science,11,Friday,11,18.1,58.3,107,105.9,96.8
SY041782,LEC_A,LectureHall,22,Sunday,12,14.7,61.3,2,17.0,15.7
SY034670,SCI_B,Science,11,Wednesday,4,24.1,55.6,98,81.1,87.8
SY095453,SPT_A,Sports,12,Wednesday,6,30.9,60.9,30,50.6,52.7
SY085035,SPT_A,Sports,13,Thursday,3,24.4,55.2,57,35.1,33.6
SY084922,LEC_A,LectureHall,23,Tuesday,6,26.0,74.2,0,28.3,28.8
SY045898,SCI_A,Science,12,Friday,2,22.0,57.6,114,116.2,118.6
SY071008,BUS_A,Business,17,Friday,10,27.2,,132,48.7,50.0
SY031264,SCI_B,Science,11,Wednesday,7,31.3,61.3,54,,99.2
SY087992,LIB_A,Library,0,Saturday,8,23.2,83.9,2,24.3,25.1
SY016610,BUS_A,Business,17,Monday,1,18.1,53.3,151,39.1,47.3
SY084364,SCI_B,Science,2,Sunday,2,14.5,71.8,5,90.5,96.4
SY057868,SCI_B,Science,20,Tuesday,11,18.2,63.3,7,79.3,68.9
SY085562,RES_A,Residential,11,Monday,5,31.0,57.7,115,57.1,56.5
SY018236,BUS_B,Business,11,Friday,11,22.6,72.2,199,51.3,49.1
SY052799,RES_A,Residential,8,Sunday,4,19.5,71.9,302,71.0,72.3
SY019847,RES_B,Residential,10,Monday,9,24.5,67.2,105,36.7,36.3
SY096543,BUS_B,Business,18,Monday,5,26.7,63.5,59,49.1,47.2
SY070665,LEC_A,LectureHall,13,Monday,2,11.7,72.2,235,29.0,36.6
SY060716,ENG_A,Engineering,18,Wednesday,2,19.9,55.3,93,71.4,74.2
SY093762,RES_A,Residential,14,Friday,6,30.0,83.1,37,54.5,52.3
SY090450,BUS_B,Business,10,Thursday,11,17.3,62.9,166,41.9,47.9
SY070122,ENG_B,Engineering,10,Wednesday,5,27.6,67.2,66,52.8,56.6
SY033038,BUS_A,Business,17,Sunday,9,20.0,87.0,7,17.7,22.0
SY071072,BUS_A,Business,6,Tuesday,2,,,6,23.1,22.4
SY059548,SPT_A,Sports,15,Tuesday,11,21.8,47.0,66,37.2,38.5
SY038960,LEC_A,LectureHall,8,Wednesday,2,,,480,15.8,42.6
SY041267,SPT_A,Sports,13,Wednesday,11,21.8,49.2,61,41.2,40.1
SY009467,SPT_A,Sports,20,Wednesday,2,16.3,76.8,152,69.1,64.6
SY048003,SCI_A,Science,12,Sunday,4,26.4,57.2,14,76.7,82.3
SY076220,ENG_B,Engineering,13,Friday,5,25.6,84.3,71,57.9,57.5
SY063288,SPT_A,Sports,11,Friday,3,17.0,53.0,30,49.2,43.3
SY041425,LEC_A,LectureHall,22,Tuesday,10,,,2,16.5,13.1
SY031420,RES_B,Residential,8,Wednesday,1,13.9,65.5,23,30.4,29.1
SY002562,SCI_B,Science,1,Tuesday,4,17.3,80.4,7,62.3,59.0
SY057937,BUS_A,Business,15,Tuesday,1,19.7,47.8,14,20.7,20.6
SY063658,RES_A,Residential,17,Friday,11,19.3,53.8,178,35.4,40.9
SY084786,ADM_A,Administration,9,Wednesday,4,23.7,57.2,89,37.2,33.1
SY011516,BUS_A,Business,17,Saturday,3,20.8,51.8,,21.6,23.2
SY016972,ENG_B,Engineering,22,Thursday,11,14.3,82.1,17,49.9,52.3
SY086799,RES_B,Residential,3,Friday,5,19.6,82.1,220,55.3,48.5
SY066927,LIB_A,Library,12,Thursday,1,20.5,51.6,18,,22.9
SY063938,ENG_A,Engineering,16,Monday,6,34.5,62.5,35,97.4,99.4
SY030678,ADM_A,Administration,12,Tuesday,7,26.9,78.9,93,50.0,42.5
SY090298,BUS_A,Business,10,Wednesday,2,18.5,63.4,199,34.8,46.1
SY023362,SCI_A,Science,16,Sunday,4,23.8,51.6,10,68.2,73.7
SY091829,LIB_A,Library,13,Monday,1,19.2,43.5,120,34.9,39.0
SY050204,SCI_B,Science,18,Tuesday,2,18.3,53.7,48,90.4,84.1
SY070182,ENG_B,Engineering,9,Wednesday,6,29.7,80.5,59,65.6,69.1
SY017639,SCI_A,Science,2,Tuesday,10,20.1,,9,71.2,76.4
SY039607,RES_A,Residential,10,Thursday,4,20.3,60.6,143,46.5,38.8
SY017838,RES_B,Residential,22,Tuesday,1,10.7,69.5,36,36.5,32.8
SY031648,LIB_A,Library,5,Tuesday,9,16.5,82.4,7,25.5,23.5
SY025378,SCI_A,Science,4,Sunday,2,13.4,78.2,5,76.4,76.7
SY086990,ENG_A,Engineering,4,Monday,6,22.9,78.7,4,85.6,82.8
SY077471,BUS_A,Business,14,Tuesday,1,19.2,50.3,11,21.7,20.7
SY052214,SCI_A,Science,11,Thursday,5,27.3,79.2,76,101.0,109.7
SY058160,ENG_B,Engineering,7,Saturday,6,27.8,75.8,4,48.4,45.8
SY050775,SCI_A,Science,2,Sunday,1,8.1,84.2,2,94.2,93.6
SY067758,ENG_B,Engineering,6,Sunday,6,24.0,86.1,5,80.5,86.3
SY056043,ADM_A,Administration,8,Sunday,7,27.0,80.1,3,21.5,20.2
SY059413,BUS_A,Business,8,Tuesday,10,21.1,72.5,95,23.6,30.4
SY008700,ADM_A,Administration,6,Sunday,7,22.9,79.9,1,17.9,16.6
SY014446,SCI_B,Science,0,Saturday,11,12.5,72.0,3,55.8,61.6
SY097195,LIB_A,Library,6,Monday,6,28.0,85.9,1,38.1,39.9
SY021656,ADM_A,Administration,21,Thursday,9,25.2,66.1,2,19.3,21.8
SY015377,LEC_A,LectureHall,19,Sunday,3,20.8,57.4,0,16.4,12.8
SY045897,ADM_A,Administration,0,Tuesday,4,13.6,69.3,2,18.2,15.8
SY077541,BUS_B,Business,22,Sunday,7,27.5,82.1,0,38.0,39.2
SY001132,SPT_A,Sports,11,Sunday,4,20.1,61.4,132,46.5,49.8
SY048107,RES_B,Residential,3,Friday,2,13.4,77.3,186,48.5,48.5
SY063912,SCI_A,Science,2,Wednesday,5,25.0,87.6,3,94.4,94.0
SY042581,ENG_B,Engineering,0,Thursday,10,19.2,74.7,7,50.3,40.4
SY099096,SPT_A,Sports,20,Monday,4,23.2,63.4,169,73.1,68.7
SY082438,ENG_A,Engineering,21,Tuesday,11,14.9,80.3,36,61.1,58.0
SY096685,BUS_B,Business,0,Friday,3,17.5,71.9,4,25.4,23.4
SY007603,RES_A,Residential,12,Thursday,4,,71.9,135,42.9,42.9
SY078305,LIB_A,Library,3,Sunday,11,12.4,73.3,5,,25.8
SY045310,BUS_A,Business,15,Monday,5,28.3,53.5,100,45.0,45.5
SY005080,RES_B,Residential,8,Monday,7,27.5,89.3,31,52.4,43.4
SY018094,RES_A,Residential,17,Sunday,3,17.2,48.4,186,41.5,42.4
SY006077,ENG_B,Engineering,12,Wednesday,9,27.6,63.9,94,60.5,64.2
SY013549,SCI_A,Science,23,Thursday,4,20.0,82.3,4,75.6,75.7
SY028766,SCI_B,Science,22,Wednesday,1,15.7,67.6,2,59.6,58.6
SY003533,BUS_A,Business,4,Tuesday,3,14.0,74.3,5,23.9,23.4
SY040446,RES_B,Residential,16,Monday,3,17.5,56.5,91,27.6,27.3
SY064966,BUS_B,Business,8,Wednesday,7,26.4,86.0,24,31.8,38.1
SY028413,SCI_A,Science,10,Tuesday,5,29.5,68.4,96,111.9,120.5
SY045919,RES_A,Residential,14,Saturday,1,15.5,50.2,,30.4,28.2
SY099235,ENG_B,Engineering,5,Tuesday,4,11.3,74.7,4,42.2,39.8
SY030056,ENG_A,Engineering,10,Sunday,1,10.7,69.6,6,56.2,53.0
SY033330,ENG_B,Engineering,3,Wednesday,7,28.1,83.6,4,64.6,60.4
SY095164,RES_A,Residential,1,Monday,5,18.0,77.0,268,60.9,61.7
SY057951,RES_A,Residential,21,Saturday,1,10.3,71.5,304,92.1,101.2
SY076986,ENG_B,Engineering,2,Wednesday,11,14.5,77.3,6,40.8,38.0
SY061456,RES_B,Residential,21,Sunday,4,18.5,85.9,261,79.1,68.8
SY009791,SPT_A,Sports,2,Tuesday,5,23.1,73.0,0,29.8,27.8
SY090340,LIB_A,Library,20,Tuesday,4,25.0,57.8,101,70.5,63.9
SY022111,SPT_A,Sports,18,Wednesday,5,28.6,,86,60.5,62.4
SY000791,RES_A,Residential,23,Sunday,7,26.9,80.1,89,78.2,67.6
SY072884,SPT_A,Sports,3,Friday,8,27.5,81.2,0,37.5,34.9
SY007950,BUS_B,Business,21,Tuesday,1,13.2,76.4,161,56.3,55.3
SY078014,LEC_A,LectureHall,4,Thursday,8,20.3,78.7,0,12.2,16.3
SY008901,LIB_A,Library,3,Saturday,7,23.9,,2,30.6,30.7
SY058150,ADM_A,Administration,21,Saturday,8,28.1,64.9,4,27.7,28.7
SY045295,BUS_A,Business,14,Sunday,11,18.1,83.4,14,24.7,21.2
SY081498,SCI_A,Science,16,Wednesday,3,17.1,78.7,121,84.2,98.4
SY062110,BUS_B,Business,4,Friday,8,28.2,85.3,4,40.7,41.4
SY055188,SCI_A,Science,9,Thursday,4,21.8,68.9,125,80.1,90.8
SY071198,SCI_B,Science,22,Thursday,3,19.8,68.3,,62.4,58.6
SY050719,ENG_B,Engineering,22,Friday,11,15.2,75.5,21,50.3,48.2
SY074900,RES_A,Residential,19,Wednesday,5,25.5,,197,69.2,81.1
SY052847,SCI_A,Science,3,Wednesday,7,28.5,83.9,2,127.1,124.4
SY032801,BUS_A,Business,20,Friday,4,22.4,63.7,115,49.8,49.4
SY092801,ENG_A,Engineering,14,Monday,4,19.6,52.0,88,53.0,52.9
SY066714,SCI_A,Science,7,Thursday,11,13.8,75.7,5,75.6,77.6
SY092645,RES_B,Residential,6,Monday,1,11.0,72.3,261,55.9,86.2
SY073207,BUS_A,Business,7,Monday,3,16.8,76.1,5,22.6,18.4
SY048217,RES_B,Residential,10,Wednesday,3,19.7,74.1,67,36.0,28.5
SY096986,RES_A,Residential,2,Monday,7,,,83,69.1,63.7
SY089859,RES_B,Residential,18,Friday,3,22.5,51.1,177,31.8,60.4
SY005411,SCI_A,Science,11,Wednesday,1,17.5,56.7,43,76.7,83.8
SY008269,ADM_A,Administration,12,Friday,3,16.8,58.1,68,35.9,28.9
SY087243,SCI_B,Science,1,Thursday,10,19.4,70.7,1,65.7,63.1
SY064215,BUS_B,Business,8,Monday,3,12.2,65.8,89,31.5,44.1
SY043357,ADM_A,Administration,9,Monday,1,15.7,58.3,103,34.6,36.2
SY076566,SCI_A,Science,13,Thursday,1,18.5,51.9,26,82.8,84.3
SY047021,ADM_A,Administration,5,Monday,5,,,1,17.5,17.7
SY016263,SPT_A,Sports,15,Monday,6,34.4,59.8,33,,72.1
SY034644,ENG_B,Engineering,22,Sunday,2,16.9,,5,38.0,37.5
SY015237,RES_B,Residential,21,Monday,3,14.6,78.6,246,53.6,67.8
SY084415,BUS_A,Business,15,Thursday,4,25.0,59.2,156,45.4,42.8
SY026744,ENG_A,Engineering,18,Saturday,3,17.9,,7,45.8,51.7
SY031878,ENG_B,Engineering,2,Monday,5,23.5,81.2,,47.7,45.5
SY040271,BUS_A,Business,16,Saturday,3,25.2,55.7,13,18.7,21.4
SY037318,ADM_A,Administration,8,Friday,11,14.5,65.8,124,30.6,42.7
SY091647,RES_A,Residential,23,Thursday,5,20.0,67.9,228,78.4,61.5
SY027904,ENG_A,Engineering,4,Saturday,4,18.8,75.8,8,47.3,46.4
SY007624,SPT_A,Sports,11,Wednesday,8,31.8,79.9,,,76.5
SY053322,ENG_A,Engineering,0,Sunday,8,23.9,79.8,3,62.5,56.6
SY006119,RES_B,Residential,3,Monday,6,23.5,80.2,42,43.1,38.5
SY050567,SCI_A,Science,15,Monday,4,25.5,54.5,106,109.3,108.2
SY075463,LEC_A,LectureHall,4,Sunday,7,24.2,88.0,0,20.7,20.7
SY019886,ENG_B,Engineering,6,Monday,1,,70.0,5,43.8,44.6
SY017377,RES_B,Residential,2,Tuesday,4,15.8,84.1,168,45.8,41.9
SY096630,SCI_B,Science,2,Tuesday,4,18.7,72.4,1,65.5,66.5
SY000724,SPT_A,Sports,13,Sunday,2,21.1,47.7,104,42.6,42.9
SY084967,ENG_B,Engineering,13,Monday,5,32.4,56.7,62,82.0,72.7
SY033128,RES_A,Residential,11,Wednesday,10,20.7,76.5,134,37.0,37.0
SY002015,ENG_B,Engineering,18,Sunday,6,31.6,,6,67.4,68.1
SY070050,BUS_B,Business,5,Thursday,8,26.8,82.4,3,35.9,33.5
SY052406,SCI_B,Science,14,Thursday,11,16.0,79.4,91,74.6,75.0
SY063208,SPT_A,Sports,13,Sunday,2,19.9,50.0,127,50.9,47.3
SY047702,RES_A,Residential,8,Sunday,4,19.0,69.8,313,57.7,64.9
SY069571,ENG_B,Engineering,16,Tuesday,1,19.3,44.4,22,42.6,41.4
SY013973,LEC_A,LectureHall,10,Tuesday,8,35.7,66.0,277,106.4,115.2
SY096770,LEC_A,LectureHall,19,Sunday,2,18.6,54.7,3,13.4,14.5
SY082624,SCI_B,Science,1,Saturday,1,8.7,71.4,1,62.8,67.2
SY084323,LIB_A,Library,1,Sunday,9,22.6,79.3,7,27.6,25.8
SY056103,SCI_A,Science,23,Thursday,10,22.1,72.1,3,92.2,84.9
SY011956,SPT_A,Sports,13,Wednesday,5,22.6,83.7,34,34.0,33.2
SY058935,SCI_B,Science,11,Tuesday,6,29.1,84.8,40,99.7,101.5
SY041704,BUS_B,Business,17,Saturday,4,26.0,57.0,14,29.3,28.7
SY062338,ADM_A,Administration,14,Wednesday,3,21.6,71.2,82,31.2,30.5
SY097983,LEC_A,LectureHall,15,Saturday,2,22.7,46.8,1,12.5,11.7
SY041982,BUS_B,Business,2,Friday,5,21.4,82.6,5,25.5,29.2
SY057670,SCI_B,Science,4,Thursday,6,19.8,79.9,5,65.4,63.9
SY078245,SCI_B,Science,9,Tuesday,3,18.7,66.4,87,64.6,81.1
SY013892,LIB_A,Library,20,Wednesday,1,18.0,51.3,22,29.5,28.2
SY001767,RES_A,Residential,14,Thursday,9,23.0,78.7,111,41.7,37.9
SY059638,RES_A,Residential,11,Friday,1,17.6,52.9,21,30.5,26.5
SY048670,ENG_B,Engineering,17,Thursday,1,19.9,48.8,66,53.3,56.6
SY000683,LIB_A,Library,0,Saturday,2,14.4,64.1,0,45.9,26.2
SY014808,SPT_A,Sports,23,Saturday,1,9.3,74.9,0,51.8,52.6
SY048941,ADM_A,Administration,17,Wednesday,1,20.6,45.2,46,38.2,33.2
SY055961,LIB_A,Library,0,Friday,4,20.2,81.6,12,46.3,26.3
SY067159,ADM_A,Administration,5,Sunday,6,26.9,79.8,1,20.8,20.4
SY078474,RES_A,Residential,8,Sunday,3,16.1,61.5,324,86.5,78.4
SY089847,ENG_B,Engineering,15,Saturday,4,20.0,78.4,20,40.4,37.4
SY010763,ADM_A,Administration,13,Friday,6,30.9,52.3,67,,38.5
SY047938,LEC_A,LectureHall,11,Thursday,2,16.9,54.0,440,38.2,41.5
SY002029,SCI_A,Science,22,Monday,5,21.6,69.3,8,80.4,77.0
SY012437,SCI_B,Science,8,Tuesday,6,26.7,91.7,48,81.2,92.8
SY037037,BUS_B,Business,12,Saturday,3,20.5,46.9,103,30.6,38.0
SY037758,SCI_A,Science,8,Tuesday,2,13.6,69.9,63,85.0,97.8
SY057209,SCI_B,Science,17,Tuesday,4,21.5,79.6,68,75.3,75.5
SY075199,BUS_B,Business,21,Wednesday,3,16.9,57.4,157,59.4,58.5
SY090639,BUS_A,Business,0,Saturday,5,19.3,85.1,2,24.8,23.4
SY008762,LEC_A,LectureHall,7,Wednesday,11,14.9,70.4,3,16.6,16.7
SY090085,LIB_A,Library,17,Friday,4,21.9,52.9,117,38.2,33.9
SY084849,ENG_A,Engineering,15,Friday,9,,,123,103.2,106.2
SY059305,LIB_A,Library,21,Monday,4,19.8,62.3,112,58.3,51.7
SY028827,RES_A,Residential,1,Thursday,10,17.8,71.6,295,64.5,64.1
SY025009,BUS_A,Business,4,Tuesday,3,15.4,83.6,2,22.3,21.9
SY067467,ADM_A,Administration,19,Sunday,3,20.4,52.2,1,17.7,17.2
SY013509,ENG_A,Engineering,21,Sunday,3,17.2,69.5,5,44.7,45.6
SY094476,SPT_A,Sports,12,Thursday,5,27.3,72.7,36,35.1,39.3
SY082765,BUS_B,Business,12,Wednesday,2,23.8,53.9,266,53.4,59.4
SY079062,BUS_B,Business,5,Saturday,12,11.1,72.7,1,34.2,35.6
SY077474,RES_A,Residential,16,Monday,12,19.1,48.9,143,42.8,40.3
SY056889,ADM_A,Administration,21,Thursday,2,14.7,60.0,2,14.4,16.9
SY060666,BUS_A,Business,12,Thursday,4,24.1,75.2,149,41.7,36.6
SY014959,RES_A,Residential,1,Saturday,1,12.4,72.4,55,34.5,36.7
SY011999,ENG_A,Engineering,12,Saturday,7,24.3,78.4,24,54.9,59.6
SY088992,BUS_B,Business,6,Saturday,6,22.1,74.6,2,26.0,23.0
SY006958,ENG_A,Engineering,1,Monday,4,19.1,76.2,13,47.0,46.9
SY026721,SPT_A,Sports,4,Wednesday,10,17.7,75.5,0,26.3,28.3
SY049613,LEC_A,LectureHall,23,Saturday,10,21.1,65.7,5,17.8,16.8
SY048885,BUS_B,Business,9,Monday,4,22.0,62.9,219,39.7,53.5
SY017207,SCI_A,Science,6,Monday,3,16.0,80.5,10,77.9,79.3
SY068566,BUS_B,Business,13,Thursday,5,26.0,79.7,56,47.2,41.1
SY097071,LIB_A,Library,10,Sunday,1,10.3,69.7,38,26.1,37.8
SY033825,BUS_A,Business,15,Saturday,3,24.8,52.4,,20.4,18.7
SY073429,RES_A,Residential,2,Thursday,12,13.9,79.1,34,,29.6
SY051316,ADM_A,Administration,12,Monday,5,24.6,63.8,70,37.3,26.2
SY021275,ENG_A,Engineering,17,Wednesday,11,20.5,46.2,93,78.0,79.3
SY076670,RES_B,Residential,18,Saturday,1,18.9,50.9,34,26.9,29.7
SY003176,BUS_B,Business,9,Tuesday,2,15.9,70.2,189,38.6,50.4
SY021856,BUS_B,Business,23,Tuesday,2,19.7,77.7,6,28.9,30.9
SY066634,ADM_A,Administration,2,Wednesday,6,24.5,84.4,1,22.8,18.1
SY071394,ENG_A,Engineering,14,Wednesday,6,35.2,58.3,49,103.9,99.3
SY056696,ENG_A,Engineering,18,Saturday,6,30.6,90.6,14,94.2,95.3
SY097807,SPT_A,Sports,2,Wednesday,2,12.5,70.7,0,38.2,35.7
SY031765,ENG_A,Engineering,21,Monday,6,27.5,77.8,12,93.8,83.2
SY041661,LIB_A,Library,8,Sunday,12,15.3,60.7,0,21.9,22.1
SY046156,RES_B,Residential,14,Monday,6,32.9,57.8,26,44.3,45.9
SY062490,BUS_B,Business,2,Friday,5,21.3,80.6,2,29.9,28.4
SY083165,SCI_B,Science,9,Tuesday,10,22.1,75.3,87,74.5,81.8
SY023660,LIB_A,Library,7,Friday,6,,77.2,2,29.2,26.8
SY021329,BUS_B,Business,20,Thursday,2,22.2,59.7,148,66.0,63.3
SY049643,LIB_A,Library,9,Wednesday,6,30.5,65.6,22,33.2,38.4
SY051039,RES_B,Residential,22,Friday,12,13.2,65.4,34,32.1,30.8
SY019930,LIB_A,Library,20,Wednesday,6,26.2,66.8,38,70.5,70.3
SY034793,SPT_A,Sports,3,Sunday,2,13.1,70.8,0,38.3,38.1
SY009793,RES_B,Residential,16,Friday,1,19.1,51.9,10,23.7,21.2
SY014731,SPT_A,Sports,7,Friday,1,9.3,70.3,108,78.8,64.7
SY024502,RES_A,Residential,1,Saturday,10,20.0,72.3,325,72.5,72.3
SY084496,BUS_B,Business,1,Monday,6,24.7,76.2,2,36.9,36.6
SY078437,ENG_B,Engineering,19,Tuesday,1,19.1,51.0,6,49.2,40.8
SY072561,SPT_A,Sports,18,Wednesday,1,17.5,51.0,31,55.8,55.2
SY051221,SPT_A,Sports,6,Tuesday,6,26.5,81.8,32,34.6,54.8
SY048356,ENG_A,Engineering,16,Thursday,1,14.5,73.2,116,68.3,62.4
SY084433,LEC_A,LectureHall,9,Sunday,4,21.0,75.3,4,14.2,14.8
SY050659,ENG_B,Engineering,15,Tuesday,5,24.2,85.2,55,46.3,49.2
SY029875,LEC_A,LectureHall,19,Monday,2,12.0,70.1,17,38.5,19.0
SY025963,ENG_A,Engineering,13,Saturday,5,26.3,57.0,18,54.9,55.1
SY072505,ENG_B,Engineering,9,Sunday,3,12.9,66.3,8,44.1,43.3
SY021104,LIB_A,Library,22,Wednesday,1,15.3,65.9,81,51.9,44.3
SY022468,ENG_B,Engineering,7,Tuesday,3,15.0,74.4,9,38.4,38.6
SY036711,SPT_A,Sports,6,Sunday,6,27.7,82.6,0,32.2,33.6
SY093153,ADM_A,Administration,20,Sunday,9,26.5,62.3,5,23.9,23.7
SY083700,LEC_A,LectureHall,2,Wednesday,1,10.8,71.0,0,15.5,14.9
SY000955,ADM_A,Administration,9,Monday,6,29.3,80.1,108,52.7,55.8
SY058139,ENG_B,Engineering,3,Friday,8,27.5,81.5,5,55.5,55.2
SY052541,BUS_B,Business,11,Thursday,2,20.5,51.9,174,45.2,45.2
SY007848,BUS_A,Business,10,Tuesday,2,20.3,60.9,123,36.2,35.1
SY049579,RES_B,Residential,17,Tuesday,7,34.1,65.1,41,55.5,60.5
SY037028,ENG_A,Engineering,14,Monday,1,17.5,53.0,131,65.3,66.8
SY066103,BUS_B,Business,4,Tuesday,1,10.4,70.9,1,29.2,30.2
SY035898,BUS_A,Business,16,Monday,1,19.1,46.5,164,40.7,39.1
SY061283,BUS_B,Business,22,Saturday,5,23.0,67.1,3,33.0,34.9
SY025028,SCI_A,Science,13,Sunday,7,29.5,89.0,,104.0,134.8
SY007811,LIB_A,Library,16,Monday,2,12.0,74.1,164,49.9,45.1
SY025297,RES_A,Residential,7,Friday,6,23.7,73.5,48,37.6,34.1
SY039165,RES_A,Residential,7,Tuesday,2,17.5,62.9,273,87.7,68.8
SY056718,RES_B,Residential,0,Friday,4,16.2,73.7,254,44.0,50.7
SY067103,LIB_A,Library,2,Tuesday,6,24.7,72.8,,34.3,32.6
SY080392,RES_A,Residential,7,Sunday,12,12.8,71.9,278,88.7,77.1
SY017659,ENG_B,Engineering,13,Friday,5,29.6,57.4,57,70.7,65.8
SY063109,ADM_A,Administration,20,Monday,9,28.3,59.6,1,27.0,21.4
SY010838,LEC_A,LectureHall,7,Tuesday,9,23.7,76.6,18,13.8,16.9
SY011060,LIB_A,Library,18,Monday,8,28.4,56.7,39,50.4,47.9
SY004485,BUS_A,Business,9,Sunday,9,26.3,66.8,55,25.1,39.6
SY041408,BUS_A,Business,1,Saturday,5,23.1,80.4,3,27.6,25.4
SY023621,LEC_A,LectureHall,13,Friday,7,34.5,62.6,22,28.1,34.9
SY062446,RES_B,Residential,8,Monday,3,9.8,78.6,164,63.7,52.2
SY075474,RES_B,Residential,4,Friday,1,11.3,68.8,39,29.0,33.3
SY012144,SPT_A,Sports,22,Sunday,3,17.4,65.6,0,44.5,32.4
SY029931,LIB_A,Library,10,Wednesday,1,18.0,54.5,81,29.4,31.7
SY039000,ENG_B,Engineering,10,Tuesday,3,16.4,62.1,114,68.4,63.3
SY034141,LEC_A,LectureHall,11,Saturday,2,19.3,58.6,1,10.6,13.8
SY050249,RES_A,Residential,14,Tuesday,5,23.6,79.7,160,45.4,47.2
SY048084,ENG_B,Engineering,11,Wednesday,4,24.0,59.5,132,59.1,64.2
SY042015,BUS_B,Business,7,Wednesday,1,13.2,63.0,1,29.3,26.2
SY067307,SCI_A,Science,18,Monday,11,20.4,59.2,103,98.5,114.3
SY032030,SCI_B,Science,22,Tuesday,12,14.2,66.5,6,56.9,60.9
SY023062,SCI_A,Science,4,Sunday,2,10.9,71.4,6,86.4,85.1
SY021011,ADM_A,Administration,14,Monday,7,31.2,63.2,49,42.9,45.2
SY052811,ENG_A,Engineering,12,Monday,1,13.6,48.9,120,76.7,73.7
SY043146,SCI_A,Science,3,Friday,10,21.0,73.5,8,74.0,76.5
SY069125,SCI_A,Science,11,Saturday,2,18.5,56.2,13,76.1,72.4
SY028468,SCI_A,Science,22,Sunday,4,23.6,68.3,2,94.6,89.7
SY083380,SCI_A,Science,7,Wednesday,12,10.2,66.3,7,87.5,83.7
SY060051,ENG_B,Engineering,16,Tuesday,11,17.0,83.7,75,50.5,45.7
SY048083,SPT_A,Sports,14,Tuesday,8,23.9,84.2,18,33.3,31.7
SY085388,RES_A,Residential,2,Friday,1,9.4,67.3,294,68.0,69.9
SY010638,BUS_A,Business,7,Wednesday,4,21.8,70.6,5,18.9,18.0
SY028245,LIB_A,Library,5,Wednesday,12,9.6,62.9,4,30.6,31.9
SY095052,LEC_A,LectureHall,23,Thursday,10,22.4,68.9,0,24.2,22.1
SY008633,RES_A,Residential,3,Saturday,6,21.8,83.6,73,,40.5
SY028396,SCI_B,Science,16,Tuesday,8,24.3,87.7,49,73.5,71.5
SY028403,ADM_A,Administration,6,Saturday,11,16.9,71.2,0,16.7,16.6
SY067419,LIB_A,Library,20,Monday,5,30.5,63.4,257,124.1,133.3
SY033050,BUS_B,Business,19,Monday,11,19.2,51.1,209,57.0,67.0
SY011930,ADM_A,Administration,7,Monday,12,13.0,64.1,39,19.3,27.2
SY046644,BUS_A,Business,13,Monday,5,26.9,57.8,86,39.8,36.7
SY051158,ENG_B,Engineering,5,Friday,12,16.4,72.0,2,40.0,38.3
SY080658,RES_B,Residential,17,Saturday,9,29.8,58.8,138,62.4,58.7
SY022096,RES_B,Residential,11,Saturday,5,28.6,64.5,195,55.6,56.5
SY041796,SCI_B,Science,10,Tuesday,11,19.8,58.6,85,73.8,75.3
SY088272,ENG_B,Engineering,12,Wednesday,6,28.9,85.4,43,66.0,64.3
SY099625,RES_A,Residential,14,Thursday,4,24.3,52.5,97,,34.5
SY058659,LEC_A,LectureHall,16,Monday,3,22.0,49.7,222,35.1,30.4
SY098060,RES_B,Residential,13,Saturday,11,22.6,52.5,152,32.4,33.5
SY024399,BUS_B,Business,5,Thursday,9,22.7,72.2,5,28.1,25.5
SY068617,RES_A,Residential,1,Sunday,5,22.1,80.4,319,89.8,75.5
SY038248,RES_B,Residential,7,Sunday,3,14.2,71.6,174,47.2,46.2
SY043348,RES_B,Residential,11,Monday,7,27.9,83.2,27,37.3,38.8
SY003859,LIB_A,Library,20,Saturday,5,29.6,61.1,73,81.6,87.4
SY036583,RES_A,Residential,6,Wednesday,2,17.3,71.7,290,,78.7
SY077784,LIB_A,Library,3,Wednesday,4,19.1,72.6,14,27.7,25.8
SY003107,RES_A,Residential,18,Tuesday,4,22.2,53.0,161,37.6,55.1
SY097746,LIB_A,Library,5,Monday,4,13.0,71.8,7,28.2,28.2
SY038835,ENG_A,Engineering,14,Thursday,7,34.7,56.4,76,82.5,96.5
SY047623,RES_A,Residential,18,Sunday,11,21.2,56.6,296,52.2,85.1
SY071414,ADM_A,Administration,22,Tuesday,2,17.9,63.2,4,18.1,19.4
SY073156,LIB_A,Library,16,Saturday,3,23.6,49.9,104,37.1,32.3
SY072690,ENG_A,Engineering,4,Tuesday,12,10.3,71.0,2,52.3,53.2
SY047089,ENG_A,Engineering,16,Thursday,2,21.0,49.7,68,71.3,62.8
SY014824,SPT_A,Sports,17,Wednesday,2,19.6,51.4,150,,64.4
SY005667,SCI_A,Science,3,Thursday,1,12.0,78.0,9,76.5,77.7
SY055827,LEC_A,LectureHall,5,Friday,3,14.1,70.3,8,16.0,16.4
SY044694,BUS_A,Business,0,Sunday,2,19.6,76.5,2,24.1,25.3
SY004688,LIB_A,Library,1,Friday,4,19.1,79.0,7,26.3,25.8
SY089719,ENG_A,Engineering,7,Friday,3,14.6,65.8,15,47.1,46.0
SY050486,ADM_A,Administration,18,Thursday,7,36.2,57.9,,59.3,29.3
SY067936,LEC_A,LectureHall,17,Sunday,11,18.8,79.6,3,12.8,12.7
SY058264,ENG_A,Engineering,5,Sunday,9,22.4,84.6,11,50.3,49.7
SY048805,SCI_B,Science,23,Saturday,8,23.7,91.5,1,64.4,65.6
SY082124,RES_B,Residential,18,Tuesday,4,21.4,55.3,180,34.8,57.8
SY009252,RES_B,Residential,16,Thursday,10,28.9,62.7,115,47.6,55.1
SY001219,ADM_A,Administration,22,Sunday,7,24.5,79.1,2,20.6,20.5
SY012454,BUS_A,Business,15,Friday,5,26.0,83.2,77,39.8,41.7
SY056518,BUS_A,Business,22,Friday,5,24.5,82.2,9,51.7,26.0
SY038889,ADM_A,Administration,10,Sunday,12,18.3,53.8,3,21.5,19.0
SY083554,SCI_A,Science,7,Sunday,2,15.8,66.9,13,81.8,78.5
SY078706,ENG_A,Engineering,23,Wednesday,6,26.4,77.9,9,70.2,70.7
SY084959,BUS_B,Business,20,Sunday,8,28.1,87.4,5,,36.3
SY036596,LIB_A,Library,21,Sunday,1,11.4,73.2,1,29.6,27.1
SY008814,LEC_A,LectureHall,21,Sunday,5,29.6,67.4,5,34.2,34.6
SY002768,RES_A,Residential,21,Thursday,8,28.4,80.9,53,69.9,61.8
SY074808,SPT_A,Sports,5,Tuesday,2,14.5,72.3,,34.2,31.3
SY041721,LEC_A,LectureHall,13,Monday,11,20.4,52.8,251,21.2,31.1
SY045767,BUS_A,Business,15,Friday,4,28.4,55.2,172,44.1,54.5
SY065023,LEC_A,LectureHall,1,Wednesday,10,,75.3,2,16.3,14.4
SY010149,ENG_A,Engineering,22,Tuesday,9,21.1,78.5,36,65.2,65.1
SY094132,ADM_A,Administration,17,Saturday,3,19.1,48.4,5,15.7,17.3
SY038926,LEC_A,LectureHall,21,Thursday,6,30.3,72.0,0,29.0,32.7
SY081015,SPT_A,Sports,14,Saturday,5,27.3,55.4,51,38.0,42.7
SY067761,ENG_B,Engineering,6,Friday,1,12.4,71.3,1,44.1,39.8
SY008215,RES_A,Residential,14,Saturday,11,24.1,56.5,200,42.3,43.2
SY011393,ENG_A,Engineering,21,Thursday,4,19.1,55.9,37,62.7,60.7
SY004689,BUS_B,Business,19,Wednesday,1,17.2,52.4,172,50.6,56.7
SY096525,SPT_A,Sports,4,Friday,11,11.5,75.4,0,41.6,45.2
SY063437,SCI_A,Science,13,Friday,4,23.5,56.1,70,98.0,96.6
SY026037,SPT_A,Sports,2,Wednesday,1,11.3,66.1,0,34.8,39.7
SY039026,BUS_A,Business,5,Wednesday,1,11.8,68.2,0,23.6,22.6
SY075038,RES_A,Residential,13,Thursday,1,18.6,46.6,113,38.7,35.1
SY046336,SCI_A,Science,2,Sunday,5,22.8,87.4,8,88.3,87.8
SY052990,ENG_A,Engineering,16,Saturday,7,35.2,57.9,14,99.7,98.5
SY092331,SCI_B,Science,6,Wednesday,10,20.3,80.8,5,,62.5
SY040800,LIB_A,Library,18,Monday,6,30.5,64.3,31,66.8,61.4
SY061979,ADM_A,Administration,6,Friday,5,22.5,76.9,1,18.7,17.9
SY083343,SCI_A,Science,18,Thursday,1,16.9,58.7,90,105.6,100.9
SY005260,SCI_A,Science,0,Sunday,6,25.6,87.5,,97.7,92.2
SY040672,SPT_A,Sports,20,Sunday,1,15.0,63.4,45,53.2,53.3
SY096191,BUS_A,Business,13,Thursday,2,21.4,48.4,112,35.6,33.2
SY018784,SPT_A,Sports,1,Friday,5,22.3,83.3,0,27.8,27.0
SY044774,LIB_A,Library,4,Saturday,10,21.9,82.0,4,24.9,22.4
SY091975,SCI_A,Science,14,Saturday,2,21.0,52.0,10,72.5,74.9
SY044922,RES_A,Residential,9,Thursday,4,20.6,62.2,196,,47.3
SY086572,BUS_B,Business,13,Saturday,11,20.4,53.3,60,32.8,30.5
SY064257,LIB_A,Library,8,Monday,11,16.3,66.9,37,25.5,27.5
SY004154,SCI_B,Science,2,Monday,12,11.4,75.6,3,58.5,61.0
SY055637,SCI_B,Science,1,Sunday,1,9.0,77.0,2,64.7,69.9
SY009969,SCI_B,Science,1,Tuesday,4,17.1,76.5,,59.5,61.5
SY020661,ENG_A,Engineering,6,Friday,8,21.6,80.0,6,44.1,44.6
SY000632,SCI_B,Science,21,Thursday,11,15.9,75.1,9,64.9,58.0
SY059803,LEC_A,LectureHall,14,Monday,10,27.4,54.3,204,48.1,46.4
SY099911,BUS_B,Business,19,Friday,1,17.6,52.5,12,25.2,27.7
SY032179,SPT_A,Sports,10,Monday,6,29.3,62.9,21,28.9,33.4
SY050822,ENG_A,Engineering,9,Monday,4,15.1,65.0,117,50.8,61.3
SY089118,SPT_A,Sports,16,Monday,3,17.6,81.9,163,51.6,58.7
SY001286,LIB_A,Library,14,Saturday,1,19.7,49.5,21,25.9,28.0
SY035173,SCI_B,Science,10,Friday,2,14.8,77.2,110,85.7,86.5
SY034350,ADM_A,Administration,6,Sunday,12,13.4,65.7,1,20.2,23.6
SY031922,BUS_A,Business,11,Thursday,5,26.8,75.5,74,39.6,37.7
SY054676,BUS_A,Business,11,Saturday,5,29.4,63.3,35,35.5,35.6
SY048086,LEC_A,LectureHall,7,Tuesday,3,15.6,67.1,2,13.0,13.7
SY004126,SCI_B,Science,16,Tuesday,2,21.9,53.1,75,71.1,78.9
SY099487,LIB_A,Library,4,Saturday,11,14.1,81.1,10,26.4,28.0
SY093180,RES_B,Residential,15,Saturday,2,22.3,49.7,158,39.8,36.0
SY074287,SPT_A,Sports,11,Thursday,9,21.6,72.3,56,35.8,37.5
SY011117,LIB_A,Library,3,Thursday,2,12.6,71.0,4,27.8,26.5
SY023991,ENG_A,Engineering,2,Thursday,7,26.8,84.6,2,85.0,74.7
SY086813,SPT_A,Sports,18,Friday,2,21.4,,195,48.9,67.6
SY088460,BUS_B,Business,22,Saturday,5,18.8,76.5,1,30.5,30.9
SY093118,BUS_A,Business,7,Saturday,4,19.6,71.7,2,19.0,19.6
SY075942,SCI_A,Science,9,Sunday,1,14.4,63.2,,82.3,75.9
SY049764,BUS_B,Business,7,Wednesday,5,21.7,73.4,3,26.5,24.8
SY027249,LIB_A,Library,13,Friday,8,29.9,80.7,134,70.9,67.9
SY008321,BUS_B,Business,6,Wednesday,1,14.4,73.2,8,28.7,31.2
SY005268,LEC_A,LectureHall,1,Saturday,10,,76.2,0,15.7,15.4
SY046583,SCI_A,Science,12,Friday,1,19.6,51.3,34,86.6,84.6
SY081042,LEC_A,LectureHall,15,Saturday,4,26.8,52.9,0,16.5,17.5
SY007633,ENG_A,Engineering,22,Tuesday,2,16.0,66.2,22,62.8,62.5
SY054882,LIB_A,Library,3,Monday,7,22.5,88.2,1,29.6,29.0
SY088144,SCI_A,Science,19,Tuesday,9,23.2,81.5,40,87.3,74.4
SY033726,ADM_A,Administration,16,Thursday,9,23.8,85.9,77,35.1,32.7
SY068018,SCI_B,Science,13,Saturday,3,20.3,49.4,15,63.2,63.4
SY040460,SPT_A,Sports,12,Saturday,5,29.8,62.1,65,49.0,54.3
SY065552,SCI_B,Science,13,Thursday,1,15.3,71.7,54,70.4,69.0
SY011518,BUS_A,Business,1,Tuesday,4,18.0,76.3,4,19.2,22.4
SY000941,LIB_A,Library,23,Monday,3,16.9,70.7,53,44.4,38.6
SY039816,SCI_B,Science,7,Friday,4,21.0,73.2,3,62.5,64.7
SY084156,RES_B,Residential,23,Friday,6,27.4,89.7,53,66.2,54.5
SY027472,RES_A,Residential,20,Tuesday,5,27.2,81.2,265,96.5,107.9
SY056296,ENG_B,Engineering,14,Sunday,5,28.1,86.5,19,55.3,60.5
SY023990,SCI_B,Science,4,Thursday,2,,,5,56.7,60.1
SY066532,BUS_A,Business,14,Monday,2,19.9,46.4,,33.8,38.1
SY025431,LIB_A,Library,6,Friday,4,15.7,75.5,9,24.5,22.5
SY072805,RES_A,Residential,2,Saturday,12,10.9,69.3,35,36.8,33.4
SY024804,SPT_A,Sports,14,Tuesday,3,19.9,47.6,,41.7,40.2
SY082921,SCI_B,Science,10,Wednesday,6,28.5,84.7,49,92.9,97.6
SY057308,ENG_A,Engineering,1,Wednesday,2,14.4,73.7,12,50.2,48.6
SY038519,SPT_A,Sports,1,Sunday,6,,83.3,0,33.3,30.9
SY010154,LIB_A,Library,23,Thursday,9,22.8,72.8,52,55.3,50.5
SY081093,RES_B,Residential,23,Wednesday,3,15.0,73.7,205,58.0,46.2
SY014526,ENG_B,Engineering,23,Saturday,12,13.5,67.5,1,37.8,36.9
SY001373,RES_A,Residential,14,Friday,3,18.7,45.1,97,32.3,34.4
SY009854,LEC_A,LectureHall,12,Saturday,9,26.5,56.2,0,14.4,15.0
SY094777,ADM_A,Administration,8,Thursday,6,27.1,70.1,61,27.3,33.7
SY096445,LEC_A,LectureHall,6,Wednesday,9,23.2,68.0,9,17.6,15.3
SY067133,ENG_A,Engineering,10,Wednesday,4,23.1,63.4,108,71.2,68.4
SY053191,LEC_A,LectureHall,14,Sunday,6,30.7,64.6,,22.4,27.2
SY090264,ENG_A,Engineering,20,Wednesday,5,26.2,66.3,24,122.9,84.5
SY037182,LEC_A,LectureHall,15,Sunday,7,26.8,81.5,0,18.4,20.9
SY003958,SCI_B,Science,14,Saturday,12,18.9,58.7,7,58.0,58.6
SY015986,SCI_A,Science,10,Tuesday,9,27.8,68.9,108,95.1,99.6
SY003190,ENG_A,Engineering,23,Saturday,4,16.8,68.9,12,41.0,41.3
SY082595,SCI_B,Science,20,Thursday,8,24.8,67.7,14,84.0,74.3
SY015664,RES_B,Residential,9,Monday,1,10.4,59.7,130,58.3,39.8
SY082137,LEC_A,LectureHall,7,Wednesday,5,20.3,76.5,3,11.8,12.0
SY024421,LIB_A,Library,20,Friday,7,,65.0,57,104.9,109.5
SY053838,SCI_B,Science,7,Saturday,10,20.2,78.5,10,66.8,67.2
SY054426,SPT_A,Sports,18,Thursday,1,14.8,75.3,56,58.1,61.7
SY040762,BUS_A,Business,7,Wednesday,3,18.2,77.7,7,25.2,22.4
SY061747,BUS_A,Business,7,Friday,7,28.9,78.0,3,26.5,25.3
SY094969,ENG_A,Engineering,6,Sunday,3,10.5,78.3,12,49.8,47.5
SY064328,ADM_A,Administration,8,Thursday,7,29.0,70.7,79,38.1,44.8
SY063164,RES_B,Residential,9,Saturday,10,24.3,62.1,178,55.7,43.2
SY083982,ENG_A,Engineering,22,Monday,2,14.7,74.2,14,57.9,54.9
SY069089,LIB_A,Library,2,Monday,1,7.2,70.4,1,28.4,29.0
SY073949,SCI_A,Science,4,Saturday,6,27.7,80.0,2,101.9,100.4
SY084382,RES_A,Residential,22,Saturday,2,16.5,61.5,232,65.7,69.6
SY054843,RES_B,Residential,10,Sunday,3,13.5,59.7,187,39.4,42.1
SY022364,LEC_A,LectureHall,4,Tuesday,10,19.8,72.4,6,19.8,17.8
SY024851,ADM_A,Administration,6,Friday,5,20.5,73.2,3,17.8,15.1
SY072707,ENG_A,Engineering,1,Monday,2,,70.8,7,47.0,45.6
SY086552,RES_A,Residential,6,Wednesday,1,11.6,76.0,306,80.6,98.6
SY078470,ENG_A,Engineering,5,Monday,10,17.3,75.2,8,48.5,47.6
SY072362,SCI_A,Science,16,Wednesday,3,18.3,77.9,106,106.8,100.3
SY046903,SPT_A,Sports,5,Thursday,9,18.8,77.1,0,28.7,28.8
SY056124,SPT_A,Sports,10,Friday,1,,58.9,11,43.5,43.5
SY078663,SPT_A,Sports,10,Wednesday,1,15.7,56.9,15,42.5,43.4
SY096351,RES_A,Residential,6,Wednesday,5,23.3,76.1,366,78.9,85.8
SY094898,LIB_A,Library,2,Saturday,7,23.9,82.7,1,34.9,30.6
SY020655,RES_A,Residential,9,Thursday,10,23.9,68.5,191,50.5,45.1
SY065013,ENG_B,Engineering,5,Monday,3,15.6,82.6,7,37.5,35.3
SY075247,SCI_B,Science,13,Friday,2,23.5,55.9,84,75.2,76.7
SY067939,LIB_A,Library,1,Thursday,5,20.5,77.6,9,24.3,26.9
SY092152,BUS_B,Business,6,Saturday,9,23.7,71.1,1,31.6,27.7
SY052436,SCI_A,Science,13,Wednesday,4,22.3,53.3,79,98.3,87.6
SY011737,BUS_B,Business,10,Friday,4,23.0,53.7,138,,36.7
SY053283,RES_A,Residential,9,Friday,9,25.7,58.7,139,51.8,44.0
SY002224,LEC_A,LectureHall,10,Tuesday,3,16.0,69.9,200,24.3,23.8
SY067687,SCI_B,Science,8,Saturday,4,17.5,77.2,10,69.7,65.9
SY035382,RES_B,Residential,0,Monday,2,20.1,80.6,230,62.0,55.5
SY058802,ADM_A,Administration,15,Friday,11,17.6,74.1,94,35.6,32.2
SY061575,ENG_B,Engineering,8,Friday,7,26.2,87.6,36,47.9,54.6
SY029000,SPT_A,Sports,1,Thursday,11,14.1,76.9,0,39.9,40.0
SY073038,ENG_A,Engineering,23,Tuesday,11,16.0,67.2,8,62.2,59.1
SY010546,LEC_A,LectureHall,19,Thursday,10,27.0,60.5,33,67.9,58.8
SY065245,BUS_A,Business,8,Monday,1,13.3,66.2,89,25.9,36.0
SY038681,RES_B,Residential,13,Friday,1,18.9,49.0,16,23.9,22.8
SY099912,SCI_A,Science,23,Monday,6,25.8,78.0,2,105.1,102.7
SY054437,BUS_A,Business,7,Thursday,10,23.1,68.0,2,24.3,20.5
SY034446,ADM_A,Administration,1,Wednesday,1,10.8,68.4,3,16.1,19.3
SY023608,ENG_A,Engineering,15,Friday,6,31.9,56.1,44,85.4,83.0
SY013872,ENG_B,Engineering,23,Tuesday,2,15.0,65.5,14,48.2,43.7
SY018798,SPT_A,Sports,15,Monday,4,26.2,48.3,81,38.7,45.0
SY019200,LIB_A,Library,0,Thursday,4,18.9,74.5,11,47.6,25.8
SY075814,RES_A,Residential,15,Thursday,11,15.7,76.9,107,34.3,36.4
SY072541,LIB_A,Library,23,Saturday,3,11.6,63.4,6,28.0,27.0
SY099017,RES_B,Residential,7,Tuesday,7,25.8,87.2,48,48.4,43.3
SY008618,SCI_A,Science,18,Sunday,4,21.7,59.7,2,65.3,66.3
SY011720,SCI_A,Science,2,Thursday,2,15.2,73.3,6,80.8,82.1
SY005713,SCI_A,Science,10,Saturday,4,21.9,62.3,15,80.0,79.3
SY017837,LEC_A,LectureHall,4,Monday,11,13.2,71.9,4,19.0,15.4
SY085774,BUS_B,Business,4,Saturday,5,22.7,83.1,1,,28.4
SY023434,BUS_A,Business,1,Saturday,6,27.2,85.1,0,26.9,24.9
SY047397,BUS_A,Business,16,Wednesday,2,17.8,82.6,112,39.1,29.2
SY038589,ENG_B,Engineering,10,Sunday,4,18.7,81.6,18,35.6,35.3
SY017813,ENG_A,Engineering,15,Sunday,3,21.9,53.6,25,45.4,47.3
SY088153,SPT_A,Sports,21,Sunday,1,13.6,61.1,17,53.3,55.4
SY080460,ENG_B,Engineering,11,Saturday,4,18.3,83.0,47,36.9,40.6
SY048979,ENG_A,Engineering,21,Saturday,4,20.8,67.6,10,48.7,44.5
SY084758,LEC_A,LectureHall,9,Sunday,3,18.6,62.5,4,14.5,13.9
SY080355,RES_A,Residential,4,Tuesday,4,13.1,74.4,254,51.8,60.3
SY079585,SCI_B,Science,19,Monday,6,26.7,86.8,28,93.6,101.6
SY031607,SCI_A,Science,18,Wednesday,7,32.4,85.3,41,145.8,142.9
SY006964,RES_A,Residential,20,Friday,4,21.6,58.0,312,88.7,91.0
SY094775,BUS_B,Business,12,Sunday,6,26.6,84.7,18,34.6,34.6
SY046765,SCI_B,Science,7,Monday,5,22.2,77.6,9,60.2,59.5
SY040314,ENG_B,Engineering,2,Sunday,6,24.4,91.2,1,51.4,51.4
SY081625,BUS_B,Business,19,Thursday,12,15.0,54.1,143,58.4,61.6
SY020184,RES_A,Residential,8,Sunday,8,25.2,74.8,88,,48.3
SY073835,RES_A,Residential,15,Wednesday,5,28.8,60.3,143,62.2,65.2
SY057956,ENG_A,Engineering,0,Monday,3,15.8,80.0,13,43.8,44.4
SY031691,ENG_A,Engineering,16,Tuesday,12,18.9,49.2,126,68.1,71.6
SY065733,LIB_A,Library,6,Thursday,1,12.6,63.8,10,26.4,26.9
SY026672,RES_A,Residential,4,Tuesday,3,10.5,71.4,242,70.5,65.9
SY066397,ENG_A,Engineering,16,Wednesday,2,16.8,50.8,94,61.5,58.8
SY051099,ADM_A,Administration,8,Monday,3,15.7,60.7,,26.1,35.4
SY082374,LIB_A,Library,4,Friday,4,17.2,80.3,7,26.2,25.0
SY015074,LEC_A,LectureHall,9,Thursday,5,25.4,78.3,323,41.5,54.6
SY090312,BUS_B,Business,1,Tuesday,3,15.7,78.7,4,29.2,30.5
SY068250,ENG_B,Engineering,0,Saturday,8,27.1,93.5,3,59.2,61.9
SY024368,ADM_A,Administration,22,Sunday,2,14.2,58.7,4,19.1,21.1
SY016470,SPT_A,Sports,13,Sunday,5,,,59,32.3,38.5
SY089572,RES_A,Residential,3,Friday,2,13.2,69.4,309,65.7,69.9
SY062572,LIB_A,Library,1,Saturday,2,13.5,66.8,5,26.2,25.7
SY026490,ADM_A,Administration,23,Wednesday,3,14.1,71.6,2,21.0,17.8
SY089728,LIB_A,Library,6,Thursday,2,13.8,72.6,14,26.6,27.5
SY091451,RES_B,Residential,2,Tuesday,2,13.7,75.2,272,53.8,59.1
SY082632,SPT_A,Sports,2,Thursday,1,6.4,73.4,0,49.9,50.6
SY017231,SCI_A,Science,19,Saturday,12,19.5,57.5,0,73.7,73.0
SY070490,LIB_A,Library,14,Thursday,5,33.5,56.8,243,97.8,104.6
SY039595,RES_B,Residential,19,Thursday,4,21.2,86.1,195,55.9,58.1
SY000199,LEC_A,LectureHall,20,Wednesday,1,16.9,52.5,0,15.7,13.5
SY083106,BUS_B,Business,13,Friday,4,23.2,51.9,115,39.9,38.0
SY019633,SCI_A,Science,17,Saturday,5,28.8,59.2,12,109.6,106.8
SY007426,ENG_B,Engineering,9,Friday,3,20.0,66.7,98,,54.2
SY046657,SCI_A,Science,9,Saturday,1,16.2,64.9,14,84.5,83.6
SY073937,SPT_A,Sports,10,Friday,2,14.2,74.9,50,43.5,46.3
SY055751,ENG_B,Engineering,11,Wednesday,4,18.9,56.2,123,56.2,61.3
SY022128,LIB_A,Library,6,Saturday,10,21.4,,0,27.7,25.3
SY064299,ENG_A,Engineering,17,Tuesday,1,21.1,51.3,6,47.1,55.8
SY003272,BUS_B,Business,17,Tuesday,3,18.7,75.9,194,48.6,46.6
SY000021,BUS_B,Business,22,Saturday,11,15.8,69.4,0,27.9,28.3
SY009065,LIB_A,Library,15,Sunday,1,20.0,45.9,7,27.1,24.7
SY059495,BUS_A,Business,21,Tuesday,3,18.2,67.5,98,39.2,40.6
SY053078,BUS_B,Business,13,Saturday,6,31.6,78.6,20,38.3,40.3
SY088142,RES_A,Residential,0,Wednesday,9,16.1,76.5,226,71.4,56.9
SY015720,SCI_A,Science,22,Saturday,6,28.0,90.6,1,114.3,114.4
SY056489,LEC_A,LectureHall,15,Monday,3,19.9,71.7,198,26.3,25.2
SY062100,RES_B,Residential,2,Wednesday,4,17.5,77.1,196,45.8,44.1
SY018657,BUS_B,Business,11,Sunday,6,29.6,61.2,23,31.9,32.6
SY044163,SCI_A,Science,4,Tuesday,8,21.9,87.9,1,73.2,72.2
SY064199,RES_B,Residential,7,Tuesday,4,20.3,83.1,,57.0,55.9
SY024926,BUS_A,Business,20,Friday,8,27.4,85.2,38,52.6,55.7
SY036759,SCI_B,Science,16,Wednesday,12,16.2,52.4,75,74.1,69.8
SY054253,RES_A,Residential,8,Thursday,3,18.0,63.7,190,67.8,59.3
SY090316,BUS_A,Business,4,Thursday,1,11.6,75.5,0,22.8,21.8
SY030397,RES_B,Residential,15,Tuesday,4,24.4,58.9,107,30.7,32.2
SY017703,ENG_B,Engineering,6,Friday,11,12.2,76.9,16,39.8,42.0
SY052215,ENG_B,Engineering,16,Saturday,1,20.9,51.9,4,37.8,36.2
SY075916,BUS_A,Business,21,Monday,1,14.8,58.3,,23.9,23.8
SY095674,ENG_B,Engineering,16,Tuesday,1,22.8,50.9,27,40.5,39.2
SY096673,ENG_A,Engineering,9,Sunday,2,17.9,61.4,5,45.9,42.7
SY029506,BUS_B,Business,21,Sunday,6,27.3,82.7,0,38.8,35.4
SY080922,SPT_A,Sports,10,Monday,7,28.0,80.7,25,32.9,49.3
SY013252,LIB_A,Library,9,Tuesday,10,25.3,63.2,66,31.0,34.5
SY046465,RES_A,Residential,20,Thursday,1,17.8,55.1,256,76.6,75.9
SY006234,LIB_A,Library,23,Sunday,7,24.5,78.1,0,35.6,31.7
SY026434,RES_B,Residential,18,Thursday,5,23.6,88.3,136,46.2,45.0
SY045333,LEC_A,LectureHall,0,Sunday,6,27.2,84.4,0,24.5,25.9
SY064777,BUS_B,Business,10,Wednesday,5,26.8,61.9,235,53.1,68.7
SY037572,BUS_A,Business,11,Sunday,6,29.3,71.8,12,25.3,26.9
SY080231,ENG_A,Engineering,15,Saturday,2,14.4,76.4,31,50.2,49.3
SY090363,SCI_A,Science,6,Thursday,5,20.8,84.1,9,77.7,76.9
SY026364,RES_A,Residential,4,Wednesday,2,12.4,70.6,277,58.1,60.7
SY080981,SCI_A,Science,14,Thursday,1,19.6,45.4,118,92.9,103.9
SY008267,BUS_B,Business,14,Monday,10,27.7,55.5,180,50.1,61.6
SY036361,ADM_A,Administration,14,Friday,6,35.0,54.3,101,62.6,66.9
SY064898,RES_A,Residential,20,Tuesday,5,27.3,65.2,320,114.2,123.9
SY063058,SPT_A,Sports,11,Sunday,3,19.3,57.4,101,44.3,44.1
SY031778,ADM_A,Administration,15,Saturday,2,22.6,39.7,1,16.1,15.9
SY039616,LEC_A,LectureHall,22,Wednesday,11,16.4,63.5,2,16.4,17.0
SY089648,BUS_B,Business,6,Wednesday,2,9.7,67.2,11,34.0,33.5
SY000776,SPT_A,Sports,17,Wednesday,4,21.3,50.0,177,42.0,47.2
SY071090,SCI_B,Science,18,Monday,3,18.5,82.9,71,82.1,88.0
SY071076,LEC_A,LectureHall,15,Tuesday,5,29.1,55.2,305,76.1,70.7
SY058948,BUS_A,Business,11,Monday,9,17.8,80.0,180,35.2,39.1
SY084940,SCI_B,Science,11,Monday,12,18.4,55.7,53,65.9,65.1
SY011572,RES_A,Residential,9,Sunday,1,14.8,63.2,310,71.6,50.4
SY039415,ENG_A,Engineering,14,Saturday,1,17.8,51.5,34,46.2,49.9
SY029632,ENG_A,Engineering,4,Monday,11,12.7,72.4,17,46.8,47.8
SY044135,ADM_A,Administration,11,Thursday,8,28.7,77.9,56,50.7,46.1
SY050780,BUS_B,Business,17,Saturday,10,28.8,56.2,8,32.4,30.7
SY061003,ENG_B,Engineering,10,Sunday,1,16.8,55.6,3,34.2,39.3
SY067275,LIB_A,Library,22,Friday,9,26.8,67.8,61,87.2,71.2
SY091153,SPT_A,Sports,19,Wednesday,5,29.5,61.7,71,65.6,74.0
SY032950,LEC_A,LectureHall,10,Wednesday,1,16.3,55.1,392,29.7,35.3
SY053267,BUS_B,Business,11,Sunday,6,28.2,74.9,15,34.4,34.4
SY058687,ENG_B,Engineering,6,Thursday,7,26.7,77.6,6,42.4,45.9
SY069295,ENG_A,Engineering,19,Monday,6,29.2,84.2,24,90.1,101.1
SY063526,SCI_A,Science,6,Wednesday,6,25.5,75.2,2,80.5,80.0
SY036417,LEC_A,LectureHall,18,Tuesday,4,,79.7,163,26.6,32.2
SY040222,ENG_B,Engineering,18,Sunday,11,18.4,78.1,9,42.9,46.9
SY023685,BUS_A,Business,12,Saturday,4,25.1,58.9,77,24.9,28.9
SY051363,LEC_A,LectureHall,14,Thursday,1,19.5,44.2,283,26.4,27.6
SY024914,ENG_B,Engineering,4,Wednesday,11,14.3,75.5,,43.1,40.6
SY020554,ENG_B,Engineering,12,Saturday,1,15.7,53.1,23,46.9,45.2
SY004805,ADM_A,Administration,17,Sunday,12,21.0,45.5,0,18.3,17.1
SY089133,ENG_A,Engineering,23,Monday,4,17.9,75.6,13,64.4,60.8
SY056880,SPT_A,Sports,7,Sunday,1,12.4,67.2,0,45.8,41.9
SY037030,LIB_A,Library,2,Saturday,6,24.5,75.2,0,31.3,29.7
SY042550,LEC_A,LectureHall,6,Saturday,3,16.0,71.6,1,15.9,13.5
SY076286,RES_A,Residential,16,Thursday,6,29.6,82.7,28,50.4,51.5
SY081725,SCI_A,Science,5,Tuesday,1,12.1,79.9,7,76.1,78.6
SY037472,BUS_B,Business,20,Wednesday,3,18.4,63.4,208,56.9,57.7
SY021430,ENG_B,Engineering,4,Sunday,2,13.2,79.3,6,37.3,39.9
SY003702,BUS_B,Business,8,Wednesday,5,,80.4,46,26.9,32.0
SY053792,LIB_A,Library,19,Friday,3,17.7,70.4,160,50.7,55.2
SY039823,SCI_A,Science,10,Sunday,9,25.1,80.1,23,67.9,71.9
SY033570,ENG_A,Engineering,7,Wednesday,6,25.8,76.2,4,49.9,50.3
SY058934,ENG_A,Engineering,18,Sunday,2,17.7,54.2,24,65.0,64.2
SY011698,SCI_B,Science,4,Saturday,9,21.7,87.4,5,60.8,58.9
SY019280,BUS_B,Business,18,Tuesday,3,21.7,54.1,142,41.1,52.2
SY054213,RES_A,Residential,14,Thursday,5,26.5,55.7,79,42.4,42.9
SY045384,BUS_A,Business,3,Saturday,1,8.2,72.6,0,26.8,25.6
SY090507,ADM_A,Administration,4,Tuesday,11,13.7,74.5,7,17.9,22.0
SY082742,ENG_A,Engineering,18,Saturday,8,29.6,85.9,18,80.2,80.4
SY022413,ADM_A,Administration,13,Sunday,8,30.5,56.0,10,,23.9
SY098590,ADM_A,Administration,18,Wednesday,1,10.9,71.2,4,42.2,32.3
SY035370,RES_B,Residential,4,Saturday,7,27.1,82.2,46,57.0,52.4
SY036176,BUS_A,Business,23,Monday,4,20.9,70.4,2,26.9,22.0
SY042720,SCI_A,Science,10,Sunday,10,21.0,76.6,11,73.2,72.4
SY062905,SCI_A,Science,17,Monday,5,32.5,57.9,105,137.6,144.6
SY013120,SPT_A,Sports,11,Sunday,2,25.8,52.4,,38.4,37.6
SY019144,ENG_A,Engineering,8,Sunday,4,19.2,73.4,11,42.0,42.5
SY080769,SPT_A,Sports,11,Thursday,8,28.6,,33,53.5,56.6
SY098862,RES_A,Residential,21,Sunday,3,17.7,75.8,369,83.7,93.3
SY000222,SCI_B,Science,20,Sunday,3,17.9,65.0,3,63.3,63.8
SY002093,RES_B,Residential,8,Saturday,3,13.1,71.8,224,62.0,58.4
SY014267,ENG_B,Engineering,4,Saturday,11,10.4,88.2,10,44.6,42.6
SY035230,ADM_A,Administration,23,Saturday,3,16.6,65.6,3,16.2,18.7
SY070670,SCI_B,Science,9,Monday,3,11.6,80.0,121,108.5,124.0
SY077262,BUS_B,Business,7,Saturday,2,17.0,67.2,2,26.4,25.2
SY095870,SCI_B,Science,5,Tuesday,11,13.9,72.7,7,63.4,61.3
SY000354,SCI_A,Science,17,Tuesday,1,18.4,46.8,26,86.5,94.1
SY065605,SPT_A,Sports,11,Thursday,4,23.2,76.0,64,34.6,32.3
SY041830,SCI_A,Science,23,Tuesday,4,20.2,79.3,5,84.9,78.2
SY088026,SCI_B,Science,11,Thursday,5,23.9,78.8,68,73.3,73.4
SY055317,ADM_A,Administration,17,Monday,1,19.2,49.9,61,36.7,35.7
SY007312,SCI_B,Science,1,Friday,5,23.6,83.1,3,85.0,83.0
SY090538,SPT_A,Sports,20,Tuesday,5,25.4,65.9,58,65.4,66.4
SY090068,LEC_A,LectureHall,17,Friday,10,28.4,51.3,124,75.0,55.5
SY063989,ENG_B,Engineering,3,Thursday,8,19.6,78.7,3,36.9,33.6
SY041705,RES_B,Residential,6,Wednesday,2,13.3,69.4,191,51.4,63.0
SY032518,SCI_B,Science,21,Saturday,5,23.7,72.5,2,78.0,76.3
SY055286,RES_B,Residential,7,Sunday,9,23.8,67.2,251,56.0,63.0
SY035927,ENG_B,Engineering,18,Saturday,7,24.7,89.6,6,46.6,45.8
SY002624,SCI_A,Science,10,Wednesday,4,24.0,64.4,123,106.6,97.6
SY083061,SCI_A,Science,5,Sunday,8,23.7,81.6,9,82.0,80.4
SY020989,LIB_A,Library,21,Sunday,10,20.2,74.2,,49.0,26.1
SY023310,ENG_B,Engineering,13,Thursday,1,14.8,72.4,100,51.9,51.0
SY041978,SCI_B,Science,3,Tuesday,11,12.5,79.1,7,60.6,62.9
SY014549,ENG_B,Engineering,16,Thursday,5,28.7,78.6,58,77.7,73.0
SY097390,SCI_B,Science,6,Sunday,5,20.1,81.6,6,65.1,63.7
SY025025,LIB_A,Library,10,Sunday,1,16.3,53.1,13,23.8,25.0
SY026223,ADM_A,Administration,1,Monday,8,27.8,74.3,3,27.5,26.0
SY033874,SCI_B,Science,19,Monday,9,26.2,62.6,46,111.1,98.7
SY086317,RES_A,Residential,20,Monday,5,27.5,78.3,264,124.4,119.6
SY086415,ADM_A,Administration,10,Monday,2,19.8,55.0,97,29.0,35.4
SY036028,BUS_B,Business,12,Thursday,5,27.7,60.2,,55.2,68.0
SY098077,BUS_A,Business,15,Thursday,5,25.8,77.4,145,51.9,47.2
SY006742,ENG_A,Engineering,21,Sunday,12,13.5,65.3,12,46.0,50.1
SY015984,SCI_B,Science,5,Tuesday,5,17.5,79.5,7,59.8,60.0
SY023233,ENG_A,Engineering,9,Saturday,6,26.7,69.2,2,51.2,53.4
SY055541,RES_A,Residential,8,Monday,3,16.1,73.5,191,60.7,55.5
SY022251,ADM_A,Administration,3,Friday,2,,,0,19.1,18.2
SY094756,SCI_B,Science,3,Saturday,7,27.9,88.5,2,98.3,92.3
SY088828,SPT_A,Sports,18,Wednesday,4,18.7,77.4,200,49.0,69.1
SY001157,LEC_A,LectureHall,5,Thursday,5,24.5,75.7,8,19.2,17.5
SY063857,SCI_A,Science,14,Friday,8,29.8,91.5,109,130.8,145.6
SY096878,ENG_A,Engineering,2,Friday,8,23.4,88.1,3,54.9,54.7
SY076519,RES_A,Residential,18,Wednesday,1,18.8,51.7,236,44.6,68.4
SY031407,LIB_A,Library,22,Thursday,1,11.2,60.4,84,50.8,52.2
SY009939,SCI_B,Science,14,Saturday,6,31.8,81.1,7,102.3,102.8
SY064729,ENG_A,Engineering,4,Tuesday,6,20.4,79.8,8,47.6,47.4
SY014761,SCI_A,Science,14,Monday,3,19.8,77.5,117,85.5,90.3
SY023711,ENG_A,Engineering,12,Monday,8,29.3,62.0,38,63.2,64.0
SY065553,LIB_A,Library,0,Wednesday,4,18.5,72.5,8,45.2,26.6
SY046013,ENG_A,Engineering,0,Tuesday,5,18.1,71.5,9,59.6,44.8
SY010957,LIB_A,Library,21,Friday,3,15.4,63.9,142,48.7,52.8
SY022903,SCI_B,Science,11,Sunday,12,16.3,58.1,6,58.3,58.3
SY046436,RES_A,Residential,6,Saturday,6,25.3,78.8,57,44.1,41.3
SY089427,SCI_A,Science,13,Sunday,5,27.9,81.6,20,97.7,108.0
SY041224,ENG_B,Engineering,18,Monday,5,28.5,61.3,44,73.0,66.3
SY025905,ADM_A,Administration,14,Sunday,12,21.5,46.2,2,17.2,17.1
SY095929,SCI_B,Science,0,Friday,11,13.9,83.3,0,60.3,61.3
SY037163,SCI_A,Science,8,Tuesday,5,22.0,87.5,44,112.0,112.9
SY063620,LIB_A,Library,2,Wednesday,12,11.9,70.3,92,49.2,52.8
SY090377,ENG_A,Engineering,0,Saturday,3,13.7,71.4,3,57.0,41.6
SY099033,RES_B,Residential,14,Sunday,4,21.9,82.1,145,37.3,34.9
SY005717,SPT_A,Sports,8,Sunday,9,23.7,80.8,59,28.7,35.3
SY078118,SCI_A,Science,8,Saturday,11,12.3,82.5,7,,78.5
SY076715,RES_B,Residential,20,Sunday,2,,58.1,156,42.2,51.0
SY092064,BUS_B,Business,21,Saturday,3,19.5,65.5,11,27.9,30.9
SY079853,ADM_A,Administration,8,Saturday,3,16.4,63.3,1,19.4,17.1
SY007123,SCI_A,Science,22,Sunday,5,23.5,84.9,1,82.0,79.2
SY089601,SPT_A,Sports,21,Thursday,10,25.8,63.7,113,76.2,66.4
SY075610,ADM_A,Administration,22,Monday,3,16.7,56.5,2,18.6,15.6
SY039093,ENG_A,Engineering,1,Wednesday,7,28.4,83.8,4,83.7,85.4
SY085856,ADM_A,Administration,6,Thursday,8,30.1,76.2,3,26.7,24.7
SY030130,ENG_B,Engineering,17,Saturday,8,25.7,85.4,15,47.9,46.2
SY052602,BUS_B,Business,6,Monday,1,10.8,69.3,3,32.4,32.3
SY031171,SPT_A,Sports,19,Sunday,7,27.3,83.3,35,62.5,74.7
SY086291,BUS_B,Business,5,Sunday,12,14.7,77.0,1,26.9,25.7
SY079961,ADM_A,Administration,7,Saturday,5,25.1,67.7,1,,16.3
SY067834,SPT_A,Sports,13,Thursday,6,32.7,58.7,13,59.2,58.7
SY031509,SPT_A,Sports,18,Wednesday,7,31.7,57.4,67,78.3,71.2
SY005789,LEC_A,LectureHall,7,Sunday,5,20.9,76.3,2,10.4,14.2
SY028656,LEC_A,LectureHall,13,Sunday,12,15.6,74.2,1,13.9,12.3
SY066928,LIB_A,Library,4,Friday,11,12.2,74.6,13,28.1,29.8
SY089573,RES_A,Residential,23,Friday,5,23.9,77.9,289,,87.9
SY095072,SCI_B,Science,14,Saturday,3,21.6,51.3,21,60.1,60.9
SY054963,RES_A,Residential,14,Monday,9,25.6,76.5,111,48.5,43.3
SY068661,SCI_B,Science,15,Sunday,2,21.7,54.7,16,56.9,60.8
SY097041,LIB_A,Library,18,Tuesday,10,26.3,58.1,122,60.4,70.1
SY022881,SPT_A,Sports,7,Wednesday,1,14.0,66.0,16,34.6,35.3
SY038363,BUS_B,Business,8,Monday,3,17.0,77.5,101,24.2,33.0
SY094271,BUS_B,Business,12,Friday,7,36.2,63.4,82,,86.3
SY005530,SPT_A,Sports,6,Thursday,10,18.5,69.8,84,31.4,34.7
SY080620,SPT_A,Sports,15,Monday,8,36.7,53.1,80,76.3,89.1
SY046313,SCI_A,Science,7,Thursday,9,24.0,76.3,9,64.1,67.8
SY006231,SPT_A,Sports,2,Thursday,12,14.2,68.0,0,31.4,32.9
SY079127,SPT_A,Sports,19,Tuesday,12,17.7,55.1,87,57.0,55.3
SY064451,ADM_A,Administration,19,Thursday,8,26.7,63.8,3,22.2,23.0
SY044052,SCI_A,Science,9,Friday,1,13.3,67.5,,99.6,105.7
SY077827,ENG_B,Engineering,17,Saturday,5,28.5,83.5,20,56.2,59.5
SY053325,LIB_A,Library,8,Tuesday,10,21.4,69.4,72,24.2,28.6
SY024871,LEC_A,LectureHall,2,Tuesday,1,10.2,67.4,0,16.0,17.6
SY071911,ENG_B,Engineering,1,Sunday,9,22.5,81.2,8,45.6,44.0
SY052670,ENG_B,Engineering,22,Friday,3,18.0,69.4,21,75.6,73.3
SY018090,LEC_A,LectureHall,16,Saturday,2,19.7,47.4,3,12.4,13.2
SY033269,RES_B,Residential,6,Saturday,11,10.7,77.8,281,55.5,85.7
SY091592,SCI_B,Science,7,Monday,12,12.9,68.2,3,70.8,65.6
SY028830,ENG_B,Engineering,12,Sunday,6,31.0,60.1,16,61.6,60.3
SY021621,SCI_B,Science,20,Saturday,2,13.0,75.8,1,61.8,64.3
SY029006,SCI_B,Science,16,Saturday,3,21.2,53.2,13,59.0,61.3
SY095336,ENG_B,Engineering,22,Friday,2,15.2,77.2,25,46.4,50.5
SY002923,LEC_A,LectureHall,5,Thursday,4,16.7,,3,15.4,15.8
SY038656,ENG_B,Engineering,17,Monday,12,19.0,52.4,19,42.1,46.9
SY088268,SPT_A,Sports,11,Thursday,4,21.0,75.1,55,32.9,36.0
SY050408,SPT_A,Sports,20,Wednesday,7,31.5,,72,91.5,92.4
SY072154,BUS_A,Business,16,Monday,3,14.7,74.7,135,40.6,36.6
SY082736,LIB_A,Library,15,Thursday,1,15.8,77.8,22,27.8,26.3
SY017404,LEC_A,LectureHall,12,Saturday,1,19.7,55.7,0,14.8,14.1
SY042623,BUS_A,Business,9,Friday,6,27.6,86.4,33,26.3,36.5
SY065939,SCI_A,Science,18,Thursday,5,24.7,87.6,77,108.0,104.2
SY099513,ENG_A,Engineering,0,Friday,2,15.3,69.1,9,54.5,44.8
SY030055,RES_B,Residential,2,Friday,4,14.5,80.7,288,54.9,56.5
SY037450,ENG_B,Engineering,0,Sunday,1,12.7,66.0,0,34.3,35.9
SY015887,LEC_A,LectureHall,20,Tuesday,4,22.9,61.4,22,37.8,18.6
SY095112,SCI_B,Science,13,Saturday,3,21.6,54.7,13,62.3,62.0
SY097237,ENG_B,Engineering,8,Monday,6,25.0,85.7,27,82.1,90.7
SY008748,RES_B,Residential,20,Friday,5,26.0,61.4,212,78.7,84.1
SY096760,LIB_A,Library,13,Monday,5,,53.1,360,95.5,122.4
SY002056,RES_A,Residential,21,Friday,8,24.5,66.6,71,52.2,52.9
SY076297,LEC_A,LectureHall,21,Wednesday,6,27.7,80.2,0,28.7,26.2
SY020643,ENG_B,Engineering,15,Friday,5,24.2,53.6,99,64.9,61.5
SY015122,ENG_B,Engineering,11,Friday,4,21.8,81.6,118,53.5,58.4
SY002720,RES_B,Residential,10,Saturday,2,17.8,61.9,183,34.0,33.7
SY074450,SCI_B,Science,4,Wednesday,6,23.8,80.4,7,71.1,69.5
SY012702,RES_B,Residential,4,Friday,4,14.5,76.8,232,45.5,50.3
SY060694,LIB_A,Library,9,Sunday,9,22.3,82.0,9,,24.5
SY079804,SCI_B,Science,1,Saturday,3,15.8,70.0,4,57.6,59.4
SY073359,LEC_A,LectureHall,17,Thursday,3,22.8,53.9,126,35.0,19.6
SY090551,LIB_A,Library,8,Saturday,1,10.8,63.6,0,27.9,25.4
SY091980,BUS_A,Business,18,Sunday,9,19.9,82.8,5,22.0,20.7
SY010492,SCI_A,Science,15,Monday,7,31.2,86.5,64,129.2,131.9
SY030225,SCI_B,Science,2,Saturday,4,17.3,74.9,4,66.9,66.0
SY091698,RES_A,Residential,14,Wednesday,9,25.9,55.7,102,37.5,41.2
SY010055,RES_A,Residential,7,Tuesday,2,14.8,62.5,231,68.6,60.3
SY077907,SPT_A,Sports,4,Tuesday,8,22.0,86.3,0,28.7,26.9
SY084440,ENG_A,Engineering,12,Friday,6,31.0,56.1,58,83.6,79.6
SY012566,ADM_A,Administration,22,Thursday,7,27.8,72.4,1,,25.4
SY071658,ENG_B,Engineering,9,Sunday,6,27.5,84.2,3,49.8,49.8
SY000117,RES_A,Residential,8,Thursday,5,21.4,80.8,217,,60.6
SY071400,RES_B,Residential,23,Sunday,5,20.6,77.1,250,94.2,62.3
SY047712,SPT_A,Sports,8,Tuesday,11,15.3,62.7,69,42.3,43.8
SY077609,SCI_B,Science,8,Wednesday,5,23.6,76.4,41,64.6,71.3
SY061144,BUS_B,Business,7,Wednesday,5,26.7,83.4,6,32.3,33.3
SY025812,LEC_A,LectureHall,21,Monday,1,14.2,57.7,6,17.9,15.3
SY097204,SCI_A,Science,13,Saturday,3,24.0,50.8,11,65.6,68.4
SY091738,RES_B,Residential,19,Tuesday,1,19.8,54.9,21,29.7,28.7
SY046900,SPT_A,Sports,19,Tuesday,6,26.7,80.2,106,62.0,72.5
SY078195,ENG_A,Engineering,12,Tuesday,6,25.9,77.0,58,67.9,69.4
SY005285,RES_A,Residential,17,Thursday,1,14.8,79.7,155,38.7,51.8
SY071619,RES_A,Residential,13,Thursday,5,32.8,57.2,190,67.1,74.7
SY003091,LIB_A,Library,11,Monday,8,28.9,58.0,26,34.3,43.4
SY039040,RES_B,Residential,19,Friday,6,28.0,60.5,49,49.4,55.1
SY078677,SPT_A,Sports,22,Monday,9,24.8,70.3,32,80.9,62.2
SY087298,ADM_A,Administration,20,Thursday,3,17.7,54.6,7,18.2,15.6
SY093971,SPT_A,Sports,9,Thursday,5,26.5,77.9,9,38.0,29.9
SY083796,SCI_B,Science,6,Friday,2,15.0,72.5,9,59.8,59.1
SY081105,SCI_B,Science,1,Wednesday,4,16.5,81.0,6,64.8,63.8
SY015848,BUS_A,Business,8,Saturday,2,15.2,,4,21.2,19.9
SY049223,LEC_A,LectureHall,19,Wednesday,12,19.1,48.6,43,30.5,26.8
SY061064,SCI_A,Science,3,Sunday,1,11.1,75.6,7,79.3,86.6
SY032098,LIB_A,Library,7,Wednesday,6,23.2,77.1,3,23.3,23.9
SY048767,ADM_A,Administration,15,Monday,3,21.9,42.4,76,30.5,30.8
SY065735,ADM_A,Administration,19,Saturday,7,26.4,84.4,0,18.8,20.2
SY073934,RES_A,Residential,21,Friday,7,32.3,69.2,66,81.1,85.4
SY044739,LIB_A,Library,3,Tuesday,10,19.2,76.1,8,25.3,27.9
SY094730,BUS_A,Business,16,Thursday,4,23.7,51.3,158,40.3,40.9
SY096716,RES_A,Residential,10,Thursday,1,16.2,55.4,134,42.3,38.9
SY049261,SPT_A,Sports,5,Thursday,2,15.3,69.9,0,33.4,31.5
SY035704,BUS_A,Business,2,Sunday,12,10.5,71.8,4,22.9,24.2
SY054999,BUS_A,Business,3,Wednesday,2,7.6,73.4,2,28.7,26.8
SY062607,SCI_A,Science,8,Thursday,2,15.5,63.9,68,82.9,93.7
SY078463,SCI_B,Science,8,Saturday,5,19.1,66.6,14,63.6,61.0
SY026905,ENG_B,Engineering,23,Sunday,1,12.3,68.6,0,36.0,38.6
SY013908,BUS_A,Business,12,Thursday,5,32.3,64.5,109,55.8,67.4
SY029481,SPT_A,Sports,2,Saturday,3,,73.8,0,30.1,31.5
SY071347,ENG_B,Engineering,0,Sunday,2,14.5,69.7,8,38.1,39.0
SY036320,RES_B,Residential,19,Thursday,7,30.3,67.1,51,58.1,57.6
SY075738,SCI_A,Science,16,Thursday,11,20.6,50.1,90,101.3,98.5
SY087207,SCI_B,Science,18,Sunday,9,28.3,87.1,2,82.8,78.9
SY004258,LEC_A,LectureHall,11,Wednesday,4,18.9,54.0,257,26.9,29.4
SY003019,RES_B,Residential,23,Friday,2,15.6,66.5,271,71.5,55.8
SY015548,SCI_B,Science,7,Wednesday,2,13.4,70.4,3,73.7,68.8
SY056361,SCI_A,Science,8,Thursday,9,20.1,83.1,,61.4,68.2
SY090740,RES_B,Residential,8,Monday,6,26.4,74.3,38,40.1,36.9
SY024429,SPT_A,Sports,1,Wednesday,5,21.0,84.5,0,26.8,29.6
SY075585,RES_A,Residential,3,Friday,3,10.5,68.2,241,60.8,62.4
SY047639,LIB_A,Library,8,Sunday,9,23.9,80.8,9,24.8,26.2
SY099674,ENG_B,Engineering,14,Monday,3,17.7,55.7,84,49.4,51.6
SY077145,ADM_A,Administration,21,Thursday,12,15.3,57.5,2,16.7,16.2
SY084268,SPT_A,Sports,20,Tuesday,1,15.4,56.3,143,63.5,62.2
SY082584,BUS_B,Business,16,Thursday,2,19.5,45.8,166,44.2,47.8
SY003395,BUS_A,Business,0,Thursday,10,19.6,74.4,2,23.8,21.3
SY025114,LEC_A,LectureHall,5,Thursday,12,16.0,70.2,8,16.6,15.5
SY016886,BUS_B,Business,18,Monday,6,31.7,62.9,40,70.3,70.3
SY058180,LEC_A,LectureHall,7,Saturday,6,28.1,75.5,0,19.6,20.3
SY065265,RES_B,Residential,15,Tuesday,2,15.8,54.9,,31.4,28.3
SY032823,LEC_A,LectureHall,11,Monday,7,28.4,83.7,24,23.9,27.9
SY005888,BUS_B,Business,16,Wednesday,4,26.8,52.3,139,58.7,50.4
SY009749,BUS_B,Business,12,Friday,1,16.8,52.4,193,48.2,52.7
SY011831,SCI_A,Science,10,Thursday,8,27.0,83.1,61,112.7,108.5
SY073351,ADM_A,Administration,22,Wednesday,1,14.2,62.9,1,16.2,16.3
SY060828,RES_A,Residential,0,Thursday,1,11.1,67.3,46,34.7,36.5
SY073765,ENG_A,Engineering,8,Friday,3,15.7,66.4,78,46.0,59.6
SY005899,RES_B,Residential,1,Sunday,12,13.6,75.1,41,28.1,27.6
SY056589,LEC_A,LectureHall,0,Friday,6,26.5,90.4,0,24.4,23.5
SY097773,LEC_A,LectureHall,22,Saturday,5,25.7,69.7,1,26.2,26.3
SY022618,LIB_A,Library,16,Friday,12,20.1,46.9,30,,26.9
SY020249,SCI_B,Science,20,Monday,12,18.9,52.2,11,66.7,58.2
SY003776,SPT_A,Sports,11,Sunday,1,16.8,52.4,68,43.1,44.3
SY016348,SCI_B,Science,13,Saturday,4,27.6,61.7,7,69.2,70.3
SY084700,SCI_B,Science,0,Friday,6,24.7,79.9,1,82.7,79.5
SY038010,SCI_B,Science,18,Thursday,2,19.0,54.8,69,121.6,111.3
SY042126,RES_B,Residential,23,Thursday,1,10.1,67.4,278,72.8,58.8
SY049903,SCI_A,Science,23,Monday,12,13.8,67.9,2,76.6,75.2
SY094610,ADM_A,Administration,14,Sunday,1,18.4,43.4,2,17.7,16.8
SY047469,LIB_A,Library,13,Saturday,6,33.2,59.9,25,33.8,55.1
SY020717,RES_A,Residential,23,Sunday,9,22.8,74.4,344,109.9,87.5
SY036569,RES_B,Residential,15,Friday,6,29.7,58.0,23,42.4,43.6
SY024886,ADM_A,Administration,21,Friday,5,25.3,78.4,1,22.8,21.0
SY026301,RES_B,Residential,8,Thursday,8,26.8,84.9,39,42.6,40.3
SY045342,ENG_A,Engineering,7,Sunday,10,21.5,79.4,14,42.8,44.6
SY037818,ENG_B,Engineering,23,Monday,2,16.6,63.0,15,51.0,47.4
SY049793,RES_B,Residential,6,Monday,7,22.4,85.4,53,28.6,31.8
SY016720,RES_A,Residential,15,Tuesday,1,18.1,47.6,104,33.9,31.9
SY083780,RES_A,Residential,17,Monday,7,33.1,62.7,47,63.9,68.0
SY039292,LIB_A,Library,19,Wednesday,5,29.4,60.2,203,102.5,113.2
SY062099,RES_B,Residential,6,Sunday,9,21.8,88.0,212,53.9,54.8
SY099547,LEC_A,LectureHall,15,Sunday,8,31.8,58.3,0,25.3,27.3
SY080631,SCI_A,Science,8,Friday,2,13.4,67.9,55,79.8,86.8
SY077271,ENG_A,Engineering,8,Monday,5,21.0,72.7,68,48.4,57.3
SY074487,LIB_A,Library,2,Wednesday,5,19.8,75.9,61,49.1,50.2
SY005545,ADM_A,Administration,19,Thursday,8,29.3,77.1,4,27.1,26.5
SY085636,SCI_A,Science,18,Saturday,8,30.5,87.8,2,122.6,119.3
SY006069,ENG_B,Engineering,23,Sunday,2,15.2,70.1,11,37.5,38.1
SY081494,BUS_B,Business,1,Wednesday,5,19.2,77.3,1,25.6,26.4
SY054464,ENG_B,Engineering,7,Monday,2,13.9,70.4,12,38.3,40.2
SY013847,ENG_B,Engineering,4,Monday,3,13.1,74.1,12,41.5,42.0
SY056506,LIB_A,Library,23,Thursday,10,21.9,69.2,66,76.6,56.4
SY063593,ENG_B,Engineering,6,Sunday,6,24.2,81.7,3,43.9,42.5
SY008552,LEC_A,LectureHall,12,Thursday,6,30.1,83.3,13,26.5,26.8
SY015710,SCI_A,Science,7,Tuesday,9,20.4,85.3,8,,62.1
SY005909,BUS_A,Business,17,Wednesday,1,19.0,51.8,8,22.1,20.8
SY095300,ENG_A,Engineering,21,Tuesday,10,22.8,62.2,,75.9,69.3
SY006975,LEC_A,LectureHall,12,Wednesday,2,20.9,49.4,121,33.3,20.3
SY045176,LIB_A,Library,4,Monday,9,19.2,75.8,8,25.9,25.1
SY039335,LEC_A,LectureHall,12,Thursday,5,23.4,83.2,3,13.0,14.4
SY055874,RES_B,Residential,2,Wednesday,7,22.1,82.4,55,42.6,36.4
SY070343,LEC_A,LectureHall,10,Tuesday,5,26.4,69.0,479,50.7,64.0
SY092688,ENG_A,Engineering,21,Sunday,11,16.1,80.0,9,50.2,47.6
SY005974,LEC_A,LectureHall,15,Wednesday,4,28.0,51.4,478,67.6,75.7
SY006150,SCI_A,Science,8,Thursday,1,13.8,62.2,92,84.7,99.7
SY056838,ADM_A,Administration,16,Thursday,4,23.7,80.2,83,42.1,34.2
SY070386,BUS_A,Business,9,Monday,3,17.3,75.9,117,24.9,33.6
SY094682,ENG_B,Engineering,2,Monday,6,27.8,84.8,4,58.6,57.7
SY012296,BUS_B,Business,3,Saturday,3,10.9,69.3,0,32.3,29.9
SY009131,BUS_A,Business,13,Sunday,12,15.4,76.5,35,26.5,25.7
SY036388,LEC_A,LectureHall,10,Sunday,4,26.7,61.3,5,13.7,13.3
SY083077,BUS_B,Business,19,Sunday,8,29.4,65.6,1,36.7,38.1
SY079428,SCI_B,Science,18,Wednesday,1,19.2,55.2,51,88.3,81.7
SY059460,SPT_A,Sports,22,Wednesday,12,17.0,63.6,17,49.3,33.0
SY091401,ADM_A,Administration,16,Wednesday,4,26.9,,86,40.3,39.5
SY054745,RES_B,Residential,23,Friday,3,14.7,78.6,229,66.1,51.9
SY068031,LEC_A,LectureHall,1,Wednesday,6,25.2,87.7,1,25.6,24.9
SY032190,LEC_A,LectureHall,17,Thursday,9,22.9,84.0,105,34.6,22.1
SY019235,RES_A,Residential,1,Wednesday,2,16.8,71.7,305,57.8,62.2
SY063357,BUS_A,Business,22,Sunday,12,13.7,73.7,4,21.1,24.2
SY000997,ENG_B,Engineering,0,Monday,6,24.9,81.6,4,59.4,58.4
SY052339,ENG_B,Engineering,11,Tuesday,1,19.0,53.2,16,,45.4
SY026814,BUS_B,Business,7,Wednesday,2,11.2,65.9,5,33.5,30.5
SY064924,RES_A,Residential,11,Friday,1,14.9,57.5,22,32.0,31.0
SY072939,LIB_A,Library,12,Thursday,11,17.5,72.5,172,39.1,40.7
SY003694,ENG_B,Engineering,13,Wednesday,5,29.7,59.4,50,67.4,62.0
SY077885,SPT_A,Sports,5,Monday,2,,70.0,0,33.9,40.7
SY055475,SPT_A,Sports,2,Friday,2,13.2,72.5,0,37.0,36.4
SY048495,ENG_B,Engineering,15,Tuesday,3,19.2,75.7,112,59.9,58.5
SY051734,ENG_A,Engineering,9,Friday,7,30.6,69.6,40,68.1,75.9
SY099693,LEC_A,LectureHall,23,Friday,2,16.8,64.9,,15.7,15.6
SY044329,LEC_A,LectureHall,22,Tuesday,4,17.2,66.1,7,15.5,17.0
SY002406,SCI_A,Science,7,Saturday,6,28.4,78.0,6,96.8,100.4
SY003258,SCI_B,Science,11,Thursday,6,25.8,88.5,35,80.3,84.1
SY077611,LEC_A,LectureHall,12,Friday,10,27.9,55.5,166,59.7,44.3
SY064220,RES_B,Residential,9,Monday,8,25.8,65.2,38,29.6,30.2
SY068438,BUS_B,Business,14,Friday,5,25.1,52.2,208,47.4,53.2
SY004294,SPT_A,Sports,9,Thursday,4,21.8,76.9,18,37.1,31.9
SY019971,LIB_A,Library,17,Thursday,1,15.5,81.2,180,43.0,58.1
SY068183,SCI_B,Science,18,Thursday,11,16.5,82.1,56,64.8,76.3
SY094591,SPT_A,Sports,0,Thursday,6,20.6,75.1,0,26.8,26.2
SY090279,RES_A,Residential,5,Monday,7,,,79,62.4,53.9
SY088029,LIB_A,Library,1,Wednesday,7,27.2,88.8,5,37.2,35.6
SY079960,ADM_A,Administration,5,Tuesday,4,18.2,73.2,1,17.3,17.6
SY066868,SPT_A,Sports,22,Friday,9,26.2,67.8,39,97.8,71.6
SY084692,ENG_A,Engineering,2,Sunday,11,15.4,76.5,11,51.1,50.6
SY091724,SCI_B,Science,19,Saturday,4,22.3,62.7,0,67.9,65.6
SY065969,SCI_A,Science,17,Sunday,7,30.0,64.1,9,106.7,111.4
SY036283,ENG_A,Engineering,20,Tuesday,2,12.3,58.8,29,64.6,57.4
SY076287,BUS_B,Business,18,Saturday,6,29.0,61.4,1,30.3,33.0
SY058738,RES_B,Residential,0,Tuesday,2,,,246,53.1,52.1
SY072778,RES_B,Residential,14,Saturday,4,25.1,48.8,153,38.3,40.6
SY020042,SCI_A,Science,9,Thursday,9,23.3,67.5,104,78.2,87.6
SY060331,LEC_A,LectureHall,22,Wednesday,4,17.6,60.8,7,14.0,15.5
SY031904,LIB_A,Library,14,Saturday,6,32.6,58.8,20,57.9,56.9
SY048695,LIB_A,Library,2,Tuesday,4,17.2,71.7,8,26.3,21.7
SY061469,ENG_A,Engineering,1,Friday,3,9.9,70.5,20,62.7,68.5
SY089309,ENG_B,Engineering,8,Thursday,2,16.5,64.2,51,39.8,45.1
SY082436,SCI_B,Science,6,Tuesday,11,14.9,72.2,6,61.3,63.3
SY066058,RES_A,Residential,3,Monday,5,22.9,81.8,265,79.7,76.4
SY022811,ADM_A,Administration,17,Thursday,11,17.6,71.5,33,32.2,23.5
SY062471,LIB_A,Library,6,Monday,11,14.7,69.4,8,25.2,27.9
SY059148,SCI_A,Science,3,Sunday,4,20.0,84.5,9,72.5,73.8
SY054094,LIB_A,Library,21,Friday,1,13.1,56.7,136,57.3,55.4
SY018735,BUS_A,Business,15,Monday,3,20.0,73.0,130,37.9,38.6
SY056773,RES_B,Residential,4,Friday,3,14.2,,272,45.1,50.5
SY057315,SPT_A,Sports,13,Wednesday,4,17.6,75.7,62,47.8,42.1
SY032684,RES_B,Residential,0,Wednesday,10,19.8,79.8,230,61.8,59.3
SY013626,ENG_B,Engineering,13,Sunday,2,21.5,56.8,25,38.8,40.0
SY051695,BUS_A,Business,23,Thursday,10,22.1,70.5,2,28.4,25.7
SY050074,RES_A,Residential,4,Friday,6,21.0,83.1,80,35.9,38.5
SY066147,SCI_B,Science,19,Wednesday,4,20.5,62.0,44,82.4,82.2
SY046647,RES_A,Residential,18,Monday,6,27.6,59.6,58,49.1,53.6
SY078768,LEC_A,LectureHall,11,Wednesday,9,23.4,60.6,274,32.4,33.4
SY021731,RES_B,Residential,8,Wednesday,9,20.1,74.0,193,49.0,46.8
SY073718,ENG_A,Engineering,20,Saturday,12,15.6,57.0,4,48.1,47.1
SY073737,BUS_B,Business,1,Monday,9,15.6,83.8,3,29.4,26.7
SY069840,RES_B,Residential,11,Thursday,3,18.5,56.7,74,28.2,26.6
SY071223,SCI_B,Science,14,Tuesday,3,22.4,56.4,101,76.1,82.8
SY099095,LIB_A,Library,21,Wednesday,5,21.9,,16,49.1,27.3
SY051416,RES_B,Residential,2,Saturday,5,23.6,87.9,250,72.0,66.7
SY017413,LEC_A,LectureHall,7,Saturday,1,11.6,67.0,3,19.6,15.8
SY017252,LEC_A,LectureHall,3,Friday,2,13.7,69.9,2,,15.5
SY035108,ENG_A,Engineering,1,Saturday,11,11.4,72.7,12,50.0,43.5
SY002987,SPT_A,Sports,13,Friday,3,24.0,51.2,,43.4,36.5
SY072760,ENG_A,Engineering,2,Monday,9,18.8,77.1,7,48.5,46.1
SY061563,ENG_A,Engineering,16,Friday,9,31.5,60.0,91,110.5,100.9
SY079270,RES_B,Residential,9,Thursday,11,15.2,74.9,179,47.9,34.7
SY013816,LIB_A,Library,6,Thursday,2,16.9,62.0,12,,26.9
SY029069,SCI_A,Science,8,Friday,10,22.9,68.8,46,70.5,79.8
SY098297,ENG_B,Engineering,8,Sunday,9,23.9,82.4,7,36.9,39.7
SY093830,SCI_B,Science,21,Friday,5,26.4,73.2,8,93.5,87.5
SY034053,ADM_A,Administration,20,Sunday,4,17.9,77.3,1,16.0,16.7
SY036756,SCI_A,Science,19,Monday,6,30.7,68.4,20,124.6,129.7
SY027488,SPT_A,Sports,7,Friday,6,25.9,69.4,35,27.4,35.5
SY037316,SCI_A,Science,9,Thursday,8,33.1,72.3,116,117.4,148.3
SY042883,SCI_A,Science,3,Monday,4,17.4,75.4,7,80.4,76.1
SY046752,RES_A,Residential,19,Saturday,4,16.9,73.1,282,73.6,81.0
SY051662,SPT_A,Sports,4,Wednesday,5,17.8,79.5,0,28.9,27.6
SY015870,ADM_A,Administration,4,Monday,5,,,3,17.8,17.5
SY084045,SCI_A,Science,6,Thursday,5,,,8,69.7,71.6
SY055359,SPT_A,Sports,9,Thursday,6,,67.8,10,38.3,29.2
SY084857,SCI_B,Science,4,Saturday,5,19.3,80.9,7,57.6,57.8
SY010513,LIB_A,Library,3,Monday,3,15.1,,2,23.9,23.8
SY099009,SCI_A,Science,13,Wednesday,6,35.2,64.8,44,134.2,134.2
SY061639,SCI_A,Science,21,Monday,6,25.6,80.6,8,92.1,87.4
SY046107,BUS_A,Business,8,Sunday,2,15.5,66.3,2,19.4,19.8
SY086659,BUS_A,Business,6,Monday,12,12.4,70.5,4,25.7,24.6
SY096051,BUS_A,Business,5,Friday,8,26.3,83.3,1,24.0,25.3
SY078211,SPT_A,Sports,21,Tuesday,2,19.1,63.2,107,63.4,55.5
SY018899,SPT_A,Sports,3,Saturday,3,14.5,76.7,0,30.6,29.5
SY061866,ADM_A,Administration,16,Saturday,11,19.9,49.2,4,17.5,17.7
SY011389,LIB_A,Library,15,Friday,11,16.1,75.5,171,31.8,39.1
SY008084,ADM_A,Administration,23,Monday,1,12.2,64.5,1,19.2,16.6
SY082909,SCI_B,Science,0,Thursday,9,22.5,70.0,7,68.4,65.9
SY073462,RES_B,Residential,5,Friday,8,23.4,87.5,55,38.7,31.6
SY074087,ENG_B,Engineering,8,Wednesday,5,25.4,73.4,29,38.1,43.6
SY031022,ENG_B,Engineering,5,Monday,12,12.9,73.5,7,38.4,42.1
SY001228,BUS_A,Business,19,Monday,11,18.9,57.6,104,43.7,43.7
SY035118,BUS_A,Business,16,Thursday,11,17.3,79.4,109,32.7,32.1
SY018390,ENG_A,Engineering,8,Thursday,5,21.1,83.4,71,41.1,56.0
SY093217,ADM_A,Administration,16,Wednesday,4,,76.7,102,33.5,32.9
SY009721,ADM_A,Administration,2,Friday,6,23.3,76.5,1,16.0,17.6
SY006532,LIB_A,Library,7,Friday,10,23.6,72.6,15,23.9,27.1
SY054405,SPT_A,Sports,0,Wednesday,12,10.1,72.7,0,42.9,43.3
SY051681,LIB_A,Library,18,Tuesday,4,19.2,54.8,119,44.0,53.6
SY056743,RES_B,Residential,13,Monday,6,31.0,59.2,31,44.4,45.8
SY082393,ADM_A,Administration,16,Sunday,1,19.8,50.3,2,15.6,17.1
SY014052,BUS_B,Business,21,Friday,12,13.9,64.3,52,47.9,50.1
SY033102,ENG_B,Engineering,2,Thursday,1,11.0,67.0,10,38.5,42.0
SY061997,SPT_A,Sports,0,Monday,5,24.7,68.5,0,32.8,28.7
SY078707,SPT_A,Sports,0,Saturday,5,18.7,82.4,0,30.5,29.4
SY088951,ENG_B,Engineering,2,Thursday,4,14.4,76.0,7,35.8,37.7
SY052356,ADM_A,Administration,0,Friday,8,25.8,72.8,7,24.1,25.3
SY079919,LEC_A,LectureHall,1,Thursday,11,15.6,76.8,1,16.0,19.2
SY012067,ADM_A,Administration,9,Tuesday,5,24.4,60.5,111,41.4,40.2
SY047827,SCI_A,Science,23,Thursday,5,22.8,86.0,6,85.1,79.8
SY021249,BUS_B,Business,20,Friday,10,26.3,60.5,113,74.8,77.9
SY044848,BUS_B,Business,15,Tuesday,4,25.9,52.8,210,55.3,57.5
SY078525,RES_B,Residential,17,Sunday,3,21.4,51.4,167,29.4,33.1
SY019644,RES_B,Residential,11,Friday,4,23.9,65.0,89,30.2,27.3
SY074411,ENG_B,Engineering,9,Sunday,7,24.3,85.7,6,36.0,39.5
SY065240,LEC_A,LectureHall,0,Wednesday,1,12.1,62.6,0,15.2,17.4
SY032564,ENG_B,Engineering,8,Wednesday,5,26.6,77.6,59,49.3,59.6
SY081192,ENG_B,Engineering,11,Friday,8,23.7,78.2,46,44.8,44.3
SY065098,BUS_B,Business,14,Saturday,2,23.4,51.1,14,38.2,29.1
SY069431,RES_B,Residential,10,Tuesday,10,25.5,72.7,96,41.8,38.2
SY017236,SPT_A,Sports,19,Tuesday,4,20.0,58.4,182,68.3,64.9
SY070996,SCI_B,Science,8,Friday,1,15.5,62.6,13,83.5,81.8
SY068775,ENG_A,Engineering,6,Thursday,11,11.9,67.9,9,49.7,52.2
SY006817,SCI_B,Science,21,Tuesday,12,15.8,,7,61.6,56.9
SY001303,ADM_A,Administration,13,Monday,1,18.5,46.8,2,14.8,15.9
SY090484,BUS_B,Business,15,Wednesday,4,26.8,54.7,173,57.8,58.7
SY011588,BUS_B,Business,18,Saturday,1,18.3,57.9,1,27.7,24.2
SY088510,SPT_A,Sports,22,Wednesday,2,14.0,67.2,53,63.4,50.3
SY043132,ENG_B,Engineering,1,Sunday,7,21.5,84.2,4,42.2,38.8
SY011470,SPT_A,Sports,19,Thursday,4,21.9,57.5,123,70.3,61.6
SY026349,ENG_A,Engineering,12,Thursday,4,23.2,58.7,155,78.9,80.7
SY090112,BUS_A,Business,8,Thursday,6,26.8,74.3,18,21.4,23.4
SY054246,SCI_B,Science,17,Thursday,6,29.9,82.8,32,102.9,102.3
SY014983,BUS_A,Business,20,Friday,5,28.1,65.4,47,65.0,57.0
SY027108,RES_A,Residential,3,Friday,5,21.3,70.2,341,76.1,69.5
SY002787,ADM_A,Administration,13,Saturday,1,21.1,43.8,11,18.0,18.3
SY070355,RES_A,Residential,14,Monday,6,31.4,80.1,27,53.3,56.8
SY052233,ENG_A,Engineering,3,Saturday,10,16.3,78.9,8,48.2,46.8
SY080430,ADM_A,Administration,1,Thursday,5,24.9,73.0,1,19.4,21.4
SY073555,LEC_A,LectureHall,6,Tuesday,8,27.3,83.7,0,23.4,21.3
SY073708,BUS_B,Business,2,Sunday,6,,,0,39.5,40.2
SY060759,BUS_A,Business,0,Saturday,2,15.3,70.0,1,23.0,19.9
SY029212,SCI_B,Science,9,Thursday,6,27.4,83.7,55,83.2,99.1
SY082175,BUS_A,Business,7,Friday,4,20.5,79.2,5,21.3,20.5
SY084419,RES_A,Residential,17,Saturday,1,12.6,73.8,245,51.4,62.8
SY088697,SCI_A,Science,2,Thursday,5,24.7,89.5,4,92.8,88.8
SY058018,LEC_A,LectureHall,0,Saturday,4,17.5,77.4,0,14.1,16.0
SY052230,ENG_A,Engineering,10,Monday,11,17.4,59.4,134,64.5,72.2
SY001674,LEC_A,LectureHall,20,Thursday,7,31.5,67.6,4,34.7,34.8
SY015276,BUS_B,Business,11,Monday,1,17.3,54.4,16,25.7,26.4
SY091098,RES_B,Residential,10,Tuesday,7,31.0,65.0,21,42.5,43.1
SY018898,BUS_A,Business,8,Saturday,3,15.4,64.7,1,22.8,20.8
SY051839,SCI_B,Science,0,Wednesday,4,18.7,85.3,7,63.5,66.5
SY030149,RES_B,Residential,4,Friday,3,11.1,81.0,236,56.5,57.2
SY098482,ENG_A,Engineering,7,Sunday,9,23.0,79.9,10,49.3,45.3
SY038573,BUS_B,Business,17,Friday,2,,51.9,202,43.0,46.5
SY000982,LEC_A,LectureHall,3,Friday,6,26.1,80.1,0,20.6,21.0
SY092977,LIB_A,Library,3,Monday,5,19.4,74.0,82,55.4,51.6
SY021655,SCI_A,Science,7,Sunday,2,16.6,69.7,10,83.7,78.4
SY003750,LIB_A,Library,9,Sunday,1,10.2,74.3,1,25.8,28.4
SY098722,RES_A,Residential,15,Friday,8,29.5,54.6,30,43.3,41.8
SY083374,RES_B,Residential,1,Monday,12,10.2,73.2,281,54.6,59.5
SY048631,ADM_A,Administration,4,Tuesday,6,21.7,78.7,2,17.9,17.7
SY008943,SCI_B,Science,0,Sunday,6,,,2,88.6,85.6
SY097663,SPT_A,Sports,12,Wednesday,11,21.2,54.9,54,34.6,35.5
SY015370,RES_A,Residential,14,Thursday,9,30.5,58.6,128,58.8,61.7
SY049469,SCI_B,Science,5,Saturday,7,22.5,89.9,2,70.7,64.3
SY061753,RES_B,Residential,16,Tuesday,1,17.5,52.5,105,32.2,30.9
SY093042,LEC_A,LectureHall,13,Friday,5,24.2,54.6,276,20.5,33.0
SY016685,ENG_A,Engineering,3,Tuesday,2,5.8,69.6,9,56.8,58.9
SY094655,ENG_A,Engineering,9,Wednesday,4,17.4,69.5,85,52.8,55.1
SY074628,ENG_B,Engineering,13,Sunday,5,30.9,55.2,36,56.3,59.7
SY080374,LEC_A,LectureHall,2,Friday,3,15.5,71.0,1,14.7,14.6
SY013124,SCI_B,Science,16,Monday,6,29.2,59.3,40,93.9,92.5
SY041574,BUS_A,Business,3,Saturday,5,21.4,79.1,1,20.3,19.9
SY092650,RES_B,Residential,23,Tuesday,6,23.1,74.8,80,45.8,42.5
SY038609,RES_A,Residential,18,Thursday,3,18.6,54.0,166,41.2,60.7
SY091136,SCI_A,Science,11,Wednesday,5,26.1,80.2,61,,110.4
SY058781,SCI_B,Science,14,Friday,5,26.0,84.2,59,88.1,89.5
SY000404,ENG_B,Engineering,17,Wednesday,11,21.9,54.5,96,56.8,60.0
SY085109,LEC_A,LectureHall,13,Wednesday,6,32.2,59.5,13,24.0,25.9
SY083919,SPT_A,Sports,1,Thursday,5,23.1,79.0,0,29.8,26.6
SY021950,ENG_B,Engineering,22,Wednesday,12,10.1,64.7,23,55.4,55.1
SY027391,SCI_A,Science,14,Sunday,4,28.0,51.5,16,84.7,92.3
SY091101,BUS_B,Business,9,Sunday,5,19.8,65.3,59,26.1,31.8
SY013014,SCI_A,Science,9,Friday,10,24.9,69.8,107,90.6,100.8
SY002558,ENG_B,Engineering,10,Saturday,3,20.6,61.0,16,54.1,35.5
SY049664,ADM_A,Administration,14,Thursday,8,28.1,78.9,61,45.0,48.1
SY015558,RES_A,Residential,22,Friday,3,13.6,63.5,318,92.0,99.8
SY069256,SCI_A,Science,10,Monday,5,29.4,68.3,77,116.4,113.3
SY008835,LIB_A,Library,0,Friday,8,21.8,85.8,0,24.7,25.1
SY018678,LIB_A,Library,4,Wednesday,9,21.5,76.2,7,24.9,24.7
SY059976,LEC_A,LectureHall,21,Wednesday,1,15.3,56.9,2,14.7,13.8
SY050523,BUS_A,Business,19,Sunday,2,16.9,60.7,5,22.3,22.5
SY058620,SPT_A,Sports,2,Thursday,1,11.3,74.1,0,40.2,45.4
SY022580,LIB_A,Library,7,Monday,4,20.7,62.2,12,20.5,23.8
SY066423,LIB_A,Library,22,Thursday,6,26.5,,18,69.4,66.1
SY086209,SPT_A,Sports,17,Wednesday,12,21.8,50.4,71,37.8,49.9
SY057522,RES_A,Residential,4,Wednesday,1,11.5,66.9,420,70.5,82.4
SY074972,ENG_A,Engineering,3,Saturday,8,19.0,84.0,1,43.6,38.9
SY022575,SCI_A,Science,9,Thursday,3,17.1,70.5,103,87.8,99.4
SY055399,ENG_A,Engineering,11,Friday,1,14.7,59.8,17,57.8,52.9
SY016580,LEC_A,LectureHall,3,Sunday,7,21.0,87.1,0,15.4,14.9
SY054714,RES_B,Residential,7,Friday,4,16.0,78.7,237,68.3,55.2
SY083688,RES_A,Residential,2,Saturday,12,10.3,68.1,247,60.9,60.9
SY098369,ADM_A,Administration,20,Wednesday,3,21.7,59.0,6,20.0,18.2
SY071583,ADM_A,Administration,10,Friday,6,29.1,60.8,57,34.1,35.5
SY045401,RES_A,Residential,6,Sunday,1,7.8,74.4,307,79.9,105.3
SY002484,ADM_A,Administration,5,Wednesday,3,14.7,71.1,1,16.5,17.6
SY022012,ADM_A,Administration,22,Sunday,5,27.0,,3,21.2,21.4
SY097825,BUS_B,Business,19,Tuesday,6,29.8,77.4,37,63.1,76.4
SY023161,SCI_A,Science,5,Sunday,10,18.1,81.1,12,75.6,76.4
SY011215,RES_A,Residential,15,Tuesday,2,16.2,50.4,116,37.7,39.8
SY040448,ADM_A,Administration,0,Sunday,11,14.3,74.9,2,20.0,18.9
SY070535,LEC_A,LectureHall,7,Monday,4,19.5,67.1,12,10.1,12.7
SY032032,BUS_B,Business,12,Tuesday,4,26.8,58.2,177,53.7,58.7
SY075365,BUS_B,Business,3,Friday,7,25.4,88.8,2,,32.3
SY062410,SCI_B,Science,1,Wednesday,9,21.7,86.2,,57.3,56.0
SY093177,BUS_A,Business,6,Friday,4,18.2,76.5,8,22.4,19.1
SY033381,BUS_A,Business,6,Saturday,6,27.6,75.8,0,,23.2
SY025400,ENG_A,Engineering,11,Monday,5,25.2,60.9,98,61.0,66.7
SY079532,BUS_B,Business,14,Friday,2,21.1,49.5,169,43.1,46.2
SY069483,SPT_A,Sports,3,Monday,6,27.5,84.8,0,,35.1
SY035033,BUS_B,Business,11,Tuesday,2,15.8,74.9,212,47.8,49.8
SY076067,ENG_A,Engineering,4,Friday,6,25.7,88.4,7,64.1,64.2
SY084216,RES_A,Residential,5,Monday,3,13.2,74.6,288,65.7,61.1
SY075819,BUS_A,Business,3,Thursday,1,11.8,72.3,3,22.9,24.6
SY057953,LIB_A,Library,13,Thursday,11,19.3,49.0,131,33.2,38.1
SY045201,SCI_B,Science,3,Wednesday,2,14.0,77.1,12,56.8,58.4
SY099240,ENG_A,Engineering,3,Monday,5,16.9,75.5,12,54.6,46.5
SY029294,BUS_B,Business,1,Saturday,6,26.4,81.1,2,34.4,36.3
SY086062,RES_B,Residential,21,Wednesday,10,24.7,67.5,231,88.3,84.0
SY021335,ENG_B,Engineering,13,Sunday,10,25.5,72.5,,41.5,47.4
SY030378,ENG_B,Engineering,18,Tuesday,10,25.9,60.4,94,63.8,78.3
SY050779,LEC_A,LectureHall,6,Tuesday,3,15.6,79.8,6,16.1,14.0
SY005002,SCI_A,Science,2,Thursday,6,23.9,81.3,2,90.1,85.9
SY058222,ADM_A,Administration,7,Friday,3,13.8,73.3,46,15.9,28.1
SY039803,SPT_A,Sports,18,Monday,7,30.8,84.1,86,80.2,77.0
SY059512,ADM_A,Administration,3,Wednesday,2,11.3,69.7,2,18.2,18.0
SY067977,RES_A,Residential,2,Thursday,11,13.4,79.9,288,56.9,65.7
SY081911,SCI_A,Science,16,Thursday,6,32.0,60.9,,114.5,112.7
SY010853,LIB_A,Library,13,Monday,1,18.0,49.5,15,25.7,24.6
SY098553,BUS_A,Business,14,Thursday,5,25.1,81.6,13,31.6,21.8
SY084140,SCI_B,Science,22,Wednesday,5,22.3,73.5,3,68.9,65.7
SY016979,ADM_A,Administration,6,Wednesday,9,22.0,82.9,4,19.3,18.0
SY023545,SPT_A,Sports,21,Wednesday,1,17.2,55.5,24,51.7,50.3
SY062718,ADM_A,Administration,8,Wednesday,4,20.4,67.1,105,29.2,35.8
SY024370,LEC_A,LectureHall,22,Monday,1,16.8,65.3,0,14.9,15.2
SY062708,RES_B,Residential,15,Wednesday,1,10.6,72.6,129,39.4,36.2
SY038664,ENG_A,Engineering,23,Thursday,2,,65.9,13,63.5,57.0
SY063121,BUS_B,Business,15,Thursday,11,17.6,77.2,170,52.8,48.3
SY061938,ENG_A,Engineering,15,Tuesday,2,19.3,51.9,172,75.9,81.9
SY077898,ENG_B,Engineering,12,Tuesday,6,26.9,77.2,38,58.7,54.6
SY016433,BUS_B,Business,16,Monday,1,22.1,45.8,16,27.6,28.4
SY093385,LEC_A,LectureHall,0,Friday,8,25.2,85.7,0,23.1,21.7
SY068387,ENG_B,Engineering,8,Thursday,11,14.2,77.2,55,40.9,46.6
SY002884,RES_B,Residential,13,Wednesday,1,15.1,75.4,88,29.6,28.7
SY054632,SCI_B,Science,14,Wednesday,6,35.9,59.8,50,112.0,115.7
SY028970,SCI_A,Science,2,Monday,3,12.5,79.7,4,73.4,70.7
SY037801,SPT_A,Sports,13,Wednesday,4,22.8,76.8,66,37.4,34.6
SY000637,ENG_A,Engineering,18,Saturday,9,23.9,60.8,17,65.8,65.2
SY028869,LIB_A,Library,8,Monday,7,27.0,79.3,14,27.2,31.6
SY039445,RES_B,Residential,18,Thursday,5,24.0,87.1,214,46.9,66.0
SY065349,RES_A,Residential,7,Sunday,3,11.3,64.3,275,87.8,81.2
SY073486,ENG_B,Engineering,2,Tuesday,6,20.4,83.7,5,36.5,38.1
SY059239,SCI_A,Science,6,Thursday,8,20.4,82.2,,72.6,71.5
SY016249,SPT_A,Sports,2,Friday,7,26.2,86.4,0,31.3,31.8
SY086570,ENG_A,Engineering,18,Friday,8,32.8,58.3,44,86.0,94.3
SY026711,SCI_A,Science,7,Friday,10,22.5,73.8,6,75.1,73.4
SY032113,RES_B,Residential,21,Monday,4,21.6,65.4,217,56.4,64.1
SY030745,SPT_A,Sports,14,Tuesday,6,28.8,60.2,21,40.5,31.4
SY075153,BUS_B,Business,6,Saturday,4,17.3,,1,23.1,22.7
SY016860,RES_A,Residential,13,Friday,11,17.6,69.6,134,35.7,38.9
SY083025,ADM_A,Administration,13,Friday,4,25.6,49.2,68,28.6,32.6
SY085148,ENG_A,Engineering,15,Friday,1,19.4,50.2,31,48.4,49.4
SY044791,BUS_B,Business,1,Saturday,5,18.8,81.1,3,27.6,28.6
SY008876,SCI_A,Science,14,Saturday,10,29.5,57.5,17,85.4,88.4
SY041334,ENG_A,Engineering,4,Tuesday,10,20.0,78.5,13,44.9,44.3
SY067968,BUS_B,Business,5,Sunday,6,26.8,83.2,1,35.6,32.0
SY029485,LEC_A,LectureHall,5,Saturday,2,14.7,73.9,0,16.1,14.7
SY051887,BUS_A,Business,5,Sunday,8,22.3,80.0,1,22.2,21.0
SY040179,ADM_A,Administration,17,Wednesday,8,24.3,81.6,52,35.8,31.5
SY071642,LIB_A,Library,13,Tuesday,9,30.0,58.5,134,59.6,58.1
SY049387,ENG_A,Engineering,0,Tuesday,12,11.3,72.2,11,58.0,50.2
SY016646,BUS_A,Business,8,Friday,7,30.1,75.9,19,25.3,29.6
SY015459,ADM_A,Administration,22,Wednesday,10,24.7,64.6,2,,21.9
SY096180,SCI_B,Science,6,Monday,2,12.5,72.8,5,72.2,69.3
SY052579,SPT_A,Sports,23,Wednesday,2,13.7,68.9,0,50.3,38.5
SY034423,LIB_A,Library,3,Friday,9,20.5,83.4,8,27.5,25.8
SY012378,BUS_B,Business,10,Monday,2,10.9,74.2,246,62.7,65.4
SY069689,ENG_B,Engineering,0,Wednesday,3,15.0,73.7,4,46.8,38.2
SY098658,SCI_B,Science,8,Thursday,4,19.1,71.9,36,64.0,74.3
SY049578,BUS_A,Business,7,Friday,2,15.5,64.6,7,22.7,21.1
SY012775,RES_A,Residential,13,Thursday,7,,57.2,39,54.4,59.0
SY043183,SPT_A,Sports,7,Wednesday,10,22.2,68.8,73,43.4,28.6
SY026498,SCI_B,Science,13,Friday,1,16.7,48.6,19,64.3,59.7
SY042944,RES_A,Residential,21,Tuesday,12,18.6,62.2,356,75.7,84.0
SY045565,RES_B,Residential,0,Wednesday,3,13.1,79.4,242,53.7,49.2
SY069964,BUS_B,Business,21,Monday,1,14.5,58.0,169,58.1,56.4
SY081008,ENG_B,Engineering,6,Monday,7,22.9,86.6,5,36.2,37.0
SY084579,SCI_A,Science,14,Thursday,4,,58.4,92,89.2,88.6
SY018836,BUS_A,Business,2,Tuesday,4,18.7,71.9,6,22.0,25.4
SY011886,SCI_A,Science,1,Thursday,2,10.1,66.4,4,79.8,80.9
SY023532,SPT_A,Sports,15,Monday,1,,51.9,49,41.4,44.8
SY088089,RES_B,Residential,18,Wednesday,11,19.6,54.4,213,43.3,59.9
SY006831,LEC_A,LectureHall,22,Wednesday,9,22.4,72.9,7,22.2,22.1
SY092782,RES_A,Residential,22,Saturday,11,15.4,63.5,384,97.0,96.3
SY021374,LIB_A,Library,4,Wednesday,8,20.8,78.1,1,25.2,23.9
SY019477,BUS_A,Business,7,Tuesday,12,14.4,68.5,1,26.8,22.5
SY039541,BUS_A,Business,11,Monday,6,30.2,64.1,34,44.7,40.8
SY000363,RES_B,Residential,22,Friday,11,14.0,67.0,202,56.1,56.2
SY025887,ENG_A,Engineering,21,Thursday,5,22.0,71.9,17,76.5,63.6
SY013734,SCI_B,Science,8,Wednesday,6,29.1,75.9,40,81.2,90.5
SY025161,BUS_B,Business,17,Tuesday,11,22.2,55.4,145,42.6,48.0
SY091167,ADM_A,Administration,6,Wednesday,8,21.9,70.3,1,16.8,16.4
SY000130,ENG_B,Engineering,11,Wednesday,3,16.3,76.8,117,60.0,59.1
SY070663,BUS_A,Business,23,Tuesday,3,15.9,69.9,3,22.4,23.6
SY073466,BUS_A,Business,6,Saturday,3,16.8,69.5,4,20.1,19.1
SY037149,ENG_A,Engineering,2,Sunday,4,15.6,79.9,7,42.4,41.1
SY076626,RES_A,Residential,22,Wednesday,3,14.7,72.8,278,85.2,84.6
SY009667,BUS_A,Business,12,Tuesday,7,29.7,80.5,39,48.7,46.0
SY067780,SCI_A,Science,0,Wednesday,3,16.6,74.3,8,80.8,87.1
SY072166,BUS_B,Business,14,Tuesday,7,34.9,59.8,51,65.6,73.1
SY055044,LIB_A,Library,15,Sunday,10,25.2,76.5,79,36.5,39.1
SY058030,LIB_A,Library,10,Friday,5,21.9,68.3,,29.1,30.6
SY015869,ENG_B,Engineering,0,Thursday,11,14.5,77.8,9,46.0,37.6
SY005111,SCI_A,Science,0,Tuesday,1,12.6,78.2,4,72.4,75.7
SY004785,BUS_A,Business,18,Friday,11,17.1,81.4,70,34.4,40.3
SY055320,RES_B,Residential,7,Tuesday,7,26.5,81.6,59,41.5,43.9
SY064410,ENG_B,Engineering,19,Friday,6,28.9,84.4,18,79.3,74.1
SY060338,RES_A,Residential,2,Friday,1,9.0,66.1,59,44.4,44.4
SY005518,ADM_A,Administration,21,Thursday,10,21.9,60.9,8,22.4,21.8
SY055552,RES_A,Residential,0,Monday,1,8.8,69.3,317,72.4,77.1
SY094358,ADM_A,Administration,18,Tuesday,3,21.5,51.0,8,28.3,24.8
SY039800,RES_A,Residential,0,Thursday,1,7.0,67.3,,,63.9
SY068660,LEC_A,LectureHall,18,Thursday,6,28.9,88.3,6,31.1,27.4
SY053962,RES_B,Residential,14,Monday,10,28.9,55.8,84,46.9,47.6
SY046787,LIB_A,Library,8,Monday,10,21.1,67.8,58,24.0,27.9
SY073596,BUS_B,Business,6,Saturday,2,14.4,66.2,3,28.0,31.1
SY020489,BUS_B,Business,12,Wednesday,6,32.5,79.2,57,60.8,69.7
SY060638,ADM_A,Administration,9,Thursday,3,13.8,75.2,100,39.3,39.2
SY006809,LEC_A,LectureHall,21,Thursday,5,28.2,66.2,5,31.3,29.0
SY048419,SPT_A,Sports,11,Wednesday,6,30.5,66.0,18,32.6,50.6
SY093387,LIB_A,Library,9,Wednesday,7,30.2,78.5,31,40.7,64.7
SY080235,LEC_A,LectureHall,2,Monday,3,15.9,75.6,3,13.5,15.0
SY081887,SCI_A,Science,7,Friday,1,13.2,68.8,1,85.3,83.6
SY041655,ENG_B,Engineering,3,Sunday,6,26.6,88.7,5,60.4,57.6
SY058753,ADM_A,Administration,5,Thursday,5,24.4,74.8,1,17.1,20.6
SY044214,SPT_A,Sports,1,Tuesday,12,10.8,71.4,0,38.6,38.3
SY057923,LIB_A,Library,3,Tuesday,12,13.1,68.1,101,,55.7
SY029093,LEC_A,LectureHall,14,Tuesday,11,17.2,74.2,333,31.4,35.9
SY065292,RES_A,Residential,23,Sunday,2,13.8,,378,99.5,72.0
SY072255,SPT_A,Sports,22,Monday,5,23.7,71.2,23,60.1,30.4
SY014362,ENG_A,Engineering,19,Sunday,3,20.1,60.2,8,57.3,45.3
SY094058,LIB_A,Library,10,Sunday,4,21.7,73.4,62,21.1,25.4
SY047949,SCI_A,Science,8,Friday,5,19.9,73.8,58,77.2,89.9
SY014338,ENG_A,Engineering,15,Monday,1,15.0,51.2,130,76.1,71.7
SY025643,RES_B,Residential,8,Friday,3,13.0,65.0,147,50.1,43.6
SY093690,BUS_B,Business,15,Saturday,3,20.6,50.0,14,23.8,24.9
SY026943,LIB_A,Library,22,Friday,5,21.4,70.3,78,64.9,53.5
SY023230,BUS_A,Business,13,Tuesday,9,20.3,83.8,142,38.0,32.5
SY037328,ADM_A,Administration,1,Wednesday,5,22.0,79.0,0,18.8,17.6
SY061342,ADM_A,Administration,18,Friday,1,14.4,75.0,6,29.7,22.4
SY019410,SCI_B,Science,18,Sunday,9,20.2,83.1,4,58.5,58.0
SY057684,SPT_A,Sports,9,Wednesday,5,26.7,76.4,5,44.6,30.4
SY002832,ENG_A,Engineering,22,Thursday,10,22.6,64.3,28,72.0,66.9
SY007324,SCI_B,Science,16,Tuesday,1,17.0,51.5,,63.5,64.4
SY003261,RES_B,Residential,11,Saturday,1,14.1,56.1,26,31.0,30.7
SY053320,SCI_B,Science,7,Wednesday,6,29.0,82.2,4,85.4,87.4
SY037015,SPT_A,Sports,19,Monday,2,18.7,52.8,143,62.9,62.0
SY099192,BUS_B,Business,23,Friday,4,14.8,61.8,0,25.9,29.4
SY024372,ENG_B,Engineering,10,Tuesday,3,18.1,75.3,100,54.7,55.6
SY097432,ENG_B,Engineering,12,Sunday,5,28.9,,22,52.0,57.6
SY084293,LIB_A,Library,3,Sunday,6,22.5,85.4,0,26.4,28.5
SY079707,SCI_A,Science,14,Sunday,1,18.4,51.1,12,76.1,75.0
SY042633,RES_B,Residential,10,Wednesday,10,25.5,63.1,121,36.0,36.2
SY091339,SCI_A,Science,4,Sunday,3,12.6,78.9,,77.9,73.8
SY068027,ADM_A,Administration,20,Friday,8,27.3,82.8,2,22.3,24.8
SY012207,ADM_A,Administration,16,Saturday,3,19.6,49.3,0,16.0,15.7
SY044000,LIB_A,Library,19,Saturday,2,21.0,48.0,46,45.3,43.7
SY062200,ENG_A,Engineering,11,Monday,1,12.2,57.6,112,78.7,76.7
SY082317,SPT_A,Sports,1,Sunday,9,19.1,81.3,0,34.8,34.7
SY075217,RES_A,Residential,13,Friday,2,21.5,50.4,131,36.3,34.8
SY013478,RES_B,Residential,17,Wednesday,5,27.8,59.8,148,47.7,53.0
SY049918,LEC_A,LectureHall,4,Thursday,5,19.7,79.0,8,15.9,16.9
SY061158,LEC_A,LectureHall,11,Tuesday,12,17.9,56.2,342,29.7,31.7
SY008061,SCI_A,Science,10,Thursday,11,15.8,75.6,109,110.2,102.0
SY088345,BUS_A,Business,18,Friday,8,27.5,62.6,28,38.4,36.8
SY075052,SCI_B,Science,19,Friday,2,16.5,77.3,56,84.4,81.2
SY054639,BUS_B,Business,15,Friday,3,18.0,76.1,132,42.7,40.0
SY023982,ENG_A,Engineering,19,Sunday,5,22.1,77.2,10,51.0,50.6
SY000065,BUS_B,Business,11,Monday,11,19.4,55.5,180,50.0,45.4
SY030010,BUS_A,Business,19,Thursday,10,28.5,60.6,77,64.3,63.2
SY044314,ENG_A,Engineering,13,Saturday,4,18.8,71.7,40,47.9,45.5
SY035941,ENG_B,Engineering,23,Friday,10,20.6,73.0,19,56.2,48.7
SY021697,SPT_A,Sports,18,Tuesday,8,31.1,80.0,56,82.1,79.1
SY066702,ADM_A,Administration,7,Wednesday,1,14.5,61.9,22,18.9,20.9
SY042205,BUS_B,Business,10,Tuesday,9,22.7,79.2,200,44.5,48.6
SY052925,SPT_A,Sports,6,Sunday,6,27.0,75.1,0,23.7,29.1
SY087695,ENG_B,Engineering,10,Friday,5,26.8,61.3,118,61.5,70.9
SY059414,SCI_B,Science,3,Saturday,1,11.8,70.3,2,60.9,64.6
SY006405,SCI_B,Science,7,Thursday,5,22.2,83.1,9,59.6,65.7
SY092518,BUS_A,Business,19,Thursday,1,15.3,54.6,117,35.8,39.8
SY094539,SCI_A,Science,23,Monday,12,13.1,61.8,1,80.4,79.9
SY053340,RES_A,Residential,15,Thursday,4,24.6,54.1,147,40.8,44.6
SY020459,SCI_B,Science,15,Friday,3,24.5,51.6,71,74.4,70.9
SY005424,SCI_B,Science,12,Sunday,1,18.5,53.0,5,58.2,57.8
SY088146,BUS_A,Business,7,Wednesday,3,13.6,78.6,3,24.7,21.4
SY010346,SCI_A,Science,16,Thursday,4,24.8,54.8,71,101.9,97.9
SY022437,RES_A,Residential,18,Tuesday,10,25.9,57.9,222,55.4,90.4
SY076237,ADM_A,Administration,9,Monday,8,26.8,62.6,83,36.3,41.7
SY081759,LEC_A,LectureHall,21,Monday,10,20.7,79.7,12,18.9,17.9
SY037667,SCI_B,Science,19,Thursday,2,22.2,56.3,37,87.8,73.2
SY029111,SCI_A,Science,10,Thursday,5,,,88,97.0,92.3
SY017462,RES_B,Residential,1,Wednesday,1,11.0,77.2,261,53.1,56.1
SY006664,LEC_A,LectureHall,1,Monday,5,17.1,76.2,1,13.5,15.2
SY006272,BUS_A,Business,13,Monday,8,29.0,60.9,36,35.4,37.3
SY010226,SCI_B,Science,18,Wednesday,1,19.7,51.6,46,73.7,75.6
SY092571,BUS_B,Business,16,Tuesday,8,31.5,83.6,38,73.0,74.4
SY030865,ENG_A,Engineering,4,Sunday,4,15.3,84.1,11,41.9,42.1
SY034905,LEC_A,LectureHall,19,Wednesday,2,18.1,52.8,13,31.3,16.6
SY065034,SPT_A,Sports,10,Thursday,9,21.2,77.2,54,35.5,35.8
SY079450,BUS_A,Business,3,Sunday,3,9.8,73.4,3,25.3,25.6
SY068727,RES_A,Residential,2,Thursday,12,14.1,67.2,250,63.1,57.3
SY083602,LEC_A,LectureHall,3,Saturday,6,24.9,79.6,0,24.0,19.5
SY069283,SCI_B,Science,12,Tuesday,2,19.1,54.4,,84.8,89.9
SY057238,SCI_B,Science,8,Thursday,5,22.4,78.7,27,60.5,66.1
SY043433,BUS_A,Business,17,Saturday,5,31.6,52.0,8,29.7,30.8
SY039457,SCI_B,Science,14,Tuesday,3,19.5,77.7,79,74.6,72.8
SY099537,ADM_A,Administration,8,Sunday,6,29.1,73.2,3,20.2,18.3
SY074131,LEC_A,LectureHall,11,Thursday,1,14.8,55.9,,37.3,29.9
SY083810,LEC_A,LectureHall,13,Sunday,6,32.0,58.1,0,22.9,25.1
SY020860,ENG_B,Engineering,20,Thursday,5,26.5,66.2,15,63.4,60.7
SY066942,LEC_A,LectureHall,4,Friday,2,12.1,72.3,2,17.6,17.1
SY079235,SCI_A,Science,17,Saturday,11,21.5,55.3,8,80.3,81.2
SY087819,LIB_A,Library,9,Wednesday,6,23.1,72.0,24,28.2,26.8
SY032120,BUS_A,Business,6,Friday,2,13.6,68.9,3,22.1,20.1
SY022303,LEC_A,LectureHall,22,Monday,9,24.2,82.6,5,24.1,20.5
SY026796,RES_B,Residential,3,Friday,6,25.1,83.9,64,45.1,44.3
SY042569,BUS_B,Business,13,Sunday,9,30.7,56.0,73,56.4,56.3
SY098392,BUS_B,Business,16,Saturday,6,34.7,53.4,2,40.4,41.3
SY083492,BUS_A,Business,23,Friday,11,10.9,66.6,4,25.3,24.1
SY001807,BUS_A,Business,4,Friday,3,15.5,71.3,4,24.5,25.5
SY055750,ADM_A,Administration,10,Thursday,5,29.9,62.8,98,40.3,50.1
SY028003,ENG_B,Engineering,3,Thursday,6,19.4,78.6,1,35.0,34.8
SY054225,BUS_B,Business,21,Friday,3,19.8,63.4,6,26.9,27.4
SY032565,BUS_B,Business,16,Thursday,9,31.4,58.5,176,85.0,77.7
SY004514,SCI_B,Science,23,Sunday,9,16.9,86.7,4,61.4,56.4
SY061259,BUS_A,Business,14,Wednesday,9,29.7,56.3,126,45.6,53.9
SY064999,RES_A,Residential,5,Tuesday,8,21.7,85.2,104,38.7,42.8
SY085635,ENG_B,Engineering,12,Sunday,9,26.9,85.4,17,46.3,51.9
SY020555,BUS_A,Business,14,Monday,2,18.7,71.4,156,32.8,38.3
SY061732,ADM_A,Administration,9,Monday,6,28.9,66.5,79,42.0,41.8
SY030732,RES_B,Residential,8,Saturday,7,24.3,79.7,61,31.8,36.5
SY092646,BUS_B,Business,17,Wednesday,11,18.2,80.5,206,51.6,48.6
SY073360,SPT_A,Sports,5,Saturday,5,19.1,73.1,0,31.0,27.7
SY089500,BUS_A,Business,23,Saturday,5,19.5,74.2,,21.3,21.6
SY054996,LEC_A,LectureHall,0,Wednesday,6,22.8,81.7,0,21.5,18.5
SY001126,SPT_A,Sports,23,Tuesday,4,20.8,72.1,0,42.0,28.9
SY099576,BUS_B,Business,3,Saturday,7,28.3,85.5,1,39.3,42.0
SY086353,ENG_A,Engineering,15,Wednesday,5,22.3,82.6,30,47.5,45.9
SY022798,RES_A,Residential,7,Sunday,5,20.1,69.9,307,60.2,69.1
SY007097,BUS_B,Business,21,Tuesday,8,24.5,84.5,28,51.5,47.7
SY072529,LIB_A,Library,5,Wednesday,5,23.1,72.9,80,53.4,53.7
SY098331,ENG_B,Engineering,11,Thursday,1,16.3,57.7,17,43.9,38.5
SY041968,ENG_A,Engineering,13,Tuesday,4,21.8,49.7,107,61.9,64.4
SY075962,ADM_A,Administration,12,Tuesday,7,29.7,76.8,46,51.8,42.8
SY006575,RES_A,Residential,9,Thursday,10,24.4,59.9,124,,34.2
SY030498,ADM_A,Administration,8,Tuesday,12,17.1,54.8,98,25.3,35.9
SY057489,ADM_A,Administration,22,Wednesday,12,17.4,61.6,2,18.3,18.1
SY014315,RES_B,Residential,3,Friday,3,11.2,73.5,244,51.7,50.3
SY066480,BUS_A,Business,8,Friday,1,15.0,61.2,10,20.5,21.8
SY072860,ENG_A,Engineering,21,Tuesday,6,27.9,69.9,7,94.3,82.2
SY034344,ENG_B,Engineering,13,Wednesday,4,21.3,59.5,82,58.3,51.7
SY092556,RES_B,Residential,9,Tuesday,2,11.4,62.1,153,53.8,40.9
SY088439,SCI_A,Science,15,Sunday,2,21.8,53.2,11,73.4,72.5
SY033005,SPT_A,Sports,8,Sunday,2,21.1,67.8,39,24.0,29.5
SY080397,RES_B,Residential,0,Saturday,6,25.5,82.1,79,55.7,55.2
SY058663,ENG_B,Engineering,20,Monday,2,15.7,74.1,37,59.3,54.6
SY093279,RES_A,Residential,6,Thursday,10,,70.9,261,57.0,61.5
SY045933,RES_B,Residential,2,Saturday,1,10.1,75.9,37,27.2,31.8
SY040734,ADM_A,Administration,4,Friday,7,26.2,76.6,0,22.5,20.8
SY016654,BUS_A,Business,13,Friday,10,27.0,57.7,79,40.1,34.5
SY075160,LIB_A,Library,14,Saturday,3,21.3,48.1,78,27.8,28.6
SY048387,BUS_A,Business,21,Tuesday,7,26.8,87.0,33,,48.3
SY049900,SCI_A,Science,1,Saturday,8,19.5,84.1,0,69.2,66.9
SY087813,RES_B,Residential,21,Saturday,8,27.8,71.1,58,52.6,54.7
SY081539,ENG_B,Engineering,0,Friday,1,,80.2,11,52.0,47.7
SY082231,ENG_A,Engineering,2,Friday,3,15.2,73.4,11,46.0,50.5
SY055404,LIB_A,Library,0,Friday,1,10.0,76.4,10,49.1,29.5
SY027410,SPT_A,Sports,3,Tuesday,2,13.1,68.9,0,42.1,39.8
SY007921,RES_A,Residential,21,Monday,7,26.8,69.4,83,67.9,69.8
SY026013,ENG_B,Engineering,18,Sunday,11,17.3,76.5,18,39.7,50.0
SY089664,SCI_A,Science,4,Saturday,7,27.0,91.4,4,110.3,106.7
SY088626,RES_B,Residential,23,Tuesday,8,20.3,89.0,51,33.1,29.6
SY092875,LEC_A,LectureHall,16,Sunday,6,31.7,83.3,0,29.5,32.5
SY069452,ENG_B,Engineering,11,Wednesday,2,15.7,77.7,106,,58.6
SY094192,RES_B,Residential,2,Monday,6,22.5,82.1,50,41.0,38.9
SY079521,SPT_A,Sports,21,Monday,10,24.8,69.0,71,76.3,68.0
SY015240,LIB_A,Library,1,Monday,8,22.8,77.1,1,25.3,27.2
SY011902,ENG_B,Engineering,12,Monday,4,18.0,56.9,113,50.3,58.1
SY038309,SPT_A,Sports,18,Monday,12,18.7,54.9,129,64.8,62.4
SY033289,BUS_B,Business,3,Monday,1,11.4,70.3,4,31.0,29.9
SY033823,BUS_B,Business,18,Thursday,5,31.7,61.7,57,71.7,67.5
SY064198,RES_B,Residential,15,Monday,8,29.0,56.2,24,34.5,37.1
SY012881,ENG_A,Engineering,15,Tuesday,6,31.2,60.4,48,83.2,85.0
SY072730,RES_B,Residential,17,Monday,8,32.3,62.0,42,49.2,52.0
SY019122,RES_B,Residential,21,Friday,8,27.0,81.0,165,80.8,77.0
SY083212,ENG_B,Engineering,11,Wednesday,6,32.5,63.2,46,64.0,69.2
SY032672,ENG_B,Engineering,2,Friday,4,16.5,79.3,11,37.2,36.5
SY030681,ENG_A,Engineering,8,Saturday,8,22.3,85.4,1,42.1,44.3
SY079102,RES_A,Residential,23,Saturday,5,22.1,74.5,241,92.1,65.0
SY078222,SPT_A,Sports,22,Thursday,5,26.4,75.2,30,69.1,39.8
SY037270,ADM_A,Administration,16,Saturday,2,22.9,46.5,4,17.2,17.5
SY098061,RES_A,Residential,12,Wednesday,1,16.2,71.4,160,42.2,39.2
SY073192,RES_A,Residential,9,Sunday,1,13.9,58.4,264,87.2,53.5
SY091654,ADM_A,Administration,5,Tuesday,6,23.1,73.9,1,17.7,15.4
SY029198,RES_B,Residential,21,Sunday,3,10.8,73.2,203,82.1,62.7
SY063914,ENG_A,Engineering,2,Sunday,5,22.5,86.0,6,59.9,51.7
SY039525,SCI_B,Science,4,Monday,5,18.9,85.1,4,63.2,65.3
SY092923,ENG_B,Engineering,0,Thursday,4,15.7,73.4,9,,36.6
SY030961,RES_B,Residential,5,Tuesday,11,12.5,82.3,216,44.9,46.4
SY097900,SCI_B,Science,6,Saturday,2,12.9,73.1,10,72.5,71.7
SY031789,ENG_B,Engineering,19,Friday,8,29.0,82.6,39,90.5,76.1
SY096684,BUS_B,Business,15,Sunday,5,26.1,76.3,8,25.7,27.4
SY054617,RES_B,Residential,14,Saturday,1,,,163,36.7,37.6
SY024777,ENG_A,Engineering,7,Tuesday,5,19.9,67.9,9,48.3,47.0
SY016154,SCI_A,Science,18,Monday,2,19.4,48.6,96,140.0,144.9
SY019464,BUS_B,Business,5,Saturday,8,20.2,82.4,0,24.4,27.7
SY034696,LEC_A,LectureHall,22,Thursday,5,25.3,82.9,4,25.2,22.5
SY088172,SCI_A,Science,4,Tuesday,11,13.3,78.2,12,81.8,85.9
SY007897,SCI_A,Science,11,Friday,4,25.0,64.0,88,93.8,95.6
SY072079,LIB_A,Library,3,Saturday,6,26.6,87.9,0,34.7,29.9
SY089918,SCI_A,Science,10,Thursday,9,24.1,69.8,99,87.6,88.3
SY000930,LEC_A,LectureHall,3,Saturday,11,11.0,74.1,1,15.9,19.0
SY073590,RES_B,Residential,16,Wednesday,10,27.2,60.9,100,43.9,47.2
SY031588,ENG_B,Engineering,13,Wednesday,3,20.1,53.9,58,58.1,53.7
SY094856,RES_B,Residential,17,Monday,6,31.2,66.5,18,50.2,47.3
SY013783,BUS_B,Business,16,Tuesday,5,26.6,57.7,141,50.7,52.1
SY073200,ENG_A,Engineering,19,Thursday,4,23.0,72.2,73,67.9,65.4
SY072944,ENG_B,Engineering,2,Tuesday,5,25.8,86.2,1,54.7,52.4
SY094802,SPT_A,Sports,20,Sunday,1,15.7,53.5,27,42.5,43.2
SY052341,SPT_A,Sports,18,Monday,3,17.9,76.3,208,50.2,60.3
SY073503,BUS_B,Business,9,Saturday,7,32.3,71.7,14,38.3,41.2
SY033795,SCI_B,Science,0,Friday,1,13.5,72.4,2,86.9,88.0
SY015758,LIB_A,Library,0,Saturday,1,13.0,66.1,0,25.2,26.4
SY058960,ENG_B,Engineering,2,Friday,10,21.1,86.8,11,39.3,39.4
SY012316,LIB_A,Library,10,Thursday,7,30.6,65.8,38,37.6,58.1
SY078897,RES_A,Residential,13,Wednesday,1,20.6,49.9,12,25.1,26.3
SY015709,SCI_A,Science,12,Wednesday,10,23.1,72.8,82,84.8,91.7
SY051686,ENG_B,Engineering,17,Monday,8,33.4,63.8,25,,68.2
SY013237,ENG_A,Engineering,2,Sunday,6,27.9,81.8,2,80.1,77.7
SY090144,ADM_A,Administration,7,Monday,3,16.2,81.3,70,17.5,29.0
SY027733,LIB_A,Library,21,Monday,4,,85.6,132,51.0,51.2
SY044462,ADM_A,Administration,4,Sunday,12,13.6,77.9,0,18.0,20.3
SY026296,RES_B,Residential,9,Thursday,9,19.6,79.3,137,43.7,32.2
SY032309,ENG_B,Engineering,18,Saturday,3,22.7,54.7,10,40.3,41.7
SY010069,SPT_A,Sports,14,Thursday,3,20.0,47.0,37,42.6,43.5
SY067828,LEC_A,LectureHall,4,Monday,5,19.6,81.8,3,17.7,13.8
SY004366,SCI_A,Science,23,Tuesday,6,25.8,79.5,0,,102.2
SY002575,SCI_B,Science,13,Sunday,1,18.1,53.8,18,64.6,60.7
SY080159,RES_B,Residential,20,Thursday,1,13.8,54.9,188,56.0,59.2
SY075953,BUS_A,Business,6,Saturday,9,21.5,80.3,1,19.5,18.6
SY051474,RES_A,Residential,8,Saturday,1,13.9,63.7,49,37.0,36.6
SY091352,ENG_A,Engineering,4,Sunday,3,12.0,76.6,4,45.3,44.0
SY021073,LEC_A,LectureHall,14,Thursday,1,18.0,50.2,7,12.4,12.2
SY035090,ENG_A,Engineering,8,Sunday,9,22.8,83.0,10,45.3,50.5
SY024297,ENG_B,Engineering,20,Wednesday,10,23.5,66.2,35,67.3,62.0
SY078843,RES_B,Residential,13,Monday,2,21.6,50.0,76,24.3,25.7
SY027607,LEC_A,LectureHall,15,Sunday,3,23.1,46.7,3,10.6,11.3
SY033759,ENG_A,Engineering,17,Wednesday,2,19.3,47.1,91,60.3,72.2
SY098920,ADM_A,Administration,0,Wednesday,4,18.5,70.8,3,16.2,18.9
SY053133,SCI_A,Science,13,Monday,7,,88.0,47,126.3,119.9
SY078176,ADM_A,Administration,5,Saturday,6,22.9,82.5,2,14.7,14.1
SY052858,RES_B,Residential,8,Tuesday,12,16.5,58.9,155,52.2,42.1
SY072963,SCI_A,Science,14,Friday,2,21.0,50.3,83,101.9,95.7
SY079344,ADM_A,Administration,11,Thursday,3,14.7,72.8,98,40.0,38.0
SY090969,LIB_A,Library,16,Wednesday,1,10.6,79.8,188,56.6,52.6
SY018508,LIB_A,Library,5,Sunday,6,22.6,80.4,2,30.4,29.8
SY003244,RES_A,Residential,17,Sunday,3,20.8,56.3,207,45.2,45.9
SY056481,ADM_A,Administration,2,Thursday,6,25.0,81.2,1,22.0,20.6
SY061814,LEC_A,LectureHall,3,Sunday,6,25.8,79.0,1,25.8,24.3
SY006840,LEC_A,LectureHall,13,Monday,6,29.3,58.6,30,22.2,34.7
SY041984,BUS_A,Business,19,Monday,3,19.6,56.7,104,42.1,44.5
SY081621,RES_A,Residential,17,Monday,10,29.0,61.3,135,56.9,63.2
SY082281,LEC_A,LectureHall,10,Saturday,3,21.0,57.8,,,12.9
SY025841,LIB_A,Library,12,Tuesday,6,31.1,62.9,,50.6,58.2
SY076864,BUS_B,Business,8,Tuesday,12,14.5,65.2,40,28.5,36.0
SY059428,SCI_A,Science,4,Tuesday,4,17.2,79.6,7,,76.2
SY083173,RES_A,Residential,9,Saturday,7,28.6,85.3,69,59.5,59.0
SY047185,ADM_A,Administration,13,Friday,8,23.9,76.7,80,,37.7
SY029649,RES_B,Residential,13,Sunday,3,,,140,34.5,35.2
SY029771,RES_A,Residential,18,Sunday,2,27.6,49.9,239,65.3,89.3
SY047573,RES_A,Residential,3,Tuesday,10,19.6,77.1,245,73.5,61.2
SY098959,LEC_A,LectureHall,17,Monday,7,,87.6,15,61.3,31.9
SY010966,ENG_A,Engineering,20,Thursday,1,12.8,61.0,37,72.0,65.6
SY098711,ADM_A,Administration,22,Friday,5,25.7,66.0,4,18.1,19.6
SY076486,ENG_B,Engineering,6,Friday,4,16.9,74.5,6,41.2,36.7
SY055291,BUS_A,Business,5,Tuesday,1,11.1,64.7,6,24.7,23.8
SY067993,LEC_A,LectureHall,11,Tuesday,4,23.1,57.9,147,,22.3
SY020101,RES_B,Residential,14,Sunday,9,19.5,78.1,163,39.7,38.7
SY023939,BUS_B,Business,4,Saturday,6,25.8,79.1,0,34.1,31.4
SY054858,BUS_A,Business,14,Thursday,3,20.4,56.0,165,35.5,41.6
SY091027,RES_A,Residential,10,Sunday,9,28.0,61.0,284,65.1,65.8
SY016242,RES_B,Residential,1,Saturday,11,15.6,81.0,239,44.6,48.1
SY004879,RES_A,Residential,21,Wednesday,10,21.9,,244,79.3,82.1
SY077286,LEC_A,LectureHall,22,Sunday,5,18.9,73.2,2,15.5,16.6
SY072122,BUS_B,Business,11,Tuesday,3,20.7,58.5,227,42.3,47.9
SY043181,SCI_B,Science,6,Monday,8,25.3,78.4,10,63.6,69.1
SY045065,ENG_A,Engineering,14,Thursday,2,18.8,49.9,110,61.2,64.0
SY048851,SCI_B,Science,21,Tuesday,5,27.1,69.3,14,102.9,93.7
SY035270,SCI_A,Science,4,Friday,4,16.4,76.9,7,76.5,76.3
SY021756,BUS_A,Business,10,Wednesday,2,18.7,60.1,178,44.2,40.3
SY002206,SPT_A,Sports,18,Friday,5,29.8,57.1,71,59.5,60.3
SY057095,BUS_B,Business,5,Wednesday,8,21.1,82.7,2,27.9,27.3
SY070286,BUS_B,Business,18,Thursday,2,24.1,53.0,168,,65.6
SY024286,BUS_B,Business,23,Wednesday,5,24.3,81.7,0,32.5,31.8
SY006200,SCI_A,Science,3,Sunday,3,9.2,74.0,11,86.7,88.2
SY045296,SCI_A,Science,6,Tuesday,6,24.9,80.8,2,82.8,81.8
SY037103,SCI_A,Science,15,Thursday,4,25.8,57.7,96,102.7,100.1
SY041753,ADM_A,Administration,3,Monday,2,13.4,73.7,6,17.3,19.3
SY079632,LEC_A,LectureHall,0,Saturday,11,17.3,65.4,0,16.2,17.3
SY042584,LIB_A,Library,22,Thursday,8,22.5,69.5,34,52.3,45.4
SY057679,LEC_A,LectureHall,7,Thursday,5,21.1,67.1,10,11.7,11.7
SY010848,ENG_B,Engineering,10,Wednesday,6,29.5,72.8,48,58.4,61.5
SY040614,RES_B,Residential,23,Friday,2,16.7,67.8,215,64.9,46.9
SY028445,ADM_A,Administration,17,Thursday,6,,84.7,51,47.7,41.9
SY011654,BUS_B,Business,16,Wednesday,1,10.9,81.5,179,61.1,56.8
SY063464,ENG_B,Engineering,19,Friday,9,29.3,72.3,47,85.0,82.2
SY010026,ENG_B,Engineering,1,Saturday,4,18.0,76.7,12,34.4,38.5
SY091333,LIB_A,Library,20,Wednesday,4,20.4,79.6,132,50.4,48.1
SY027486,BUS_A,Business,9,Wednesday,3,14.3,78.4,115,30.0,37.3
SY050443,BUS_B,Business,15,Thursday,10,30.4,53.7,163,82.1,75.5
SY079927,SCI_B,Science,0,Saturday,1,9.9,74.4,1,62.3,62.8
SY004926,BUS_A,Business,6,Tuesday,6,24.5,78.1,1,21.7,20.7
SY083800,LEC_A,LectureHall,4,Saturday,3,15.2,77.6,,11.4,13.8
SY057407,RES_B,Residential,9,Friday,10,22.1,67.5,134,45.1,35.9
SY074323,LIB_A,Library,4,Tuesday,4,17.8,76.9,5,23.8,23.4
SY024236,LEC_A,LectureHall,8,Friday,9,26.8,70.5,305,19.6,62.0
SY005138,SCI_A,Science,17,Sunday,3,21.6,55.4,4,73.5,75.6
SY087452,LIB_A,Library,17,Tuesday,12,18.2,48.7,158,,56.0
SY018682,RES_B,Residential,5,Saturday,2,14.2,76.1,244,51.6,51.6
SY024750,RES_B,Residential,5,Friday,3,11.8,80.3,238,57.2,59.8
SY034380,RES_A,Residential,23,Saturday,4,16.6,78.0,312,85.0,73.0
SY060206,SCI_A,Science,19,Sunday,5,24.6,61.8,6,79.6,84.5
SY072402,LEC_A,LectureHall,14,Friday,11,,,185,24.4,25.2
SY054001,SCI_B,Science,21,Sunday,5,29.9,70.3,2,104.1,105.5
SY096472,SPT_A,Sports,2,Thursday,2,11.1,64.0,0,45.8,46.2
SY064304,SCI_A,Science,2,Monday,3,9.2,81.4,6,91.0,88.0
SY064832,SPT_A,Sports,11,Monday,12,17.3,52.2,34,37.6,38.1
SY008730,BUS_A,Business,11,Wednesday,4,22.5,79.9,153,30.3,34.2
SY007175,SPT_A,Sports,15,Sunday,2,28.5,45.9,78,52.6,48.9
SY044770,SPT_A,Sports,1,Saturday,9,25.7,90.8,0,37.2,35.1
SY009437,BUS_B,Business,20,Monday,7,29.4,82.9,34,83.5,77.8
SY012385,ADM_A,Administration,11,Thursday,1,14.0,75.0,95,32.4,35.5
SY084717,LEC_A,LectureHall,12,Saturday,8,31.9,57.6,0,20.8,23.9
SY035226,RES_A,Residential,22,Friday,7,31.3,70.0,77,85.4,86.8
SY002815,LEC_A,LectureHall,3,Friday,4,19.7,82.4,0,16.5,15.8
SY082779,LEC_A,LectureHall,15,Wednesday,5,32.4,55.7,331,,86.2
SY062063,RES_A,Residential,3,Wednesday,6,18.9,80.8,47,39.9,34.7
SY077278,SCI_B,Science,0,Friday,8,25.4,89.3,4,80.5,75.6
SY082615,SCI_B,Science,12,Tuesday,11,20.3,56.2,83,79.0,75.5
SY051621,RES_A,Residential,22,Tuesday,9,24.4,74.3,260,96.1,96.2
SY083817,SCI_B,Science,14,Thursday,7,33.7,61.5,32,113.9,110.2
SY062109,BUS_B,Business,14,Sunday,4,30.2,49.2,,47.9,33.9
SY044338,ENG_A,Engineering,5,Saturday,4,16.9,71.5,7,47.3,44.3
SY007296,ADM_A,Administration,23,Saturday,5,25.8,71.8,2,24.0,24.8
SY015234,ENG_B,Engineering,13,Saturday,11,18.3,78.3,21,38.8,37.9
SY071111,SCI_B,Science,21,Friday,5,23.5,67.7,14,74.4,65.6
SY081148,LIB_A,Library,17,Friday,5,30.3,55.1,206,101.5,94.1
SY014345,RES_A,Residential,15,Wednesday,7,28.4,86.8,40,50.1,57.3
SY008994,BUS_A,Business,18,Monday,6,33.2,61.7,,61.4,57.9
SY078755,LEC_A,LectureHall,22,Wednesday,4,19.9,67.4,1,13.5,13.8
SY094929,BUS_A,Business,0,Tuesday,2,16.7,62.7,1,22.4,22.1
SY023010,BUS_A,Business,21,Saturday,5,23.6,71.0,4,25.9,24.2
SY086827,RES_B,Residential,8,Saturday,5,20.7,73.6,271,47.7,57.1
SY047659,BUS_B,Business,20,Friday,10,23.2,60.0,119,63.1,60.4
SY033189,BUS_B,Business,7,Tuesday,1,8.2,59.6,7,34.6,30.8
SY020426,BUS_A,Business,11,Wednesday,8,32.0,81.2,171,83.9,86.0
SY010308,ENG_B,Engineering,7,Friday,12,18.3,64.3,5,34.8,37.4
SY041428,ENG_B,Engineering,17,Saturday,12,18.6,52.9,20,40.8,49.7
SY076935,BUS_B,Business,0,Saturday,4,19.5,76.7,0,27.0,24.8
SY070835,RES_A,Residential,22,Sunday,8,25.2,69.1,79,63.1,61.5
SY052876,ENG_A,Engineering,3,Monday,1,8.8,73.6,1,53.1,53.1
SY069713,RES_B,Residential,23,Saturday,3,11.2,64.7,191,79.0,46.0
SY059301,RES_B,Residential,0,Thursday,2,12.2,67.8,236,54.4,47.3
SY042621,SCI_A,Science,7,Saturday,4,18.6,72.2,5,80.9,78.3
SY013801,SCI_B,Science,22,Monday,12,14.5,65.2,6,61.1,62.4
SY002280,SCI_B,Science,13,Saturday,4,17.0,76.3,63,71.7,75.1
SY055843,BUS_A,Business,11,Tuesday,7,33.5,68.0,37,45.5,52.4
SY034211,LEC_A,LectureHall,11,Monday,3,18.7,72.1,291,21.7,30.7
SY084964,SCI_B,Science,18,Tuesday,4,21.7,81.1,59,75.5,86.1
SY056040,SCI_B,Science,21,Sunday,2,17.9,65.3,6,60.0,58.2
SY074553,BUS_B,Business,11,Sunday,1,19.5,57.0,4,25.5,26.8
SY032581,ENG_A,Engineering,16,Tuesday,5,24.8,84.8,72,69.2,65.9
SY060420,LEC_A,LectureHall,13,Monday,3,18.8,76.5,319,18.1,30.0
SY000702,BUS_A,Business,6,Saturday,2,12.8,69.7,1,21.0,23.8
SY017389,LEC_A,LectureHall,11,Tuesday,2,22.1,55.4,226,24.4,27.5
SY004216,SCI_A,Science,3,Tuesday,5,19.7,76.4,6,82.5,80.0
SY068268,SCI_B,Science,23,Thursday,3,14.0,71.4,3,64.2,58.5
SY008693,RES_A,Residential,6,Monday,7,25.1,78.4,91,43.9,54.8
SY033471,RES_B,Residential,14,Friday,4,22.2,76.9,124,32.0,32.5
SY068533,LEC_A,LectureHall,2,Thursday,6,25.5,83.2,0,25.1,23.7
SY072738,RES_B,Residential,19,Sunday,6,29.1,60.0,55,49.8,54.8
SY035955,SCI_B,Science,10,Saturday,3,18.4,61.7,7,60.8,57.1
SY005498,SPT_A,Sports,12,Tuesday,6,29.4,57.7,26,37.7,39.2
SY032278,SCI_B,Science,9,Wednesday,5,27.0,71.4,68,77.2,87.6
SY004802,BUS_B,Business,2,Thursday,6,23.5,88.1,2,28.8,30.1
SY099457,ENG_B,Engineering,1,Monday,9,23.6,81.1,12,46.1,43.5
SY046658,RES_B,Residential,11,Thursday,2,23.1,53.4,112,29.8,32.2
SY050158,SCI_A,Science,1,Friday,3,16.9,74.6,2,69.8,67.8
SY006937,LEC_A,LectureHall,1,Sunday,10,21.3,74.8,0,17.2,16.4
SY071976,SCI_A,Science,5,Monday,5,20.3,76.6,10,,79.1
SY060328,SCI_B,Science,23,Sunday,4,20.4,75.0,4,65.6,60.1
SY063667,SCI_A,Science,2,Tuesday,3,14.9,78.9,9,69.1,72.0
SY048800,SPT_A,Sports,19,Friday,3,20.9,57.5,50,47.7,44.8
SY057779,SCI_B,Science,23,Monday,4,14.9,70.7,5,67.4,64.3
SY015271,BUS_A,Business,17,Friday,2,19.7,55.6,158,39.2,38.4
SY091360,SCI_A,Science,20,Sunday,11,17.8,80.6,4,70.7,71.5
SY000547,ADM_A,Administration,8,Saturday,5,25.8,63.5,1,15.6,17.9
SY069714,RES_B,Residential,17,Wednesday,5,29.8,61.3,147,56.5,59.2
SY056798,SPT_A,Sports,15,Monday,11,21.5,47.8,65,34.8,39.5
SY089322,RES_A,Residential,13,Saturday,4,16.5,74.5,217,48.1,43.3
SY076494,LEC_A,LectureHall,8,Wednesday,4,21.7,71.4,135,13.4,22.5
SY045049,ENG_B,Engineering,19,Sunday,9,24.8,83.4,7,48.5,45.2
SY099261,LEC_A,LectureHall,7,Sunday,5,28.0,75.2,4,20.1,18.4
SY010503,ENG_B,Engineering,3,Saturday,2,14.7,70.8,9,37.5,39.3
SY062448,LEC_A,LectureHall,10,Monday,3,18.5,70.9,184,33.4,21.7
SY064932,LEC_A,LectureHall,13,Monday,4,19.7,52.5,318,20.5,31.2
SY057664,SCI_B,Science,2,Saturday,8,27.1,83.1,1,82.6,78.3
SY043000,SCI_A,Science,8,Thursday,4,19.9,67.0,46,74.8,80.1
SY021247,LEC_A,LectureHall,2,Sunday,5,18.2,80.8,0,12.5,14.0
SY075538,LEC_A,LectureHall,8,Friday,1,12.0,62.3,2,17.6,15.4
SY023534,ENG_B,Engineering,4,Sunday,8,22.9,83.3,6,45.1,44.1
SY099822,SCI_B,Science,0,Thursday,6,27.4,80.5,5,99.0,98.9
SY043499,LIB_A,Library,4,Saturday,2,12.0,67.1,6,28.2,28.1
SY000033,RES_B,Residential,8,Sunday,4,19.9,81.7,209,47.6,46.6
SY039449,BUS_A,Business,0,Wednesday,5,22.1,83.5,1,21.9,21.9
SY005104,RES_B,Residential,18,Friday,1,15.2,55.3,186,35.0,59.9
SY066806,BUS_B,Business,14,Tuesday,3,19.8,74.3,220,42.0,50.8
SY003867,SPT_A,Sports,14,Monday,5,26.3,55.4,16,33.2,31.5
SY086186,SPT_A,Sports,22,Sunday,7,26.6,82.3,0,35.9,34.1
SY088117,RES_A,Residential,7,Tuesday,11,15.1,67.4,251,78.8,62.9
SY091037,LIB_A,Library,21,Thursday,11,15.1,77.3,158,50.0,51.6
SY080865,RES_A,Residential,7,Monday,3,15.3,75.8,276,79.1,69.3
SY048813,RES_B,Residential,9,Monday,6,27.2,65.2,45,36.2,32.3
SY091266,BUS_B,Business,1,Thursday,5,20.4,72.7,,27.4,25.6
SY073102,BUS_A,Business,10,Tuesday,3,18.9,71.2,153,35.5,39.1
SY005807,ENG_B,Engineering,12,Thursday,3,20.2,56.6,,54.7,57.2
SY019076,BUS_B,Business,12,Saturday,10,27.4,57.1,,42.8,41.8
SY038390,ENG_A,Engineering,23,Thursday,5,22.6,73.1,10,69.1,60.1
SY084385,LEC_A,LectureHall,15,Friday,7,37.3,61.0,32,36.6,39.3
SY069596,ENG_A,Engineering,11,Tuesday,7,32.7,67.2,74,89.4,102.0
SY022257,BUS_A,Business,7,Tuesday,10,19.7,,6,22.2,23.6
SY091762,SCI_B,Science,3,Wednesday,9,22.0,85.0,,56.5,55.3
SY040467,BUS_B,Business,21,Monday,5,28.5,,95,81.7,81.0
SY052938,RES_B,Residential,9,Thursday,5,23.7,72.3,128,53.0,33.3
SY054444,LIB_A,Library,9,Thursday,10,22.3,61.3,56,31.3,31.3
SY054742,ENG_A,Engineering,12,Friday,1,19.4,50.0,29,,49.9
SY040831,ADM_A,Administration,13,Tuesday,4,18.9,48.3,73,26.4,27.8
SY076211,LIB_A,Library,16,Saturday,11,23.8,53.7,101,38.4,34.8
SY057189,BUS_B,Business,17,Saturday,5,31.6,56.4,5,37.1,36.5
SY073514,SCI_A,Science,23,Wednesday,6,25.8,77.8,2,99.5,99.6
SY057594,SCI_A,Science,0,Friday,10,19.4,76.6,5,71.4,77.4
SY042370,LIB_A,Library,3,Sunday,6,24.1,78.7,2,29.9,28.6
SY018260,SCI_B,Science,14,Thursday,1,20.8,55.0,40,60.5,64.9
SY091245,RES_A,Residential,7,Friday,1,9.8,70.4,251,94.0,70.8
SY027364,ADM_A,Administration,20,Friday,5,26.4,77.8,3,23.0,22.8
SY010545,ENG_A,Engineering,3,Saturday,6,,,3,66.1,66.9
SY054039,ADM_A,Administration,11,Wednesday,4,25.5,57.9,121,43.1,39.8
SY063084,SCI_A,Science,11,Saturday,3,22.3,60.6,13,73.9,75.6
SY095146,LIB_A,Library,7,Saturday,4,18.6,70.4,3,26.7,25.8
SY074152,SCI_A,Science,14,Monday,2,23.7,48.1,98,85.4,91.5
SY051886,ENG_B,Engineering,13,Friday,11,22.7,75.1,98,54.9,57.6
SY078492,BUS_A,Business,5,Sunday,1,12.7,74.6,2,21.8,24.8
SY089078,LEC_A,LectureHall,16,Thursday,4,22.1,84.4,271,24.3,32.1
SY079916,SPT_A,Sports,14,Tuesday,10,26.1,53.5,27,36.7,34.8
SY049034,ENG_B,Engineering,23,Friday,11,10.9,68.5,7,49.3,50.2
SY014819,SCI_A,Science,7,Tuesday,10,19.9,71.0,9,71.9,70.4
SY037033,RES_B,Residential,21,Tuesday,9,19.3,,271,,78.3
SY011282,BUS_B,Business,2,Friday,1,9.7,74.2,5,29.1,31.8
SY078553,ENG_A,Engineering,15,Monday,11,21.2,50.8,101,83.3,70.4
SY003691,SPT_A,Sports,15,Wednesday,12,20.4,51.6,59,35.9,39.3
SY052616,SPT_A,Sports,8,Thursday,6,26.6,73.3,,31.0,38.3
SY057975,RES_A,Residential,13,Saturday,11,17.9,76.1,216,39.6,42.9
SY075504,ENG_B,Engineering,3,Saturday,11,10.9,76.7,15,44.2,44.6
SY086991,ENG_A,Engineering,3,Sunday,2,11.6,67.6,9,49.7,52.7
SY077676,ADM_A,Administration,15,Friday,5,26.4,52.7,68,37.4,35.1
SY042885,LEC_A,LectureHall,3,Saturday,10,16.7,76.7,0,17.3,16.1
SY048409,ADM_A,Administration,14,Wednesday,8,29.5,59.8,103,52.9,55.9
SY067978,RES_B,Residential,1,Tuesday,2,15.2,72.3,236,49.9,52.2
SY001786,RES_A,Residential,21,Friday,6,26.8,67.4,80,60.4,63.2
SY068731,LIB_A,Library,19,Tuesday,8,23.5,83.4,73,36.2,54.1
SY027755,ENG_B,Engineering,16,Friday,4,22.2,78.6,76,55.9,48.6
SY053649,ADM_A,Administration,19,Sunday,1,12.2,73.3,0,20.3,17.5
SY099708,SCI_A,Science,19,Thursday,3,20.3,57.3,54,100.8,96.7
SY038985,RES_A,Residential,9,Friday,11,20.4,76.3,186,54.6,37.6
SY097226,LEC_A,LectureHall,21,Monday,12,16.8,56.0,0,14.3,14.7
SY066477,LEC_A,LectureHall,0,Friday,4,19.7,78.7,0,13.6,16.9
SY052077,RES_A,Residential,12,Saturday,6,34.0,65.0,72,61.7,63.6
SY042796,RES_A,Residential,19,Wednesday,2,15.3,57.5,298,82.0,88.5
SY099843,BUS_B,Business,5,Tuesday,4,21.0,82.0,,29.2,31.3
SY016018,ENG_B,Engineering,17,Thursday,8,28.7,83.5,38,60.3,61.7
SY090134,BUS_A,Business,7,Monday,10,20.0,67.8,8,23.9,19.5
SY083386,RES_A,Residential,18,Thursday,2,19.9,50.4,234,41.9,67.3
SY036611,SCI_B,Science,9,Sunday,7,25.5,71.7,6,62.5,64.6
SY031394,ENG_A,Engineering,11,Saturday,4,24.1,58.3,21,44.7,45.8
SY002634,SCI_B,Science,5,Friday,5,18.6,79.3,4,63.8,66.5
SY008338,ADM_A,Administration,2,Saturday,10,19.9,71.2,4,19.5,20.5
SY076888,LEC_A,LectureHall,16,Thursday,5,25.2,81.7,393,50.1,64.0
SY044356,ENG_B,Engineering,8,Wednesday,6,27.4,75.8,29,41.7,52.8
SY075579,ENG_A,Engineering,11,Saturday,2,18.2,59.4,30,45.7,47.0
SY094618,BUS_B,Business,2,Friday,2,12.4,70.0,2,27.3,28.6
SY008851,ENG_A,Engineering,5,Wednesday,5,25.0,77.7,7,55.2,56.7
SY029415,ENG_A,Engineering,20,Tuesday,4,16.9,58.7,29,68.4,55.7
SY017730,LEC_A,LectureHall,7,Monday,1,15.3,61.3,0,17.2,14.8
SY027345,SPT_A,Sports,20,Tuesday,1,14.2,71.2,208,73.6,77.5
SY050990,SPT_A,Sports,8,Wednesday,4,22.0,66.3,76,35.3,35.2
SY066243,SCI_B,Science,17,Friday,6,34.6,60.5,34,127.1,115.4
SY053058,BUS_B,Business,15,Monday,11,21.6,,169,51.1,47.3
SY027379,ADM_A,Administration,14,Sunday,3,21.4,48.9,2,20.7,17.7
SY044318,SCI_A,Science,16,Friday,9,30.1,61.0,57,108.7,107.7
SY053955,ENG_A,Engineering,6,Monday,6,24.2,81.3,4,50.6,54.9
SY053435,RES_A,Residential,13,Saturday,5,27.1,57.0,223,58.1,57.9
SY070926,RES_A,Residential,16,Sunday,5,31.4,52.0,222,75.9,83.4
SY007415,RES_B,Residential,21,Friday,3,18.7,,209,64.3,57.6
SY097882,SPT_A,Sports,13,Monday,6,28.7,58.5,16,37.6,40.2
SY066881,RES_A,Residential,9,Monday,6,29.1,68.3,29,46.2,43.9
SY022970,RES_B,Residential,1,Thursday,11,11.7,69.6,225,43.3,44.4
SY095751,BUS_A,Business,23,Friday,5,22.8,75.7,0,28.3,25.1
SY010828,SPT_A,Sports,9,Thursday,12,16.3,62.4,10,39.1,35.6
SY064976,RES_B,Residential,8,Wednesday,6,26.5,74.2,39,39.9,37.7
SY085925,RES_A,Residential,21,Tuesday,4,15.6,56.8,342,93.5,103.9
SY092431,BUS_A,Business,1,Monday,5,27.6,84.9,2,31.4,29.9
SY071067,BUS_A,Business,2,Saturday,4,16.1,81.1,0,22.7,21.6
SY001273,SCI_A,Science,20,Wednesday,4,24.4,66.3,10,115.4,105.3
SY068716,SPT_A,Sports,10,Sunday,6,31.1,66.5,40,51.0,51.5
SY061846,SCI_B,Science,18,Friday,5,26.4,89.5,53,89.6,90.9
SY015494,SCI_B,Science,21,Wednesday,6,30.6,74.9,2,106.6,108.1
SY008778,BUS_A,Business,18,Monday,1,14.2,52.9,79,40.9,38.6
SY050662,RES_A,Residential,21,Friday,11,14.1,62.4,266,73.8,82.6
SY009859,LIB_A,Library,0,Tuesday,5,19.1,72.1,6,40.2,26.8
SY006826,LEC_A,LectureHall,13,Monday,8,29.1,58.0,39,22.2,44.0
SY030013,LIB_A,Library,10,Saturday,11,17.9,62.9,53,23.2,26.0
SY034115,LIB_A,Library,19,Wednesday,10,25.4,64.5,112,77.4,68.8
SY084266,SCI_A,Science,16,Wednesday,1,11.0,82.7,67,111.0,99.8
SY077621,SPT_A,Sports,19,Sunday,4,18.2,80.9,63,55.2,49.9
SY017769,ENG_A,Engineering,14,Monday,5,28.9,57.9,80,68.5,72.7
SY050590,ADM_A,Administration,9,Tuesday,6,27.2,69.8,69,42.8,38.1
SY002833,SCI_A,Science,4,Tuesday,7,25.5,81.7,5,96.4,90.5
SY062707,BUS_B,Business,14,Wednesday,3,21.7,50.9,265,45.2,51.8
SY000287,BUS_A,Business,21,Thursday,6,29.4,81.4,26,65.0,62.1
SY096467,BUS_A,Business,12,Monday,3,20.3,50.0,155,37.7,37.2
SY045371,RES_A,Residential,22,Monday,5,27.4,80.0,314,104.2,122.6
SY003482,SCI_A,Science,0,Tuesday,6,24.7,79.6,2,102.7,91.9
SY043773,SPT_A,Sports,19,Tuesday,1,17.4,51.1,36,54.8,51.7
SY041236,BUS_B,Business,15,Thursday,5,25.7,76.1,187,64.2,63.1
SY013900,BUS_A,Business,17,Friday,5,30.2,56.6,52,54.4,49.3
SY039025,SCI_B,Science,17,Thursday,4,22.8,83.1,,76.0,77.3
SY004279,LEC_A,LectureHall,9,Thursday,6,27.6,79.8,28,22.1,24.2
SY032986,RES_B,Residential,8,Wednesday,11,16.3,69.3,264,59.7,56.4
SY001515,ENG_B,Engineering,11,Tuesday,2,15.8,74.9,78,59.1,51.7
SY038806,RES_B,Residential,7,Friday,11,13.9,80.6,176,66.1,46.8
SY019684,RES_A,Residential,7,Friday,8,20.8,80.8,65,39.8,35.9
SY016062,ENG_B,Engineering,12,Wednesday,11,17.7,74.4,,64.0,64.4
SY099901,SCI_A,Science,23,Thursday,4,18.3,76.9,5,74.1,69.5
SY021978,BUS_A,Business,22,Thursday,5,23.2,82.3,6,47.5,23.4
SY062771,SCI_A,Science,21,Saturday,5,24.2,67.4,2,102.3,97.5
SY029767,BUS_A,Business,10,Monday,4,21.5,64.2,158,32.6,38.1
SY073994,RES_A,Residential,0,Monday,5,20.7,73.1,223,76.1,64.1
SY028503,BUS_B,Business,22,Friday,3,14.2,64.4,21,54.8,29.3
SY018458,LEC_A,LectureHall,5,Friday,10,20.6,74.6,4,17.1,16.8
SY076455,LEC_A,LectureHall,23,Sunday,2,9.8,74.6,4,19.2,19.0
SY055227,SPT_A,Sports,19,Monday,3,17.3,74.9,157,56.9,54.6
SY060339,SCI_B,Science,6,Saturday,5,23.0,84.2,11,63.4,61.6
SY009372,ENG_B,Engineering,0,Monday,6,24.3,73.6,2,54.8,45.6
SY069810,ADM_A,Administration,6,Tuesday,2,16.3,67.2,2,17.7,19.0
SY017394,LIB_A,Library,9,Sunday,11,15.8,73.1,7,27.0,23.5
SY043661,BUS_B,Business,18,Monday,1,17.7,46.7,1,27.9,26.5
SY010081,LEC_A,LectureHall,16,Friday,2,20.4,45.4,335,39.8,30.4
SY052237,SCI_B,Science,0,Friday,1,13.4,70.0,5,56.7,58.6
SY099340,LIB_A,Library,23,Sunday,5,20.5,82.0,4,,24.3
SY060836,SCI_B,Science,16,Saturday,10,27.9,55.3,11,79.2,77.7
SY002145,BUS_A,Business,14,Thursday,4,24.8,54.1,184,35.9,45.4
SY094392,LIB_A,Library,19,Friday,11,17.8,57.2,98,54.3,47.0
SY094532,LEC_A,LectureHall,12,Friday,4,24.8,56.3,141,39.1,20.5
SY079290,ENG_B,Engineering,14,Monday,9,31.5,56.2,130,74.0,88.6
SY018415,SCI_A,Science,2,Friday,5,18.2,79.6,8,98.2,107.2
SY064014,BUS_A,Business,19,Saturday,3,18.7,60.6,3,22.7,20.7
SY059883,BUS_B,Business,0,Friday,2,17.2,67.2,1,28.2,28.0
SY032803,LIB_A,Library,18,Thursday,8,27.7,61.1,36,47.0,45.8
SY098507,SCI_A,Science,19,Tuesday,11,16.4,79.8,47,112.4,97.1
SY091438,ENG_A,Engineering,6,Wednesday,3,17.6,78.4,14,51.6,49.6
SY056674,SPT_A,Sports,6,Monday,3,16.2,75.4,101,40.9,61.8
SY065764,LIB_A,Library,4,Sunday,6,25.9,77.5,4,31.2,32.4
SY024944,BUS_A,Business,3,Thursday,5,20.5,81.0,4,20.5,21.4
SY031141,RES_A,Residential,20,Sunday,2,18.9,56.2,282,84.0,77.2
SY069602,LEC_A,LectureHall,5,Saturday,2,12.2,69.2,1,15.7,15.0
SY036726,RES_A,Residential,4,Friday,10,19.4,75.3,289,62.8,68.5
SY060076,ADM_A,Administration,2,Tuesday,4,17.7,67.5,1,19.7,17.5
SY004262,ENG_B,Engineering,11,Friday,8,27.8,82.2,45,55.7,64.2
SY010261,LEC_A,LectureHall,21,Friday,4,22.7,78.8,5,17.5,17.2
SY074933,BUS_B,Business,17,Friday,8,33.9,57.2,35,73.2,74.1
SY024499,ENG_B,Engineering,2,Sunday,7,21.6,82.1,4,35.6,36.0
SY099338,SCI_B,Science,22,Thursday,4,21.1,81.5,6,64.5,60.8
SY060185,ENG_B,Engineering,2,Tuesday,8,21.9,88.0,3,40.6,38.2
SY043474,SPT_A,Sports,15,Wednesday,12,15.6,49.8,56,48.0,47.8
SY037129,ENG_B,Engineering,8,Saturday,10,22.8,83.2,7,38.2,39.2
SY003869,SPT_A,Sports,11,Wednesday,5,27.3,56.1,17,25.6,30.1
SY026786,LIB_A,Library,17,Wednesday,6,32.0,80.4,60,79.4,84.4
SY065795,SPT_A,Sports,15,Saturday,6,31.9,55.6,53,58.6,59.0
SY027175,ADM_A,Administration,11,Thursday,10,26.9,55.9,86,,38.4
SY015289,RES_A,Residential,16,Saturday,11,21.6,45.3,225,48.5,46.1
SY065450,ENG_B,Engineering,5,Friday,12,9.0,72.4,4,47.9,46.9
SY098220,ADM_A,Administration,11,Tuesday,9,24.6,76.5,101,44.8,39.8
SY076536,ADM_A,Administration,4,Saturday,2,10.4,77.3,4,20.4,20.0
SY042133,ENG_B,Engineering,9,Friday,1,15.8,62.2,20,42.7,45.1
SY053585,LIB_A,Library,17,Monday,4,23.6,56.0,121,45.3,41.1
SY095246,BUS_A,Business,1,Thursday,6,26.5,86.9,2,26.6,27.7
SY041588,LEC_A,LectureHall,9,Saturday,12,15.8,56.7,1,14.4,13.7
SY034699,RES_A,Residential,16,Friday,3,22.9,53.6,196,46.7,50.5
SY045121,LEC_A,LectureHall,7,Thursday,6,27.4,80.1,0,22.4,20.1
SY026916,ENG_A,Engineering,5,Friday,10,21.6,76.8,16,48.7,50.3
SY075239,RES_A,Residential,23,Saturday,12,12.4,62.5,312,88.7,63.1
SY078316,SCI_A,Science,21,Monday,12,16.7,63.3,,77.1,81.5
SY015776,LIB_A,Library,18,Wednesday,6,32.0,61.7,22,62.9,61.5
SY032910,RES_A,Residential,10,Friday,12,16.0,55.9,22,29.9,32.4
SY019457,ENG_A,Engineering,17,Sunday,8,34.1,61.1,13,81.9,89.2
SY021081,SCI_A,Science,7,Saturday,6,22.9,76.0,5,75.2,74.4
SY056112,SCI_B,Science,9,Thursday,4,21.5,69.4,100,69.7,82.5
SY014073,SCI_A,Science,2,Tuesday,6,24.2,84.0,2,87.1,84.5
SY059567,BUS_B,Business,22,Saturday,3,15.9,66.6,4,29.0,27.1
SY054282,ENG_B,Engineering,14,Friday,3,23.1,53.6,35,42.9,41.5
SY077083,ENG_A,Engineering,6,Thursday,2,11.6,67.7,12,52.5,53.5
SY087409,RES_B,Residential,20,Thursday,2,18.9,60.9,237,62.4,68.3
SY020570,SCI_A,Science,15,Tuesday,9,30.5,53.7,110,120.2,115.2
SY004627,SCI_A,Science,6,Thursday,8,30.0,80.5,14,110.3,110.1
SY072296,LIB_A,Library,7,Wednesday,4,20.6,70.0,16,23.0,22.2
SY047844,ADM_A,Administration,18,Thursday,5,24.4,82.1,0,16.8,15.3
SY075029,SCI_B,Science,16,Tuesday,9,21.8,83.4,62,68.3,69.2
SY061618,RES_B,Residential,8,Tuesday,4,14.4,66.7,184,53.6,50.0
SY088158,RES_B,Residential,23,Sunday,5,21.5,87.2,258,74.3,62.0
SY050316,RES_B,Residential,23,Saturday,5,20.1,75.9,238,55.6,53.0
SY045118,BUS_B,Business,1,Sunday,1,13.3,72.4,1,27.2,26.3
SY054173,ADM_A,Administration,5,Thursday,6,26.0,76.0,1,21.2,21.7
SY030232,ADM_A,Administration,15,Tuesday,7,27.5,80.7,112,52.5,52.9
SY020198,SPT_A,Sports,8,Wednesday,6,26.4,81.6,61,,44.1
SY070939,SCI_A,Science,12,Friday,1,14.8,,132,106.3,109.3
SY060431,ENG_B,Engineering,5,Sunday,6,24.3,88.3,2,44.6,42.7
SY060211,BUS_B,Business,23,Tuesday,5,22.2,72.6,6,33.9,28.5
SY094602,RES_B,Residential,4,Tuesday,9,20.3,81.2,220,56.4,49.1
SY052247,RES_A,Residential,6,Thursday,11,13.9,78.7,243,56.4,73.3
SY074689,LIB_A,Library,11,Friday,1,18.9,52.9,16,26.4,23.9
SY082521,ADM_A,Administration,20,Sunday,11,19.8,58.9,5,17.9,18.7
SY017965,ENG_A,Engineering,15,Tuesday,11,21.6,54.3,93,78.2,67.1
SY074883,ENG_B,Engineering,0,Saturday,6,26.8,81.2,2,63.6,57.6
SY019709,ENG_A,Engineering,20,Wednesday,5,28.1,63.5,42,95.9,87.6
SY079098,ADM_A,Administration,14,Wednesday,6,32.8,57.0,74,47.8,52.5
SY043651,SCI_B,Science,10,Saturday,8,28.7,86.7,10,78.8,85.8
SY099337,SPT_A,Sports,2,Monday,3,13.3,78.5,0,42.1,41.5
SY018513,BUS_A,Business,19,Friday,1,15.0,54.2,118,35.4,39.4
SY061998,SPT_A,Sports,8,Friday,8,27.5,78.6,91,62.7,61.7
SY039344,RES_A,Residential,3,Tuesday,6,26.9,,92,65.0,66.6
SY009232,LIB_A,Library,16,Monday,1,19.1,42.0,156,37.7,41.9
SY091591,ADM_A,Administration,13,Wednesday,1,19.3,53.4,1,18.9,16.6
SY007100,LIB_A,Library,3,Monday,4,15.3,76.6,11,25.7,25.2
SY015553,SCI_A,Science,9,Monday,7,26.7,76.3,50,82.6,98.6
SY034081,LEC_A,LectureHall,12,Wednesday,10,26.1,53.7,153,46.4,33.2
SY055713,BUS_A,Business,10,Saturday,10,22.2,64.3,141,42.5,36.9
SY004936,ENG_A,Engineering,22,Saturday,4,20.0,64.6,9,44.5,44.0
SY026616,RES_A,Residential,20,Sunday,4,21.0,56.5,239,67.9,72.3
SY054198,RES_A,Residential,15,Thursday,3,23.6,52.9,140,40.4,41.3
SY047664,ENG_B,Engineering,9,Thursday,3,21.8,63.0,95,44.1,50.5
SY063910,RES_A,Residential,10,Tuesday,3,19.0,,111,37.5,36.5
SY051463,BUS_A,Business,9,Tuesday,5,27.7,79.0,69,40.6,45.0
SY070518,SCI_A,Science,3,Wednesday,4,16.6,80.3,12,73.3,76.2
SY010131,SCI_A,Science,0,Monday,12,13.1,70.2,7,69.7,69.0
SY036441,LIB_A,Library,13,Thursday,5,28.0,57.5,203,63.5,71.9
SY021098,RES_B,Residential,17,Saturday,1,18.0,52.2,28,23.3,27.7
SY063223,SCI_B,Science,18,Monday,11,20.5,58.9,54,75.8,71.9
SY036120,BUS_A,Business,4,Wednesday,2,8.1,71.7,3,26.8,24.5
SY074611,RES_A,Residential,12,Friday,7,28.8,83.3,22,46.8,46.6
SY028779,ENG_B,Engineering,8,Monday,10,23.9,68.5,62,39.0,49.6
SY045590,SPT_A,Sports,15,Wednesday,12,23.5,50.1,36,33.8,33.7
SY050573,SCI_B,Science,18,Sunday,8,30.1,62.5,1,98.9,87.3
SY089663,ENG_A,Engineering,20,Sunday,6,31.8,67.2,4,88.8,88.1
SY039288,SCI_B,Science,11,Saturday,3,18.0,63.0,15,59.5,64.7
SY003902,LIB_A,Library,8,Friday,2,16.4,65.5,58,24.6,30.8
SY025588,SPT_A,Sports,21,Saturday,2,15.8,60.7,34,55.1,52.7
SY079160,ENG_B,Engineering,13,Monday,3,18.7,78.4,89,52.7,55.9
SY023562,ENG_A,Engineering,21,Wednesday,9,20.5,68.4,36,73.6,63.9
SY099175,SCI_A,Science,2,Friday,5,21.5,82.0,3,81.7,80.3
SY099062,RES_B,Residential,10,Friday,7,27.3,77.3,40,38.1,39.2
SY096574,RES_A,Residential,19,Saturday,5,25.4,62.9,340,90.0,119.9
SY078995,BUS_B,Business,18,Friday,5,30.4,57.2,71,74.7,68.3
SY028917,ADM_A,Administration,20,Thursday,9,27.9,64.0,5,22.7,22.2
SY042302,SCI_B,Science,20,Wednesday,5,26.6,68.7,12,97.0,89.9
SY047317,ADM_A,Administration,0,Wednesday,1,13.1,66.0,0,20.8,21.6
SY030296,BUS_A,Business,23,Saturday,11,14.9,77.3,3,23.0,19.3
SY045220,LIB_A,Library,4,Friday,1,8.0,73.6,11,26.7,29.2
SY015503,LEC_A,LectureHall,16,Friday,12,18.2,47.2,463,32.0,39.5
SY017216,SCI_A,Science,13,Monday,1,19.1,52.7,2,75.4,72.2
SY078922,LEC_A,LectureHall,14,Thursday,12,20.7,42.3,257,29.0,25.4
SY006834,ADM_A,Administration,9,Monday,6,31.2,65.6,66,52.6,49.5
SY078719,RES_A,Residential,16,Tuesday,10,27.4,57.1,152,46.1,48.9
SY093850,BUS_A,Business,15,Tuesday,1,22.6,51.1,9,21.7,21.4
SY097180,SPT_A,Sports,11,Wednesday,11,19.1,53.1,39,,42.3
SY001264,SPT_A,Sports,8,Wednesday,6,22.0,74.5,49,30.8,31.8
SY077706,SCI_A,Science,12,Sunday,3,22.3,54.1,15,70.7,71.2
SY038191,SPT_A,Sports,3,Monday,2,10.8,70.2,0,41.1,42.2
SY083125,LEC_A,LectureHall,18,Tuesday,7,33.2,56.5,8,31.9,31.6
SY049332,BUS_A,Business,5,Saturday,10,17.5,73.4,0,23.9,22.1
SY063006,BUS_B,Business,5,Monday,5,24.1,75.5,3,30.9,30.8
SY069355,RES_A,Residential,6,Saturday,10,20.4,71.3,304,60.6,80.4
SY022760,LEC_A,LectureHall,23,Thursday,5,22.7,84.5,0,19.0,14.5
SY097291,ADM_A,Administration,11,Sunday,5,29.7,53.0,15,23.5,29.0
SY011823,LEC_A,LectureHall,14,Sunday,8,29.1,78.1,1,19.6,22.5
SY077781,RES_B,Residential,3,Saturday,2,14.5,70.9,241,47.6,57.1
SY080728,BUS_A,Business,21,Thursday,7,30.9,76.8,24,67.8,68.0
SY032953,ADM_A,Administration,19,Sunday,11,19.8,52.2,6,20.5,19.0
SY074559,BUS_B,Business,14,Friday,6,29.6,88.1,,58.3,65.4
SY006759,RES_A,Residential,7,Friday,4,18.4,67.9,259,59.2,61.4
SY082610,SCI_A,Science,0,Monday,4,13.4,75.7,10,76.1,80.3
SY022823,LEC_A,LectureHall,9,Monday,2,15.5,61.3,242,32.8,31.4
SY010886,SCI_B,Science,16,Friday,1,20.1,50.9,15,65.9,61.6
SY073046,ENG_A,Engineering,22,Sunday,1,12.9,60.7,11,44.4,45.7
SY035665,ENG_B,Engineering,18,Friday,2,21.6,59.5,67,53.9,58.2
SY056173,SPT_A,Sports,23,Wednesday,11,14.3,65.3,0,49.2,38.9
SY002429,LEC_A,LectureHall,19,Thursday,5,27.1,82.5,33,47.5,54.9
SY041734,ADM_A,Administration,14,Saturday,2,21.0,49.1,1,18.2,15.3
SY058108,SPT_A,Sports,3,Monday,3,8.4,76.4,0,44.3,42.5
SY037011,LEC_A,LectureHall,8,Thursday,12,13.8,74.6,10,14.1,16.5
SY059935,ENG_B,Engineering,6,Monday,6,28.0,80.6,8,53.5,55.1
SY024748,RES_A,Residential,11,Tuesday,1,20.3,53.0,14,27.9,26.9
SY095770,SCI_B,Science,11,Monday,4,23.6,62.6,82,73.7,75.0
SY093093,SCI_B,Science,19,Saturday,3,,,0,64.8,64.5
SY097187,ADM_A,Administration,15,Tuesday,8,,53.5,76,84.8,76.0
SY086006,LEC_A,LectureHall,11,Saturday,3,18.1,55.7,1,14.9,12.1
SY099491,ENG_B,Engineering,17,Thursday,2,21.1,51.2,,,61.6
SY058334,BUS_B,Business,0,Saturday,3,13.7,64.3,,26.8,25.9
SY089245,SCI_A,Science,11,Friday,10,24.2,60.2,131,98.0,98.9
SY095823,SCI_A,Science,9,Friday,12,15.5,58.1,35,87.2,90.6
SY000831,SCI_A,Science,12,Saturday,3,24.2,59.2,15,78.5,81.6
SY068061,RES_B,Residential,21,Sunday,2,16.6,59.1,214,61.6,57.0
SY080311,SCI_A,Science,0,Saturday,8,25.0,80.6,0,104.4,91.2
SY047147,ENG_B,Engineering,15,Monday,1,18.4,51.1,14,41.2,39.9
SY010639,LEC_A,LectureHall,0,Friday,10,20.8,71.4,0,19.4,15.4
SY041279,BUS_A,Business,22,Thursday,3,19.9,68.6,12,,25.8
SY050518,RES_A,Residential,14,Saturday,6,32.0,57.6,67,51.9,54.4
SY011368,LEC_A,LectureHall,12,Sunday,7,28.2,79.4,0,23.7,20.9
SY058026,BUS_A,Business,8,Monday,1,14.0,65.8,70,19.7,28.3
SY002941,SCI_A,Science,20,Wednesday,11,17.6,63.8,13,102.4,88.7
SY096159,BUS_B,Business,0,Wednesday,4,18.6,74.5,3,27.1,26.0
SY068221,ADM_A,Administration,3,Monday,7,25.3,83.0,3,20.6,20.8
SY038916,BUS_A,Business,1,Sunday,4,15.8,81.3,0,18.3,20.7
SY067633,LEC_A,LectureHall,3,Sunday,6,23.1,83.2,0,17.2,18.6
SY016457,RES_A,Residential,22,Monday,6,28.6,72.0,81,72.8,75.0
SY013274,SCI_A,Science,13,Wednesday,11,21.1,55.4,72,109.9,93.0
SY091385,ENG_B,Engineering,18,Thursday,5,24.7,84.4,53,51.5,52.0
SY068296,RES_A,Residential,17,Friday,6,34.3,56.4,39,69.3,66.4
SY046706,LIB_A,Library,19,Thursday,4,21.3,59.3,124,52.0,57.4
SY057329,RES_B,Residential,18,Wednesday,6,31.2,65.6,30,48.8,54.2
SY064205,BUS_B,Business,8,Monday,9,27.2,72.4,116,28.6,53.2
SY023848,RES_A,Residential,18,Saturday,5,30.2,58.6,277,74.3,111.1
SY047627,SPT_A,Sports,23,Saturday,4,18.0,70.7,0,35.3,30.5
SY091714,ENG_A,Engineering,22,Friday,1,13.8,61.5,2,44.3,43.7
SY004753,SCI_A,Science,23,Wednesday,9,23.1,74.8,9,82.7,81.7
SY075968,SCI_A,Science,11,Thursday,4,24.5,56.5,135,88.8,99.0
SY085976,LIB_A,Library,16,Tuesday,1,20.1,51.2,14,22.5,25.4
SY086506,SCI_B,Science,15,Sunday,7,26.7,84.6,4,80.1,82.3
SY035464,BUS_B,Business,12,Thursday,4,24.1,58.8,264,53.5,57.1
SY042615,RES_A,Residential,15,Friday,5,30.3,50.7,149,63.7,62.1
SY039121,SCI_B,Science,0,Wednesday,10,20.4,80.5,4,65.0,61.0
SY050759,RES_B,Residential,7,Thursday,3,17.0,70.2,175,57.9,40.6
SY098417,SPT_A,Sports,17,Friday,10,27.0,55.5,150,55.8,60.8
SY092700,LEC_A,LectureHall,17,Monday,2,23.2,51.9,158,31.9,28.2
SY073767,ENG_B,Engineering,7,Monday,1,12.8,65.9,15,45.4,44.5
SY025814,LEC_A,LectureHall,21,Monday,3,16.9,81.7,10,17.4,17.0
SY044517,ADM_A,Administration,10,Saturday,7,25.2,78.6,4,18.3,18.5
SY070160,ADM_A,Administration,20,Thursday,10,25.4,60.7,3,23.3,23.2
SY016223,RES_A,Residential,21,Monday,5,27.6,70.1,258,110.2,117.2
SY098563,BUS_B,Business,11,Monday,9,18.4,78.9,186,46.7,49.2
SY040131,BUS_A,Business,18,Tuesday,10,26.9,62.0,81,59.8,58.7
SY036341,BUS_A,Business,19,Wednesday,2,21.0,55.1,140,,47.6
SY014078,ENG_A,Engineering,5,Saturday,2,13.2,67.9,7,48.6,46.8
SY098573,RES_B,Residential,19,Sunday,5,21.6,77.5,272,54.9,75.8
SY051837,SPT_A,Sports,12,Saturday,2,20.2,46.3,84,44.8,44.4
SY028357,BUS_B,Business,10,Monday,1,16.3,55.2,18,30.7,25.7
SY039882,ADM_A,Administration,10,Wednesday,2,17.6,54.2,86,31.1,28.3
SY065529,SPT_A,Sports,10,Saturday,6,28.7,68.9,41,39.7,46.6
SY080932,LEC_A,LectureHall,9,Saturday,12,16.2,59.2,0,14.4,13.5
SY012651,RES_A,Residential,19,Sunday,5,22.8,59.8,255,69.3,79.8
SY018515,RES_B,Residential,5,Tuesday,1,9.2,75.1,265,68.3,65.9
SY088862,ENG_B,Engineering,17,Saturday,11,15.3,75.0,26,42.5,51.9
SY029473,ADM_A,Administration,23,Wednesday,7,28.4,83.3,4,25.7,25.1
SY071917,LEC_A,LectureHall,14,Tuesday,7,35.5,54.3,43,31.7,66.0
SY082405,SPT_A,Sports,3,Saturday,5,19.3,73.0,0,28.1,26.1
SY045888,RES_A,Residential,10,Wednesday,4,18.7,52.8,135,40.5,37.1
SY025644,BUS_A,Business,14,Saturday,11,20.6,51.1,12,27.9,19.4
SY069158,SCI_B,Science,9,Tuesday,6,25.0,70.1,59,69.8,77.1
SY043374,RES_A,Residential,15,Friday,7,28.7,81.0,30,50.6,50.3
SY052046,SCI_B,Science,7,Saturday,6,28.0,75.7,3,72.0,77.5
SY034204,ENG_B,Engineering,16,Saturday,3,22.2,49.1,25,37.7,38.5
SY085276,SCI_B,Science,15,Sunday,6,35.2,63.0,6,112.9,113.4
SY091601,SCI_B,Science,4,Wednesday,4,14.2,75.5,1,64.0,64.6
SY053929,ADM_A,Administration,8,Friday,8,23.7,72.3,75,24.3,30.3
SY071177,SPT_A,Sports,7,Monday,10,22.7,69.5,71,29.7,29.4
SY000918,ENG_A,Engineering,20,Friday,2,20.0,52.8,22,66.5,58.9
SY009305,BUS_A,Business,20,Monday,10,23.4,58.9,136,59.9,54.9
SY035643,LIB_A,Library,23,Monday,7,23.9,80.2,11,64.3,33.3
SY001121,BUS_A,Business,4,Monday,5,17.5,75.0,5,18.8,22.6
SY057077,SCI_A,Science,12,Sunday,6,32.4,84.1,8,110.9,119.9
SY039413,ADM_A,Administration,5,Tuesday,4,13.4,70.1,3,18.9,17.0
SY038128,SCI_A,Science,5,Wednesday,3,13.5,79.1,10,72.6,72.7
SY004505,ADM_A,Administration,12,Saturday,4,24.7,54.7,9,17.4,17.6
SY068243,LIB_A,Library,4,Thursday,6,24.6,80.9,2,26.1,30.3
SY051433,BUS_A,Business,10,Sunday,10,22.8,76.5,71,31.8,31.5
SY024505,LEC_A,LectureHall,17,Thursday,10,25.4,53.9,103,44.6,33.8
SY075592,SPT_A,Sports,16,Friday,5,31.5,57.8,84,53.1,68.6
SY043234,RES_B,Residential,1,Tuesday,4,17.4,77.4,222,40.6,44.7
SY095879,RES_A,Residential,11,Wednesday,4,25.1,55.5,132,42.3,42.6
SY074649,RES_A,Residential,19,Thursday,3,18.0,57.4,180,60.7,67.3
SY032379,SPT_A,Sports,18,Wednesday,7,28.9,81.1,106,67.3,71.2
SY002421,SPT_A,Sports,19,Friday,3,17.3,50.1,175,62.7,62.7
SY027896,BUS_B,Business,6,Friday,6,26.6,78.7,1,29.3,31.1
SY069873,ENG_B,Engineering,10,Tuesday,11,19.0,60.5,83,56.3,54.9
SY004741,SCI_A,Science,18,Thursday,5,24.5,85.2,2,84.8,82.2
SY047280,LIB_A,Library,19,Thursday,2,19.5,52.2,108,52.3,51.5
SY051050,ENG_A,Engineering,4,Monday,2,13.6,73.0,11,47.9,46.2
SY040531,RES_A,Residential,14,Wednesday,5,29.2,57.9,164,59.7,62.2
SY049691,BUS_B,Business,6,Monday,9,23.7,81.0,9,,27.1
SY048041,BUS_B,Business,23,Friday,5,24.6,70.6,3,34.6,33.7
SY070176,ENG_B,Engineering,5,Monday,3,12.7,70.5,10,43.4,40.1
SY045312,RES_B,Residential,11,Tuesday,1,15.3,51.6,,34.0,32.3
SY018506,SCI_A,Science,11,Monday,9,24.5,84.9,97,85.4,85.6
SY044310,ADM_A,Administration,7,Wednesday,9,19.7,71.2,38,18.8,24.4
SY039521,SCI_A,Science,10,Saturday,12,19.8,58.6,6,73.1,75.6
SY097550,LEC_A,LectureHall,14,Friday,7,34.9,54.4,17,34.9,31.5
SY067950,BUS_A,Business,16,Tuesday,2,19.4,44.7,126,29.4,33.2
SY082065,BUS_B,Business,15,Sunday,9,20.7,78.0,28,27.5,29.3
SY053543,LIB_A,Library,15,Saturday,4,21.2,81.4,232,47.9,50.9
SY017302,ADM_A,Administration,11,Tuesday,5,27.2,57.9,123,42.3,49.0
SY024582,BUS_A,Business,20,Tuesday,7,26.8,87.9,26,,50.0
SY066607,LEC_A,LectureHall,17,Wednesday,4,25.1,54.1,126,44.6,34.7
SY022840,LIB_A,Library,3,Sunday,4,15.7,82.7,,24.8,27.0
SY050870,LIB_A,Library,10,Thursday,7,30.4,84.2,28,61.5,65.1
SY079692,ADM_A,Administration,14,Monday,7,29.9,78.8,69,54.8,47.1
SY067567,SCI_B,Science,8,Saturday,12,13.5,67.7,9,64.9,63.8
SY055732,ADM_A,Administration,14,Tuesday,5,33.6,50.7,110,48.7,58.5
SY038132,BUS_B,Business,7,Saturday,7,23.2,86.3,,25.0,26.3
SY018914,SCI_B,Science,12,Saturday,4,19.7,76.2,11,67.0,67.7
SY069436,LEC_A,LectureHall,13,Friday,3,23.6,51.9,303,21.1,31.5
SY004686,BUS_B,Business,11,Friday,1,15.9,54.7,157,53.4,48.2
SY042768,ADM_A,Administration,14,Tuesday,12,19.3,45.9,47,27.6,29.0
SY006441,LIB_A,Library,2,Sunday,9,25.1,84.5,5,28.8,29.2
SY039583,BUS_A,Business,13,Thursday,3,24.5,57.6,115,39.8,30.1
SY086156,BUS_A,Business,6,Friday,4,15.9,79.5,4,22.4,21.1
SY046390,RES_B,Residential,5,Tuesday,10,20.3,76.9,212,54.2,54.4
SY051736,RES_A,Residential,1,Saturday,1,11.9,69.0,35,31.9,33.1
SY098173,RES_B,Residential,17,Wednesday,1,18.2,51.5,13,23.2,27.9
SY016842,BUS_B,Business,1,Friday,11,10.4,66.3,3,32.0,32.2
SY098423,RES_B,Residential,8,Saturday,9,25.0,71.0,194,53.5,55.1
SY021187,ENG_B,Engineering,0,Saturday,9,20.6,75.9,2,48.9,36.5
SY050803,SPT_A,Sports,8,Thursday,12,14.9,62.6,29,37.5,39.1
SY019017,BUS_B,Business,11,Monday,11,18.9,58.2,195,57.1,53.1
SY040867,ENG_A,Engineering,7,Tuesday,3,15.9,76.0,7,43.5,41.2
SY059046,BUS_A,Business,9,Friday,2,16.7,60.0,117,29.7,35.6
SY052936,ENG_B,Engineering,11,Monday,8,28.5,60.5,60,51.4,59.0
SY022331,ADM_A,Administration,4,Wednesday,4,19.3,70.3,1,16.4,12.3
SY035259,ADM_A,Administration,8,Sunday,2,16.6,64.5,4,19.9,17.6
SY011585,RES_B,Residential,21,Saturday,3,18.4,60.9,193,44.3,52.0
SY073152,SPT_A,Sports,12,Monday,9,27.4,56.5,64,34.3,43.0
SY088045,RES_A,Residential,15,Thursday,1,19.8,51.5,30,25.8,28.1
SY023454,ENG_B,Engineering,1,Saturday,7,23.7,85.2,3,47.5,45.3
SY019060,SPT_A,Sports,20,Saturday,8,28.8,63.0,39,81.7,70.8
SY014274,ENG_A,Engineering,12,Tuesday,2,18.0,53.0,165,71.8,80.7
SY062678,RES_B,Residential,20,Saturday,1,16.2,57.4,28,29.2,28.1
SY071156,BUS_B,Business,1,Tuesday,2,20.0,73.4,7,29.4,30.5
SY022807,RES_B,Residential,22,Monday,11,15.6,66.4,216,57.4,59.4
SY031380,RES_B,Residential,21,Sunday,3,16.8,68.4,225,59.0,64.9
SY025731,LIB_A,Library,13,Monday,6,33.1,56.0,34,55.1,58.7
SY041754,BUS_A,Business,6,Thursday,11,13.9,79.8,6,19.6,24.3
SY080113,ENG_A,Engineering,4,Saturday,2,11.2,75.6,12,53.4,52.1
SY021608,RES_B,Residential,17,Sunday,6,31.6,58.0,59,50.5,50.8
SY078506,SCI_A,Science,6,Thursday,10,20.3,76.0,6,73.7,72.6
SY000833,ADM_A,Administration,8,Monday,3,15.7,74.7,88,24.3,30.0
SY038888,RES_B,Residential,22,Sunday,6,26.9,71.4,73,54.5,57.0
SY094337,SCI_B,Science,21,Monday,1,18.2,63.6,4,58.2,60.7
SY003837,LIB_A,Library,19,Saturday,11,17.4,74.7,77,48.5,44.9
SY066254,RES_A,Residential,22,Saturday,4,22.3,68.9,384,96.8,108.9
SY060200,ENG_B,Engineering,7,Sunday,6,26.3,83.5,4,50.1,48.6
SY007293,SPT_A,Sports,19,Tuesday,12,18.5,54.7,31,49.3,48.1
SY019681,LIB_A,Library,6,Sunday,5,24.2,76.0,6,27.7,25.6
SY077888,BUS_B,Business,3,Tuesday,4,19.0,75.1,4,27.7,26.3
SY043689,BUS_A,Business,18,Sunday,3,19.4,58.0,10,19.7,22.4
SY044965,LEC_A,LectureHall,3,Friday,1,10.4,69.3,,,17.8
SY098170,SPT_A,Sports,3,Saturday,9,21.2,82.0,0,27.7,29.1
SY044098,SPT_A,Sports,8,Tuesday,5,23.9,65.2,35,24.5,30.1
SY076346,ENG_A,Engineering,21,Thursday,9,26.0,68.2,30,95.7,86.7
SY090108,ENG_B,Engineering,5,Wednesday,2,12.2,70.6,7,43.8,43.5
SY039585,RES_A,Residential,13,Tuesday,3,18.8,78.1,111,35.5,36.0
SY079963,SCI_A,Science,21,Tuesday,4,19.0,63.6,18,79.2,76.4
SY048203,ADM_A,Administration,21,Friday,3,20.1,61.5,0,20.0,15.9
SY065409,LIB_A,Library,6,Sunday,2,14.9,68.2,4,25.5,25.2
SY086724,RES_A,Residential,0,Thursday,2,15.1,69.7,352,78.4,73.7
SY047157,ADM_A,Administration,23,Thursday,1,11.1,64.2,,17.3,20.5
SY039029,RES_B,Residential,20,Friday,3,20.5,62.1,230,63.1,64.3
SY065871,BUS_B,Business,21,Tuesday,10,23.6,69.0,166,69.9,72.5
SY030228,ENG_A,Engineering,20,Tuesday,2,20.0,62.0,40,,65.0
SY050714,LIB_A,Library,5,Tuesday,7,22.6,84.7,2,30.2,22.9
SY033175,ENG_B,Engineering,18,Tuesday,8,36.8,61.6,73,95.9,96.8
SY016318,RES_A,Residential,20,Monday,12,18.5,51.2,300,68.0,74.5
SY052538,RES_B,Residential,8,Tuesday,2,15.5,61.8,193,54.9,55.7
SY008279,LIB_A,Library,23,Friday,4,18.1,79.3,33,46.4,42.2
SY085239,RES_A,Residential,10,Tuesday,2,16.8,54.4,109,35.4,37.2
SY051586,SPT_A,Sports,18,Friday,1,18.9,51.5,166,68.3,68.4
SY014100,RES_B,Residential,7,Friday,5,24.2,73.7,219,65.7,61.8
SY026429,ENG_A,Engineering,0,Wednesday,12,11.7,71.5,11,50.7,50.2
SY099402,LEC_A,LectureHall,11,Saturday,5,29.7,57.8,2,17.2,21.4
SY004124,LIB_A,Library,16,Monday,5,32.9,53.8,129,87.3,82.6
SY053321,RES_B,Residential,17,Monday,2,22.3,78.7,122,33.9,38.5
SY038764,SCI_A,Science,18,Wednesday,5,23.2,82.2,3,80.8,78.8
SY095293,BUS_B,Business,17,Tuesday,12,20.1,51.6,8,26.0,28.5
SY090725,ENG_A,Engineering,20,Sunday,3,19.0,59.6,7,45.3,44.6
SY058482,ADM_A,Administration,13,Sunday,6,34.6,58.6,3,26.5,24.6
SY077388,BUS_B,Business,4,Wednesday,3,14.2,,4,28.4,25.2
SY055189,ENG_A,Engineering,9,Tuesday,3,16.7,72.2,73,52.2,56.1
SY009251,ENG_A,Engineering,13,Tuesday,10,28.4,51.3,121,84.1,85.8
SY090281,RES_B,Residential,14,Friday,6,31.4,57.4,32,41.7,44.8
SY029924,SCI_A,Science,23,Saturday,7,27.7,79.6,0,124.1,117.9
SY017008,LIB_A,Library,12,Tuesday,4,20.1,49.5,154,41.1,43.9
SY083840,LEC_A,LectureHall,5,Sunday,7,22.8,85.4,1,14.1,12.8
SY030329,SCI_A,Science,13,Friday,3,21.4,48.5,85,95.5,90.6
SY050555,SCI_A,Science,18,Friday,1,17.2,,54,106.7,97.5
SY054788,ENG_B,Engineering,11,Thursday,6,31.9,68.6,51,67.6,72.2
SY028731,SPT_A,Sports,16,Sunday,3,20.3,71.9,134,44.9,47.7
SY045064,LIB_A,Library,8,Saturday,3,15.9,67.3,3,22.3,20.9
SY043647,BUS_A,Business,21,Monday,12,17.0,60.7,69,37.9,38.4
SY017434,SCI_B,Science,23,Friday,5,23.2,75.8,3,82.7,78.8
SY097564,ENG_A,Engineering,12,Saturday,8,24.1,82.9,16,47.3,49.7
SY031862,BUS_A,Business,8,Wednesday,5,26.0,63.8,30,21.7,29.0
SY087991,BUS_A,Business,15,Wednesday,4,26.5,55.7,144,48.2,47.1
SY093612,RES_A,Residential,8,Friday,1,12.0,70.0,247,78.9,73.8
SY064119,RES_A,Residential,20,Friday,6,28.5,82.4,54,59.3,58.9
SY078736,SCI_B,Science,15,Wednesday,12,23.9,52.4,41,63.2,59.6
SY000592,ENG_A,Engineering,8,Tuesday,2,15.6,59.0,61,48.2,60.1
SY037875,BUS_A,Business,5,Monday,4,19.1,72.9,2,23.1,20.3
SY004646,RES_B,Residential,10,Sunday,5,31.4,64.6,229,72.5,76.6
SY034739,BUS_A,Business,0,Friday,6,26.0,86.9,0,28.2,25.9
SY000806,RES_B,Residential,19,Wednesday,12,13.2,61.0,179,60.5,60.2
SY003748,RES_B,Residential,0,Saturday,3,12.8,75.1,290,49.1,59.5
SY033480,ENG_B,Engineering,23,Friday,6,28.0,90.1,3,65.2,59.3
SY051205,SPT_A,Sports,0,Wednesday,7,23.9,81.0,0,29.1,29.4
SY021380,LEC_A,LectureHall,3,Monday,11,12.0,74.6,6,16.8,18.7
SY088088,RES_B,Residential,0,Wednesday,1,10.4,69.1,236,50.7,56.8
SY047558,SPT_A,Sports,17,Friday,5,25.1,83.7,108,46.6,57.1
SY031530,BUS_B,Business,22,Saturday,9,26.0,69.3,5,38.2,36.1
SY072265,RES_B,Residential,21,Sunday,7,25.0,86.2,50,43.7,44.1
SY021877,RES_B,Residential,19,Wednesday,1,16.2,54.2,181,53.3,58.0
SY098300,BUS_B,Business,11,Thursday,4,21.5,54.9,199,47.2,44.4
SY093673,ENG_A,Engineering,15,Saturday,8,25.1,80.9,9,53.8,56.9
SY078124,SCI_B,Science,20,Tuesday,8,25.0,78.9,10,74.8,66.5
SY043930,LIB_A,Library,19,Friday,5,22.0,59.7,99,43.0,50.1
SY076600,ENG_B,Engineering,14,Friday,6,30.5,81.5,45,70.9,67.8
SY079003,LEC_A,LectureHall,0,Sunday,12,14.8,74.2,0,13.6,15.4
SY017175,SCI_A,Science,0,Saturday,5,25.2,78.8,2,93.3,90.9
SY012981,SCI_B,Science,2,Friday,1,8.9,70.2,1,67.7,65.9
SY062682,ADM_A,Administration,21,Saturday,5,22.7,68.5,7,19.9,19.4
SY085531,RES_B,Residential,0,Wednesday,6,25.1,80.2,57,48.1,46.4
SY029032,ENG_A,Engineering,8,Thursday,1,10.2,70.8,44,63.3,67.8
SY030262,ENG_B,Engineering,7,Sunday,5,20.5,71.6,7,34.9,32.5
SY058100,SPT_A,Sports,11,Tuesday,2,19.3,54.6,67,41.2,43.8
SY094470,RES_B,Residential,9,Thursday,6,27.0,82.8,33,46.8,44.2
SY026627,LIB_A,Library,11,Sunday,1,18.7,54.1,4,24.3,21.8
SY085648,SPT_A,Sports,14,Wednesday,1,19.5,50.2,21,38.5,38.9
SY043830,BUS_A,Business,3,Sunday,7,21.1,88.0,,24.1,21.0
SY054059,RES_B,Residential,23,Wednesday,4,20.0,68.7,259,67.1,57.4
SY067779,BUS_B,Business,5,Monday,5,20.1,80.0,3,26.1,24.6
SY069382,ENG_B,Engineering,7,Sunday,2,20.9,71.4,9,36.3,35.6
SY036074,BUS_B,Business,22,Wednesday,4,,70.3,19,69.9,30.6
SY029946,RES_B,Residential,18,Friday,4,24.0,56.0,171,41.6,60.4
SY089024,RES_A,Residential,16,Saturday,12,19.4,47.8,194,42.9,40.0
SY042989,BUS_B,Business,15,Monday,12,21.4,45.8,126,39.6,37.5
SY064059,SCI_B,Science,21,Friday,10,24.7,68.8,11,93.3,82.6
SY065539,ENG_A,Engineering,17,Monday,12,19.7,48.5,94,67.8,74.3
SY010629,ENG_B,Engineering,13,Wednesday,8,29.8,54.7,35,57.2,56.4
SY090270,BUS_A,Business,0,Monday,4,18.2,77.6,1,24.3,20.9
SY048810,LIB_A,Library,9,Thursday,11,14.8,72.9,102,31.2,36.1
SY021386,BUS_B,Business,15,Friday,1,14.3,70.7,148,50.8,49.7
SY028600,BUS_A,Business,14,Friday,8,34.6,63.3,28,51.5,52.5
SY027401,RES_A,Residential,15,Tuesday,9,25.0,86.7,116,44.8,43.6
SY082783,ENG_B,Engineering,21,Sunday,2,16.0,64.5,6,39.9,40.1
SY057371,RES_A,Residential,14,Sunday,1,21.5,43.6,27,29.9,29.2
SY094363,ADM_A,Administration,1,Wednesday,10,19.2,78.8,2,20.2,16.8
SY049113,ENG_B,Engineering,18,Thursday,6,27.9,61.7,35,54.4,54.0
SY066077,BUS_B,Business,19,Tuesday,9,21.6,83.1,119,49.3,53.5
SY006816,ADM_A,Administration,12,Saturday,11,20.3,53.4,12,19.3,21.4
SY090883,SPT_A,Sports,23,Friday,3,12.8,64.9,0,51.1,38.2
SY097865,SPT_A,Sports,11,Friday,5,25.7,61.4,51,28.0,32.4
SY026989,ENG_A,Engineering,6,Monday,10,22.1,78.7,18,48.3,43.3
SY019064,BUS_A,Business,21,Saturday,1,11.0,63.0,1,23.9,26.4
SY085637,ENG_A,Engineering,2,Thursday,1,10.7,68.0,10,47.5,45.3
SY026678,RES_B,Residential,13,Tuesday,1,19.3,47.8,17,26.2,23.1
SY041508,BUS_B,Business,13,Wednesday,10,26.8,58.8,,57.9,50.8
SY098519,BUS_B,Business,20,Thursday,4,21.8,83.2,152,60.7,57.9
SY043887,BUS_A,Business,18,Saturday,6,28.4,63.5,1,27.5,30.2
SY070662,RES_B,Residential,16,Wednesday,1,15.4,78.6,90,30.2,30.1
SY098377,SCI_A,Science,4,Tuesday,11,13.0,85.7,10,84.1,85.0
SY014016,BUS_B,Business,22,Thursday,10,23.6,66.5,27,69.7,31.4
SY044929,BUS_B,Business,23,Monday,4,15.8,82.9,3,29.3,28.3
SY050178,SPT_A,Sports,3,Saturday,2,12.4,73.8,0,41.3,38.5
SY050535,SCI_A,Science,17,Saturday,5,23.7,61.3,9,86.0,85.1
SY050802,RES_A,Residential,19,Wednesday,2,17.0,71.0,217,62.4,66.6
SY067423,SCI_A,Science,18,Saturday,6,30.5,84.2,3,110.2,114.9
SY041620,BUS_A,Business,19,Wednesday,12,14.1,58.3,125,41.2,42.9
SY000056,RES_B,Residential,23,Tuesday,6,24.1,86.9,65,51.7,42.7
SY099829,ENG_B,Engineering,18,Saturday,6,33.2,65.8,6,69.7,66.8
SY067223,SCI_B,Science,16,Wednesday,4,19.1,81.2,89,80.1,88.4
SY018845,SCI_A,Science,23,Sunday,10,20.0,74.9,3,73.2,73.1
SY096453,ENG_A,Engineering,21,Sunday,3,17.0,67.9,6,41.4,41.0
SY027284,SPT_A,Sports,22,Thursday,12,13.8,66.1,13,,38.9
SY022203,ADM_A,Administration,20,Tuesday,6,29.9,67.6,2,26.6,26.9
SY012940,BUS_A,Business,8,Wednesday,5,20.8,83.5,3,18.6,20.3
SY026872,SCI_B,Science,18,Thursday,7,36.2,60.9,29,120.4,119.0
SY096763,ADM_A,Administration,6,Friday,9,21.3,72.3,5,18.0,15.8
SY026801,LIB_A,Library,13,Thursday,5,27.8,79.1,297,,84.4
SY049901,SCI_B,Science,15,Saturday,5,24.6,58.7,10,61.9,65.7
SY049635,SCI_B,Science,9,Wednesday,7,,,56,85.4,92.2
SY006214,RES_B,Residential,0,Thursday,11,12.0,73.3,219,58.2,43.3
SY003835,SCI_B,Science,10,Thursday,5,23.6,66.9,72,80.7,77.4
SY022049,RES_A,Residential,1,Thursday,1,6.3,70.1,286,,71.6
SY009340,BUS_B,Business,17,Thursday,10,28.0,57.2,191,72.1,73.4
SY083527,BUS_B,Business,14,Sunday,4,19.8,83.8,17,39.2,26.7
SY006706,LIB_A,Library,5,Saturday,8,27.1,79.3,1,33.6,31.1
SY070858,RES_B,Residential,9,Tuesday,1,14.8,64.0,22,31.2,26.8
SY025518,ENG_B,Engineering,8,Thursday,8,28.0,85.3,26,48.7,59.6
SY008107,RES_B,Residential,13,Thursday,5,27.0,77.4,94,46.0,46.9
SY019049,SCI_B,Science,23,Saturday,9,21.3,84.8,3,59.8,59.1
SY065411,SPT_A,Sports,2,Sunday,10,17.7,82.4,0,31.2,32.4
SY044088,SCI_B,Science,23,Monday,4,17.5,74.1,4,67.9,64.3
SY036040,ADM_A,Administration,20,Monday,7,26.2,83.0,2,22.7,19.3
SY041102,RES_B,Residential,11,Saturday,9,26.5,85.0,168,55.0,52.8
SY067675,SCI_B,Science,16,Thursday,2,22.6,51.7,62,67.4,71.5
SY050770,RES_B,Residential,1,Monday,1,7.3,68.0,26,35.3,36.8
SY090109,ENG_B,Engineering,22,Saturday,11,15.5,65.7,,39.6,38.0
SY035216,LIB_A,Library,13,Tuesday,10,27.2,55.7,113,39.7,47.9
SY095736,ADM_A,Administration,16,Wednesday,2,22.3,45.5,79,37.2,33.6
SY072986,RES_B,Residential,15,Monday,3,18.8,78.3,143,36.5,34.5
SY047584,BUS_A,Business,16,Monday,2,20.9,54.7,,37.1,41.6
SY091772,BUS_A,Business,14,Tuesday,6,33.3,60.0,38,45.5,50.2
SY087162,LIB_A,Library,8,Monday,2,10.2,78.3,62,26.9,39.3
SY058293,LIB_A,Library,5,Monday,2,12.5,71.9,9,29.6,28.6
SY047683,RES_A,Residential,14,Thursday,9,30.3,54.4,116,52.0,55.5
SY031167,BUS_A,Business,5,Wednesday,9,17.1,80.8,7,22.3,19.7
SY077564,ENG_A,Engineering,12,Saturday,11,16.7,72.2,44,53.9,56.3
SY051816,RES_A,Residential,17,Saturday,3,20.2,50.9,224,51.7,47.3
SY003641,RES_B,Residential,2,Wednesday,9,19.5,80.8,250,57.9,56.9
SY026268,RES_B,Residential,12,Thursday,4,22.6,74.9,124,33.7,33.1
SY025998,LEC_A,LectureHall,9,Monday,7,27.4,81.9,38,36.0,36.9
SY064250,SPT_A,Sports,9,Wednesday,1,14.8,63.2,10,40.6,37.8
SY085299,LEC_A,LectureHall,1,Tuesday,6,23.9,78.6,0,24.6,23.3
SY018345,LEC_A,LectureHall,20,Monday,2,10.3,75.5,22,19.0,20.1
SY028392,ADM_A,Administration,15,Wednesday,6,30.0,54.1,66,41.5,44.9
SY001206,ENG_A,Engineering,22,Friday,8,22.8,70.9,12,62.2,56.0
SY095998,ENG_B,Engineering,21,Tuesday,12,15.7,63.1,12,51.2,48.2
SY069438,BUS_A,Business,17,Monday,3,21.1,53.7,130,36.2,35.9
SY058636,ADM_A,Administration,13,Thursday,2,25.5,50.8,84,27.7,34.6
SY036803,RES_A,Residential,17,Saturday,11,21.7,50.2,265,46.1,48.4
