id,fold,baseline_oof,weather_delta_oof,selected_oof
EC000685,4,27.73533561160201,0.009240320261607645,27.73533561160201
EC003261,1,67.69498831383984,-0.07949626060419829,67.69498831383984
EC005451,2,51.478474608782584,-0.1625783748814486,51.478474608782584
EC000188,2,64.85821224557786,-0.022742361389716872,64.85821224557786
EC001001,1,53.97689496859928,-0.03837375027331234,53.97689496859928
EC005310,2,78.04042405191842,0.008602499943919352,78.04042405191842
EC004559,0,57.809633446641506,0.007049087334223722,57.809633446641506
EC000406,4,41.12542961097234,0.0,41.12542961097234
EC007680,0,47.70899408858995,0.0014862721183974727,47.70899408858995
EC007970,1,29.825429724828673,0.0,29.825429724828673
EC001395,2,42.00755906663061,-0.01821619231091219,42.00755906663061
EC002247,2,78.90352156056309,-0.006293374052922841,78.90352156056309
EC003490,0,42.46076438307421,0.023913989791147595,42.46076438307421
EC002971,3,41.75594244501862,-0.025260162306777176,41.75594244501862
EC003073,0,32.71319820735113,0.006625548134131188,32.71319820735113
EC003028,0,33.284444614591685,0.006625548134131188,33.284444614591685
EC007097,3,103.9958648633575,-0.1440510338757096,103.9958648633575
EC002862,1,29.217004751985197,0.0,29.217004751985197
EC004938,1,52.478882417826746,-0.0706634334935037,52.478882417826746
EC002065,3,55.805937008433474,-0.03385477895588425,55.805937008433474
EC003214,1,57.76736053144954,-0.07219594429422621,57.76736053144954
EC007205,4,54.59217937379451,0.05329241691739492,54.59217937379451
EC003215,2,44.77105890348555,-0.05995787450471429,44.77105890348555
EC007834,2,49.216282171779255,0.0,49.216282171779255
EC000298,4,22.513312457984895,0.0046505473379830665,22.513312457984895
EC006955,4,46.4195297069599,0.019967957117583333,46.4195297069599
EC006367,3,40.3770642989366,-0.025260162306777176,40.3770642989366
EC000063,3,80.74656601273729,-0.07255431291360775,80.74656601273729
EC004192,4,75.7755620014221,0.0,75.7755620014221
EC004654,0,59.695499713742294,0.00011519163334423128,59.695499713742294
EC006885,1,69.91518213041346,-0.0013741428914438789,69.91518213041346
EC000959,0,39.23302262207066,0.006625548134131188,39.23302262207066
EC000558,0,27.96874791552396,0.006625548134131188,27.96874791552396
EC004264,0,85.66964293242174,-0.004324612394614216,85.66964293242174
EC005257,1,56.49304318666688,-0.10252752758514715,56.49304318666688
EC006443,4,55.2226203135842,0.049002859673916224,55.2226203135842
EC000016,1,71.91901086651451,0.00795823704750906,71.91901086651451
EC004715,2,38.35169107620888,0.006788692989336709,38.35169107620888
EC007077,0,48.85506524703283,-0.021555250222617596,48.85506524703283
EC007703,0,49.131897521502694,-0.012807746815107988,49.131897521502694
EC001877,3,35.64835200254074,-0.024869680189585804,35.64835200254074
EC003208,3,80.32153711382949,-0.026289154823106328,80.32153711382949
EC005813,0,49.03166120594567,-0.028682229481718027,49.03166120594567
EC000911,3,76.54330154554731,-0.031592642393955754,76.54330154554731
EC006341,0,48.217370701939856,-0.0003475732364963065,48.217370701939856
EC003706,2,49.84142074121779,-0.17071358794583824,49.84142074121779
EC004132,2,80.80517256277486,-0.11891400679532721,80.80517256277486
EC006441,2,58.823483483859,-0.05972453517469744,58.823483483859
EC007749,0,70.99679610354771,0.006551464743308484,70.99679610354771
EC005667,0,85.07612240071595,0.0,85.07612240071595
EC001960,0,43.246576065396866,-0.015739368338393598,43.246576065396866
EC007340,0,53.76450205486378,-0.026109039140836777,53.76450205486378
EC002130,3,84.97045527944282,-0.03741529747841389,84.97045527944282
EC003771,2,40.682433569831666,-0.017972746184170777,40.682433569831666
EC004183,3,69.39994580325782,-0.05129823245402932,69.39994580325782
EC003933,3,26.524477156839577,-0.02526213984817543,26.524477156839577
EC001669,4,59.774758161734574,0.04128818881311463,59.774758161734574
EC003999,2,40.21358001975051,0.006765671580633029,40.21358001975051
EC006625,3,35.68362273489678,-0.02486548793703805,35.68362273489678
EC004265,1,21.509153162537473,-0.07838227056574817,21.509153162537473
EC004911,4,52.63745714360859,0.0,52.63745714360859
EC005179,2,30.28860922466161,0.014817660513280054,30.28860922466161
EC003063,4,58.44190640848758,0.04420190160941252,58.44190640848758
EC006550,4,77.51371583223693,0.033090610542369774,77.51371583223693
EC000681,1,54.19250976354595,-0.07346095923984353,54.19250976354595
EC000244,0,46.98951389638375,0.005635913834097747,46.98951389638375
EC004722,1,46.28633422921494,0.0,46.28633422921494
EC007123,1,29.271051256399403,-0.07922941733952285,29.271051256399403
EC005880,3,65.47220134408825,-0.03416078271282798,65.47220134408825
EC007360,1,83.69511203465468,0.004119991946798851,83.69511203465468
EC001309,0,46.224640177976944,0.007283715384580747,46.224640177976944
EC006623,2,27.332536434899804,0.007983956812330453,27.332536434899804
EC005316,0,51.43342081351123,0.006625548134131188,51.43342081351123
EC001391,3,79.42103285315208,-0.026710500623776563,79.42103285315208
EC001264,4,65.9303434997159,0.0046505473379830665,65.9303434997159
EC003209,3,54.68539098447695,-0.029792781957524772,54.68539098447695
EC003277,3,64.34241260010816,-0.041064620178318446,64.34241260010816
EC002572,3,46.74861453315688,-0.04180666779944637,46.74861453315688
EC002105,4,25.298756923753025,0.0046505473379830665,25.298756923753025
EC002995,4,59.33260281359394,0.005949689295095841,59.33260281359394
EC005173,3,44.053387690804,-0.02379720419661955,44.053387690804
EC005217,3,101.23261008071691,-0.04311604893309254,101.23261008071691
EC006904,3,44.04976186611536,-0.030477417757092305,44.04976186611536
EC001242,4,30.6580777759292,0.0046505473379830665,30.6580777759292
EC007217,1,52.72358118638972,-0.05496452612436512,52.72358118638972
EC005188,0,55.47310028767601,0.002161713036446665,55.47310028767601
EC004933,2,44.28756325318152,-0.04715680600164242,44.28756325318152
EC002557,2,83.61829620037729,0.0011449069391669536,83.61829620037729
EC004954,1,43.720903719201075,-0.09088346657104138,43.720903719201075
EC000093,3,42.34106555028525,0.0,42.34106555028525
EC003267,0,96.27217893131639,-0.023941553588516896,96.27217893131639
EC004673,3,33.44011372062106,-0.025260162306777176,33.44011372062106
EC001422,2,42.484890806347295,-0.028202648996953957,42.484890806347295
EC007143,4,28.04679435501233,0.0046505473379830665,28.04679435501233
EC000579,4,30.755879373549725,0.0046505473379830665,30.755879373549725
EC002060,1,35.972008439642636,-0.06353996769844217,35.972008439642636
EC006713,1,24.872560587590044,-0.07838227056574817,24.872560587590044
EC000430,2,35.752093989889204,0.0031355576044140923,35.752093989889204
EC002535,0,47.137865529877956,0.005590754645526272,47.137865529877956
EC005332,4,43.082385610787746,0.018196065731963165,43.082385610787746
EC004558,4,49.35063356557377,0.0046505473379830665,49.35063356557377
EC001571,3,70.22914051966532,-0.05178216018642559,70.22914051966532
EC005662,3,64.05162547958882,-0.028098168885306,64.05162547958882
EC005689,4,70.0893560526745,0.0977559285814538,70.0893560526745
EC004801,1,44.11837105934115,-0.0889987880011376,44.11837105934115
EC002015,3,76.98547249350653,0.0,76.98547249350653
EC002194,3,39.728490671632926,-0.02632684909322139,39.728490671632926
EC006553,3,32.34696778093693,-0.026380433789870712,32.34696778093693
EC000835,2,42.06687668630989,-0.06786866303758489,42.06687668630989
EC003547,1,99.69644862855502,-0.040192666397196514,99.69644862855502
EC005522,3,29.200645050774934,-0.025047418184844954,29.200645050774934
EC005945,3,103.02868586201208,-0.03308755957322896,103.02868586201208
EC006993,4,36.17343084959781,0.00871765292378978,36.17343084959781
EC005790,1,46.92539719054446,-0.020164108601361107,46.92539719054446
EC000814,2,58.944122357707336,0.009147256769015906,58.944122357707336
EC003117,4,35.10953423175534,0.0053099000355676905,35.10953423175534
EC006045,4,102.33697716533625,0.3388185180762222,102.33697716533625
EC004496,1,59.70045405431542,-0.06640752807885925,59.70045405431542
EC001706,2,55.20094510118195,-0.06137593233086858,55.20094510118195
EC000647,0,55.23642270345708,0.0045200647194730634,55.23642270345708
EC005440,4,79.37618243833633,0.18767503429363488,79.37618243833633
EC006416,0,60.91464758515478,0.0068356635303898254,60.91464758515478
EC000117,2,69.98699415760773,-0.09510462744672901,69.98699415760773
EC004493,4,72.39529096615254,0.005280670825059185,72.39529096615254
EC006198,0,30.375431663521283,0.006732888170231562,30.375431663521283
EC003790,0,48.532587666545325,0.009613006094186983,48.532587666545325
EC002055,4,66.97409927425586,0.0046505473379830665,66.97409927425586
EC000335,4,67.44809927892047,0.07382051537168244,67.44809927892047
EC003001,3,49.899065789572546,-0.01625903638143189,49.899065789572546
EC002268,3,58.083347299455454,-0.025519644779466437,58.083347299455454
EC007108,1,70.22807115116713,-0.0030469483797631453,70.22807115116713
EC007702,4,47.13911960303743,0.008075287301620417,47.13911960303743
EC005806,2,31.34964273502196,0.014817660513280054,31.34964273502196
EC004358,0,98.09841091996682,-0.01370128074007407,98.09841091996682
EC006310,0,50.51585001292813,-0.0004979995548102619,50.51585001292813
EC001253,2,61.34381465707075,-0.06363914485070694,61.34381465707075
EC000540,4,48.50030143868093,0.02995759911378032,48.50030143868093
EC004085,1,79.7798544695709,-0.07882716822093985,79.7798544695709
EC001949,0,35.77669844279694,0.007588091250371033,35.77669844279694
EC004289,3,18.523277566358836,-0.025260162306777176,18.523277566358836
EC000863,0,63.646391023776744,0.006516049877419323,63.646391023776744
EC007803,3,46.77540059395795,-0.036667269052095046,46.77540059395795
EC003648,0,57.367983936503265,0.0,57.367983936503265
EC002450,0,90.86307615463983,-0.009307576177180775,90.86307615463983
EC002947,0,34.09856976439209,0.008733249548837444,34.09856976439209
EC005065,2,36.35715492858429,-0.007801543993845764,36.35715492858429
EC005149,4,56.25368900910952,0.053678400711789906,56.25368900910952
EC003713,0,57.2369621432122,-0.01291728328520621,57.2369621432122
EC007026,0,44.34463243618079,0.0028188301573061625,44.34463243618079
EC004860,2,44.249808817177374,0.01154135106759279,44.249808817177374
EC004288,4,51.375963432803964,0.013447403714938487,51.375963432803964
EC007402,4,58.46163754322506,0.06282862708036231,58.46163754322506
EC001952,0,43.26510187219274,-0.01485747334383624,43.26510187219274
EC006926,4,48.97987849220623,0.01185538129908047,48.97987849220623
EC004583,0,57.18154128755132,0.005553741907872662,57.18154128755132
EC001187,3,40.096568139115504,-0.025260162306777176,40.096568139115504
EC003584,0,41.09686860139544,-9.555038873771413e-05,41.09686860139544
EC003424,2,45.4290895339568,-0.013083598536530863,45.4290895339568
EC004042,0,51.50123512946758,0.006051423210479941,51.50123512946758
EC007510,0,33.497511697680046,0.00873671401694836,33.497511697680046
EC002850,4,78.22674689797569,0.13525493340424083,78.22674689797569
EC000089,1,40.596654789331986,-0.08225222206936317,40.596654789331986
EC003825,0,29.908105271738428,0.006625548134131188,29.908105271738428
EC006193,3,32.921928453539365,-0.02538277434788612,32.921928453539365
EC000237,4,52.728576970652455,0.016682062207423555,52.728576970652455
EC002743,4,109.67141375943137,0.07051396266443738,109.67141375943137
EC007455,2,72.9261951014642,-0.01290584141495224,72.9261951014642
EC005924,0,67.90028635277092,-0.0012802287210841004,67.90028635277092
EC007661,4,46.82017224903348,0.005880028362595206,46.82017224903348
EC001453,2,47.90599342245821,-0.027089684779841354,47.90599342245821
EC002328,0,52.7133627541544,0.00276477002421675,52.7133627541544
EC006735,3,69.39078919061457,-0.025260162306777176,69.39078919061457
EC000748,1,70.85487197985208,0.0,70.85487197985208
EC000824,2,58.402760095794385,0.00969522497809952,58.402760095794385
EC000521,4,71.37195921652076,0.00782615071861091,71.37195921652076
EC004618,2,72.12590461554122,-0.056348267379266306,72.12590461554122
EC007929,0,45.47871096816789,0.00666960275705833,45.47871096816789
EC002519,2,46.88332903227748,-0.008501545197574803,46.88332903227748
EC000770,3,37.67926829208659,-0.01994737795964286,37.67926829208659
EC003515,3,103.91194049407457,-0.03449726413353694,103.91194049407457
EC004908,4,50.55472605441739,0.035114546489888494,50.55472605441739
EC006295,4,34.598553056991804,0.009847599189936947,34.598553056991804
EC006774,2,49.18330222597869,-0.07078718822602345,49.18330222597869
EC001222,4,26.897755393233933,0.0046505473379830665,26.897755393233933
EC007316,3,84.67451906657072,-0.02901568391638797,84.67451906657072
EC004659,2,31.720424353006266,0.0015983213620412925,31.720424353006266
EC000382,4,35.42915861942177,0.016367408054908352,35.42915861942177
EC002022,1,47.17658127180626,-0.0987529561500691,47.17658127180626
EC002899,0,48.941722795598686,0.004995766254815008,48.941722795598686
EC001034,1,47.454818447408755,-0.08343668113826122,47.454818447408755
EC005607,1,41.23922387413186,-0.07838227056574817,41.23922387413186
EC001496,0,32.42619899824257,0.007215316648072538,32.42619899824257
EC000976,1,49.52800314524347,-0.08002598931398422,49.52800314524347
EC005501,3,44.75639324787554,-0.02965936700273538,44.75639324787554
EC005455,0,57.493122299538534,0.006827148580430172,57.493122299538534
EC006577,1,38.55010761571692,-0.07645793074694394,38.55010761571692
EC001977,1,65.49084202523679,-0.07838227056574817,65.49084202523679
EC005835,4,98.56384326196917,0.07035104042255161,98.56384326196917
EC002444,3,25.34394386981502,-0.02521252388528234,25.34394386981502
EC006973,4,36.67869188634464,0.00684307366650071,36.67869188634464
EC007440,0,81.5966880488843,0.0057615683836683374,81.5966880488843
EC002007,4,45.89311434859714,0.0072961289294035045,45.89311434859714
EC002727,0,92.6590251506944,-0.0432806345463927,92.6590251506944
EC003471,1,38.04409671035567,-0.07859511215718083,38.04409671035567
EC006610,2,48.634702160447745,0.014817660513280054,48.634702160447745
EC000401,3,26.49450352253902,-0.024575315029706217,26.49450352253902
EC005459,0,46.75373834003508,0.004174749548779004,46.75373834003508
EC005482,4,49.052879309956,0.089781527279717,49.052879309956
EC000710,3,58.75100332381967,-0.03369717583094855,58.75100332381967
EC004735,4,27.117373464113815,0.005485786664521996,27.117373464113815
EC003074,0,41.883485506864915,0.005878829814149038,41.883485506864915
EC006029,2,36.89331647364586,0.014817660513280054,36.89331647364586
EC006195,4,46.07958830012622,0.06892361966853246,46.07958830012622
EC007175,4,33.252375501325076,0.0046505473379830665,33.252375501325076
EC000872,0,62.255983189321476,0.0,62.255983189321476
EC003249,3,36.44367640286535,-0.028091211198070502,36.44367640286535
EC002768,4,57.561772831507355,0.04770039040999266,57.561772831507355
EC005844,0,34.74738124332797,-0.0014246105562821243,34.74738124332797
EC006828,1,54.00316812512376,-0.10685825501049052,54.00316812512376
EC001526,1,58.84474684241897,-0.0787731604842036,58.84474684241897
EC000910,1,30.69585693524324,-0.07838227056574817,30.69585693524324
EC007025,1,51.184226826760096,-0.06266229720035853,51.184226826760096
EC003187,4,39.18603765769036,0.014002543986221097,39.18603765769036
EC004584,1,74.58011005631613,0.03152123647558025,74.58011005631613
EC005635,0,76.939665991617,-0.026227537002564725,76.939665991617
EC001502,4,28.050166127583083,0.0046505473379830665,28.050166127583083
EC005575,0,66.50972459325958,-0.016501978608827603,66.50972459325958
EC006485,0,72.87672761104506,0.0034500189071520766,72.87672761104506
EC005296,3,44.026091749907316,-0.040060916370910984,44.026091749907316
EC000218,0,30.247244447536225,0.006625548134131188,30.247244447536225
EC003402,2,60.2268038426688,0.005557553696863303,60.2268038426688
EC007565,3,32.01981918023936,-0.02455771023422073,32.01981918023936
EC006810,3,41.75674322860214,-0.026188145561908897,41.75674322860214
EC003535,0,40.073463405740846,0.006887818773006914,40.073463405740846
EC000548,0,34.63724110520947,0.0,34.63724110520947
EC006653,1,48.91898357669186,-0.07838227056574817,48.91898357669186
EC007804,4,46.33745224424557,0.0644564516326881,46.33745224424557
EC006957,4,61.64132529892225,0.0723573027777033,61.64132529892225
EC002248,1,96.16798415029969,0.08407173359490333,96.16798415029969
EC005719,4,78.44451749348585,0.08469325440737013,78.44451749348585
EC007874,0,26.688189930334495,0.006625548134131188,26.688189930334495
EC002113,1,57.11602676756843,-0.05491816308689032,57.11602676756843
EC005340,1,41.18235056689865,-0.08093977154856274,41.18235056689865
EC005690,4,32.12097421692199,0.011915247306882305,32.12097421692199
EC002804,0,28.75522856256912,0.006576528740213902,28.75522856256912
EC000531,1,57.22383328754059,-0.07581512895562799,57.22383328754059
EC006290,2,54.93735054470986,-0.010394408308706846,54.93735054470986
EC000646,0,48.6067040039261,0.005809674161824589,48.6067040039261
EC004653,2,37.15292876914474,-0.0018123058875350734,37.15292876914474
EC003743,1,44.19022221616874,-0.08439322015787498,44.19022221616874
EC007252,3,72.8251544473153,-0.025456816890947698,72.8251544473153
EC006345,3,58.42763646193071,-0.022052745287765324,58.42763646193071
EC004760,0,42.86645361756595,0.010759187921196659,42.86645361756595
EC006866,1,24.425028025453855,-0.07716716382551142,24.425028025453855
EC002942,3,23.472416164118446,-0.025260162306777176,23.472416164118446
EC000766,3,78.357208567495,-0.03580566350880491,78.357208567495
EC007351,4,63.22183702473603,0.0046505473379830665,63.22183702473603
EC003025,0,33.72137674042161,0.006463760523038332,33.72137674042161
EC000354,2,47.9222165671706,0.0,47.9222165671706
EC006202,3,36.315736625907604,-0.024909165586327414,36.315736625907604
EC006916,1,51.868542571720546,-0.05813535413406147,51.868542571720546
EC006546,2,44.697551921343916,0.0,44.697551921343916
EC003856,3,47.916319672854286,-0.0227247221710912,47.916319672854286
EC005255,0,99.15199515581699,-0.03912847726156266,99.15199515581699
EC007859,3,82.53499749132212,-0.037165613375704364,82.53499749132212
EC006960,1,56.661430047574534,-0.01269666919550743,56.661430047574534
EC000982,4,43.68095274858652,0.035973256489558895,43.68095274858652
EC002370,3,33.16779628659804,-0.025260162306777176,33.16779628659804
EC006092,3,62.41232442122828,-0.02473693306230771,62.41232442122828
EC003140,1,24.140759053472173,-0.07838227056574817,24.140759053472173
EC006185,3,56.02304191522132,-0.03528171288625831,56.02304191522132
EC000732,2,49.918658456968856,-0.058665487879705866,49.918658456968856
EC001965,1,98.99432638998864,-0.024033048067605235,98.99432638998864
EC007395,0,59.570572231969365,0.006625548134131188,59.570572231969365
EC006164,0,46.33712589444095,0.023848594923842448,46.33712589444095
EC006113,4,38.537248653373716,0.0050324425437913885,38.537248653373716
EC004775,0,30.623999070690754,0.0,30.623999070690754
EC000587,0,55.48564738243624,0.0,55.48564738243624
EC007063,3,52.98169289717087,-0.042735610239218874,52.98169289717087
EC002077,3,66.94139885588545,-0.029605463264090366,66.94139885588545
EC001928,4,37.19734807585243,0.033344287006844914,37.19734807585243
EC007928,4,38.142116297239,0.030902288068782032,38.142116297239
EC006395,1,96.02401495203961,-0.03191189114780752,96.02401495203961
EC001257,0,56.39109903818623,0.0016665247748251502,56.39109903818623
EC006537,4,32.881569088007694,0.004809074628423341,32.881569088007694
EC005158,1,66.79184822358638,-0.08482222490621597,66.79184822358638
EC001687,1,78.461324168656,-0.07074109034363243,78.461324168656
EC005364,0,38.917219177640995,0.0014873913505494573,38.917219177640995
EC006570,2,48.856662640229224,0.014817660513280054,48.856662640229224
EC004375,1,40.548863177558324,-0.03912276715590278,40.548863177558324
EC005082,0,36.13792144484659,-0.00046010986219392964,36.13792144484659
EC005589,0,38.09414008794175,0.0041999725095463025,38.09414008794175
EC000738,4,89.83538535045675,0.03755005142966723,89.83538535045675
EC006621,3,53.666084382570865,-0.036351894219967505,53.666084382570865
EC000564,0,49.439916261808044,-0.018175044234618538,49.439916261808044
EC002301,0,54.16993662243544,0.007903626033178788,54.16993662243544
EC005489,0,26.179387340656678,0.006625548134131188,26.179387340656678
EC006566,3,61.268940112163975,-0.032500408279782914,61.268940112163975
EC004484,1,80.07890340212182,-0.062252256010500065,80.07890340212182
EC003877,2,94.35491352191804,-0.1005892426606503,94.35491352191804
EC000971,3,55.185814060661784,-0.04989307112962497,55.185814060661784
EC000567,3,34.36454717128226,-0.025260162306777176,34.36454717128226
EC005050,1,33.91536870501528,-0.06753890742176596,33.91536870501528
EC003468,3,100.95996617111354,-0.03782425746854652,100.95996617111354
EC003239,0,50.631589985490336,0.006396293522892181,50.631589985490336
EC006063,2,41.396450700000145,-0.01177034246886097,41.396450700000145
EC005314,2,36.73263118594698,0.014817660513280054,36.73263118594698
EC001588,4,47.73936585302766,0.04972725935426697,47.73936585302766
EC001426,1,32.726872134591616,-0.07712462563107125,32.726872134591616
EC002582,3,53.511635148905995,-0.02433197373675215,53.511635148905995
EC002839,3,36.39243251105569,-0.03204461754366927,36.39243251105569
EC001660,0,32.52859871626853,0.006603918302345382,32.52859871626853
EC005749,3,48.62737495171723,-0.021411897872142503,48.62737495171723
EC003533,0,25.543206433867454,0.005143251919107089,25.543206433867454
EC002564,1,38.810843192163134,-0.07957861806925867,38.810843192163134
EC006387,3,72.46747851311022,-0.05341263209033045,72.46747851311022
EC006017,2,45.39070509056013,-0.04640348559910129,45.39070509056013
EC007860,0,46.62629382913738,0.010206644736031062,46.62629382913738
EC000999,0,39.94698249304843,0.0,39.94698249304843
EC000963,3,79.11357790141936,-0.025789180702450468,79.11357790141936
EC000422,2,33.86086136208465,-0.026348281691460647,33.86086136208465
EC004727,0,73.46526906365617,0.0020994777627268927,73.46526906365617
EC002669,1,81.3209337715381,-0.08065138715006401,81.3209337715381
EC004139,2,52.97456551172978,-0.0026709520515790716,52.97456551172978
EC006237,4,46.332370943188074,0.05297476773368513,46.332370943188074
EC000524,1,57.24405527779584,-0.046652251620478896,57.24405527779584
EC005338,0,75.88372847246518,0.006310503052742572,75.88372847246518
EC004494,3,61.79609763223712,-0.03095552581263934,61.79609763223712
EC004838,3,53.26375137505839,-0.043912763684237424,53.26375137505839
EC005965,4,47.15870802235208,0.04401265469138664,47.15870802235208
EC007974,2,46.91852459300459,-0.09965161349143684,46.91852459300459
EC000582,2,29.53839607240224,0.008571434525364408,29.53839607240224
EC002347,2,56.76933316696668,-0.13400568811580724,56.76933316696668
EC000451,1,59.76110470170645,-0.004882896055854465,59.76110470170645
EC006422,4,42.66950569032501,0.03311679000484768,42.66950569032501
EC005697,3,37.336010238893316,-0.0278380568885076,37.336010238893316
EC004697,2,65.21609789924086,-0.061409194560970645,65.21609789924086
EC005341,4,91.70799063753977,0.026949524523454373,91.70799063753977
EC004129,2,81.3486254164086,-0.08819718600503963,81.3486254164086
EC004492,3,42.54711335505304,-0.025905056681894176,42.54711335505304
EC006638,3,59.4914144467441,-0.0250609727211221,59.4914144467441
EC002784,2,78.17804124707692,-0.0033342043620876206,78.17804124707692
EC002761,1,72.72964472064876,-0.07813928754365469,72.72964472064876
EC003341,4,30.738093858838102,0.0046505473379830665,30.738093858838102
EC002592,3,57.63071361824247,-0.04012193149553839,57.63071361824247
EC002195,2,45.85696742164941,0.011824604314821588,45.85696742164941
EC007201,1,73.94213172077895,-0.038191460673101876,73.94213172077895
EC002028,0,65.97612203870098,0.0,65.97612203870098
EC005810,1,37.16912852874734,-0.07838227056574817,37.16912852874734
EC002009,1,57.34113059578157,-0.07903618384707271,57.34113059578157
EC002894,4,62.10946021161239,0.0046505473379830665,62.10946021161239
EC005534,2,60.943672858417756,-0.04384639791917268,60.943672858417756
EC004480,1,58.948044195400634,-0.02438719058343569,58.948044195400634
EC004885,2,55.427214722580715,-0.003336725724166257,55.427214722580715
EC000319,2,70.78782857345622,0.014817660513280054,70.78782857345622
EC007924,3,59.62945094046327,-0.02278950214432038,59.62945094046327
EC007013,0,76.7261786477726,0.0,76.7261786477726
EC001819,1,38.42897364682251,-0.08492418863921998,38.42897364682251
EC002772,2,42.721161975618394,0.011484156254746969,42.721161975618394
EC004392,3,36.375157906893634,0.0,36.375157906893634
EC002798,3,26.561125965672012,-0.024249600751088764,26.561125965672012
EC004894,1,69.16284515727966,0.03931697792856623,69.16284515727966
EC005876,4,39.367784177924506,0.00937697561315897,39.367784177924506
EC007450,4,68.39334102574612,0.07041052109963195,68.39334102574612
EC006525,1,59.8866837841282,-0.07890861845699552,59.8866837841282
EC007695,2,46.92182425596899,-0.12322548685178851,46.92182425596899
EC006557,2,35.284190478896804,0.014817660513280054,35.284190478896804
EC003919,3,60.716227070238276,-0.026352540278672162,60.716227070238276
EC001345,1,40.18959627955898,-0.07838227056574817,40.18959627955898
EC004170,2,73.01935097868558,-0.14847727661790863,73.01935097868558
EC000855,3,62.315854395916425,-0.036361394539321204,62.315854395916425
EC006230,1,43.81623461850877,-0.008173536244719115,43.81623461850877
EC004077,3,80.46576616798781,0.0,80.46576616798781
EC004270,4,55.33344341947464,0.022649484055732,55.33344341947464
EC001119,3,48.91743119158866,-0.025260162306777176,48.91743119158866
EC006846,4,89.72549201700123,0.020674836296247508,89.72549201700123
EC001392,1,33.53720357262174,0.0,33.53720357262174
EC002416,3,36.05618475313447,-0.028030040310564178,36.05618475313447
EC001600,0,41.12917596077976,0.0026061200952181268,41.12917596077976
EC003130,1,47.11766927649433,-0.09076845099626077,47.11766927649433
EC003018,0,71.28597064492293,0.006917968641924529,71.28597064492293
EC001609,1,63.25540977864813,0.03606269882048091,63.25540977864813
EC006675,1,31.409922063452527,0.0,31.409922063452527
EC003887,1,62.3626726370032,-0.07905160663286846,62.3626726370032
EC000586,2,37.78916676065559,0.014817660513280054,37.78916676065559
EC000461,3,73.58936729196733,0.0,73.58936729196733
EC002843,2,36.54570063578145,0.014817660513280054,36.54570063578145
EC007732,4,72.4194539516822,0.005088601083972317,72.4194539516822
EC006715,1,53.66202972588412,-0.08702656519970464,53.66202972588412
EC005526,2,40.23679509668893,0.00027698748300755,40.23679509668893
EC003777,2,54.672973475629995,0.007228497161593961,54.672973475629995
EC002542,3,39.99749323035262,-0.025260162306777176,39.99749323035262
EC006352,3,28.407036348924905,-0.025260162306777176,28.407036348924905
EC007286,0,34.669703202641585,0.0035470466372068965,34.669703202641585
EC002725,0,52.1300603543331,-0.0355193873634,52.1300603543331
EC006320,4,59.86541449598077,0.04681449519457891,59.86541449598077
EC002436,1,59.07477395253467,-0.044489663951032835,59.07477395253467
EC005381,4,24.89599759466671,0.006497372808969559,24.89599759466671
EC000171,1,75.99176034766884,0.16469012918021203,75.99176034766884
EC005941,2,71.7507787998551,-0.015442949731556462,71.7507787998551
EC005166,4,60.02558832669051,0.0046505473379830665,60.02558832669051
EC007106,1,23.841591718522807,-0.07910728063664603,23.841591718522807
EC005847,1,49.866779994418586,-0.0928211341071341,49.866779994418586
EC001994,4,52.349889597809124,0.008011436550431114,52.349889597809124
EC003487,4,88.66994813033551,0.04470524956573077,88.66994813033551
EC005088,1,46.484313039300126,-0.011600841867578482,46.484313039300126
EC000467,2,78.49453701219831,-0.05297584286814794,78.49453701219831
EC004227,3,52.06144743659129,-0.03329237970227796,52.06144743659129
EC002494,2,53.17407215700436,0.0,53.17407215700436
EC007180,0,91.92156805676711,-0.009513568624815632,91.92156805676711
EC007475,2,48.961915609042194,-0.1695959557329848,48.961915609042194
EC005954,3,62.592374542055836,0.0,62.592374542055836
EC000500,3,30.19959330524053,-0.025124583191161863,30.19959330524053
EC007367,1,80.34145522133954,0.007836612140575891,80.34145522133954
EC006078,1,56.68592958311766,0.04478756187185762,56.68592958311766
EC006727,1,47.22930671578802,-0.07385159980397786,47.22930671578802
EC003765,3,65.72663842122101,-0.02559154954238331,65.72663842122101
EC004342,4,46.0769786829435,0.06520848982543385,46.0769786829435
EC001327,0,79.9622891049366,-0.02293285338748143,79.9622891049366
EC006304,3,87.47489407250126,-0.06332478581300088,87.47489407250126
EC004560,0,39.76612208664028,0.005155498631427796,39.76612208664028
EC002884,2,54.81478269051541,-0.08680586530259055,54.81478269051541
EC005702,0,63.73649449589372,0.007156727426745052,63.73649449589372
EC000498,4,66.51821230983347,0.0046505473379830665,66.51821230983347
EC000098,4,48.1126615708967,0.07803361444394982,48.1126615708967
EC007038,3,71.01637321013824,-0.04413308396282931,71.01637321013824
EC002787,2,55.56544440072493,-0.0037425194075845145,55.56544440072493
EC005504,3,37.36063320283259,-0.02981164312893391,37.36063320283259
EC002783,1,35.61793954630709,-0.07885058426992443,35.61793954630709
EC000491,1,42.57282375691149,-0.07793885003783266,42.57282375691149
EC005600,4,69.723103762188,0.04855708304470576,69.723103762188
EC006141,3,52.80854702332698,-0.049356329986657274,52.80854702332698
EC004447,3,62.962082357002316,-0.039484981396124164,62.962082357002316
EC006181,4,35.077347130532345,0.0046505473379830665,35.077347130532345
EC004569,3,30.028492340779373,-0.026566505966922345,30.028492340779373
EC000840,1,58.92846793527252,-0.07838227056574817,58.92846793527252
EC002838,2,47.3032519598334,-0.04038103252473675,47.3032519598334
EC000394,4,48.91046706701623,0.007758600950995301,48.91046706701623
EC007478,3,44.70654128594768,-0.019937989978544415,44.70654128594768
EC007895,0,55.70903153572985,0.008111748421093622,55.70903153572985
EC001537,2,84.95306183831545,-0.08597079787796112,84.95306183831545
EC004209,2,44.86467045288191,-0.043768476918478585,44.86467045288191
EC000211,3,49.00278349267908,-0.02200336674957449,49.00278349267908
EC003870,1,74.68482863094815,-0.07835400259415395,74.68482863094815
EC000022,0,61.561174683786305,-0.009334741531956941,61.561174683786305
EC004701,4,30.703309052118215,0.007439610098672663,30.703309052118215
EC000097,1,59.37224130312194,-0.0015598298202909658,59.37224130312194
EC004820,4,65.47811647654547,0.06869781285565324,65.47811647654547
EC000735,4,49.095279744351004,0.07934201060994736,49.095279744351004
EC006693,4,62.19233388176809,0.07031445677204223,62.19233388176809
EC001833,1,72.39927797337766,-0.07771392547208651,72.39927797337766
EC001287,0,28.597161954301384,0.0,28.597161954301384
EC001728,1,45.00797415754196,-0.03976555028726933,45.00797415754196
EC007033,1,28.836948477348137,-0.0697476552707253,28.836948477348137
EC006100,0,59.38305385471122,0.006625548134131188,59.38305385471122
EC006812,3,92.37811726828478,-0.02767123111313438,92.37811726828478
EC004573,0,33.934753655465606,0.006625548134131188,33.934753655465606
EC001543,1,41.12009379460707,-0.03887964669512737,41.12009379460707
EC003571,2,60.4017494581509,0.014817660513280054,60.4017494581509
EC006972,2,71.33632977669762,0.0,71.33632977669762
EC004046,4,64.75156654061178,0.006879316095026632,64.75156654061178
EC005157,1,43.74581651271903,-0.07710966924741508,43.74581651271903
EC003421,0,40.8919145767959,0.006822832411542653,40.8919145767959
EC007249,1,49.92314730819413,-0.01756766680927059,49.92314730819413
EC006209,0,44.75260397189428,0.0030965455188516856,44.75260397189428
EC004936,1,64.96043579594671,-0.012650399837152451,64.96043579594671
EC003941,2,35.23398043715944,0.006388088267063306,35.23398043715944
EC001883,0,41.90821554101173,0.006625548134131188,41.90821554101173
EC005959,2,79.77863658205777,-0.04559569661249008,79.77863658205777
EC000819,4,49.72053424945074,0.026953035572295996,49.72053424945074
EC001507,0,19.980572963552532,0.006625548134131188,19.980572963552532
EC005035,2,42.87064333682724,0.014817660513280054,42.87064333682724
EC006567,0,37.42012003979494,0.0016926131822608366,37.42012003979494
EC005692,2,44.28178887801564,-0.055216852451011295,44.28178887801564
EC004756,1,76.74616662045818,-0.0034530431576713094,76.74616662045818
EC004793,0,36.281444338243745,0.009124334175440932,36.281444338243745
EC007335,1,65.34190074967088,-0.07890561134239588,65.34190074967088
EC004291,2,30.14203265628242,0.004378922190210785,30.14203265628242
EC003879,3,50.49596399242207,-0.025946572281144963,50.49596399242207
EC004204,0,62.388325820906246,-0.020951911609432945,62.388325820906246
EC003484,1,40.41396473411853,-0.08306085362237214,40.41396473411853
EC000366,1,46.10272114978423,-0.0634119483809336,46.10272114978423
EC002758,2,37.25768537066619,-0.01187163289400673,37.25768537066619
EC000344,1,55.762516163747605,-0.0884050958908519,55.762516163747605
EC006206,3,25.945268591458156,-0.024964005414694394,25.945268591458156
EC001713,2,42.98974576034593,-0.09822405364354363,42.98974576034593
EC004676,3,31.767378826436556,-0.025067081223638325,31.767378826436556
EC007464,0,52.456059784729504,0.003205737380484939,52.456059784729504
EC006334,1,53.03202156204809,-0.07838227056574817,53.03202156204809
EC003979,1,44.84632863847439,-0.07883047685141391,44.84632863847439
EC007043,3,76.05561142355226,-0.02692144472676287,76.05561142355226
EC005843,1,72.74036557208775,0.018819325092274075,72.74036557208775
EC004332,3,39.931891827775765,-0.025260162306777176,39.931891827775765
EC005609,2,70.70543808391413,0.014353820776022014,70.70543808391413
EC005868,4,36.41629813014057,0.0046505473379830665,36.41629813014057
EC000711,0,26.6064335816289,0.007331485231689973,26.6064335816289
EC000526,0,44.26204484398531,0.001362482519126803,44.26204484398531
EC005413,4,49.16699140394593,0.019110617682559422,49.16699140394593
EC004455,2,46.36042875113505,-0.11167074770626391,46.36042875113505
EC000431,0,36.69953242440081,-0.0026601735276732233,36.69953242440081
EC006987,1,37.37166091757359,-0.07981504343181513,37.37166091757359
EC002999,2,75.46371384467285,0.007310444856514019,75.46371384467285
EC004535,0,49.1013789655545,0.006523832358394786,49.1013789655545
EC001809,2,54.166708356348586,0.0035052357057490276,54.166708356348586
EC000405,4,56.45530764129269,0.0046505473379830665,56.45530764129269
EC003165,3,105.7342176154386,-0.053719678196732776,105.7342176154386
EC002800,2,35.5720491741871,-0.011270724498303696,35.5720491741871
EC007432,1,94.33948692738423,0.023866127495611136,94.33948692738423
EC001921,4,31.424006883208847,0.0046505473379830665,31.424006883208847
EC000265,0,32.27147146823601,0.006625548134131188,32.27147146823601
EC002037,4,52.47710436482202,0.05336581665846466,52.47710436482202
EC004111,3,58.45235516075818,-0.031488935206238265,58.45235516075818
EC005803,3,65.27415306909607,-0.04684722440609742,65.27415306909607
EC007882,3,52.74133706785746,-0.04429869553759796,52.74133706785746
EC001515,2,47.872370164714575,0.014164443261162382,47.872370164714575
EC003839,3,61.1601325574585,-0.033612622879291475,61.1601325574585
EC004499,2,30.534810139350906,0.014817660513280054,30.534810139350906
EC005500,0,44.5491555961047,-0.005072855178840919,44.5491555961047
EC003940,3,24.029517523946208,-0.025512912085740552,24.029517523946208
EC004502,0,36.1689302871921,0.007068404788888314,36.1689302871921
EC004593,1,39.888601545573195,-0.08031134687646833,39.888601545573195
EC006331,0,45.8072222015357,0.013709384559530679,45.8072222015357
EC007036,2,61.546743364314125,-0.04031944566770046,61.546743364314125
EC000274,4,68.95858134459434,0.0062920545644904805,68.95858134459434
EC004949,3,67.55708229761848,-0.02535714102354914,67.55708229761848
EC004431,4,40.073079803574046,0.0,40.073079803574046
EC005612,0,28.312948727307923,0.006840917827538052,28.312948727307923
EC004721,0,76.69138067638849,-0.014024312590484546,76.69138067638849
EC004532,0,38.06294552677009,0.006625548134131188,38.06294552677009
EC005320,3,69.59993323752242,-0.02528543530569307,69.59993323752242
EC007015,0,26.395545630098056,0.007474887685698652,26.395545630098056
EC007980,1,63.686027255396624,-0.04676919302495054,63.686027255396624
EC002211,0,44.09444933435104,0.006716835424324819,44.09444933435104
EC005836,0,70.25167123323342,0.006625548134131188,70.25167123323342
EC006568,1,84.25259100172528,-0.05880643415707154,84.25259100172528
EC003472,1,41.070381359089914,-0.09751376306779713,41.070381359089914
EC005322,2,38.72161004148042,-0.04342290298125133,38.72161004148042
EC007535,4,38.62168458049684,0.03686523549745973,38.62168458049684
EC006234,1,54.770803606145066,-0.007806909076879358,54.770803606145066
EC001605,1,41.14522404266956,-0.03347135954929584,41.14522404266956
EC002730,3,43.432455975902435,-0.04075503197936291,43.432455975902435
EC007257,0,57.575571105970255,0.003305496202276911,57.575571105970255
EC000821,4,99.66128574162182,0.4028253609487332,99.66128574162182
EC000760,0,38.18085524304162,0.0,38.18085524304162
EC001292,4,32.528752145300196,0.0046505473379830665,32.528752145300196
EC002847,2,61.83145643636711,0.07310220679964761,61.83145643636711
EC001014,1,21.428887964900657,-0.07838227056574817,21.428887964900657
EC004962,2,46.53811767229526,-0.09795348012815679,46.53811767229526
EC001213,0,24.178816688306497,0.006625548134131188,24.178816688306497
EC002092,1,45.56181756943279,-0.07825358879598016,45.56181756943279
EC006617,4,31.047567831202038,0.010110350563435316,31.047567831202038
EC002940,3,70.86591134866643,-0.025260162306777176,70.86591134866643
EC003798,1,38.04279206208312,-0.07838227056574817,38.04279206208312
EC003657,2,32.71653192695416,0.014817660513280054,32.71653192695416
EC003575,1,56.792919017143674,0.0,56.792919017143674
EC003407,1,55.76636624959944,-0.057430130782812526,55.76636624959944
EC000203,1,41.69086729338778,-0.021473061026554677,41.69086729338778
EC000830,0,43.61148983236441,0.007561245317830619,43.61148983236441
EC005563,0,39.013348001386035,0.006625548134131188,39.013348001386035
EC002369,0,64.30827572165343,-0.007280194658380817,64.30827572165343
EC006934,4,59.50026493199901,0.011723660560962194,59.50026493199901
EC003120,1,64.89160599520993,-0.07838227056574817,64.89160599520993
EC002214,1,64.21569740062355,-0.030820657705725972,64.21569740062355
EC002446,3,37.11011139826529,-0.026292186291156018,37.11011139826529
EC002222,3,21.326974551130245,-0.024979311670767147,21.326974551130245
EC002478,1,48.530139010358496,-0.0841078251400004,48.530139010358496
EC001787,2,76.55801122296695,-0.01864510403344473,76.55801122296695
EC004470,1,56.38173864596145,-0.05296644879590948,56.38173864596145
EC003635,3,34.986677090962075,-0.02609123400726067,34.986677090962075
EC000118,2,42.68231833836978,-0.024786876089353368,42.68231833836978
EC001152,1,72.98981419674129,-0.07325256698782945,72.98981419674129
EC004230,4,57.386801730754584,0.06156806256829335,57.386801730754584
EC005634,0,48.13330440539081,-0.005205964326365876,48.13330440539081
EC002185,4,40.15018426918798,0.0046505473379830665,40.15018426918798
EC002790,0,51.49904750329209,0.005631392904630885,51.49904750329209
EC004999,1,111.27413580485006,0.007344953238434523,111.27413580485006
EC006611,2,46.31062464303594,-0.024861428654815526,46.31062464303594
EC005882,4,80.46160120068886,0.013762417149212766,80.46160120068886
EC004440,0,19.590848112855355,0.006625548134131188,19.590848112855355
EC001076,2,22.68917252211235,0.014817660513280054,22.68917252211235
EC003367,4,46.28660143769528,0.0,46.28660143769528
EC001449,2,60.56566027357067,-0.030302915836342103,60.56566027357067
EC002547,1,73.87326046374564,0.01079926205702432,73.87326046374564
EC004427,2,46.055355232988965,-0.14023631671976405,46.055355232988965
EC006288,1,40.386781749771856,-0.07838227056574817,40.386781749771856
EC003465,3,37.17410270563706,-0.025339923721551874,37.17410270563706
EC001771,4,100.39827851590846,0.11313351392345494,100.39827851590846
EC002040,1,70.3180501428916,-0.07582145279481785,70.3180501428916
EC004369,3,50.97834945431326,-0.023465103694602203,50.97834945431326
EC003928,2,80.0549219636012,-0.07197021879958704,80.0549219636012
EC004733,2,45.24992543412335,-0.05539427736186646,45.24992543412335
EC003987,4,39.37587852936338,0.022785539972953628,39.37587852936338
EC003662,4,34.73631458306782,0.010949968459982265,34.73631458306782
EC007428,0,46.260536905758585,-0.02937871552663471,46.260536905758585
EC005277,3,59.40797601810957,-0.024051260041712312,59.40797601810957
EC007452,4,25.011485120763282,0.0046505473379830665,25.011485120763282
EC005848,1,57.665673668402675,-0.07838227056574817,57.665673668402675
EC000124,1,33.36718780778778,-0.07776542282962838,33.36718780778778
EC000676,1,55.46998327603669,-0.06473250064751834,55.46998327603669
EC005671,1,68.58958141553225,-0.07862160743559815,68.58958141553225
EC002089,3,24.218197289431565,-0.025260162306777176,24.218197289431565
EC003579,1,56.36347870150062,-0.09090098149501086,56.36347870150062
EC007222,3,57.33312887475039,-0.029322946175737677,57.33312887475039
EC002848,3,87.50209053439399,-0.05887033184508341,87.50209053439399
EC003764,4,41.62278600129562,0.04381762662056764,41.62278600129562
EC004152,4,88.41593616972625,0.045771596098073186,88.41593616972625
EC005021,4,71.18524171516796,0.1227225922516712,71.18524171516796
EC000666,1,46.54905563624709,-0.06864234236183536,46.54905563624709
EC007973,1,22.80033123729537,-0.07894493509947134,22.80033123729537
EC005331,3,28.673626661985214,-0.0258176529738062,28.673626661985214
EC007468,3,52.92559581699591,-0.02883258166635537,52.92559581699591
EC006376,4,47.68879386653184,0.0046505473379830665,47.68879386653184
EC000777,4,59.05458156397954,0.004949001076453994,59.05458156397954
EC004246,0,50.768484195657166,0.0032555736913177195,50.768484195657166
EC005757,4,37.44200196644531,0.029606705614030556,37.44200196644531
EC004757,2,33.47105974051776,0.011050457641660419,33.47105974051776
EC005282,2,34.21361681825358,0.007511142803423555,34.21361681825358
EC004591,4,49.56071711705194,0.0,49.56071711705194
EC007775,2,38.6215429456758,0.007920678719171764,38.6215429456758
EC005427,2,64.25608241139886,0.006053179709273035,64.25608241139886
EC004143,1,67.55694832117365,0.1569170890204632,67.55694832117365
EC001147,1,67.13718596014975,-0.07213057821514052,67.13718596014975
EC007792,2,31.257039355472923,0.0022011104936707146,31.257039355472923
EC007528,4,50.2371346078578,0.11361242515023881,50.2371346078578
EC006481,1,75.61602823395332,0.004274249844945829,75.61602823395332
EC003552,4,22.46584590505624,0.0046505473379830665,22.46584590505624
EC002661,4,33.215663336147806,0.0046505473379830665,33.215663336147806
EC004119,4,62.81883169682708,0.00583115016256704,62.81883169682708
EC000639,2,69.25277300698937,-0.050261761429483943,69.25277300698937
EC004351,0,95.28129513289534,-0.00520369611800583,95.28129513289534
EC002628,2,62.57832188616802,-0.029533531989610298,62.57832188616802
EC002830,3,58.384192560704065,-0.036141150916712765,58.384192560704065
EC007649,3,70.20468003623374,-0.027640946940557326,70.20468003623374
EC005960,2,44.104576361502815,0.012436484027582614,44.104576361502815
EC001908,0,59.25897249388779,0.006625548134131188,59.25897249388779
EC001115,0,19.442136091397934,0.006625548134131188,19.442136091397934
EC002658,1,76.88482172036565,0.03520195815405161,76.88482172036565
EC004782,4,41.71329036650759,0.015568223291436412,41.71329036650759
EC007396,2,28.969169421514778,0.0,28.969169421514778
EC005067,1,47.519698440991995,-0.0860874825058421,47.519698440991995
EC001986,3,49.22420401668133,-0.01731551424826939,49.22420401668133
EC002207,0,33.912217309223344,0.006370336250105913,33.912217309223344
EC001696,0,48.303711275894,0.03671248043999148,48.303711275894
EC005997,2,23.419426269964283,0.014817660513280054,23.419426269964283
EC006179,3,64.96178206653082,-0.025260162306777176,64.96178206653082
EC004579,4,38.09173338707351,0.04009891419166389,38.09173338707351
EC006340,2,56.11696106957399,-0.24202809576772266,56.11696106957399
EC001610,4,44.063352547615345,0.006796903279947503,44.063352547615345
EC000302,2,71.60519846286897,-0.012375398058189262,71.60519846286897
EC007986,1,26.810853921269132,-0.0785421130306539,26.810853921269132
EC006372,4,74.58669008311551,0.03564409509532629,74.58669008311551
EC006094,0,95.74885541386394,-0.05655450894420704,95.74885541386394
EC002487,3,32.01587864506586,-0.025108807064785528,32.01587864506586
EC003686,3,60.93827877080143,-0.03942784786002893,60.93827877080143
EC006022,2,67.24681530203172,0.014817660513280054,67.24681530203172
EC003730,1,48.83341297596441,-0.07437103153465122,48.83341297596441
EC000741,4,48.777280910662235,0.08361092990272982,48.777280910662235
EC002300,3,31.361521255971795,-0.025260162306777176,31.361521255971795
EC003412,1,42.384991866671314,-0.08958192987633468,42.384991866671314
EC000497,4,68.57664350961649,0.0120831336032837,68.57664350961649
EC000623,0,80.27936521324726,-0.04133128796608127,80.27936521324726
EC005931,1,37.46113264873557,-0.05291679935610333,37.46113264873557
EC002581,4,27.759114305746202,0.0046505473379830665,27.759114305746202
EC004575,2,30.8370840974974,-0.0005353861835818985,30.8370840974974
EC002879,4,29.756814230219245,0.006178116789710499,29.756814230219245
EC005258,3,36.877246249102996,-0.027775983216230697,36.877246249102996
EC001785,1,57.09888278319725,-0.06842966998817653,57.09888278319725
EC000187,0,40.03803526791121,0.006625548134131188,40.03803526791121
EC002543,2,36.68991752137636,-0.0012415702676209159,36.68991752137636
EC005266,1,64.71498337887266,-0.07978436237543345,64.71498337887266
EC005409,3,28.71591937839717,-0.025606091468299265,28.71591937839717
EC000534,4,37.16323491147217,0.01690340267094436,37.16323491147217
EC001598,2,58.46117969578018,-0.021285818877364346,58.46117969578018
EC006708,4,94.92840211644945,0.06199762707208796,94.92840211644945
EC002149,3,43.25446639451502,-0.0378827615982584,43.25446639451502
EC006959,1,25.989678517334713,-0.07776811189550341,25.989678517334713
EC002420,3,67.77853605376497,-0.025260162306777176,67.77853605376497
EC000352,2,42.24102201794641,-0.13400004174761432,42.24102201794641
EC003127,1,81.75214486532039,-0.07163163862808508,81.75214486532039
EC000023,3,36.659678722336736,-0.024909102073490237,36.659678722336736
EC005973,2,34.00495672027861,0.005712231339123727,34.00495672027861
EC001430,3,71.05126679573702,-0.026277844809056025,71.05126679573702
EC000456,1,45.367142536544364,-0.0905967750271741,45.367142536544364
EC004975,0,27.637254309713786,0.00859601462777554,27.637254309713786
EC000696,0,21.395713227044226,0.006625548134131188,21.395713227044226
EC006124,0,62.89800245766952,0.007092032495592015,62.89800245766952
EC001194,2,78.72437188760831,-0.09976630971889407,78.72437188760831
EC004318,0,41.02056110088345,-0.014623489804727982,41.02056110088345
EC003260,2,41.002125075866935,0.0,41.002125075866935
EC001512,1,21.950937434160085,-0.07838227056574817,21.950937434160085
EC005783,1,58.71120609210851,0.25864088793620915,58.71120609210851
EC004275,4,41.00281355724906,0.00801304459483455,41.00281355724906
EC006901,0,48.222766792078964,0.014173646016722292,48.222766792078964
EC004450,0,48.95996227479132,-0.01493098800180252,48.95996227479132
EC004221,3,60.46319863995777,-0.03233216594695491,60.46319863995777
EC007284,0,30.319971967875812,0.006499002030415897,30.319971967875812
EC000771,4,38.56568082622812,0.013363424565916118,38.56568082622812
EC000494,4,34.89067073339164,0.016597134662183773,34.89067073339164
EC004590,4,48.75357386986367,0.0046505473379830665,48.75357386986367
EC006445,4,37.64328624482025,0.014351421732303579,37.64328624482025
EC005123,0,56.202633249510136,0.0018545546747206756,56.202633249510136
EC001560,3,74.57860161374987,-0.03637906818367305,74.57860161374987
EC005442,3,39.78982727866364,-0.024858466618425647,39.78982727866364
EC000815,2,30.493317646443522,0.014075284129708793,30.493317646443522
EC001409,0,76.37273726810957,-0.0140213538768078,76.37273726810957
EC007196,4,52.76463572758074,0.014292787417326445,52.76463572758074
EC005212,2,39.229136085898254,0.014817660513280054,39.229136085898254
EC001878,3,84.6665458378592,-0.04571449145565333,84.6665458378592
EC005506,2,70.17285333824024,0.01225476164019404,70.17285333824024
EC000779,4,57.70713652012077,0.06618040723167043,57.70713652012077
EC005586,1,46.65766254453684,-0.04991238210814956,46.65766254453684
EC002078,3,59.28238928364756,-0.03180994752808758,59.28238928364756
EC007823,2,42.665361932174974,0.014817660513280054,42.665361932174974
EC006920,0,51.050532544602234,0.002203038096616487,51.050532544602234
EC007208,4,57.71572878799574,0.021893428362719684,57.71572878799574
EC003829,3,42.707190116683954,-0.025847406774932906,42.707190116683954
EC003675,1,21.198589933607593,-0.07838227056574817,21.198589933607593
EC003114,3,83.32745429832278,-0.026092266384515624,83.32745429832278
EC005004,1,50.1533210810831,-0.06742683350621415,50.1533210810831
EC000833,0,58.48948875386841,0.0,58.48948875386841
EC007794,2,26.174675695268753,0.014817660513280054,26.174675695268753
EC006996,3,55.35677354650912,-0.024655554600564678,55.35677354650912
EC005044,0,71.54446351720155,0.0,71.54446351720155
EC001725,2,58.645093060022525,-0.15585035708549566,58.645093060022525
EC001719,2,30.25669504590109,0.0,30.25669504590109
EC002540,0,36.625486951539465,0.0069959241175463985,36.625486951539465
EC005113,1,42.19392024013176,-0.07759820698307227,42.19392024013176
EC001413,1,78.99340217789003,-0.06195882028390892,78.99340217789003
EC004846,1,49.374602472305675,-0.07896986656964457,49.374602472305675
EC004565,1,46.96590983380985,-0.06273928589827656,46.96590983380985
EC007511,4,27.860630333957527,0.008017049217689955,27.860630333957527
EC005679,0,59.86113261948156,-0.035290367180918394,59.86113261948156
EC004997,4,30.544123558419624,0.005333136163423825,30.544123558419624
EC005461,0,55.12383428734179,0.005695469286304152,55.12383428734179
EC005215,4,87.24805446615692,0.03712195668705847,87.24805446615692
EC005715,1,58.702508472589194,-0.06851367110501834,58.702508472589194
EC003770,4,35.373128671623924,0.010528976232795424,35.373128671623924
EC007253,0,47.976604995389,-0.01509081127781744,47.976604995389
EC000340,4,25.94198582377141,0.011800944592039463,25.94198582377141
EC001532,4,31.133892381122703,0.00517805565469576,31.133892381122703
EC005072,3,52.327010272886156,-0.01925425697124997,52.327010272886156
EC001010,4,42.510794722858,0.0046505473379830665,42.510794722858
EC005909,4,66.62521880379741,0.006781240778745024,66.62521880379741
EC005669,1,21.039831838935605,-0.07883341167599786,21.039831838935605
EC004585,2,37.88821853263123,0.014817660513280054,37.88821853263123
EC004416,1,75.55455173649116,-0.07052312114250417,75.55455173649116
EC003354,3,77.22086155040967,-0.02200459738157026,77.22086155040967
EC007169,0,33.044934454423064,0.005265967494269727,33.044934454423064
EC006221,1,63.920504759758806,-0.07830913521033628,63.920504759758806
EC006980,2,69.65995803198011,0.013053201659477334,69.65995803198011
EC007187,3,35.751584772671016,-0.027752568790713923,35.751584772671016
EC005614,0,31.16143782128539,0.006625548134131188,31.16143782128539
EC005878,3,31.418120705690225,-0.0282281188066515,31.418120705690225
EC005915,4,88.07432160190636,0.027261993702093607,88.07432160190636
EC006328,3,87.2070853564426,-0.02743584658329152,87.2070853564426
EC000691,4,90.88004501194384,0.23849045815944983,90.88004501194384
EC001505,4,55.09940834537544,0.11568699167480215,55.09940834537544
EC001540,3,73.39183478742797,-0.022788543289846152,73.39183478742797
EC006459,1,53.76508696857201,-0.06304615508112212,53.76508696857201
EC007397,3,41.34235890223855,-0.02947791729660365,41.34235890223855
EC001380,2,60.63065407277775,-0.11435547569533547,60.63065407277775
EC007341,4,16.7823817732778,0.0046505473379830665,16.7823817732778
EC007454,3,58.7094562916334,-0.029837927365013846,58.7094562916334
EC006619,1,44.70322527129998,-0.09078639090832129,44.70322527129998
EC005487,2,83.17911939259832,-0.036004364442877496,83.17911939259832
EC001270,4,40.353100819244354,0.005205081276939461,40.353100819244354
EC001800,2,44.82254566934296,-0.1138150766409889,44.82254566934296
EC005398,2,52.494141386725765,-0.16168163784084755,52.494141386725765
EC005288,0,64.95394205832345,0.006403611763720536,64.95394205832345
EC004973,4,43.04016524145679,0.0046505473379830665,43.04016524145679
EC007176,4,84.69762704211786,0.019257450187896943,84.69762704211786
EC001556,0,59.47084837599889,-0.03468379197220479,59.47084837599889
EC006157,3,56.09291925139842,-0.0262090817210532,56.09291925139842
EC001012,0,68.85083465092049,0.005699092968756536,68.85083465092049
EC001951,2,67.49359273462208,0.008425752127687008,67.49359273462208
EC005543,2,52.93750470035469,-0.008956784560543083,52.93750470035469
EC000362,0,44.26240339850487,-0.009896855213220262,44.26240339850487
EC003761,4,27.90664565791849,0.0046505473379830665,27.90664565791849
EC003593,3,38.343583121883256,-0.03218499464152191,38.343583121883256
EC005234,0,64.14424805624309,0.006625548134131188,64.14424805624309
EC003478,1,53.00665587496719,-0.04000094661554413,53.00665587496719
EC007422,3,46.722018557630065,-0.021504687459090156,46.722018557630065
EC003055,2,34.65697664211285,0.007046063291922047,34.65697664211285
EC001681,0,43.35916049443077,-0.005435752151721622,43.35916049443077
EC005278,3,43.02168293309968,-0.02579923078396991,43.02168293309968
EC001280,3,30.907105661418072,-0.025463184205782054,30.907105661418072
EC007927,3,88.05211138213073,-0.032440151948001095,88.05211138213073
EC007362,2,66.57831086512562,0.004218904724152109,66.57831086512562
EC006576,1,50.157394005067104,-0.015831063643055088,50.157394005067104
EC007271,1,56.09051788611837,-0.025070019963971922,56.09051788611837
EC004526,4,25.994741843527564,0.00814348028830143,25.994741843527564
EC003116,3,21.383798744605063,0.0,21.383798744605063
EC003361,2,50.97996838592791,-0.04366335121851207,50.97996838592791
EC001146,2,49.82577612019263,0.006994009366927137,49.82577612019263
EC005552,0,59.7846711988218,-0.016787467281791885,59.7846711988218
EC001094,3,84.33551794873684,-0.03500141976378091,84.33551794873684
EC006888,2,29.86390201497319,0.0,29.86390201497319
EC003000,4,48.00264643096655,0.11272392022546182,48.00264643096655
EC004179,4,47.74363356910568,0.014492193962047688,47.74363356910568
EC001346,1,65.2329558802435,0.022991124073437813,65.2329558802435
EC006169,0,61.76547761898249,0.0,61.76547761898249
EC002463,3,35.74428695358179,-0.02542557212705975,35.74428695358179
EC002250,4,30.44880997959067,0.009694129144536257,30.44880997959067
EC004009,2,49.2565416886341,-0.1504555510688229,49.2565416886341
EC005343,4,90.49342354956502,0.04710175279324585,90.49342354956502
EC001290,3,67.3901254103184,-0.024503811323800917,67.3901254103184
EC000060,1,47.43565652452773,-0.09387489266366904,47.43565652452773
EC001663,4,48.35670825760278,0.022008193362830438,48.35670825760278
EC002992,4,32.53638483050238,0.00754223040686907,32.53638483050238
EC007112,2,39.35452422737681,-0.06616386941986482,39.35452422737681
EC006241,3,42.78685173969404,-0.025416976332738903,42.78685173969404
EC001705,1,66.95126928005553,-0.04324272413021087,66.95126928005553
EC000768,0,48.39312034708711,0.0,48.39312034708711
EC007693,2,40.757440743001844,-0.0842721846633823,40.757440743001844
EC007261,3,26.290274528155308,-0.025117584598658843,26.290274528155308
EC007496,3,60.0913244078855,-0.04125010476945205,60.0913244078855
EC000186,4,77.43470229493906,0.020512867177064593,77.43470229493906
EC003744,1,37.634255140167944,-0.0793434285955451,37.634255140167944
EC000242,1,60.072183347402984,-0.02020500366607516,60.072183347402984
EC000072,3,83.57057080996056,-0.05824105217354331,83.57057080996056
EC005707,3,31.39059448530909,-0.02519381722170924,31.39059448530909
EC007198,4,36.81315670041041,0.007048863729284604,36.81315670041041
EC007706,3,80.20853173683946,-0.024829945217626187,80.20853173683946
EC004307,3,31.96177231441914,-0.025260162306777176,31.96177231441914
EC003685,4,40.042459266676246,0.011791416568750941,40.042459266676246
EC000660,1,85.36369320902901,0.0,85.36369320902901
EC003871,1,42.969679669261794,-0.08107717044369858,42.969679669261794
EC002383,4,26.044642646221796,0.007689169334808593,26.044642646221796
EC005408,1,39.738917252987676,-0.07838227056574817,39.738917252987676
EC006201,1,29.20132777801277,-0.08078460679810662,29.20132777801277
EC007387,4,31.554695736817028,0.011607176153830012,31.554695736817028
EC001491,0,92.55829585654845,0.001345929973750964,92.55829585654845
EC007901,1,46.25690259219893,-0.09171398973674506,46.25690259219893
EC005652,4,20.719667976455202,0.0046505473379830665,20.719667976455202
EC004884,0,48.56401687913696,0.004223922293430315,48.56401687913696
EC001924,2,40.36365401038044,0.005034053039343903,40.36365401038044
EC007412,0,39.626371621737476,-0.005870409392994583,39.626371621737476
EC006315,4,56.4410568304957,0.023464274263104094,56.4410568304957
EC004692,2,52.86501484401288,-0.011223794754083636,52.86501484401288
EC005760,2,28.24818803101237,-0.024043626622903977,28.24818803101237
EC005815,0,62.66947203785526,0.006625548134131188,62.66947203785526
EC003989,0,54.23712918339569,-0.008403778822224641,54.23712918339569
EC003992,0,27.31910064803339,0.007367069077232584,27.31910064803339
EC005401,0,47.70403244007742,0.005635357207086928,47.70403244007742
EC006114,2,60.23517889597681,0.014817660513280054,60.23517889597681
EC007869,4,42.78674564355258,0.014684957425414712,42.78674564355258
EC007385,3,45.65274287508354,-0.025758146847785088,45.65274287508354
EC003379,1,50.79201446966911,-0.09591299608268951,50.79201446966911
EC006233,4,40.51953363784144,0.020265843086479354,40.51953363784144
EC004166,1,70.6329175224601,-0.0038303820018901827,70.6329175224601
EC003410,2,53.812560950017534,-0.010620185591802604,53.812560950017534
EC007359,4,48.28143094213726,0.027260184586124447,48.28143094213726
EC002121,0,53.79986824796189,-0.0039774917515235115,53.79986824796189
EC007561,2,54.3621324773101,-0.022609650366287586,54.3621324773101
EC002612,1,42.91552087785734,-0.07560770601403909,42.91552087785734
EC003285,3,30.516531153459425,-0.025462017241144663,30.516531153459425
EC004236,2,43.25887291501958,-0.06663253945878159,43.25887291501958
EC003180,2,44.69874139987533,-0.02464857279043066,44.69874139987533
EC004830,4,41.824933615502616,0.007400194805876354,41.824933615502616
EC000373,3,43.87171849853266,-0.043802432281651746,43.87171849853266
EC004322,4,27.677748241306507,0.005238309887927513,27.677748241306507
EC004376,1,30.679953401431224,-0.07982796058550103,30.679953401431224
EC002315,1,30.19436294363985,-0.07842183470249736,30.19436294363985
EC000182,1,27.397552242517378,-0.07924575481927779,27.397552242517378
EC000968,0,63.145556645603136,-0.013378172381012547,63.145556645603136
EC003447,0,96.3115107383068,0.0,96.3115107383068
EC000618,1,52.864829636411116,-0.0615701808267964,52.864829636411116
EC007023,1,70.17597283115626,-0.0793884186267635,70.17597283115626
EC002228,2,27.108890046078486,0.00808372050402495,27.108890046078486
EC002193,4,56.06591998658005,0.09065454351578153,56.06591998658005
EC003097,2,56.65613678808077,0.005670600965289374,56.65613678808077
EC007406,1,41.941819619540915,-0.034008163494034724,41.941819619540915
EC005273,1,39.57512256285086,-0.07838227056574817,39.57512256285086
EC002334,1,72.14269671065964,-0.07150575325000481,72.14269671065964
EC001266,0,38.262841471090695,0.006625548134131188,38.262841471090695
EC007005,0,69.80785864713054,0.00589928871261217,69.80785864713054
EC000024,3,40.92467703270678,-0.025260162306777176,40.92467703270678
EC002594,3,62.3687413427285,-0.04720492032355475,62.3687413427285
EC007211,0,41.3310134503892,0.004892807504129192,41.3310134503892
EC003303,2,47.83234848342159,0.0,47.83234848342159
EC006538,0,64.12529440554275,0.009755466843986546,64.12529440554275
EC004859,3,59.75641348057962,-0.025260162306777176,59.75641348057962
EC003885,0,75.09669676375664,0.005408590187165153,75.09669676375664
EC000638,2,55.84958334065404,-0.05347353893889436,55.84958334065404
EC005007,3,50.51556158142741,-0.03403330064427184,50.51556158142741
EC003562,4,41.05605896598517,0.0226208252514905,41.05605896598517
EC007687,3,24.434879105500087,-0.025260162306777176,24.434879105500087
EC004818,4,63.11048602860323,0.07116386535978084,63.11048602860323
EC004708,0,74.30707463970829,-0.030070698657677312,74.30707463970829
EC007099,2,57.29224697580847,-0.17178609542108503,57.29224697580847
EC007221,2,51.08274165839041,-0.18512478189192139,51.08274165839041
EC004466,0,68.703813293174,0.007289006324161544,68.703813293174
EC001432,2,51.927252844052724,-0.17036986508122293,51.927252844052724
EC000003,1,37.5191756179387,-0.06109691723564374,37.5191756179387
EC003060,4,45.499805037270896,0.05965867051411104,45.499805037270896
EC005566,0,37.01012504952321,0.006625548134131188,37.01012504952321
EC000152,1,43.98386424974905,-0.06687303276778721,43.98386424974905
EC005556,2,38.22416799158307,0.005563538703249705,38.22416799158307
EC002672,1,26.67449766421396,-0.07801302873468365,26.67449766421396
EC001933,0,42.284944637712776,0.006625548134131188,42.284944637712776
EC007892,2,45.465567836306136,0.009024838679658517,45.465567836306136
EC003866,4,60.37200076480399,0.005868740601850695,60.37200076480399
EC002122,4,76.84632774035707,0.021337488204225617,76.84632774035707
EC005977,4,43.30679688006491,0.0046505473379830665,43.30679688006491
EC001330,2,48.79835669348556,-0.15022684235731648,48.79835669348556
EC004515,2,33.71613776769837,0.01042392039943267,33.71613776769837
EC004649,2,56.83685416285176,-0.10899327848173752,56.83685416285176
EC000300,3,39.40926502144317,-0.02557875793811168,39.40926502144317
EC000150,4,83.57344068679231,0.038282757807384916,83.57344068679231
EC004728,3,32.45020772647618,-0.025260162306777176,32.45020772647618
EC005411,1,39.33699276259799,-0.07838227056574817,39.33699276259799
EC002385,4,38.72799358341458,0.00495672122700903,38.72799358341458
EC003598,0,41.36766249390291,-0.014602851033088731,41.36766249390291
EC004932,2,43.056850522955735,0.014817660513280054,43.056850522955735
EC000591,0,29.94963959581446,0.008149896021783653,29.94963959581446
EC007285,3,43.349872777800854,-0.031000447366696222,43.349872777800854
EC006009,0,53.11095712944353,-0.005654608536470226,53.11095712944353
EC003698,1,44.65228966029035,-0.05963720837563281,44.65228966029035
EC004223,1,38.428174338906665,-0.07380436953303243,38.428174338906665
EC006911,3,64.79691543648659,-0.02475683259555634,64.79691543648659
EC005675,4,61.297878320376356,0.05549255891871969,61.297878320376356
EC004985,2,60.143324166435704,0.012285917981485782,60.143324166435704
EC003717,4,41.804149496323824,0.04891762768561393,41.804149496323824
EC000481,1,69.29395634405385,-0.025198534248379804,69.29395634405385
EC001458,2,22.597358542340764,0.01126221270165162,22.597358542340764
EC004868,1,35.07936843574111,-0.07838227056574817,35.07936843574111
EC003894,3,78.8300840380567,-0.13993900281862212,78.8300840380567
EC007399,2,32.777800626857186,0.004220772874169762,32.777800626857186
EC003591,4,61.16816156387755,0.03784525065436923,61.16816156387755
EC002303,2,52.427156935096725,-0.10168731106815214,52.427156935096725
EC006212,0,27.042988351174962,0.006625548134131188,27.042988351174962
EC005124,4,40.37400030383711,0.059639388505960844,40.37400030383711
EC007791,3,74.14031916605376,-0.05984186664635258,74.14031916605376
EC005900,1,74.95440223344069,-0.07838227056574817,74.95440223344069
EC006393,2,79.22292123114971,-0.08927111608795707,79.22292123114971
EC003164,2,41.73331321083391,0.012694158809253925,41.73331321083391
EC001192,2,65.78250208012102,0.013067339763364147,65.78250208012102
EC006276,3,53.66578711816595,-0.022390017716192978,53.66578711816595
EC006043,0,53.839290510314164,-0.013672745987834712,53.839290510314164
EC007900,1,58.920233257986595,-0.07838227056574817,58.920233257986595
EC001841,2,27.845501177541156,0.014817660513280054,27.845501177541156
EC000643,4,66.59488740576832,0.0046505473379830665,66.59488740576832
EC007586,1,38.90089708659493,-0.06849415297283844,38.90089708659493
EC003221,2,53.52177464506635,-0.06705342913116837,53.52177464506635
EC002720,0,37.84327125305593,0.003563617145399288,37.84327125305593
EC005591,4,45.379152103173595,0.021798430113483824,45.379152103173595
EC006757,2,57.16896110446723,0.014817660513280054,57.16896110446723
EC006362,4,44.23793188800635,0.009904180742366472,44.23793188800635
EC001768,3,41.681686658111275,-0.025416379124821958,41.681686658111275
EC007514,0,33.97237323004104,0.0012048745845980647,33.97237323004104
EC001063,2,55.49697136605429,0.0,55.49697136605429
EC003716,1,86.15236323909718,-0.04390010124223207,86.15236323909718
EC003925,4,68.70226266182017,0.07633889255076223,68.70226266182017
EC007876,1,42.831192407414406,-0.03301500120751495,42.831192407414406
EC000627,2,27.910873014061515,-0.004707795224978398,27.910873014061515
EC005426,2,23.86481099004904,-0.012416464455969806,23.86481099004904
EC003707,4,28.131297133412485,0.0046505473379830665,28.131297133412485
EC001613,4,41.110542306627565,0.010433755676191429,41.110542306627565
EC001948,0,49.01834345683434,-0.016456494081181522,49.01834345683434
EC002789,2,35.504927470639934,0.011486373364923363,35.504927470639934
EC007321,4,39.24209237356262,0.012228611457233134,39.24209237356262
EC004099,2,48.90482044263846,-0.005699558494680769,48.90482044263846
EC000047,1,99.07377631441094,-0.04003561303167303,99.07377631441094
EC002536,0,56.30766360312336,0.0069373730413204385,56.30766360312336
EC001519,3,36.87913226856238,-0.025260162306777176,36.87913226856238
EC002404,1,37.77943616025923,-0.07838227056574817,37.77943616025923
EC000744,3,60.9017318333204,-0.029807570219389203,60.9017318333204
EC000717,4,103.86948870811563,0.07411591505422171,103.86948870811563
EC001685,4,36.903866822787045,0.0046505473379830665,36.903866822787045
EC003182,3,41.08336216661654,-0.028738430992639383,41.08336216661654
EC007697,3,52.76171409892626,-0.025260162306777176,52.76171409892626
EC002052,0,35.978031209124616,0.0075703307994042495,35.978031209124616
EC003404,3,55.400774673491256,-0.03967049128417131,55.400774673491256
EC004829,4,65.53155194798835,0.00982952722528653,65.53155194798835
EC003670,3,44.09468684229396,-0.025275836439987695,44.09468684229396
EC000657,3,76.47788079858152,-0.026930291512801866,76.47788079858152
EC003720,0,73.2686523807989,0.00635002798724157,73.2686523807989
EC007536,1,45.049792947133,-0.03876435926564073,45.049792947133
EC005477,0,48.877239041326085,-0.012993410516154383,48.877239041326085
EC001067,0,54.24897000189897,0.012489290700527027,54.24897000189897
EC000929,0,38.38964081713553,0.006625548134131188,38.38964081713553
EC007581,2,98.36863360085475,-0.0665934409009408,98.36863360085475
EC007115,0,63.23019000929164,-0.013377080361320244,63.23019000929164
EC001715,2,23.071260727562287,0.014817660513280054,23.071260727562287
EC000331,2,43.203176906781664,-0.029216273815848494,43.203176906781664
EC000368,2,71.98494495671349,0.0076932951885225614,71.98494495671349
EC003718,3,32.54881107378443,-0.02576054265181984,32.54881107378443
EC007524,0,32.189383399461114,0.006625548134131188,32.189383399461114
EC005705,2,35.459156247414,0.0013558602367658018,35.459156247414
EC007087,0,46.01694090214298,0.007214217544185853,46.01694090214298
EC004658,1,20.120976452100166,-0.07838227056574817,20.120976452100166
EC005479,0,62.64338949282788,-0.001502063529646548,62.64338949282788
EC001739,1,34.02940792979459,-0.07838227056574817,34.02940792979459
EC003396,0,35.798618284447805,0.006625548134131188,35.798618284447805
EC001454,0,57.19932536935688,-0.016124323508179196,57.19932536935688
EC007574,2,56.30924183026728,-0.00719508031560321,56.30924183026728
EC000611,2,51.60914310462862,-0.003531068263628999,51.60914310462862
EC002625,3,35.923068975027185,-0.024711328063237392,35.923068975027185
EC001371,2,31.253306210435827,0.014817660513280054,31.253306210435827
EC003522,3,46.12577657036286,-0.024303450730007822,46.12577657036286
EC000264,3,65.0881622549119,-0.04189037443000736,65.0881622549119
EC005374,1,66.98974148470379,-0.07838227056574817,66.98974148470379
EC004393,1,41.42347771935421,-0.040511555827145704,41.42347771935421
EC004751,0,54.94675618719397,0.03923802824837817,54.94675618719397
EC005444,4,77.73242723056036,0.016072290231813523,77.73242723056036
EC006547,1,54.18916017062827,-0.0834414144081652,54.18916017062827
EC005926,4,37.358991023173495,0.012000259476243957,37.358991023173495
EC000555,3,37.50982069758183,-0.025260162306777176,37.50982069758183
EC003241,0,48.959149180551584,-0.029840018146262557,48.959149180551584
EC005789,2,37.68980220506431,-0.005579322784234203,37.68980220506431
EC000532,3,40.20826679779131,-0.026050831841216142,40.20826679779131
EC001623,2,42.23385926531266,0.00039104653736853415,42.23385926531266
EC002071,1,78.51032870864823,0.0,78.51032870864823
EC000857,1,98.17758518366314,-0.004820816969088551,98.17758518366314
EC003057,0,70.39375386192333,0.00480229473535647,70.39375386192333
EC000919,2,39.10355849229233,0.0012411786231545652,39.10355849229233
EC006239,3,74.77150953649114,-0.03669758667170084,74.77150953649114
EC000850,3,70.3091344708755,-0.02523805860810925,70.3091344708755
EC004323,2,65.04662794191094,-0.0400414112035372,65.04662794191094
EC004037,1,58.192169649427534,0.05981401931730437,58.192169649427534
EC002110,4,51.5085075351761,0.012610438054215467,51.5085075351761
EC004828,1,66.51702553041821,-0.07838227056574817,66.51702553041821
EC006244,0,76.97738643424022,0.0014177728858408359,76.97738643424022
EC004474,3,62.3613599616763,-0.025014781563156473,62.3613599616763
EC005837,4,77.46037353366914,0.01001007334107342,77.46037353366914
EC001483,3,67.0297910753917,-0.03944085023601958,67.0297910753917
EC007769,3,42.737311318913875,-0.06982316102376271,42.737311318913875
EC001342,2,24.562844676834732,0.013047876968478228,24.562844676834732
EC007642,4,37.03535660850157,0.011152048335149958,37.03535660850157
EC001795,0,45.018161854155444,0.006625548134131188,45.018161854155444
EC001008,3,27.76031902516956,-0.025260162306777176,27.76031902516956
EC001118,1,50.35165038895779,0.0,50.35165038895779
EC003098,2,63.679685669566425,-0.0044779589353112804,63.679685669566425
EC000730,4,96.29019114634292,0.05356332374524191,96.29019114634292
EC004305,0,67.41439278631776,-0.009823299366267893,67.41439278631776
EC005570,0,73.26610802256279,0.006625548134131188,73.26610802256279
EC003947,1,43.615671191275865,-0.077527736903513,43.615671191275865
EC005406,1,57.57738838092137,-0.05631789025861323,57.57738838092137
EC004187,3,26.063564596350183,-0.025260162306777176,26.063564596350183
EC003245,3,44.96531705141284,0.0,44.96531705141284
EC003548,4,47.98224665157196,0.019928338169840718,47.98224665157196
EC005867,1,47.00373522661905,-0.07491913697688965,47.00373522661905
EC006052,1,60.63032420093486,0.0021127147885513092,60.63032420093486
EC000812,0,64.01354570530623,-0.005293149484475889,64.01354570530623
EC005785,0,50.91144354772678,0.0052496987415788605,50.91144354772678
EC003676,1,32.007963770815124,-0.07899906173840655,32.007963770815124
EC000207,2,72.07812599327647,0.004871079345993883,72.07812599327647
EC005640,2,54.21128137925953,-0.08292293439710281,54.21128137925953
EC002399,2,27.482294856294146,0.008640696533426521,27.482294856294146
EC004449,2,65.75969894997817,0.00937165544098359,65.75969894997817
EC004464,1,49.10446661697622,-0.0913580811582809,49.10446661697622
EC001843,0,86.05213236687888,-0.018989246121482603,86.05213236687888
EC002132,3,39.1811828947297,-0.02900975280873653,39.1811828947297
EC007547,4,53.492289405155525,0.01177853657012818,53.492289405155525
EC006451,3,65.72956180034694,-0.028827630279492963,65.72956180034694
EC007573,3,56.63415631654338,-0.030033348753774617,56.63415631654338
EC006359,2,55.19448794938721,-0.07224251279345888,55.19448794938721
EC006884,4,44.13290997263599,0.009041508824602303,44.13290997263599
EC003176,2,26.465258739107416,0.010523009379774302,26.465258739107416
EC001283,2,28.065204477602745,0.014817660513280054,28.065204477602745
EC006434,0,61.407383603804774,-0.019642274511413305,61.407383603804774
EC004373,2,20.419754279646003,0.001980891967530818,20.419754279646003
EC002395,2,34.34809268990233,0.008568303985165442,34.34809268990233
EC002472,1,48.33842444367992,-0.07470796711675212,48.33842444367992
EC001208,4,98.64683396639856,0.0949359570116115,98.64683396639856
EC003549,1,51.3439570672495,-0.09465286127735838,51.3439570672495
EC006871,0,43.82014608532954,0.0008117715463403856,43.82014608532954
EC003090,1,62.67486825368396,0.00913100658056576,62.67486825368396
EC007433,2,46.11304123216006,-0.09804891912877457,46.11304123216006
EC002577,2,26.871728023712663,0.004486490231452339,26.871728023712663
EC000096,0,63.72737427200374,0.0066734310085465355,63.72737427200374
EC001808,4,69.46768720356411,0.057698746379957075,69.46768720356411
EC005178,4,24.674878229177818,0.005879036888150776,24.674878229177818
EC004743,1,60.73902486987011,-0.05112254098831027,60.73902486987011
EC005260,2,39.18949430415026,0.014817660513280054,39.18949430415026
EC003953,2,46.6940098871413,-0.07848942986462272,46.6940098871413
EC007389,3,45.184862136090985,-0.02433547142004256,45.184862136090985
EC000137,2,48.82162009145772,-0.13275269218145197,48.82162009145772
EC005431,2,25.78220237440587,0.014817660513280054,25.78220237440587
EC004005,3,38.98937285115687,-0.026407046615095714,38.98937285115687
EC002489,3,24.656532842645802,-0.025260162306777176,24.656532842645802
EC004778,2,64.11614116908505,-0.03859925509232341,64.11614116908505
EC001011,0,82.25780947840482,-0.028109768873699086,82.25780947840482
EC004784,1,62.1538587348687,0.03493252762580018,62.1538587348687
EC004919,2,47.72730966295654,0.013953519241207801,47.72730966295654
EC000936,0,44.473169374967355,0.005679491452324057,44.473169374967355
EC000130,0,44.47762984124854,0.008397733500986963,44.47762984124854
EC005495,0,42.988687150026415,0.009690497686368033,42.988687150026415
EC007590,2,59.15035128521166,-0.014744126428238795,59.15035128521166
EC000327,2,24.832294744015982,0.004611187870965899,24.832294744015982
EC003212,4,88.88206337246137,0.023428813376698356,88.88206337246137
EC003868,0,99.5596635152314,-0.025514657276039115,99.5596635152314
EC004998,4,47.467686721398856,0.005192714825228862,47.467686721398856
EC005709,2,42.640878677856506,-0.05137758274976806,42.640878677856506
EC005137,3,36.60340385381416,-0.025260162306777176,36.60340385381416
EC004339,1,42.255964230724096,0.0,42.255964230724096
EC001579,1,40.262267841586436,-0.0905884379930957,40.262267841586436
EC003213,3,49.26826079446372,-0.08141467969416802,49.26826079446372
EC005268,1,87.4901777076808,-0.04140251651759792,87.4901777076808
EC000460,3,45.08817985928263,-0.025083450822608454,45.08817985928263
EC006584,3,29.736749582062664,-0.025260162306777176,29.736749582062664
EC005902,2,69.08953655518715,-0.06536870888675131,69.08953655518715
EC007556,4,47.111866736347125,0.021643831793528325,47.111866736347125
EC007754,0,27.699255347757653,0.006311293521465623,27.699255347757653
EC005112,2,30.84447055165371,0.014116923899388789,30.84447055165371
EC004650,2,82.32407950668662,-0.04975767222874291,82.32407950668662
EC000434,1,41.74231519045591,-0.08738949609202955,41.74231519045591
EC005542,4,34.466157999545906,0.007794114684211765,34.466157999545906
EC007719,1,99.87379159790459,-0.025941571736384776,99.87379159790459
EC002558,2,47.90600196392157,-0.1400036471877949,47.90600196392157
EC002313,3,43.628985368737226,-0.03351922637064994,43.628985368737226
EC001782,4,37.36852224832157,0.0057503076094770345,37.36852224832157
EC005817,2,46.42462348683733,-0.14751258734360484,46.42462348683733
EC003521,2,40.20182024911958,-0.021239888682658886,40.20182024911958
EC007498,1,49.638348815232916,-0.07038882410213021,49.638348815232916
EC005681,2,65.67122996485749,-0.05915432316836057,65.67122996485749
EC006458,1,77.14612981905849,0.05475266165960002,77.14612981905849
EC001429,3,92.28863305880922,-0.05040109982242136,92.28863305880922
EC006444,2,46.04668949345435,-0.018604261815944236,46.04668949345435
EC002302,1,39.207724924274615,-0.0645800165108865,39.207724924274615
EC004367,0,65.12944750424572,-0.020038249444464282,65.12944750424572
EC005944,0,80.82537901686419,0.0,80.82537901686419
EC007651,0,47.56184666571951,0.02232904483420045,47.56184666571951
EC003409,1,68.72203638418115,0.04314100796594125,68.72203638418115
EC005370,4,57.19619764707385,0.09328363854287416,57.19619764707385
EC001411,4,52.705487498625075,0.04004384311599177,52.705487498625075
EC002458,3,59.517595985819504,-0.03559936724528959,59.517595985819504
EC006882,0,63.877604607569985,0.006625548134131188,63.877604607569985
EC005730,2,37.41550536586951,-0.004636382572648479,37.41550536586951
EC005663,0,73.16651675074237,-0.08003963018102715,73.16651675074237
EC006363,4,78.79105313118973,0.15369840469986326,78.79105313118973
EC001396,4,55.19199296175332,0.049859243011940085,55.19199296175332
EC007241,0,38.03273767310983,0.009179431200561186,38.03273767310983
EC001231,4,80.82865385754093,0.06295185560605268,80.82865385754093
EC006699,4,58.15202971302723,0.0046505473379830665,58.15202971302723
EC005197,2,31.557415332705943,0.014817660513280054,31.557415332705943
EC007568,0,64.52940513634213,-0.008870246772547703,64.52940513634213
EC001707,3,34.43795601027839,-0.026211271011799077,34.43795601027839
EC005213,3,39.59381778349369,0.0,39.59381778349369
EC006624,0,71.98603915829884,0.005802182375725383,71.98603915829884
EC007875,0,68.1593206894922,-0.01639837033660223,68.1593206894922
EC005541,2,47.36184464109127,0.014817660513280054,47.36184464109127
EC000762,0,67.43171420426623,0.006068744767909511,67.43171420426623
EC000134,0,42.6014194908387,0.00683819749446444,42.6014194908387
EC000133,2,23.334638757004345,0.014817660513280054,23.334638757004345
EC004564,1,76.07433147915825,0.014843201384881724,76.07433147915825
EC004215,3,51.3219544216482,-0.03498264216005435,51.3219544216482
EC006135,3,44.082051854172185,-0.025752328728993832,44.082051854172185
EC007057,1,80.91815948511056,0.05137058729810817,80.91815948511056
EC002968,1,34.52713985972736,0.0,34.52713985972736
EC002091,1,80.3503131052289,-0.05057289121428749,80.3503131052289
EC007323,1,45.04326636822669,-0.08820035338750842,45.04326636822669
EC007266,4,47.0659521089802,0.059697050134684404,47.0659521089802
EC004220,4,29.393066951402258,0.0046505473379830665,29.393066951402258
EC000903,3,58.332905656791915,-0.048535283174103425,58.332905656791915
EC005723,1,65.17813823939431,-0.04794167603665698,65.17813823939431
EC002956,0,46.26238295480812,-0.015828811549376254,46.26238295480812
EC003712,3,70.71675748090271,-0.026170022870262568,70.71675748090271
EC003184,3,48.42709134215474,-0.019570770020773613,48.42709134215474
EC005872,4,70.67263908342585,0.11414877805634016,70.67263908342585
EC002267,1,58.421126553989055,0.013867811942389632,58.421126553989055
EC006602,0,62.21773774265008,0.007014351895829671,62.21773774265008
EC003425,4,68.1589074159661,0.03469630418344419,68.1589074159661
EC001612,1,35.29401983611851,-0.07867245578392416,35.29401983611851
EC002070,4,81.68007857614272,0.12739921269180007,81.68007857614272
EC005045,2,30.05011408209369,-0.022337249101065763,30.05011408209369
EC006277,3,99.40453355126797,-0.039843196999710534,99.40453355126797
EC000082,4,81.8721245244887,0.1298746004701824,81.8721245244887
EC004553,0,77.071554721192,-0.07392063999403545,77.071554721192
EC004622,4,43.639380828332406,0.008124653141996327,43.639380828332406
EC005661,1,42.68434168174182,0.0,42.68434168174182
EC000005,1,57.1309096934063,-0.07850516951359096,57.1309096934063
EC006706,0,45.78962344416061,0.0037975226960236357,45.78962344416061
EC007734,1,53.097128393520556,-0.09601518625707255,53.097128393520556
EC007227,2,55.91757513853242,0.0,55.91757513853242
EC007824,3,59.06505466994834,-0.03283031635989602,59.06505466994834
EC003385,1,40.99490145223755,-0.03986056110730836,40.99490145223755
EC002741,1,37.495263769984184,-0.08081642903215443,37.495263769984184
EC005418,4,56.86981979739659,0.0,56.86981979739659
EC000614,4,61.866496264738686,0.04948781856855077,61.866496264738686
EC002508,1,30.149753686980887,-0.07987487587419442,30.149753686980887
EC003781,4,32.288544392260626,0.005116576915604163,32.288544392260626
EC003863,0,19.678252074470684,0.006817538313081802,19.678252074470684
EC000889,2,47.76799324297698,0.00790362304358403,47.76799324297698
EC007437,2,46.149208748208586,-0.00932760613157993,46.149208748208586
EC007066,1,58.12631581570005,-0.03048042913233004,58.12631581570005
EC001913,4,45.218540635200604,0.030644324145896244,45.218540635200604
EC006329,3,43.279964518929525,-0.026446311574622204,43.279964518929525
EC007588,3,30.156804178197735,-0.025325355525338974,30.156804178197735
EC007999,1,59.02948891623165,-0.07838227056574817,59.02948891623165
EC001357,2,38.569687470725924,0.0,38.569687470725924
EC004432,1,53.448456762615486,-0.06755061491687113,53.448456762615486
EC006091,1,39.77878713139619,0.0,39.77878713139619
EC001142,3,55.365939144260054,-0.025260162306777176,55.365939144260054
EC000009,1,86.43985324021945,0.0,86.43985324021945
EC001037,2,61.98143650007463,0.014817660513280054,61.98143650007463
EC006742,1,43.939874928648614,-0.0671020174447225,43.939874928648614
EC002579,1,42.69927229754477,-0.08923116768938796,42.69927229754477
EC000621,4,45.21146214103267,0.004940758866548864,45.21146214103267
EC002281,2,42.829254194850755,0.011772612827221807,42.829254194850755
EC002907,4,40.3972495007172,0.02829127637130479,40.3972495007172
EC002589,4,58.08516961075958,0.04017696044737622,58.08516961075958
EC001151,2,24.768883926631208,0.005405207952354711,24.768883926631208
EC001659,1,71.27411682884137,0.1297700078076203,71.27411682884137
EC002773,4,42.042503788829244,0.019631975992758153,42.042503788829244
EC007034,3,63.89366152912641,-0.025260162306777176,63.89366152912641
EC001158,1,45.973567646165236,-0.09574060695577447,45.973567646165236
EC003890,4,69.60703246704519,0.0046505473379830665,69.60703246704519
EC000226,4,96.2134524659326,0.08885918761724532,96.2134524659326
EC006559,4,83.14691901925255,0.0888441503834119,83.14691901925255
EC006804,3,81.3837714221164,-0.029473119083692326,81.3837714221164
EC002677,3,115.80949349600408,-0.09649156939252401,115.80949349600408
EC004700,1,32.69390916551029,-0.07905002738104339,32.69390916551029
EC006612,1,75.11609750857144,0.02431947868276739,75.11609750857144
EC004646,2,65.17016343048277,-0.07251383909695681,65.17016343048277
EC003016,3,53.514319805953306,-0.03891168521013249,53.514319805953306
EC003963,0,64.98857419664418,-0.01657112702156579,64.98857419664418
EC002414,3,37.40693736941265,-0.03144330468166591,37.40693736941265
EC001260,4,68.36813678883715,0.006598511910428404,68.36813678883715
EC005154,4,42.39507806320997,0.022854724587625393,42.39507806320997
EC000480,0,29.281436933721874,0.0040467572119961565,29.281436933721874
EC006542,4,93.2441664556967,0.060569481348054593,93.2441664556967
EC005430,3,40.286961882770434,-0.025305888964084908,40.286961882770434
EC001203,1,28.487538331821984,-0.07838227056574817,28.487538331821984
EC006453,1,83.80441060444107,-0.011056624763981629,83.80441060444107
EC000868,1,79.43875324809663,-0.06921068702733946,79.43875324809663
EC004812,3,62.01331456461479,-0.0465751516576707,62.01331456461479
EC003647,3,26.340527553715745,-0.025260162306777176,26.340527553715745
EC007110,3,55.988003137412576,-0.02680823445959739,55.988003137412576
EC007276,4,55.06699829710299,0.0046505473379830665,55.06699829710299
EC002563,2,51.42008297951022,-0.14226297513731093,51.42008297951022
EC001634,1,42.65201893000173,-0.019480399918337214,42.65201893000173
EC001022,1,48.23853496361491,-0.07589448708346463,48.23853496361491
EC000172,4,38.56858968039378,0.00825842347211293,38.56858968039378
EC002431,0,98.65585495428573,-0.019826065012998318,98.65585495428573
EC005865,0,60.54903481990185,0.006625548134131188,60.54903481990185
EC006243,1,60.46496237650969,-0.08534591676264053,60.46496237650969
EC001942,0,45.69599955535789,0.0,45.69599955535789
EC002951,0,40.232188928136495,0.005985375726571337,40.232188928136495
EC002224,2,27.648422865030984,0.014817660513280054,27.648422865030984
EC003618,2,29.528591217179923,-0.009707855658723646,29.528591217179923
EC002234,4,22.354112983119364,0.0046505473379830665,22.354112983119364
EC000071,2,40.68636540963408,-0.0160972233006232,40.68636540963408
EC004547,4,62.769882762282364,0.07671236391020661,62.769882762282364
EC004672,3,43.02499151437229,-0.02813464262717109,43.02499151437229
EC004028,1,51.35455096225412,-0.057282378545041,51.35455096225412
EC006978,0,32.27531958371745,0.011838534702373211,32.27531958371745
EC000951,1,70.76126081698636,-0.07449008243272617,70.76126081698636
EC005083,1,47.68803314434389,-0.06159825477656005,47.68803314434389
EC007012,3,55.612281516400586,-0.028473524112507288,55.612281516400586
EC001374,2,52.401909505395,-0.01839595649241933,52.401909505395
EC007670,2,47.50006692718157,-0.13490650983738017,47.50006692718157
EC006949,3,63.693391121121444,-0.04079088011635044,63.693391121121444
EC000916,4,43.645248007726245,0.006119761589927088,43.645248007726245
EC005622,2,54.6325551562395,0.001649470235274269,54.6325551562395
EC003473,0,36.741171687700515,0.006914560320114761,36.741171687700515
EC001820,2,71.60988060360407,0.014817660513280054,71.60988060360407
EC004608,3,96.37941595194779,-0.03586533506188615,96.37941595194779
EC002827,3,48.01304016038941,-0.03544518053629506,48.01304016038941
EC005850,0,47.523939729614874,0.006625548134131188,47.523939729614874
EC000042,3,40.57839081293927,-0.03606088577579543,40.57839081293927
EC003704,0,33.83819170038396,0.00684105367370385,33.83819170038396
EC007868,1,27.191465868254646,-0.07835206077294776,27.191465868254646
EC006661,3,48.418758449077565,-0.02905911363854905,48.418758449077565
EC001990,3,58.74689719837874,-0.02568042619201382,58.74689719837874
EC002559,2,97.42708791340966,-0.019635954347997885,97.42708791340966
EC006703,2,31.5252669516007,0.0070515930326978185,31.5252669516007
EC003927,1,41.389945616054675,-0.08464138457223858,41.389945616054675
EC002058,3,50.384626325962614,0.0,50.384626325962614
EC007738,2,55.81228561631744,-0.16428240524543036,55.81228561631744
EC006788,0,65.11299223843088,0.006625548134131188,65.11299223843088
EC005496,2,48.89397416613792,0.013996508692641546,48.89397416613792
EC000479,1,90.36309237582807,0.036366639985271926,90.36309237582807
EC006289,1,35.339987959162826,-0.07838227056574817,35.339987959162826
EC002749,2,116.59530456151288,0.02798752854135189,116.59530456151288
EC002989,1,46.566695616903104,-0.048177650387981844,46.566695616903104
EC007677,2,22.546795994786265,0.014817660513280054,22.546795994786265
EC001501,0,66.68890069653796,0.006625548134131188,66.68890069653796
EC004738,0,61.81347597860853,-0.01725973931485655,61.81347597860853
EC005999,2,85.30020558832756,-0.09382391986402534,85.30020558832756
EC002367,2,42.75289691529675,0.014817660513280054,42.75289691529675
EC003477,1,38.33150372282259,-0.07839274915045039,38.33150372282259
EC005031,0,51.61743977555616,0.0027245529434212715,51.61743977555616
EC003508,0,53.16507880107403,0.0,53.16507880107403
EC004094,0,71.20553013771618,0.007097999218640827,71.20553013771618
EC002125,1,27.8798782001037,-0.07838227056574817,27.8798782001037
EC006944,3,51.40384602454799,-0.0308683209147452,51.40384602454799
EC000932,2,88.38249901407131,-0.05456943603679447,88.38249901407131
EC003201,2,32.5725438309194,-0.0006422404369392787,32.5725438309194
EC003683,4,55.72585838009736,0.06935953836755732,55.72585838009736
EC002438,1,60.959967333469976,-0.012147091792928118,60.959967333469976
EC000588,4,99.67915739690933,0.05808833851830483,99.67915739690933
EC007145,0,51.02382719746529,0.004106864739351401,51.02382719746529
EC003818,1,74.41290245792523,0.0,74.41290245792523
EC005551,0,45.04694113640439,0.006112820036365277,45.04694113640439
EC006437,2,71.2220477757211,-0.06230571547386339,71.2220477757211
EC001866,3,53.9897655254281,-0.02187586878652556,53.9897655254281
EC004918,4,55.12256343281437,0.06989118176437553,55.12256343281437
EC006895,2,73.77867501395244,-0.0640394336639121,73.77867501395244
EC003310,1,48.76354634906994,-0.0042263894366753735,48.76354634906994
EC001113,2,86.78317994493972,-0.08207737501376777,86.78317994493972
EC000875,3,62.36795162605478,-0.03772736124955102,62.36795162605478
EC006958,1,56.97541424931628,-0.05100233517789335,56.97541424931628
EC002050,1,38.0706560245066,-0.08420483019082564,38.0706560245066
EC001047,2,56.19344958001951,-0.11613867768346363,56.19344958001951
EC007139,4,81.01383851133824,0.014114011429870135,81.01383851133824
EC004001,4,86.3510372134906,0.016448867767627336,86.3510372134906
EC005864,4,43.72563957874327,0.005764921196533934,43.72563957874327
EC001003,4,83.17577682997529,0.07802881378590489,83.17577682997529
EC005982,2,47.507560477774845,-0.16556190274596794,47.507560477774845
EC000396,3,81.26859434603689,-0.05963237930759783,81.26859434603689
EC007828,3,47.9175820727028,-0.025260162306777176,47.9175820727028
EC001758,3,74.75553832783163,-0.025354940298848105,74.75553832783163
EC003171,2,37.05606581945455,-0.0622430774746287,37.05606581945455
EC004082,1,45.8708937860326,-0.07447834100225437,45.8708937860326
EC001439,0,59.22321219676823,0.0007714001736188525,59.22321219676823
EC003242,3,55.24930318454618,0.0,55.24930318454618
EC000719,3,23.87113964498384,-0.025223859381382385,23.87113964498384
EC005631,2,49.811064741869345,0.010894819046731744,49.811064741869345
EC003733,1,46.04126083337329,-0.07742659673689492,46.04126083337329
EC007516,4,62.653505794801035,0.007540750667329406,62.653505794801035
EC003700,4,42.77976915013463,0.008679701439410315,42.77976915013463
EC003449,3,72.44935837263603,-0.025630498747372204,72.44935837263603
EC001247,3,43.48543290966464,-0.02634654540915647,43.48543290966464
EC004513,2,43.213733563378035,-0.008082399039489027,43.213733563378035
EC004498,3,71.645465745898,-0.02583844477462534,71.645465745898
EC007609,0,42.11836846795937,0.007959863991662397,42.11836846795937
EC001904,1,29.708171721492615,-0.07848354554985282,29.708171721492615
EC006406,1,29.990179767898802,-0.07838227056574817,29.990179767898802
EC003369,1,34.38860025922371,-0.07838227056574817,34.38860025922371
EC002699,1,44.80971983634899,-0.04626700575744458,44.80971983634899
EC007270,4,43.71573256768264,0.020942366047178636,43.71573256768264
EC000032,0,74.28446614159533,0.004235573932805105,74.28446614159533
EC004296,4,55.39129619932178,0.0,55.39129619932178
EC003903,0,54.41624122524204,0.006625548134131188,54.41624122524204
EC002366,3,38.89938283414244,-0.02525905904853814,38.89938283414244
EC000595,1,56.09977678216137,-0.07838227056574817,56.09977678216137
EC004329,4,41.09908532841144,0.010683691868377213,41.09908532841144
EC006238,2,21.574257229781633,0.014817660513280054,21.574257229781633
EC005877,3,28.82715995788768,-0.0258127360874184,28.82715995788768
EC001053,3,80.77486893359497,-0.0478769344944301,80.77486893359497
EC005486,1,64.39743300783246,-0.07875528756016612,64.39743300783246
EC005183,2,47.56500966514044,0.0016081399105204036,47.56500966514044
EC003188,0,39.05760823549114,0.005339594672443383,39.05760823549114
EC002815,4,33.386573250123796,0.006092715125602041,33.386573250123796
EC007727,3,38.8886773929414,-0.02381245955551997,38.8886773929414
EC007716,1,45.38663595866793,-0.07838227056574817,45.38663595866793
EC000536,3,35.61946538883222,-0.031140890604297897,35.61946538883222
EC007530,3,46.86514985813528,-0.04601815874134885,46.86514985813528
EC003563,2,46.55791616969182,-0.060640291459435794,46.55791616969182
EC000448,3,30.076420761236392,-0.025260162306777176,30.076420761236392
EC004674,1,45.176301979758684,0.0,45.176301979758684
EC007231,0,37.03082965386635,0.007185702827709145,37.03082965386635
EC003193,4,60.74686413246158,0.06831138971794878,60.74686413246158
EC007355,3,48.50054534330803,-0.03351832432782032,48.50054534330803
EC007538,3,60.65929963069902,0.0,60.65929963069902
EC003823,3,30.972727850260128,-0.025260162306777176,30.972727850260128
EC002173,0,51.238075272815486,0.006873100310098247,51.238075272815486
EC000610,1,36.84983120407711,-0.07247360486829518,36.84983120407711
EC000404,2,35.654464474480996,0.014817660513280054,35.654464474480996
EC001550,4,71.50175645982361,0.09418513609351287,71.50175645982361
EC003582,1,43.438041838901995,-0.07882485018537733,43.438041838901995
EC007966,1,30.393240639979922,-0.0782060634890333,30.393240639979922
EC007996,0,66.75366292573891,-0.012608607203127826,66.75366292573891
EC004814,0,18.658369351690443,0.006625548134131188,18.658369351690443
EC001749,4,55.25593558110927,0.14472017592456213,55.25593558110927
EC004960,2,57.02514676886059,0.007920196930371,57.02514676886059
EC003429,1,90.6035132169063,0.028213846446934615,90.6035132169063
EC002599,2,60.762160754644384,-0.05834821571130207,60.762160754644384
EC006660,0,78.64486250286254,-0.009696535588655962,78.64486250286254
EC003454,1,29.771601373798052,-0.0791708785815105,29.771601373798052
EC000177,1,45.21976263697488,-0.026829348616398546,45.21976263697488
EC007446,3,45.38704640835405,-0.025671515150301638,45.38704640835405
EC000599,0,65.51577566681277,0.008403264709738309,65.51577566681277
EC001190,3,33.80709198656982,-0.025360368571991136,33.80709198656982
EC007741,3,49.453223419639905,-0.034358030628037654,49.453223419639905
EC001757,0,75.40159628659103,0.006290690327179121,75.40159628659103
EC001301,1,59.40695085381377,-0.008571978242567682,59.40695085381377
EC002150,3,48.2123109512348,-0.029850756971574972,48.2123109512348
EC002004,0,40.741631403189864,0.006971777851187905,40.741631403189864
EC005321,0,63.815299530510444,-0.03476243143672906,63.815299530510444
EC003305,3,37.11601995484188,-0.03551770402146739,37.11601995484188
EC002097,2,48.62960545998193,0.001334223299816483,48.62960545998193
EC002919,4,31.09917270704786,0.006553284295410227,31.09917270704786
EC007375,4,44.09539973479066,0.02933049346958753,44.09539973479066
EC002208,2,25.681720126470115,0.014817660513280054,25.681720126470115
EC007157,1,33.98651346189359,-0.07799418416412408,33.98651346189359
EC003858,0,39.86601865269423,0.006819608748659744,39.86601865269423
EC002515,0,54.66455104705714,0.003379245103391322,54.66455104705714
EC002695,2,76.14066764426332,-0.012312094476315929,76.14066764426332
EC006734,1,51.6306206274352,-0.0735104945272568,51.6306206274352
EC004537,1,43.681875466233244,-0.08708634691753239,43.681875466233244
EC004566,4,43.6608847735891,0.022911202725198584,43.6608847735891
EC003002,1,51.474408616349834,-0.06814355142838821,51.474408616349834
EC001673,3,64.28508263600267,-0.025260162306777176,64.28508263600267
EC000844,1,71.94942155932002,-0.07838227056574817,71.94942155932002
EC006806,2,51.081505148262366,0.0,51.081505148262366
EC001055,3,50.402382310487695,-0.02208840621713118,50.402382310487695
EC004413,0,59.3835820802111,0.00916849756595344,59.3835820802111
EC001091,0,42.815358917606446,0.006818244685198733,42.815358917606446
EC001278,4,60.86298620923937,0.03565629493346238,60.86298620923937
EC003343,3,68.26235379914792,-0.043616538404030326,68.26235379914792
EC002286,4,38.627451162084654,0.030734867021580355,38.627451162084654
EC005561,3,56.01836843967545,-0.024684126234146966,56.01836843967545
EC002454,2,49.14350532524028,-0.005208068079690934,49.14350532524028
EC002263,2,36.59736872654167,0.014817660513280054,36.59736872654167
EC002045,2,69.61872522840154,0.014209948990340115,69.61872522840154
EC001097,4,65.51053712900526,0.00566132986142678,65.51053712900526
EC003376,4,65.54277266812826,0.0054198195507392695,65.54277266812826
EC005172,4,28.770836119664022,0.0046505473379830665,28.770836119664022
EC007648,2,26.999583885857692,0.014817660513280054,26.999583885857692
EC005301,0,41.09895683456149,0.006625548134131188,41.09895683456149
EC002756,2,28.644942297997076,-0.007452344551278793,28.644942297997076
EC007007,1,82.74423895577371,0.2168314624864766,82.74423895577371
EC002688,0,86.97097435700695,-0.006290326370306975,86.97097435700695
EC000408,4,43.93476637108827,0.0046505473379830665,43.93476637108827
EC000156,3,19.942490519598437,-0.025260162306777176,19.942490519598437
EC007213,3,48.845950406293895,-0.053469278324190135,48.845950406293895
EC001688,1,46.95349978779879,-0.06061264501087581,46.95349978779879
EC000537,2,44.38394331195981,0.014817660513280054,44.38394331195981
EC001489,2,113.93185628594738,-0.006538825471720924,113.93185628594738
EC003778,1,67.77604136009555,0.008523282345900093,67.77604136009555
EC001370,0,42.08271285802392,0.006625548134131188,42.08271285802392
EC006983,2,40.869978881955426,0.014817660513280054,40.869978881955426
EC001629,1,34.94304725935896,-0.07937782312670501,34.94304725935896
EC003172,0,51.365395992283744,-0.02291852116382054,51.365395992283744
EC001060,2,62.24867374155248,-0.03186364421704875,62.24867374155248
EC007121,1,38.599507634271355,-0.07838227056574817,38.599507634271355
EC005603,2,89.33254279775916,-0.02319249678871454,89.33254279775916
EC005513,4,57.722543892880594,0.05675897468542343,57.722543892880594
EC001252,1,21.991311951080604,-0.07838227056574817,21.991311951080604
EC002596,1,48.2330807200361,-0.0610431452430119,48.2330807200361
EC001794,2,70.58144631451968,0.014817660513280054,70.58144631451968
EC004415,0,28.461265580337766,0.006625548134131188,28.461265580337766
EC004667,4,50.3479873856346,0.04649568885925548,50.3479873856346
EC001456,4,36.524731427877455,0.0046505473379830665,36.524731427877455
EC000180,2,43.48281559601565,0.0038056819810932327,43.48281559601565
EC001180,0,59.22664925607279,-0.005960746503058169,59.22664925607279
EC000231,4,43.714682896515235,0.059345891383130164,43.714682896515235
EC001525,2,32.26157955166688,0.014817660513280054,32.26157955166688
EC004242,4,44.01324914175101,0.016617486004651044,44.01324914175101
EC001752,1,34.66423193006143,-0.07838227056574817,34.66423193006143
EC007181,1,50.164479567114064,-0.09817600627573905,50.164479567114064
EC007307,4,40.4710544122038,0.006667371519468144,40.4710544122038
EC000459,2,64.05765104701211,0.014817660513280054,64.05765104701211
EC006036,2,40.55718063557633,-0.025821102071784285,40.55718063557633
EC001319,3,82.62904958633696,-0.032259857783326726,82.62904958633696
EC006104,4,52.57724499065344,0.00759950836091151,52.57724499065344
EC007274,0,46.056345436101296,0.005409623126724393,46.056345436101296
EC006317,2,45.08119331379665,-0.09878670408161629,45.08119331379665
EC006403,1,42.35814988252805,-0.059260121012516834,42.35814988252805
EC006402,2,47.79397423950134,0.0,47.79397423950134
EC006118,1,59.1941679763036,0.0,59.1941679763036
EC007625,0,34.56018336395138,0.006625548134131188,34.56018336395138
EC001968,0,67.14317836556211,-0.030533643315149957,67.14317836556211
EC007293,0,52.46119431232279,-0.0014913629853395105,52.46119431232279
EC006999,0,62.583832490470705,0.007146236278621881,62.583832490470705
EC005249,0,53.43682192477023,0.0339937112395334,53.43682192477023
EC006506,2,50.94165793102,-0.09811530979702072,50.94165793102
EC000504,4,37.90253764914113,0.004835933874226053,37.90253764914113
EC003315,1,33.31773383307295,-0.07838227056574817,33.31773383307295
EC001415,0,41.603895228074464,0.007097067389871101,41.603895228074464
EC005829,3,49.430878378283964,-0.03706383939935006,49.430878378283964
EC007192,3,82.59994318126965,-0.03137120170237307,82.59994318126965
EC000989,1,58.96714866706812,-0.04092762160805539,58.96714866706812
EC001305,1,57.485282294002914,-0.10907750283575612,57.485282294002914
EC001959,3,78.8901280846029,-0.026387203213690518,78.8901280846029
EC002144,0,66.4863074245661,0.007630439601027798,66.4863074245661
EC000400,4,54.92213548325809,0.11180501912353469,54.92213548325809
EC007094,4,29.920602994162913,0.012986046371182645,29.920602994162913
EC001969,2,53.647633087472684,-0.07814297777617647,53.647633087472684
EC005298,1,37.502642391354286,-0.07725393278159828,37.502642391354286
EC004741,4,53.86022959932415,0.0,53.86022959932415
EC003205,1,51.6489508407621,-0.08485478730212818,51.6489508407621
EC006595,2,52.38876261906868,0.013855973978356424,52.38876261906868
EC004500,2,75.77631866908379,0.009404522848001765,75.77631866908379
EC000303,2,35.06113576407447,0.0024918048605834867,35.06113576407447
EC005762,3,35.31068987445307,-0.032753740383728865,35.31068987445307
EC000575,2,43.74408057377167,-0.06542692593944696,43.74408057377167
EC002170,4,58.024319662596604,0.05859813848760686,58.024319662596604
EC004391,2,47.705947997027565,-0.026960307785900042,47.705947997027565
EC004300,4,38.261687807293804,0.017656536894361793,38.261687807293804
EC002240,2,78.19222443503881,0.012194968655164187,78.19222443503881
EC005642,4,65.20188437393674,0.07548053346135378,65.20188437393674
EC007616,0,34.33854232534706,0.006625548134131188,34.33854232534706
EC002598,2,45.73233936550978,-0.1080912084500914,45.73233936550978
EC006744,3,56.0404026065998,-0.025409426998008078,56.0404026065998
EC004511,1,63.97663100556137,-0.07928850986390111,63.97663100556137
EC007595,4,37.89268359669674,0.0050455838588716745,37.89268359669674
EC000257,2,66.02969509165013,-0.03709821507448014,66.02969509165013
EC003132,2,64.87329441971917,0.014817660513280054,64.87329441971917
EC006518,2,44.17760408462942,-0.004795348898942106,44.17760408462942
EC003413,3,56.61083980248798,-0.03027257808786195,56.61083980248798
EC005375,1,56.380627307135356,-0.07871945167131988,56.380627307135356
EC001566,2,91.89152666996745,-0.02525711274554005,91.89152666996745
EC002636,1,79.68040534963804,-0.06459646378779434,79.68040534963804
EC007620,2,30.180986650984387,0.0028002508464254616,30.180986650984387
EC005853,2,52.938374634930916,0.0037407119046425595,52.938374634930916
EC003610,4,26.71829014709001,0.007947818207996556,26.71829014709001
EC004835,2,43.49582324156604,0.014817660513280054,43.49582324156604
EC007258,1,81.61642981841463,-0.07077530825513725,81.61642981841463
EC003541,2,101.3788957442693,-0.028315661475203802,101.3788957442693
EC000797,4,70.73977957206647,0.0047786868244438785,70.73977957206647
EC000953,2,111.57651697092841,-0.08731586939747954,111.57651697092841
EC006644,1,46.515967054406005,-0.0872249773792242,46.515967054406005
EC001744,2,43.050766608559655,-0.02275195140922835,43.050766608559655
EC007913,3,26.425235797714027,-0.02519341700125579,26.425235797714027
EC006674,1,40.928090134625045,-0.029592038986700965,40.928090134625045
EC003128,4,62.133291737642494,0.052017574621537395,62.133291737642494
EC007521,2,54.48291852181028,-0.03504571688054657,54.48291852181028
EC004383,4,39.49420742545624,0.005551787406886197,39.49420742545624
EC000851,1,60.23812398951104,-0.05847798242406248,60.23812398951104
EC004402,3,45.30437497788487,0.0,45.30437497788487
EC001747,0,78.90828109463087,-0.020053008550533994,78.90828109463087
EC003853,0,67.59539811937812,-0.029289191368290547,67.59539811937812
EC007576,0,82.50010195283214,-0.03173587302432356,82.50010195283214
EC002252,2,48.0594164946401,0.0,48.0594164946401
EC004268,4,75.31310074582738,0.09934642633572813,75.31310074582738
EC001675,4,65.80359218262282,0.008964289481543122,65.80359218262282
EC002401,1,26.940192548738533,-0.07838227056574817,26.940192548738533
EC001593,0,54.65032878653419,-0.00027558547101920146,54.65032878653419
EC001026,1,71.82555027608491,-0.005038041975803528,71.82555027608491
EC002389,2,80.61389768450452,-0.00455264479842539,80.61389768450452
EC006457,0,77.39418252671788,-0.028518445087044743,77.39418252671788
EC000613,1,41.147676001921944,-0.05555900620831345,41.147676001921944
EC000192,1,85.48744687031993,-0.0811876847103286,85.48744687031993
EC001637,0,50.769625474788356,-0.014413720243820262,50.769625474788356
EC004352,4,48.56813917175661,0.07879442432252708,48.56813917175661
EC006031,1,56.8720054210388,-0.07838227056574817,56.8720054210388
EC003122,0,57.74574762814782,0.0017825398296466006,57.74574762814782
EC001159,2,60.38610703787323,-0.02663416424784992,60.38610703787323
EC007153,0,30.301259657894622,0.006146222697253574,30.301259657894622
EC007940,4,49.52704166143878,0.01681218374211974,49.52704166143878
EC004396,0,102.58994352453621,-0.021711124353365994,102.58994352453621
EC006667,4,30.464937270454755,0.0046505473379830665,30.464937270454755
EC007984,2,43.378684188015185,-0.021911089138709875,43.378684188015185
EC001692,1,49.58265793531946,-0.09951513885660447,49.58265793531946
EC002419,3,23.700133790253638,-0.025260162306777176,23.700133790253638
EC003091,3,80.01092195199034,-0.029250283531083766,80.01092195199034
EC000758,3,68.47254669041087,-0.025260162306777176,68.47254669041087
EC006281,0,36.83065010319113,0.005565968432578888,36.83065010319113
EC002275,3,60.435934474570416,0.0,60.435934474570416
EC004090,1,48.26299079721623,-0.09386659922529655,48.26299079721623
EC005536,3,44.54829456048331,-0.025162023777547227,44.54829456048331
EC001856,1,49.88955790506907,-0.07901313804668361,49.88955790506907
EC002808,1,37.32837414523848,-0.07838227056574817,37.32837414523848
EC002142,4,16.289128516299854,0.0046505473379830665,16.289128516299854
EC004423,1,27.45092885695734,-0.07872292981578442,27.45092885695734
EC006366,3,41.85914934357261,-0.024836596631254614,41.85914934357261
EC006950,3,36.1333218496326,-0.02320675941889741,36.1333218496326
EC004930,3,23.391851881801614,-0.025260162306777176,23.391851881801614
EC002330,1,22.345717074839385,-0.07838227056574817,22.345717074839385
EC007847,4,36.33626777536099,0.0054721822815552885,36.33626777536099
EC005073,2,47.34541553032344,-0.052106686873278935,47.34541553032344
EC005811,1,76.04065017177157,-0.07208061002196899,76.04065017177157
EC006463,0,52.23014733869538,0.004456188315626519,52.23014733869538
EC005884,1,52.19471197542215,-0.09650592102888239,52.19471197542215
EC007881,2,82.25053091994877,-0.006603785250489828,82.25053091994877
EC005279,3,45.16727045128323,-0.027909684307237764,45.16727045128323
EC003908,2,83.76999001445918,0.009542199235860978,83.76999001445918
EC006492,3,72.89572650234888,-0.028685153258369123,72.89572650234888
EC001173,4,51.40052618750142,0.0,51.40052618750142
EC000947,4,45.401765604843014,0.0046505473379830665,45.401765604843014
EC001282,0,45.68501996585798,-0.01796128073055046,45.68501996585798
EC004762,0,49.02012271390277,0.01567909210482439,49.02012271390277
EC000573,3,21.144006720604185,-0.0250256880501526,21.144006720604185
EC004897,2,74.76344149859185,-0.05021697643066103,74.76344149859185
EC007311,2,25.36044062620261,0.014817660513280054,25.36044062620261
EC004693,0,55.50080684744631,0.004500649998795814,55.50080684744631
EC004150,1,26.11237085239468,-0.07838227056574817,26.11237085239468
EC001547,0,44.74196441482756,0.006349342718376582,44.74196441482756
EC006937,0,44.46452973611316,-0.0038404443359191798,44.46452973611316
EC004931,2,28.637042007892852,0.006970310958320541,28.637042007892852
EC004571,0,37.832555174490295,0.0009973552117063258,37.832555174490295
EC000287,2,35.77422252282935,0.014817660513280054,35.77422252282935
EC005483,4,68.848984548027,0.0056015298244778446,68.848984548027
EC002161,4,42.31172043286621,0.061348625795637705,42.31172043286621
EC002167,2,66.25283097142605,-0.015964559957956814,66.25283097142605
EC000928,0,35.979860482608764,0.008346903767378943,35.979860482608764
EC002387,3,68.03504002381057,-0.025609043546392138,68.03504002381057
EC003217,1,66.41224322050195,0.08065791303147446,66.41224322050195
EC007735,1,37.8161620419598,-0.07838227056574817,37.8161620419598
EC001622,4,71.30981201670949,0.11688202465287387,71.30981201670949
EC001381,2,52.05209410207373,-0.03605516510950216,52.05209410207373
EC004136,4,72.43182934542124,0.14545545578548885,72.43182934542124
EC006897,0,56.66394871467733,0.003471293263085591,56.66394871467733
EC006279,1,27.845047507952287,-0.07628465978709445,27.845047507952287
EC006590,1,42.56091948584519,0.0,42.56091948584519
EC003645,3,43.19213893459581,0.0,43.19213893459581
EC002461,4,69.42421424116618,0.004775066218678872,69.42421424116618
EC000068,0,37.875590230846704,0.008391021350076735,37.875590230846704
EC005165,3,75.36963037169417,-0.046526365933891804,75.36963037169417
EC003558,3,65.39613444366898,-0.035958482200848546,65.39613444366898
EC002578,1,30.136601290487825,-0.07838227056574817,30.136601290487825
EC000592,4,54.34454502868169,0.02771378680136215,54.34454502868169
EC007059,0,37.60140834245856,0.0,37.60140834245856
EC001686,1,40.03068300935254,-0.03820103808657499,40.03068300935254
EC000809,0,82.65419497094618,-0.006911391199404325,82.65419497094618
EC007977,3,51.38711478251944,-0.032055275731198776,51.38711478251944
EC000890,3,42.80310346657371,-0.03806874009933324,42.80310346657371
EC001546,2,94.89749199617467,-0.05202844121185255,94.89749199617467
EC007343,1,32.79832543502391,-0.08335789535927858,32.79832543502391
EC006824,3,40.95012553090939,-0.03434188162539241,40.95012553090939
EC004421,3,64.95962725594998,-0.04006834570439265,64.95962725594998
EC007771,3,44.28141445434645,0.0,44.28141445434645
EC003329,4,52.495340270564185,0.03596572576068056,52.495340270564185
EC002435,1,42.70600107524093,-0.0527304866965169,42.70600107524093
EC003255,0,43.15653491867609,0.0027985155401153696,43.15653491867609
EC004610,4,66.80527971913888,0.008556582266805175,66.80527971913888
EC005017,3,35.44766937596618,-0.025260162306777176,35.44766937596618
EC005916,3,29.229332257500246,-0.025260162306777176,29.229332257500246
EC002917,3,95.84353557419129,-0.03544641423535748,95.84353557419129
EC002010,3,35.70283388655557,-0.02615915469155674,35.70283388655557
EC007675,4,63.8480364035062,0.05900407375760405,63.8480364035062
EC003663,4,56.32772312961891,0.0,56.32772312961891
EC005992,0,75.49348778005759,0.007294434774032953,75.49348778005759
EC002323,4,43.425366152485886,0.03545933777395038,43.425366152485886
EC004086,3,54.36002342166838,-0.018767002219910588,54.36002342166838
EC002262,2,30.324394766254247,-0.00017103695608500225,30.324394766254247
EC005089,1,79.10155249720103,-0.05250376579614689,79.10155249720103
EC003524,1,90.18513738989212,-0.04086206699361386,90.18513738989212
EC004051,0,65.92957938357915,0.006433626468014893,65.92957938357915
EC001162,1,34.859409244527384,-0.07838227056574817,34.859409244527384
EC002114,4,73.51468634099297,0.00561022707898404,73.51468634099297
EC003759,0,40.94213936681472,0.00422558681644263,40.94213936681472
EC003586,1,61.8259238857987,0.10921522643610021,61.8259238857987
EC003580,3,43.218252046855255,-0.035191120498116055,43.218252046855255
EC001858,3,40.66183548516659,-0.025260162306777176,40.66183548516659
EC001863,3,72.63105954579322,-0.025753947007549176,72.63105954579322
EC004374,4,58.38778063801108,0.02739536616942204,58.38778063801108
EC002622,4,40.246616928683316,0.0046505473379830665,40.246616928683316
EC000882,4,65.99819310579872,0.09740864980281283,65.99819310579872
EC001736,1,41.17243188699435,-0.04550315215889686,41.17243188699435
EC006099,0,52.34328348891419,0.02358960733379055,52.34328348891419
EC001606,4,33.07585638046896,0.0,33.07585638046896
EC000841,3,60.886325026229876,-0.025513861693311518,60.886325026229876
EC004320,2,73.87662756806252,-0.08627409264380109,73.87662756806252
EC001549,3,75.58485716161549,-0.047950934926758074,75.58485716161549
EC003381,4,71.23890514567782,0.007544450506450664,71.23890514567782
EC003972,2,31.121895377033013,-0.012677596597441998,31.121895377033013
EC003994,1,40.36186266978963,-0.07259190103692678,40.36186266978963
EC004852,4,49.86328574309073,0.030408133998216624,49.86328574309073
EC005330,0,44.45102409656023,0.018523300273994067,44.45102409656023
EC003446,0,76.57571074832947,0.0022261429162740865,76.57571074832947
EC005405,0,44.603131551949126,0.015292956004746715,44.603131551949126
EC006875,4,41.00909120998925,0.004780732969746491,41.00909120998925
EC006429,2,85.79731769759454,-0.01391428370672083,85.79731769759454
EC000209,3,79.05785614922894,-0.029179432034961462,79.05785614922894
EC001073,3,30.695554615367655,0.0,30.695554615367655
EC000785,2,29.68684834049193,0.012121482332648023,29.68684834049193
EC007739,3,41.449896989620726,-0.026742883222902785,41.449896989620726
EC001769,0,26.5849899596989,0.006625548134131188,26.5849899596989
EC004290,0,44.14512709507793,0.0027497526656391617,44.14512709507793
EC003408,4,29.750031387613962,0.012168976328288676,29.750031387613962
EC007410,0,35.58929757880107,0.008373972162051048,35.58929757880107
EC006561,4,44.351732797098045,0.09176123191451288,44.351732797098045
EC004076,1,61.75907618147136,-0.08034709179498811,61.75907618147136
EC000062,0,36.357644042098435,0.0,36.357644042098435
EC004988,2,53.17436132363129,-0.20438482603103614,53.17436132363129
EC004981,4,53.9811910823582,0.07974144132402597,53.9811910823582
EC007634,3,44.83647570249545,-0.037763504555174535,44.83647570249545
EC000478,3,45.318717750407096,-0.039625055301802645,45.318717750407096
EC004356,1,92.51647794314874,-0.044715248574585476,92.51647794314874
EC004348,3,46.16611694951348,-0.027261061707823463,46.16611694951348
EC003148,3,36.767677043934924,-0.025260162306777176,36.767677043934924
EC007605,2,46.771573333191824,-0.1854496877909898,46.771573333191824
EC002145,0,25.61446184927691,0.006625548134131188,25.61446184927691
EC005804,2,36.1903990290304,-0.00596907106452764,36.1903990290304
EC002311,1,29.105112343288617,-0.07838227056574817,29.105112343288617
EC001109,1,75.02816389941029,-0.07089412203845008,75.02816389941029
EC003916,1,41.05157219333018,-0.07968879243297498,41.05157219333018
EC003406,4,44.385019896051055,0.0046505473379830665,44.385019896051055
EC006924,4,48.853763759989306,0.0,48.853763759989306
EC005726,2,31.84861177247885,0.013970516875475507,31.84861177247885
EC006015,4,58.351851238513554,0.07216364784243505,58.351851238513554
EC006850,0,62.02288760766292,-0.010952730052409935,62.02288760766292
EC001658,3,72.5824259017894,-0.025260162306777176,72.5824259017894
EC006447,3,39.200531501947495,-0.02605909361899556,39.200531501947495
EC004174,2,38.566607591856,-0.003383757841442781,38.566607591856
EC002837,3,48.79377078774034,-0.025963243955308454,48.79377078774034
EC006563,2,22.532762379246726,0.014817660513280054,22.532762379246726
EC005580,4,69.99370498818585,0.0077830211319616475,69.99370498818585
EC002898,3,79.86121344188543,-0.05235887170986596,79.86121344188543
EC006539,2,38.067113614934705,-0.0010168334676570606,38.067113614934705
EC002903,4,66.37463011895099,0.14157881900891373,66.37463011895099
EC004925,3,41.00617521332966,-0.02960531691121382,41.00617521332966
EC005319,3,88.03934367690938,-0.035909506775480216,88.03934367690938
EC000173,0,50.0610793606445,0.002281221351071808,50.0610793606445
EC000547,1,63.583522593014386,-0.07838227056574817,63.583522593014386
EC004878,3,67.87062245389242,-0.11873171870482888,67.87062245389242
EC000243,4,86.76319171387034,0.023702914126817718,86.76319171387034
EC003360,1,48.642542682101706,-0.06452814338537884,48.642542682101706
EC004539,1,37.5702496055856,-0.07886279677470401,37.5702496055856
EC007559,2,82.44966457478196,0.012179546989059799,82.44966457478196
EC006982,3,63.929929757823786,-0.02483391261302445,63.929929757823786
EC003956,2,52.788570825305214,-0.025031948337514025,52.788570825305214
EC000033,1,56.343559333118186,-0.027926865468077024,56.343559333118186
EC006592,2,46.15423047719204,0.0,46.15423047719204
EC000630,2,53.928873391783924,-0.08262401759436325,53.928873391783924
EC003167,1,56.622102738707355,-0.07394144119104398,56.622102738707355
EC003820,0,40.56472549465227,0.006625548134131188,40.56472549465227
EC003600,4,33.52129269465557,0.0046505473379830665,33.52129269465557
EC005831,0,22.810760469812045,0.006625548134131188,22.810760469812045
EC000995,3,62.356129733896154,-0.06070394563171047,62.356129733896154
EC004224,2,64.34153201087894,-0.1428988724738916,64.34153201087894
EC007289,0,50.67475220017427,0.009310089929881906,50.67475220017427
EC000443,2,35.350500351267385,-0.022615954213445776,35.350500351267385
EC005722,4,42.985860173761964,0.007803688220256025,42.985860173761964
EC004501,2,54.712858446470854,-0.14817096574311256,54.712858446470854
EC005827,2,43.092662030856815,-0.014650459798274663,43.092662030856815
EC003467,0,62.238609524254116,-0.013780874853626484,62.238609524254116
EC001128,4,46.85016411803711,0.028636318887520204,46.85016411803711
EC003357,1,46.0811716073768,0.012865242610662589,46.0811716073768
EC004308,2,45.002710744439504,-0.154359113004702,45.002710744439504
EC004190,3,51.38382057339601,-0.025260162306777176,51.38382057339601
EC006732,1,68.78076105389333,-0.0011181269832884339,68.78076105389333
EC000852,3,32.1417241087753,-0.025944108011658536,32.1417241087753
EC000949,3,61.31349837354047,-0.025823551725316224,61.31349837354047
EC006088,0,27.11953418710796,0.006625548134131188,27.11953418710796
EC004148,2,73.90768543947205,-0.07959019261689401,73.90768543947205
EC006511,4,27.7253961751954,0.005391712825212825,27.7253961751954
EC005984,2,32.553139368513776,-0.008188831795334698,32.553139368513776
EC004337,0,29.020132987229967,0.006898992137226499,29.020132987229967
EC002835,2,41.93550258300941,-0.08136385396922514,41.93550258300941
EC006419,3,37.534518477823596,-0.03254770933361473,37.534518477823596
EC005755,3,54.370736426325905,-0.02420085964687506,54.370736426325905
EC006299,0,41.17324769123748,0.0007455180536984233,41.17324769123748
EC005653,2,53.23940706090372,-0.06122685805667244,53.23940706090372
EC006176,3,45.459817456708684,-0.025260162306777176,45.459817456708684
EC001494,2,64.8624608047396,-0.11978597018536949,64.8624608047396
EC000489,4,22.830446014038444,0.0046505473379830665,22.830446014038444
EC007398,4,25.081097678771314,0.0046505473379830665,25.081097678771314
EC000737,1,32.49895909989555,-0.0749371027775724,32.49895909989555
EC002043,0,45.4562037027416,0.006625548134131188,45.4562037027416
EC005159,4,47.62436544337313,0.006533398497498382,47.62436544337313
EC000204,3,29.90122243499976,-0.026176726700929402,29.90122243499976
EC007946,1,92.06695349305676,-0.03644351880142876,92.06695349305676
EC004011,1,66.401859898191,-0.07949149581250603,66.401859898191
EC003534,2,59.79619890754778,-0.033612514549134324,59.79619890754778
EC002336,3,68.90872336140518,-0.007734695809163833,68.90872336140518
EC001144,4,47.972949681307234,0.027102688541493728,47.972949681307234
EC006132,0,85.68125643678465,-0.015312796936790773,85.68125643678465
EC004977,0,36.697655461872465,0.015111648427966818,36.697655461872465
EC006991,3,30.092852148489676,-0.026149007233598517,30.092852148489676
EC005826,2,39.2084982148445,-0.040847819865067914,39.2084982148445
EC003705,4,23.76413195410408,0.0046505473379830665,23.76413195410408
EC001039,0,60.00317473006179,0.006528834380069534,60.00317473006179
EC007800,4,41.574557334579474,0.021334201042397655,41.574557334579474
EC005617,1,34.719888279886135,-0.0720150647473457,34.719888279886135
EC000635,1,51.19931717111059,0.005985727066664406,51.19931717111059
EC003708,0,61.90167936562585,-0.046824592932194646,61.90167936562585
EC000399,0,58.849703398473494,0.006625548134131188,58.849703398473494
EC001036,1,47.495473655220536,-0.05448828513908496,47.495473655220536
EC002532,2,46.838961043257584,0.004364214498351525,46.838961043257584
EC003107,2,46.60381444178158,-0.05332882883791692,46.60381444178158
EC002711,2,69.97243391016153,0.005596882678826614,69.97243391016153
EC002801,3,58.79141986059676,-0.043851459356617994,58.79141986059676
EC004870,2,96.01269812538803,-0.09133611870684012,96.01269812538803
EC007374,3,76.91830383444758,-0.025138117977966796,76.91830383444758
EC005616,2,91.59831588038645,-0.009230541146472754,91.59831588038645
EC002117,2,91.04417322519097,-0.01689834479356775,91.04417322519097
EC004014,2,29.59298685603435,0.007948782974573632,29.59298685603435
EC006414,3,25.834999798882706,-0.025779395375071193,25.834999798882706
EC007120,1,24.9024335706515,0.0,24.9024335706515
EC000865,3,96.40196739139226,-0.046753598785664124,96.40196739139226
EC006943,2,65.23824503136441,0.014817660513280054,65.23824503136441
EC006628,0,64.65606596467609,-0.010241359155461949,64.65606596467609
EC005138,1,49.87586855550383,-0.03262980775754329,49.87586855550383
EC004497,0,55.22636268946595,-0.00596801718076201,55.22636268946595
EC000634,4,36.93677454480741,0.007516297623622024,36.93677454480741
EC007477,2,59.75817904594391,0.008386338962377851,59.75817904594391
EC003034,0,26.393443677097952,0.007051229288228338,26.393443677097952
EC006010,1,65.172952158431,-0.07838227056574817,65.172952158431
EC003587,3,78.46098624105464,-0.026728704217656787,78.46098624105464
EC001599,0,51.317215742938,-0.0010533044573107797,51.317215742938
EC005951,0,70.5797135305675,-0.024260156243007647,70.5797135305675
EC004344,4,23.30284081222364,0.005266736223299571,23.30284081222364
EC004113,4,44.78918516286054,0.05021360702510826,44.78918516286054
EC002642,1,84.57105235516559,-0.06087342371181588,84.57105235516559
EC001126,3,53.05734818322669,-0.01852611593757101,53.05734818322669
EC006160,2,67.63967615823564,-0.16497234156848,67.63967615823564
EC001284,4,44.23432356024611,0.060171346225222105,44.23432356024611
EC004287,4,52.762917989119536,0.03343093480831501,52.762917989119536
EC003078,0,41.86692208037095,0.004068434416925212,41.86692208037095
EC002229,0,102.83985993834442,-0.025687545596673245,102.83985993834442
EC002382,0,92.86654796724889,-0.026621247386329917,92.86654796724889
EC007604,1,68.91510137963027,-0.07379199322344662,68.91510137963027
EC004062,2,53.27644992696559,-0.07516323324466398,53.27644992696559
EC001727,0,59.21790376014836,0.009813995493184674,59.21790376014836
EC003628,1,41.23123146387606,-0.03609183078529425,41.23123146387606
EC006431,0,22.68734890165638,0.006625548134131188,22.68734890165638
EC004203,2,37.08372450489186,0.013910623470929764,37.08372450489186
EC000927,4,44.1765091902552,0.051882723692525626,44.1765091902552
EC004677,2,57.5590544516055,-0.006904920062176481,57.5590544516055
EC002339,2,93.29113099065896,-0.04216665839072606,93.29113099065896
EC003022,4,86.80435042386321,0.040424925458334905,86.80435042386321
EC004602,4,30.095256277740717,0.0046505473379830665,30.095256277740717
EC003192,4,53.43784063591176,0.05715212308738332,53.43784063591176
EC004588,3,40.86673303927751,-0.029669526168823086,40.86673303927751
EC006796,4,30.908338190999448,0.024159576319330328,30.908338190999448
EC001379,2,28.454461326217885,-0.017134962619551636,28.454461326217885
EC006738,3,42.98724854161393,-0.026592462771655855,42.98724854161393
EC005436,3,37.58561661033315,-0.025260162306777176,37.58561661033315
EC002652,2,52.603225737620576,-0.0444712943126145,52.603225737620576
EC005599,1,41.770369983797444,-0.07951465541068162,41.770369983797444
EC000560,4,83.24539209039509,0.033191817490139566,83.24539209039509
EC007602,1,38.59224728523892,-0.08392662192229003,38.59224728523892
EC001318,4,35.52495346312772,0.00898008921495944,35.52495346312772
EC002955,3,47.62143641654161,-0.030174114004631627,47.62143641654161
EC006867,3,61.36803511551846,-0.025260162306777176,61.36803511551846
EC003983,3,66.15101548972426,-0.025297220868259855,66.15101548972426
EC005974,0,98.78338033613578,-0.019534946448927847,98.78338033613578
EC003198,0,29.62057705535404,0.006694183549469152,29.62057705535404
EC005833,2,89.0866523990874,-0.0597668975230099,89.0866523990874
EC003827,2,30.904729045743867,0.0011003593041775603,30.904729045743867
EC004824,0,45.81582804116027,-0.015736958176910842,45.81582804116027
EC005625,1,88.15529340778832,-0.05321196867388906,88.15529340778832
EC003071,0,26.217695728013346,0.006625548134131188,26.217695728013346
EC003453,3,37.86094308487592,-0.025260162306777176,37.86094308487592
EC000318,0,35.52701301431396,0.006625548134131188,35.52701301431396
EC004292,3,86.50705601416195,-0.03591738939873056,86.50705601416195
EC003010,4,33.21723602940119,0.0046505473379830665,33.21723602940119
EC002655,3,39.757402619142866,-0.025235369276333228,39.757402619142866
EC005962,4,45.56128152565171,0.07415801462299676,45.56128152565171
EC002442,0,55.38107398941993,0.0,55.38107398941993
EC001751,3,56.87643661091258,-0.025554651067854713,56.87643661091258
EC004303,1,48.28549377458764,-0.0721137128651888,48.28549377458764
EC004522,3,105.57352420689014,-0.03773395889797259,105.57352420689014
EC006844,1,44.44300434148884,-0.07905610488818607,44.44300434148884
EC004081,0,33.11085223930937,0.006625548134131188,33.11085223930937
EC007674,0,45.416850877617776,0.0010298648841091619,45.416850877617776
EC005732,0,76.7560016216513,0.0051047276011962186,76.7560016216513
EC007939,3,46.83631846305999,-0.039246138214289426,46.83631846305999
EC004713,0,48.84119669417924,-0.029530463199638854,48.84119669417924
EC000334,2,41.99915408417882,-0.010411652575020008,41.99915408417882
EC006990,0,36.7758399931124,0.009485827301880719,36.7758399931124
EC006505,2,28.793578962097662,-0.007303659298808121,28.793578962097662
EC001601,0,50.59405542517405,0.0,50.59405542517405
EC002386,4,30.14269272484535,0.010176594254498128,30.14269272484535
EC000220,2,63.55349711750813,-0.04878729370817355,63.55349711750813
EC003353,1,35.915819769793245,-0.07434487052574978,35.915819769793245
EC003149,3,39.34930327356931,-0.023607617188765015,39.34930327356931
EC003084,4,61.16939010312062,0.09528513592960275,61.16939010312062
EC005728,0,63.61217282873107,-0.0255333874688534,63.61217282873107
EC006736,2,55.104408200056234,0.05500810141541114,55.104408200056234
EC002514,0,78.953084771175,0.00472105829537754,78.953084771175
EC003417,1,33.15182420315433,-0.07802913203336077,33.15182420315433
EC000212,4,71.62314930281853,0.13844666797714042,71.62314930281853
EC001230,1,32.81991696469515,-0.07848220254204304,32.81991696469515
EC001019,4,24.998497207901472,0.0083457629908084,24.998497207901472
EC000038,1,55.65519560351899,-0.0648890342483225,55.65519560351899
EC000407,3,89.23512628924904,-0.05644407729265436,89.23512628924904
EC005741,2,123.483243825999,0.06672370879417273,123.483243825999
EC003479,2,54.88264213662196,0.0,54.88264213662196
EC005674,1,47.45136365479929,-0.0762015719566255,47.45136365479929
EC001446,0,51.56103603899916,-0.007834448837192455,51.56103603899916
EC000197,0,35.06906784644875,0.0,35.06906784644875
EC002654,3,44.03118345955963,-0.026434239211102828,44.03118345955963
EC004302,4,44.26156180161365,0.040727037580203615,44.26156180161365
EC001925,1,86.4307919478371,-0.0476316187453115,86.4307919478371
EC000678,2,65.75319049934363,-0.03999028616052722,65.75319049934363
EC006556,0,60.05418561978898,0.006709649247343818,60.05418561978898
EC006571,4,57.49432118539764,0.0,57.49432118539764
EC003211,4,39.48298230806731,0.012701317487119258,39.48298230806731
EC007212,1,50.948188337948054,-0.008907001744272232,50.948188337948054
EC000199,0,76.84838876090191,-0.014198024209771577,76.84838876090191
EC005043,3,33.68913368962141,-0.02579966693658619,33.68913368962141
EC000484,0,73.66769913577815,-0.02125696483193925,73.66769913577815
EC003388,4,64.8220758945622,0.0046505473379830665,64.8220758945622
EC001966,0,36.63601245822267,0.0007617537617184373,36.63601245822267
EC007830,0,44.48808845238348,-0.018969448707065545,44.48808845238348
EC000379,4,57.96080398728074,0.03866419288865655,57.96080398728074
EC006912,1,47.54244585701906,-0.07256954533053442,47.54244585701906
EC006510,4,30.427463057734577,0.007492330696470918,30.427463057734577
EC000585,4,61.148557946011465,0.0,61.148557946011465
EC007268,1,39.931133776208384,0.0,39.931133776208384
EC000527,3,56.4947863310606,-0.025260162306777176,56.4947863310606
EC001125,2,27.916643241311323,0.008654732686931767,27.916643241311323
EC003737,2,36.22321352663202,-0.007924825558728948,36.22321352663202
EC000048,2,74.560863119754,0.0016829733105276842,74.560863119754
EC004652,3,68.36490704320106,-0.028228817385159005,68.36490704320106
EC000208,0,37.500222724389545,-0.0076744043952546755,37.500222724389545
EC006450,4,48.22029250234004,0.056643216143178216,48.22029250234004
EC003555,3,31.83570647909336,-0.02378343184682403,31.83570647909336
EC002974,3,29.534476322144027,-0.025260162306777176,29.534476322144027
EC002637,3,48.00449482882612,-0.029331121144914173,48.00449482882612
EC005441,3,65.66389346961094,-0.025197890363801843,65.66389346961094
EC002734,1,66.95631499869422,0.009254614874117134,66.95631499869422
EC002753,0,57.160372541850926,0.004747095373567394,57.160372541850926
EC003779,0,64.11286851858016,0.006717434045044033,64.11286851858016
EC005775,4,40.927014593621664,0.006742074895259843,40.927014593621664
EC003954,0,44.83096415297508,0.006474094899535957,44.83096415297508
EC003017,0,26.648207959974453,0.007625716284119391,26.648207959974453
EC001838,0,89.77451377865454,-0.006521156882730323,89.77451377865454
EC002072,2,33.70633101867763,0.0,33.70633101867763
EC005387,2,40.496225637456305,-0.006714697736722449,40.496225637456305
EC005394,4,76.12659824874213,0.09536172797904721,76.12659824874213
EC006966,3,50.60657019640814,-0.027417660431678502,50.60657019640814
EC005026,2,50.41261315543689,-0.011730419900247141,50.41261315543689
EC001844,3,42.71486211823961,-0.025119862160482766,42.71486211823961
EC005998,1,30.426469630207286,-0.07513765594122783,30.426469630207286
EC005621,3,44.49245232458871,-0.025260162306777176,44.49245232458871
EC006106,2,31.463434522888605,0.0010760580370987836,31.463434522888605
EC000753,4,24.992825939445773,0.0046505473379830665,24.992825939445773
EC005018,4,30.77942383140883,0.017006214363862265,30.77942383140883
EC004724,3,55.090466376692376,-0.045625067612923884,55.090466376692376
EC001810,0,61.731639112343295,-0.015404403862338588,61.731639112343295
EC005859,2,43.215348234117315,0.0,43.215348234117315
EC001656,4,58.250621810641704,0.12471247210709155,58.250621810641704
EC006787,4,33.39868551207674,0.010449893457063889,33.39868551207674
EC001397,4,38.56921883893212,0.006287209902137509,38.56921883893212
EC000902,3,32.45207462225138,-0.025260162306777176,32.45207462225138
EC001508,2,22.520094849662083,0.014817660513280054,22.520094849662083
EC000193,4,37.43066274844563,0.0046505473379830665,37.43066274844563
EC000789,0,32.55618181466721,0.00809700868259674,32.55618181466721
EC004892,3,47.38108540701906,-0.022967131486197806,47.38108540701906
EC002893,0,48.498271317176375,0.01109808997587477,48.498271317176375
EC003843,0,47.404948295052684,-0.01931917479127553,47.404948295052684
EC005016,3,71.93115577709305,-0.05217028548032513,71.93115577709305
EC005180,2,25.65725194105822,0.014817660513280054,25.65725194105822
EC004285,3,63.617836232886226,-0.03870610852916395,63.617836232886226
EC003398,0,52.355282435007865,0.006383573382242007,52.355282435007865
EC006499,1,69.06493102482325,-0.07891045378686677,69.06493102482325
EC004347,3,39.69822958411534,-0.023568949781283287,39.69822958411534
EC000493,4,41.11528596069698,0.005265761950597438,41.11528596069698
EC003836,3,52.94539140842475,-0.025260162306777176,52.94539140842475
EC007694,0,21.312954841303167,0.006625548134131188,21.312954841303167
EC002606,2,72.17681199243694,-0.009164665718037413,72.17681199243694
EC001239,1,49.52083951272393,-0.0944664985377088,49.52083951272393
EC001129,3,43.52493748719327,-0.02579019787421144,43.52493748719327
EC003352,1,26.79267013123886,-0.07848193459365295,26.79267013123886
EC007401,2,18.224751568083356,0.0,18.224751568083356
EC003141,4,58.694733596671966,0.03427260983357776,58.694733596671966
EC003151,1,81.53277439635838,-0.019518146164341728,81.53277439635838
EC007887,2,91.18527979443043,-0.022141322279950103,91.18527979443043
EC003741,3,44.367313617586156,-0.025260162306777176,44.367313617586156
EC007290,2,32.61629741220886,0.002678366375023559,32.61629741220886
EC006836,4,23.335739065218547,0.0046505473379830665,23.335739065218547
EC000263,4,48.91767479687692,0.04162866033791944,48.91767479687692
EC000904,0,80.44681262444718,0.006185338791161212,80.44681262444718
EC006838,0,64.7939281628913,-0.04144364291454303,64.7939281628913
EC006219,1,28.830730911497504,-0.07892851361384932,28.830730911497504
EC005979,2,33.802622894766984,0.014817660513280054,33.802622894766984
EC000019,2,35.21166433507038,0.014817660513280054,35.21166433507038
EC002980,3,38.67053987396729,-0.024876677110771087,38.67053987396729
EC003872,3,77.02959645419631,0.0,77.02959645419631
EC003625,0,75.07890859063781,-0.0247479848589881,75.07890859063781
EC001389,3,62.86805031927389,-0.025260162306777176,62.86805031927389
EC000652,3,61.584947878195635,-0.025220395192901035,61.584947878195635
EC007170,1,43.98851622952491,-0.031353251340852414,43.98851622952491
EC003328,3,54.85764800312922,-0.028919309436137904,54.85764800312922
EC003178,2,62.585402717625,0.00858680026714246,62.585402717625
EC003196,1,86.07964971181994,0.0,86.07964971181994
EC001909,1,35.65153626822356,-0.07838227056574817,35.65153626822356
EC002333,4,60.77272146875294,0.0,60.77272146875294
EC006306,1,36.973094784258535,-0.08020937665039299,36.973094784258535
EC006847,4,75.8478950072373,0.014455026385117972,75.8478950072373
EC005957,0,30.30234408203727,0.006625548134131188,30.30234408203727
EC000322,1,30.728667145518756,-0.07799199622064534,30.728667145518756
EC007560,3,73.95178300678552,-0.025307585306026913,73.95178300678552
EC003256,2,48.957338413961565,-0.06593587864138697,48.957338413961565
EC003690,0,53.46049631525511,0.004480920603690879,53.46049631525511
EC002671,3,49.168620813904234,-0.023668722575467042,49.168620813904234
EC000471,4,115.65184449469743,0.22225397714595554,115.65184449469743
EC001078,3,41.44601912055525,-0.02536715112669526,41.44601912055525
EC003978,1,45.34527239176832,-0.06878400927467734,45.34527239176832
EC001654,3,57.74364571589783,-0.025718976143859984,57.74364571589783
EC003419,4,34.12798105366911,0.0046505473379830665,34.12798105366911
EC002760,3,30.93214557546326,0.0,30.93214557546326
EC002885,2,43.106314662722994,-0.021120634253633124,43.106314662722994
EC006799,2,21.243083711462713,0.014817660513280054,21.243083711462713
EC006664,4,50.74440367468254,0.040490789449857144,50.74440367468254
EC006263,2,31.546969579191586,0.005243839491726285,31.546969579191586
EC000675,4,45.28839257728325,0.008072279464474669,45.28839257728325
EC005168,0,42.875780170340114,0.004626655061121046,42.875780170340114
EC003834,4,59.11243971310716,0.03563940089137564,59.11243971310716
EC004732,2,44.608537121297374,-0.07205050935446734,44.608537121297374
EC000546,0,32.173618365667856,0.0070094967401059406,32.173618365667856
EC000811,0,68.73424729117292,0.011200638732645957,68.73424729117292
EC003948,1,82.35545347732595,0.05537278800337879,82.35545347732595
EC003464,2,41.23189986847852,-0.025172420668140936,41.23189986847852
EC000010,3,20.322111593762806,-0.025260162306777176,20.322111593762806
EC001416,0,40.097744055236305,-0.01577319545673245,40.097744055236305
EC006640,0,68.05843190254217,-0.006127816676709233,68.05843190254217
EC002793,0,43.87801728883962,0.0,43.87801728883962
EC006343,0,87.21774719458683,-0.0015088587893518658,87.21774719458683
EC001475,2,49.77054200577368,-0.012446168933461078,49.77054200577368
EC005244,4,25.177406057121992,0.006030140412606324,25.177406057121992
EC007069,3,74.14023262849179,-0.025609811704464976,74.14023262849179
EC003742,1,27.258653124606994,-0.07864597930512165,27.258653124606994
EC003875,1,46.944232724127545,-0.07437176304399648,46.944232724127545
EC003289,2,57.48263797158625,-0.22405565900238106,57.48263797158625
EC000713,2,40.32072756498765,0.007878187374868402,40.32072756498765
EC004363,2,87.64093546614164,-0.11328776545117716,87.64093546614164
EC007089,1,49.945932604999314,0.009964232999061476,49.945932604999314
EC007046,0,43.50094758254601,0.003948441540590212,43.50094758254601
EC006096,1,101.55544867488662,-0.028898894490489643,101.55544867488662
EC002269,0,49.556185222636245,-0.00016334248520094477,49.556185222636245
EC003247,2,62.93286174299173,-0.012048872125339729,62.93286174299173
EC006262,2,57.59661622214666,-0.041428618441705214,57.59661622214666
EC005291,1,62.38790063158232,-0.07838227056574817,62.38790063158232
EC006039,1,67.20024913542234,0.2650793598914101,67.20024913542234
EC001212,4,26.082712762413433,0.0046505473379830665,26.082712762413433
EC005881,4,50.869118927239754,0.0071934329948077184,50.869118927239754
EC003802,0,52.53663172413059,-0.0025087452924430886,52.53663172413059
EC005688,3,58.09710110634782,-0.002859913916329858,58.09710110634782
EC005120,1,67.79715395090659,-0.023729935663225524,67.79715395090659
EC006948,3,57.50287415195008,-0.03339939888303662,57.50287415195008
EC004628,4,33.759406994200376,0.005991596579387661,33.759406994200376
EC000650,0,52.69859518690798,-0.05097781699177633,52.69859518690798
EC006808,2,71.27373458910151,-0.02449681936953514,71.27373458910151
EC003613,1,42.79659337648684,-0.09566811736781289,42.79659337648684
EC005618,1,44.78067357057321,0.003147829552616617,44.78067357057321
EC004746,2,32.93743154537464,0.01142144071219129,32.93743154537464
EC004900,1,102.10062256840943,-0.026407613010595285,102.10062256840943
EC007342,4,39.31251676422118,0.009435926335265896,39.31251676422118
EC000114,1,62.86190898357203,-0.07838227056574817,62.86190898357203
EC006005,0,43.49313146152357,0.0004042465372573867,43.49313146152357
EC003996,3,63.255977062251404,-0.025243134758493546,63.255977062251404
EC002381,1,70.26063830691301,-0.07878640111669137,70.26063830691301
EC007659,3,60.61635210836484,-0.026089081541432094,60.61635210836484
EC003058,4,42.188883674324536,0.024425291852166433,42.188883674324536
EC001887,4,40.17935145900492,0.005582079498466671,40.17935145900492
EC007827,4,41.17309617588168,0.0046505473379830665,41.17309617588168
EC003965,2,81.50365712155394,-0.032308880344626784,81.50365712155394
EC003984,3,27.266564605385803,-0.025260162306777176,27.266564605385803
EC007597,0,27.26530252057884,0.006625548134131188,27.26530252057884
EC005206,1,87.24774698713787,-0.04175825499449737,87.24774698713787
EC001544,3,49.53394097980745,-0.031626529227006345,49.53394097980745
EC002317,0,56.243567125235046,-0.025829039711344186,56.243567125235046
EC002924,0,62.174143288069644,0.0,62.174143288069644
EC002127,0,86.21597791873631,-0.007462528919565699,86.21597791873631
EC002751,2,51.403748782385954,-0.08058156436311353,51.403748782385954
EC006900,0,52.69937434481167,-0.004425990941933613,52.69937434481167
EC000884,2,45.16478245835823,-0.03190211506826892,45.16478245835823
EC001530,3,52.39864928873561,-0.02332703152950493,52.39864928873561
EC005146,0,42.26938383140415,0.006625548134131188,42.26938383140415
EC004574,3,22.183125674779514,-0.025260162306777176,22.183125674779514
EC007802,0,24.338867118439182,0.0075225061419257975,24.338867118439182
EC006064,1,50.785832868128246,-0.07323272077329383,50.785832868128246
EC002881,4,41.41641942043094,0.0046505473379830665,41.41641942043094
EC001889,0,53.87879546711376,0.0,53.87879546711376
EC002471,3,37.39853468603419,-0.025260162306777176,37.39853468603419
EC003936,0,50.81813193432619,-0.02412206706331105,50.81813193432619
EC001223,2,65.84571046011239,-0.07106559130272512,65.84571046011239
EC001157,4,101.45565020290175,0.06346480267678414,101.45565020290175
EC004398,4,56.46436728589199,0.1134901839802365,56.46436728589199
EC003526,2,62.97859131942978,0.05638204428175854,62.97859131942978
EC000073,1,93.1123303497808,-0.00880214201595949,93.1123303497808
EC000728,2,51.76643421555124,-0.017891755525539035,51.76643421555124
EC006349,3,54.64842018505433,-0.02414965906328736,54.64842018505433
EC004441,4,45.41427941842525,0.05243635766011827,45.41427941842525
EC001495,2,44.32177659954806,-0.11781164747537722,44.32177659954806
EC000353,2,80.09890834874287,-0.050906022354057084,80.09890834874287
EC005763,3,20.43422975384297,-0.025260162306777176,20.43422975384297
EC006582,0,23.77909463496436,0.006625548134131188,23.77909463496436
EC003993,4,94.54477653421719,0.07677310195334544,94.54477653421719
EC006284,3,67.57639931940716,-0.025918366486141327,67.57639931940716
EC006581,1,32.9530895829891,-0.0791513812516304,32.9530895829891
EC004240,4,46.11622187497862,0.058641955032091304,46.11622187497862
EC002094,0,48.86901446616149,0.002959324826549675,48.86901446616149
EC006155,4,21.550343778613158,0.0046505473379830665,21.550343778613158
EC005908,2,54.062117497605904,-0.03523080985219175,54.062117497605904
EC006903,1,57.780684755694445,-0.042203277909879364,57.780684755694445
EC004489,3,61.662171240130874,-0.025260162306777176,61.662171240130874
EC006454,1,58.34932013390344,0.012014520012672086,58.34932013390344
EC005297,1,46.66331061472746,-0.09422828978961101,46.66331061472746
EC006899,0,60.65309982018198,-0.0030282151108305885,60.65309982018198
EC006856,4,43.40943456982104,0.07569377799563157,43.40943456982104
EC000091,2,28.227807887590608,0.014817660513280054,28.227807887590608
EC001514,0,31.810898845367678,0.010954862785310325,31.810898845367678
EC002340,2,43.027556231365594,0.012388261523717463,43.027556231365594
EC000517,2,45.471725145658894,-0.026985962021229656,45.471725145658894
EC001646,3,68.51315027120569,0.0,68.51315027120569
EC000729,3,79.29030429951138,-0.14383368546594005,79.29030429951138
EC004577,1,34.83870900879638,-0.07838227056574817,34.83870900879638
EC006905,1,49.9235731451361,-0.09429194496897612,49.9235731451361
EC005393,3,74.09107042122221,-0.03712508240854072,74.09107042122221
EC004857,1,40.87462737794607,-0.06909706739133314,40.87462737794607
EC001533,1,24.930293414704742,-0.07838227056574817,24.930293414704742
EC000576,2,54.05668725007605,-0.11447059104717484,54.05668725007605
EC007885,0,26.502239428603488,0.006640516441446126,26.502239428603488
EC005326,3,27.00775677910468,-0.025260162306777176,27.00775677910468
EC005132,4,58.40093100142458,0.005098243368827391,58.40093100142458
EC007777,2,56.048981578769244,-0.06373741947191924,56.048981578769244
EC003773,2,50.49139356404119,-0.09238598176623945,50.49139356404119
EC006606,4,41.89654389373916,0.04887255083343833,41.89654389373916
EC006061,0,57.099861008249405,0.0025191450995242187,57.099861008249405
EC001582,2,48.30142192168035,0.011378547542560478,48.30142192168035
EC006545,1,50.848575216642644,-0.07762797072270224,50.848575216642644
EC004710,0,36.782133026020965,0.006625548134131188,36.782133026020965
EC004964,1,29.16614555200471,-0.07838227056574817,29.16614555200471
EC000277,0,41.03822694124814,-0.005897142402904502,41.03822694124814
EC001511,3,72.33123745712854,-0.06459597734364142,72.33123745712854
EC002708,2,45.423118270289145,-0.007434860434673441,45.423118270289145
EC006314,0,41.49942482698757,-0.020026305741063392,41.49942482698757
EC003273,3,57.73384676961072,-0.038999019360622514,57.73384676961072
EC001295,4,46.95432479888176,0.03431231745015158,46.95432479888176
EC003326,4,43.317217026939836,0.007247434185287088,43.317217026939836
EC000324,3,37.91326634095827,-0.025260162306777176,37.91326634095827
EC002182,0,32.61580974234989,0.006320256350052533,32.61580974234989
EC001423,0,53.891315228169724,0.00410105884304758,53.891315228169724
EC006579,1,56.535666296085935,-0.05127822606176606,56.535666296085935
EC001689,0,83.92519578158846,0.0030630031565694995,83.92519578158846
EC005628,2,64.64385777195832,-0.013826266723719723,64.64385777195832
EC007942,4,82.23895283437476,0.0,82.23895283437476
EC004112,2,60.11249838665514,-0.027047137616098962,60.11249838665514
EC005032,4,49.812171259584055,0.02301984612230641,49.812171259584055
EC005889,2,48.27787854605232,-0.16073179465469212,48.27787854605232
EC000044,3,71.15881409855493,0.0,71.15881409855493
EC007555,3,45.76113201871277,-0.025260162306777176,45.76113201871277
EC000076,0,40.51626313722792,0.013078665394534018,40.51626313722792
EC007953,2,55.24659438847151,-0.166726154154756,55.24659438847151
EC007773,3,40.942128031301735,-0.025260162306777176,40.942128031301735
EC007603,2,40.015179373008046,0.00023918667975993124,40.015179373008046
EC005981,1,102.5681076007022,-0.06748634785812621,102.5681076007022
EC006748,3,55.99061443238606,-0.03791979439691164,55.99061443238606
EC003619,3,41.40500916100835,-0.04509143360693463,41.40500916100835
EC007303,2,91.03745982147504,-0.05074493451007854,91.03745982147504
EC007242,3,18.831043710445652,-0.025260162306777176,18.831043710445652
EC006354,4,81.6902518840945,0.014280153533367049,81.6902518840945
EC002202,4,49.05159129714066,0.024832882541764283,49.05159129714066
EC007815,0,46.71059737922178,0.007549607333135854,46.71059737922178
EC004906,2,81.37022073389869,-0.08220688496535716,81.37022073389869
EC004582,0,37.135039692142676,0.007537009327854687,37.135039692142676
EC003985,2,76.45629326792124,0.009726012505862969,76.45629326792124
EC005368,1,31.992288867260758,-0.06623265663515164,31.992288867260758
EC003878,4,90.1804980642929,0.055133855917807464,90.1804980642929
EC001209,3,74.7830122381538,-0.02242775166153388,74.7830122381538
EC003222,4,32.674038759337094,0.011179895747100859,32.674038759337094
EC004623,3,42.45884453865702,-0.031296512028610335,42.45884453865702
EC006093,0,61.96627042378486,-0.019661273148656233,61.96627042378486
EC006517,1,57.362693429283894,-0.06720800543213634,57.362693429283894
EC003143,1,70.77015967919138,-0.0769821506429299,70.77015967919138
EC007088,1,23.448262535335857,-0.07952241600512948,23.448262535335857
EC001625,4,78.9494251501259,0.01745705701363315,78.9494251501259
EC003807,3,40.140140106947,-0.02527872979401037,40.140140106947
EC001443,1,68.71773796653898,0.04935247313792873,68.71773796653898
EC004088,4,44.664739142698906,0.012179449484594405,44.664739142698906
EC001762,1,41.614092357638235,-0.07758188630600892,41.614092357638235
EC003608,1,30.879045022818747,-0.07839629259536332,30.879045022818747
EC004324,0,38.01240742208652,0.007586668250587821,38.01240742208652
EC004405,2,66.01789015314738,0.014817660513280054,66.01789015314738
EC006323,3,42.42125565590379,-0.025260162306777176,42.42125565590379
EC006060,3,50.47840237010525,-0.021786715842843623,50.47840237010525
EC001872,3,49.03019138333301,-0.026247650544741874,49.03019138333301
EC005353,3,30.11841917509108,-0.025260162306777176,30.11841917509108
EC007055,1,35.591120152353206,-0.07871938897350296,35.591120152353206
EC000104,1,63.674854246769186,-0.07838227056574817,63.674854246769186
EC001335,0,79.76256452131051,-0.04943188793082343,79.76256452131051
EC002805,0,32.773581051478885,0.008173407876029699,32.773581051478885
EC000006,3,31.238000984472436,-0.025065575027729006,31.238000984472436
EC006604,0,36.740123238617066,0.0,36.740123238617066
EC007517,4,76.64621587036153,0.02306819998619749,76.64621587036153
EC002309,2,39.4339309458584,-0.026101162558275055,39.4339309458584
EC005646,3,35.627635333454954,-0.024828416450668238,35.627635333454954
EC004406,3,66.8958367640507,-0.025742451870838,66.8958367640507
EC002792,2,25.780653419382027,0.013109784191303847,25.780653419382027
EC005460,3,23.226747375920326,-0.025260162306777176,23.226747375920326
EC000165,4,65.72600247164708,0.005664662151611852,65.72600247164708
EC002467,2,32.331210660088786,0.014817660513280054,32.331210660088786
EC004184,1,55.771140959073705,-0.0001354809429138376,55.771140959073705
EC001766,0,40.954040802837035,-0.0027446627747141645,40.954040802837035
EC005012,4,35.81994539840893,0.005487736790594031,35.81994539840893
EC006256,0,31.833567512827226,0.003940175928924509,31.833567512827226
EC007178,1,31.083270127871064,-0.07838227056574817,31.083270127871064
EC001774,1,59.486581591154746,-0.01555872605885187,59.486581591154746
EC007161,4,52.388320821360594,0.043382528672068994,52.388320821360594
EC000085,3,22.791013172318344,0.0,22.791013172318344
EC007296,3,82.8097192035789,-0.03158169986048323,82.8097192035789
EC001237,3,40.88980122655067,-0.04327154814865428,40.88980122655067
EC003755,0,26.0095499858254,0.006625548134131188,26.0095499858254
EC001050,0,53.27673091131064,-0.005007053668744467,53.27673091131064
EC002665,4,117.00452978724104,0.128060818376614,117.00452978724104
EC003642,3,47.89638366550463,-0.02554762337425272,47.89638366550463
EC003068,1,39.401796603566005,-0.043440710606839406,39.401796603566005
EC002505,4,44.93164121880031,0.04344012463033907,44.93164121880031
EC004404,1,33.52944264305816,-0.07876593179699698,33.52944264305816
EC004509,0,50.93071483674225,0.0,50.93071483674225
EC005085,0,89.74533555792004,-0.016746677976049368,89.74533555792004
EC007630,3,40.215496218913366,-0.028036801950488056,40.215496218913366
EC002363,3,32.55039395270924,-0.025260162306777176,32.55039395270924
EC001324,1,46.67497509609128,-0.09084429632118307,46.67497509609128
EC004882,1,26.98826698858317,-0.07838227056574817,26.98826698858317
EC003774,2,26.429022067605022,0.008748540598210654,26.429022067605022
EC001015,2,29.73506726293723,0.014817660513280054,29.73506726293723
EC002251,4,81.49019019348229,0.05790917738896952,81.49019019348229
EC006971,4,40.581532471610416,0.0046505473379830665,40.581532471610416
EC006696,1,102.98726125575598,-0.019438110977896765,102.98726125575598
EC006409,0,101.79443133162168,-0.021128740153962253,101.79443133162168
EC002277,0,31.690700423998834,0.009869863590638966,31.690700423998834
EC006614,3,55.796094550539536,-0.02386914696274202,55.796094550539536
EC000533,3,60.67588765173308,-0.025260162306777176,60.67588765173308
EC004000,0,45.57228610093299,-0.0002855898473917538,45.57228610093299
EC007610,0,36.0120506992869,0.006625548134131188,36.0120506992869
EC004316,4,81.51626086987001,0.013270635246507474,81.51626086987001
EC007488,1,40.174422146305936,-0.0864035807951082,40.174422146305936
EC003403,4,38.62644979291024,0.0052313283922578065,38.62644979291024
EC007681,3,42.66037389273114,-0.025260162306777176,42.66037389273114
EC000143,4,42.419204170444566,0.010817647687735847,42.419204170444566
EC005041,1,85.7772887634514,-0.061014414910607565,85.7772887634514
EC000221,1,61.185860416022734,0.038987003653434604,61.185860416022734
EC003651,3,24.30278192861027,-0.02503411117750426,24.30278192861027
EC004032,2,64.75874557279106,0.014817660513280054,64.75874557279106
EC001275,2,68.38238095317848,-0.036400095010576616,68.38238095317848
EC007054,3,43.54495976026128,0.0,43.54495976026128
EC000219,4,61.42293404349974,0.0046505473379830665,61.42293404349974
EC003725,1,79.3281796222092,0.007769142135833185,79.3281796222092
EC001929,3,46.88757874390736,-0.025260162306777176,46.88757874390736
EC004872,3,75.0902754325828,-0.028807337499059657,75.0902754325828
EC003821,2,43.024118376393034,-0.04844009931878008,43.024118376393034
EC007515,1,56.71041696361574,-0.03764770659052434,56.71041696361574
EC000294,0,38.12728309938272,-0.0005230217428870229,38.12728309938272
EC001602,0,41.5693357278054,0.0,41.5693357278054
EC004767,1,35.82536849409316,-0.07838227056574817,35.82536849409316
EC002239,2,31.63091025794376,0.012446051277349345,31.63091025794376
EC005097,2,45.15593987035024,-0.004060317364614787,45.15593987035024
EC007494,0,30.111608533161366,0.006162284746442249,30.111608533161366
EC001726,3,48.60691030885461,-0.0325962944378368,48.60691030885461
EC006630,2,41.60224903643535,0.010272817510708042,41.60224903643535
EC006274,3,33.81189988473871,-0.02545841773513923,33.81189988473871
EC006110,4,43.67203089011741,0.0046505473379830665,43.67203089011741
EC002476,4,45.88856323523844,0.09554130078442036,45.88856323523844
EC003574,0,25.518404199685406,0.006625548134131188,25.518404199685406
EC002531,1,55.77628938267523,-0.07881394325906138,55.77628938267523
EC003752,3,33.78070008646381,0.0,33.78070008646381
EC004380,3,45.38085740447359,-0.024271523658875447,45.38085740447359
EC002880,4,45.87070399167568,0.08643156445411329,45.87070399167568
EC000930,1,49.36117757130793,-0.06917918842222336,49.36117757130793
EC003189,0,86.03014764633355,-0.012981536403576643,86.03014764633355
EC003281,2,52.703119780357696,-0.014776409909709156,52.703119780357696
EC007960,2,67.68481305236591,-0.06940235305999087,67.68481305236591
EC001174,1,58.544740044423854,0.0,58.544740044423854
EC000557,3,51.630891055190276,-0.025970995870239787,51.630891055190276
EC004003,0,76.79126434155097,0.003059418127164591,76.79126434155097
EC004613,0,45.405266659570145,0.006823534909144538,45.405266659570145
EC002826,4,63.11781803172475,0.022318846500858514,63.11781803172475
EC007598,4,51.94100806694949,0.13006107158191849,51.94100806694949
EC007150,3,83.4518118541175,-0.041465565069651475,83.4518118541175
EC006452,2,31.0617729011603,-0.0294255924918249,31.0617729011603
EC000538,1,28.234399816891777,-0.07894027899939046,28.234399816891777
EC007135,0,64.63171564062161,0.005782017471258798,64.63171564062161
EC001196,1,40.75335593116644,-0.07966386803598935,40.75335593116644
EC004333,0,31.838481284522697,0.006625548134131188,31.838481284522697
EC000367,1,67.2688596181321,0.011176252691142072,67.2688596181321
EC002469,3,48.2187225052956,-0.023903497742558684,48.2187225052956
EC004022,3,47.94257183692173,-0.03257285772989016,47.94257183692173
EC002341,0,40.68493346693927,0.006923291788586196,40.68493346693927
EC006544,3,39.47176899280236,-0.025260162306777176,39.47176899280236
EC001340,0,44.74019212058218,0.0,44.74019212058218
EC002226,0,49.475532268334184,0.003855729398727575,49.475532268334184
EC003469,4,45.733815329429305,0.06898218314979569,45.733815329429305
EC004040,0,39.43397809992142,0.006625548134131188,39.43397809992142
EC005940,4,52.48639015335081,0.11227423782346235,52.48639015335081
EC002032,3,32.55624838537425,-0.025260162306777176,32.55624838537425
EC006822,2,80.49127822950163,0.006622474046413477,80.49127822950163
EC005115,3,50.386437668679434,-0.028384414974236577,50.386437668679434
EC005753,4,42.276405328887854,0.046197506917375813,42.276405328887854
EC007575,3,46.36871069514415,-0.0428224369502966,46.36871069514415
EC001419,1,33.73782940022469,-0.0779927585448352,33.73782940022469
EC005528,0,73.07374770786117,0.0035143060986915515,73.07374770786117
EC001112,4,47.16815147282566,0.026882971560390382,47.16815147282566
EC003905,0,45.28860861065256,0.018133305540339373,45.28860861065256
EC005472,2,65.22122419726512,-0.016200855870909886,65.22122419726512
EC005414,4,44.71233177584404,0.018677043600114664,44.71233177584404
EC004807,1,55.08881668931313,-0.08124374348849295,55.08881668931313
EC003881,1,76.62288869162768,-0.0705912518785284,76.62288869162768
EC004418,0,49.626726287805816,0.0006341327992767444,49.626726287805816
EC001167,2,24.64686580469435,0.013146692776706465,24.64686580469435
EC007240,4,32.63352659950096,0.009994412711656776,32.63352659950096
EC007724,1,93.42585651830095,-0.03899004225807506,93.42585651830095
EC002165,3,32.40760893445105,-0.025260162306777176,32.40760893445105
EC007152,0,61.24642413945669,0.007287022553002098,61.24642413945669
EC001313,4,30.807226146824416,0.011242152348419129,30.807226146824416
EC002920,4,48.47864989881326,0.006815338292640992,48.47864989881326
EC001210,2,50.615534261909524,0.004523918990299303,50.615534261909524
EC004328,4,33.52513395102818,0.0046505473379830665,33.52513395102818
EC003496,2,27.05631466260108,0.0,27.05631466260108
EC002644,0,27.062856555243208,0.006625548134131188,27.062856555243208
EC001035,0,64.00303539725167,-0.018210394499713102,64.00303539725167
EC002737,3,38.93151643958969,-0.025260162306777176,38.93151643958969
EC002590,2,31.37744572117497,0.0025941115483494523,31.37744572117497
EC004202,4,21.302687075669994,0.0051396532385375,21.302687075669994
EC004768,4,73.40460961466307,0.01033295345419406,73.40460961466307
EC007903,1,44.12436805445002,0.0,44.12436805445002
EC005356,0,33.728378221607926,0.006625548134131188,33.728378221607926
EC000979,4,43.27623465595056,0.029093663711580474,43.27623465595056
EC007880,2,61.84035473627173,-0.016391689554014932,61.84035473627173
EC004471,3,64.06391786122838,-0.025260162306777176,64.06391786122838
EC006770,4,49.95437249898512,0.0465709532720596,49.95437249898512
EC003349,1,47.253634904973275,-0.01861400592169111,47.253634904973275
EC005630,3,87.83365947126237,0.0,87.83365947126237
EC006025,4,39.13114895008435,0.0074107286386988665,39.13114895008435
EC006400,1,38.177771773617145,-0.07510775705621006,38.177771773617145
EC003498,1,104.65709787968538,-0.0206935877492518,104.65709787968538
EC000317,3,42.64066045727785,-0.015760499273614052,42.64066045727785
EC002740,4,55.94571056085258,0.024937264665081737,55.94571056085258
EC005209,3,47.06305320367525,-0.03127614911228058,47.06305320367525
EC000843,3,28.432569354805132,-0.02556659046016521,28.432569354805132
EC002878,3,18.643380404895495,-0.025260162306777176,18.643380404895495
EC005892,2,35.7691824487612,-8.480074575863139e-05,35.7691824487612
EC006294,1,41.64217351993056,-0.07766859954147398,41.64217351993056
EC000223,3,53.46140434670123,-0.02871567393240554,53.46140434670123
EC005361,1,36.20673774659979,-0.07894812439421334,36.20673774659979
EC004745,4,73.23628170613756,0.09282838390087256,73.23628170613756
EC005637,4,28.92166702885747,0.008949839046586656,28.92166702885747
EC001117,1,65.77026170741442,-0.02607549866903871,65.77026170741442
EC003495,3,37.153990071744346,-0.026685591934073404,37.153990071744346
EC002153,0,106.17547067242656,-0.013081138914671473,106.17547067242656
EC000631,4,36.98835077952612,0.008764239080468635,36.98835077952612
EC002051,0,38.119387250055105,-0.005951572576124063,38.119387250055105
EC002588,2,59.070151472834986,-0.06994747150779129,59.070151472834986
EC004063,3,52.90605863164724,-0.03024068832753615,52.90605863164724
EC003747,3,41.94322395814062,-0.02803508193338038,41.94322395814062
EC005150,2,53.24493471477162,-0.009258236143197906,53.24493471477162
EC006196,1,52.25565487870478,-0.07739534833216867,52.25565487870478
EC004211,3,36.27629876258581,-0.025200849208708076,36.27629876258581
EC005752,4,53.46212280315016,0.01927347697557488,53.46212280315016
EC006555,0,46.216196971425475,-0.0016949065420233363,46.216196971425475
EC001920,3,45.257869418853836,-0.025494433137604244,45.257869418853836
EC007255,3,53.70692942429269,-0.02603558303785089,53.70692942429269
EC002475,4,42.035354361113264,0.017332192820603585,42.035354361113264
EC006513,4,66.80754459614043,0.006107991362071522,66.80754459614043
EC002817,1,43.044665979009196,-0.07827548402107705,43.044665979009196
EC005710,2,65.49442141758385,-0.03314608254543293,65.49442141758385
EC001564,1,68.83185293731269,-0.029575089476048585,68.83185293731269
EC007717,3,48.78459629011119,-0.02527234748157421,48.78459629011119
EC000409,3,43.44525418862049,-0.02414635983462007,43.44525418862049
EC001956,2,31.32235084869931,-0.012874996125420195,31.32235084869931
EC007267,1,70.51010923201767,-0.0721380113720846,70.51010923201767
EC002922,3,19.852012808435102,-0.025260162306777176,19.852012808435102
EC007140,3,36.770167345208506,-0.029859164844784132,36.770167345208506
EC007638,2,33.5067342387611,0.009640498964436361,33.5067342387611
EC001080,4,24.921900099363015,0.0046505473379830665,24.921900099363015
EC001029,2,117.87545663124017,0.046796963941367134,117.87545663124017
EC005966,4,71.65835237398109,0.08717097424596709,71.65835237398109
EC005404,3,37.846333872542765,-0.02581348001617373,37.846333872542765
EC000605,0,60.46673205346056,0.006625548134131188,60.46673205346056
EC003099,2,35.622737776711894,-0.0269870526593477,35.622737776711894
EC004097,1,61.71335062758098,-0.0793732428461713,61.71335062758098
EC001031,0,93.55990418654412,-0.034093359909626225,93.55990418654412
EC003611,3,64.2560880161498,0.0,64.2560880161498
EC002702,3,69.49347971875231,-0.02963650143217236,69.49347971875231
EC003134,1,85.12882317941838,-0.05515452326564721,85.12882317941838
EC002860,4,36.810885815219315,0.005139974937046595,36.810885815219315
EC006984,1,46.95571196034743,-0.0027800806498501154,46.95571196034743
EC003340,1,45.817532377804866,-0.06787304808874228,45.817532377804866
EC007332,2,56.285726721040476,-0.021680673202282646,56.285726721040476
EC007053,3,52.77598444797886,-0.025534074049014692,52.77598444797886
EC005033,4,49.16351300519547,0.014763840968158276,49.16351300519547
EC001045,1,42.762280333742304,-0.015182355999291894,42.762280333742304
EC003162,2,70.3139480719867,0.007394304738834075,70.3139480719867
EC000131,4,64.81027291512139,0.005313895875643623,64.81027291512139
EC004927,4,39.433976831177716,0.05779724320088779,39.433976831177716
EC005081,4,62.512038224487426,0.0,62.512038224487426
EC001961,0,34.925988081700815,0.01013391364161041,34.925988081700815
EC005186,3,39.56927673093579,-0.03694668124183845,39.56927673093579
EC007991,2,56.33887536516634,-0.06885992356795505,56.33887536516634
EC004869,2,49.06373273263336,-0.01399401609170585,49.06373273263336
EC007971,0,39.35571358383103,0.006625548134131188,39.35571358383103
EC004795,3,42.470758435098524,-0.025543753561588913,42.470758435098524
EC000754,2,61.26084965401992,0.014817660513280054,61.26084965401992
EC006588,3,36.13896161509807,-0.025260162306777176,36.13896161509807
EC001155,3,33.61723616246145,-0.025260162306777176,33.61723616246145
EC005985,0,51.324064467991846,0.029899677406526312,51.324064467991846
EC003270,2,32.818810504397405,-0.007580704266740561,32.818810504397405
EC001168,3,23.89731585875602,-0.025260162306777176,23.89731585875602
EC007548,2,54.618437522273865,-0.03226313856926488,54.618437522273865
EC001478,0,40.91386233202689,0.012142584889412446,40.91386233202689
EC003784,1,38.37330441542496,-0.05642483898039364,38.37330441542496
EC002321,2,37.37801474258731,-0.01305869278193466,37.37801474258731
EC006305,4,59.05753472771171,0.0,59.05753472771171
EC000272,1,63.46366216143016,-0.07838227056574817,63.46366216143016
EC003154,2,50.223531792556784,-0.06328217102347683,50.223531792556784
EC006645,2,29.902203597179,0.014817660513280054,29.902203597179
EC006608,4,58.3199334124416,0.09974891561217422,58.3199334124416
EC002393,4,37.81304072429824,0.0046505473379830665,37.81304072429824
EC001244,1,49.21484236013073,-0.07226598852336462,49.21484236013073
EC002585,0,55.20965100892247,0.0043539542107240686,55.20965100892247
EC006656,2,44.34677486900277,0.0007434508518845487,44.34677486900277
EC007082,4,72.42918640744395,0.05265697282266832,72.42918640744395
EC007955,0,79.50090188230631,0.0,79.50090188230631
EC005870,2,65.27703600159761,-0.06627597813814425,65.27703600159761
EC001250,3,100.87037137106543,-0.052930651574412194,100.87037137106543
EC005958,1,43.63569428642144,-0.07838227056574817,43.63569428642144
EC002786,1,25.345741947661434,-0.07933129669606705,25.345741947661434
EC001971,4,47.455689740471485,0.07346733950280022,47.455689740471485
EC001655,4,30.40571751296185,0.005320091202159316,30.40571751296185
EC007388,2,54.48844866628178,0.010509396259123407,54.48844866628178
EC004823,4,22.284922868827834,0.007622734269825768,22.284922868827834
EC005363,3,79.88792128944151,-0.027362612319035612,79.88792128944151
EC000158,4,42.024743625580605,0.01755194670431075,42.024743625580605
EC003715,4,25.96728144852518,0.009350308743510522,25.96728144852518
EC000831,2,41.614340635459705,-0.010160402196054042,41.614340635459705
EC005222,2,68.20327211921759,-0.02796566543880855,68.20327211921759
EC005582,3,57.10313864766335,-0.028814764814240328,57.10313864766335
EC004080,1,28.17226445319034,-0.07646780028702724,28.17226445319034
EC006248,0,57.589257743841195,-0.01817394716302791,57.589257743841195
EC005434,3,56.754165190264246,-0.02956378550338816,56.754165190264246
EC004681,2,38.69966305995019,-0.025558447942583364,38.69966305995019
EC003976,0,47.73280839823943,0.004501429010208924,47.73280839823943
EC000416,1,43.454168814532004,-0.07793459457112886,43.454168814532004
EC006743,0,56.58826989205532,0.007214470643355465,56.58826989205532
EC004844,3,48.74209613634582,-0.03327551153389611,48.74209613634582
EC006474,0,49.69663009365114,-0.028163712883101186,49.69663009365114
EC006469,4,76.89973392665468,0.005683023762424157,76.89973392665468
EC002987,0,60.3929077894283,0.008190245837533907,60.3929077894283
EC001095,0,51.07178946715331,0.004198811943165612,51.07178946715331
EC004914,3,30.294001378572723,-0.026423412901327055,30.294001378572723
EC006717,2,50.34793666819483,0.005613173202255128,50.34793666819483
EC004604,3,47.17453331242906,-0.02147617567993304,47.17453331242906
EC004019,1,59.64577033691463,-0.07838227056574817,59.64577033691463
EC002062,0,66.47206678221968,0.0,66.47206678221968
EC005385,3,50.797377121025775,-0.025487516796677108,50.797377121025775
EC007725,4,43.66624662780021,0.020431445320827538,43.66624662780021
EC006471,2,38.1511571841121,0.01271235429256292,38.1511571841121
EC006837,3,60.93658696876543,-0.025308470309387127,60.93658696876543
EC001756,0,56.06503462454151,-0.009520169716725717,56.06503462454151
EC002325,4,39.013403130452716,0.013357950039021332,39.013403130452716
EC000598,2,71.54099634655687,-0.025726801120840918,71.54099634655687
EC004684,1,22.922771772722054,-0.07838227056574817,22.922771772722054
EC000147,2,44.1574462692858,0.0060520421523823364,44.1574462692858
EC007527,4,75.25708201400093,0.005881159246654107,75.25708201400093
EC006816,1,33.32453392230395,-0.07853264798273564,33.32453392230395
EC002813,3,39.50142450333647,-0.026743894627035095,39.50142450333647
EC007067,1,51.99292039458037,0.0,51.99292039458037
EC003702,1,43.94096717378008,-0.08711551689088949,43.94096717378008
EC003680,3,57.8487396956916,-0.025260162306777176,57.8487396956916
EC004979,4,75.51804573263907,0.0053907837859491735,75.51804573263907
EC000490,0,61.5689565906358,0.0013865066167542198,61.5689565906358
EC002645,3,70.21324486049767,-0.025590140527935956,70.21324486049767
EC006814,4,66.42469401066764,0.013053112451532446,66.42469401066764
EC006373,3,38.02003256684715,-0.025260162306777176,38.02003256684715
EC001033,0,50.7525071240748,0.01641934179502292,50.7525071240748
EC005748,0,72.23690527297734,-0.033579688764299134,72.23690527297734
EC004910,4,23.569735880016978,0.009501373058104067,23.569735880016978
EC005544,1,46.69960890548164,-0.07296216515943472,46.69960890548164
EC004272,4,53.372275191463274,0.09284228572386852,53.372275191463274
EC006413,2,40.71467105046649,-0.041923996577999396,40.71467105046649
EC002025,2,28.93423515746222,0.014817660513280054,28.93423515746222
EC001541,2,42.993745346035666,-0.10748988228570201,42.993745346035666
EC002293,3,45.63384472294634,-0.020024556283060435,45.63384472294634
EC004544,4,96.80300449473114,0.02952525319681144,96.80300449473114
EC005384,1,30.282211768351793,0.0,30.282211768351793
EC002904,4,46.3856476973971,0.04590685432167594,46.3856476973971
EC005011,2,67.95451047215076,0.0,67.95451047215076
EC004163,4,34.29296551647412,0.004846630302014092,34.29296551647412
EC002166,1,54.2378953383053,-0.07259866145099632,54.2378953383053
EC006889,0,67.26394549231237,0.006658952149618334,67.26394549231237
EC001086,3,24.5350895180059,-0.025714350242202123,24.5350895180059
EC002064,1,79.11254266638447,-0.0766096064253891,79.11254266638447
EC000398,2,78.4661878210146,-0.05034287205905985,78.4661878210146
EC002770,2,38.36942548621086,-0.009961370099370974,38.36942548621086
EC003332,0,28.57349421116161,0.006695473097270136,28.57349421116161
EC004808,4,54.33182544111345,0.0,54.33182544111345
EC003841,0,40.24000148135369,0.006625548134131188,40.24000148135369
EC001298,0,63.61532142917771,0.006923300409351131,63.61532142917771
EC006002,0,71.41121942246207,-0.00743255763926409,71.41121942246207
EC001991,4,44.29726872483189,0.006975563219702417,44.29726872483189
EC003194,1,91.07151124395168,0.11606882441316657,91.07151124395168
EC006014,0,59.806316313478284,0.022517084756222074,59.806316313478284
EC002855,3,95.43489150143853,-0.032068858515581895,95.43489150143853
EC002973,1,43.57477863533071,-0.06610291347563965,43.57477863533071
EC003274,4,55.429539859600325,0.012978158361731967,55.429539859600325
EC003318,2,86.12298920809675,-0.04673561701891653,86.12298920809675
EC002196,0,40.11318928114426,0.006625548134131188,40.11318928114426
EC000885,2,49.54390422023636,-0.17233672157692587,49.54390422023636
EC004401,4,31.225749455646262,0.0,31.225749455646262
EC003609,1,67.3983950734405,-0.02437287776970759,67.3983950734405
EC005111,4,70.04618039909687,0.005304046560477255,70.04618039909687
EC007937,1,33.71018515221906,-0.08122758657266303,33.71018515221906
EC005714,3,35.075800103223266,-0.025260162306777176,35.075800103223266
EC005670,2,45.91151962769846,-0.016963250467539687,45.91151962769846
EC007024,2,30.4588926536834,0.014817660513280054,30.4588926536834
EC000271,4,26.916724058001833,0.006822967605047994,26.916724058001833
EC004109,0,73.72536222662768,0.011190135885573911,73.72536222662768
EC002353,1,57.648002143856594,0.0,57.648002143856594
EC006145,2,22.366965427440103,0.011470306557917018,22.366965427440103
EC006540,1,41.26350217489537,-0.07838227056574817,41.26350217489537
EC002858,3,48.57191600494103,-0.03477357288161132,48.57191600494103
EC002626,0,68.91086427031233,0.0008045661787509912,68.91086427031233
EC004312,0,17.250743512053788,0.006625548134131188,17.250743512053788
EC004761,3,63.95989428863701,-0.025312553278069222,63.95989428863701
EC003677,2,33.86358016270612,-0.004966274592739003,33.86358016270612
EC005485,1,31.49229913476615,-0.07791884711939653,31.49229913476615
EC003279,3,28.17330718668891,-0.02546463191262998,28.17330718668891
EC002833,2,46.15814504213496,-0.011324341858099107,46.15814504213496
EC007200,2,77.56933103867327,-0.0046084644907570145,77.56933103867327
EC001420,0,69.57458355671119,-0.014032734620950395,69.57458355671119
EC000515,4,66.9763564552748,0.0046505473379830665,66.9763564552748
EC001277,2,48.49086465588683,-0.01750638373689219,48.49086465588683
EC000609,0,63.60106338438088,0.006408821066849162,63.60106338438088
EC005417,4,30.154977434086657,0.00832168579848755,30.154977434086657
EC007021,2,81.38749421890991,-0.009602261986844586,81.38749421890991
EC007668,3,40.74674125976008,-0.027353715488671687,40.74674125976008
EC006268,4,39.07366998043882,0.008450372372486685,39.07366998043882
EC007614,4,44.885009981729375,0.0746861533054875,44.885009981729375
EC003957,3,90.86094098748843,-0.033756634594376375,90.86094098748843
EC000948,2,72.5989521497174,-0.02520308674283144,72.5989521497174
EC004188,4,55.53071015438186,0.07140668660101639,55.53071015438186
EC003899,0,47.0807715105184,-0.0009318675076143954,47.0807715105184
EC001674,0,35.43873434035171,0.006686241195121926,35.43873434035171
EC002660,4,25.864964839523456,0.0046505473379830665,25.864964839523456
EC003442,4,64.54107834877861,0.0046505473379830665,64.54107834877861
EC004758,3,65.51817718654783,-0.0295713828105531,65.51817718654783
EC007230,1,32.13626713000892,-0.07889956669540785,32.13626713000892
EC002972,3,53.128801777201794,0.0,53.128801777201794
EC001232,2,41.133693987852574,-0.0786322587828731,41.133693987852574
EC005903,4,76.23724213432365,0.14691489971153515,76.23724213432365
EC002452,0,24.67537899048772,0.006625548134131188,24.67537899048772
EC001472,2,42.30584932529134,-0.13832929911406514,42.30584932529134
EC003632,4,30.71618406552681,0.008247068914539864,30.71618406552681
EC005448,3,35.78353403347802,0.0,35.78353403347802
EC004661,2,47.89226975114556,0.0035002101122067752,47.89226975114556
EC005645,4,25.122869387847988,0.0046505473379830665,25.122869387847988
EC005369,3,35.00558023298808,-0.027309937517860733,35.00558023298808
EC000670,0,35.86303911653538,0.006884377640700936,35.86303911653538
EC000029,3,69.16179519401587,-0.02516862906016938,69.16179519401587
EC002241,1,24.250756572079077,-0.0801278853713441,24.250756572079077
EC007185,0,35.686914960527766,0.006625548134131188,35.686914960527766
EC001274,4,75.35748660291614,0.020749772862804584,75.35748660291614
EC004766,1,62.34250056720954,-0.024598941811873075,62.34250056720954
EC002811,3,23.848596943882164,-0.025260162306777176,23.848596943882164
EC003009,2,39.51093406710542,0.014817660513280054,39.51093406710542
EC005918,4,61.02474864289118,0.07116476973145616,61.02474864289118
EC006805,0,39.72689607574554,0.008331489688813561,39.72689607574554
EC004395,1,50.565096222837205,0.0033087732201137338,50.565096222837205
EC004195,2,77.54256805790953,0.0012612384885760906,77.54256805790953
EC002990,2,59.13418912979362,-0.00843223668273091,59.13418912979362
EC007863,1,22.436866802860635,-0.07838227056574817,22.436866802860635
EC005557,0,44.394192576470175,0.013117677695862086,44.394192576470175
EC005015,0,38.028538101361065,-0.0030393464120382794,38.028538101361065
EC006803,4,41.01389519755795,0.056742150395424476,41.01389519755795
EC006356,2,32.38651484789615,0.014817660513280054,32.38651484789615
EC002364,1,62.77533995583672,-0.0736376265249386,62.77533995583672
EC001428,1,77.64567462710394,0.010544225853836825,77.64567462710394
EC006086,4,21.676607980328953,0.005374749902109722,21.676607980328953
EC003612,0,47.89280819264105,-0.012525509837334687,47.89280819264105
EC001932,4,32.55505315392856,0.006061169924030378,32.55505315392856
EC006813,0,29.292978105736506,0.007061921671283991,29.292978105736506
EC000101,3,52.702633858142235,-0.023185303724697036,52.702633858142235
EC001777,4,61.874025268385466,0.05745279345665988,61.874025268385466
EC007262,0,68.67925076237238,0.0,68.67925076237238
EC007976,0,44.276754603747335,0.005707117183231829,44.276754603747335
EC005293,4,79.50224904212642,0.0919399512108944,79.50224904212642
EC007144,0,46.487578539965774,0.003814145613621013,46.487578539965774
EC005198,4,64.18011597541873,0.0046505473379830665,64.18011597541873
EC001529,4,44.94485586284347,0.009840619987202762,44.94485586284347
EC005720,4,51.27287448747886,0.010819170876751799,51.27287448747886
EC006016,0,41.703105120580226,-0.0073287191279885165,41.703105120580226
EC002685,1,40.53559920763199,-0.08013635107947589,40.53559920763199
EC001786,0,48.94991206273045,-0.012535284079503292,48.94991206273045
EC005190,1,53.054257592838155,-0.0379309618274834,53.054257592838155
EC001315,0,24.603922351090276,0.006625548134131188,24.603922351090276
EC000363,0,55.72182179718075,-0.024067699432804165,55.72182179718075
EC000161,4,61.181110930640955,0.10564680692276968,61.181110930640955
EC000993,3,65.12659211709448,0.0,65.12659211709448
EC005220,2,52.703901529409656,-0.17343959670079734,52.703901529409656
EC007985,3,36.66318173063303,-0.025260162306777176,36.66318173063303
EC003136,1,40.34386812756488,-0.03241560158033167,40.34386812756488
EC001485,0,30.761441444058633,0.006625548134131188,30.761441444058633
EC000452,3,33.538597974404546,-0.032540969566933836,33.538597974404546
EC007919,4,64.65652993056507,0.07193811916340186,64.65652993056507
EC003629,0,55.307020708955974,-0.009013288675147663,55.307020708955974
EC006918,2,43.279172590951404,-0.07341874845974057,43.279172590951404
EC005078,0,67.17042713041003,0.003917839691459287,67.17042713041003
EC005171,1,30.124261537905266,-0.07838227056574817,30.124261537905266
EC005529,2,81.78109337764282,0.011334247548081051,81.78109337764282
EC007954,1,68.75496695893546,0.0005653532904790481,68.75496695893546
EC001136,1,70.14489962413239,0.04011987403725563,70.14489962413239
EC004437,1,28.269364369573218,-0.07914877767407,28.269364369573218
EC006410,1,60.078020326438455,0.009785591306358157,60.078020326438455
EC001967,1,72.79938379248844,-0.07838227056574817,72.79938379248844
EC002373,3,34.60259109493795,-0.025260162306777176,34.60259109493795
EC004831,2,60.60690959178363,-0.12525813999449992,60.60690959178363
EC005169,2,63.03824325362495,0.014817660513280054,63.03824325362495
EC001914,4,41.87192212920335,0.006377765594356717,41.87192212920335
EC001944,1,64.2639127118953,-0.04777614273960754,64.2639127118953
EC006997,0,34.4691123101881,0.007071068528801789,34.4691123101881
EC003578,1,51.945242778343655,0.0,51.945242778343655
EC007235,0,66.76042211009064,-0.011584293686495334,66.76042211009064
EC000961,4,31.323176134232597,0.0046505473379830665,31.323176134232597
EC001286,3,56.72482159355141,-0.035181799462342685,56.72482159355141
EC005852,3,64.02137050107919,-0.02494543629104165,64.02137050107919
EC005412,1,48.122572397365836,-0.07326825025486823,48.122572397365836
EC000470,0,67.34830900616335,0.006787967251170784,67.34830900616335
EC004245,0,49.042674854428334,0.005235597034255578,49.042674854428334
EC007688,0,47.32414407940851,0.007280307162261242,47.32414407940851
EC004832,0,84.88814641249581,-0.04320893959723807,84.88814641249581
EC002307,4,52.747655998889336,0.019492489207365495,52.747655998889336
EC007244,0,57.4908487113144,-0.0078064913694271335,57.4908487113144
EC005571,1,62.51232014284777,-0.07910392390935983,62.51232014284777
EC007923,2,37.615161943030266,0.014817660513280054,37.615161943030266
EC000966,4,41.37570681577493,0.016435747616825466,41.37570681577493
EC003513,2,51.84945361077783,-0.007477931619687021,51.84945361077783
EC003967,4,61.86408937425515,0.03182775187957536,61.86408937425515
EC000520,4,81.49316117709259,0.005404690267014452,81.49316117709259
EC005269,3,50.78478418162094,-0.03959253416050447,50.78478418162094
EC001219,4,51.81735170023178,0.04904267491051406,51.81735170023178
EC005357,4,30.573661003536515,0.008747308246485563,30.573661003536515
EC002718,1,60.496682122833256,0.0,60.496682122833256
EC005967,1,81.83852093838601,-0.0670718190297917,81.83852093838601
EC004196,0,49.88849838785661,0.005841288932084746,49.88849838785661
EC001359,4,39.45401727770196,0.012072411367535792,39.45401727770196
EC006626,0,61.30494959829451,0.007189577236558125,61.30494959829451
EC004241,3,59.30378825669825,-0.04734309467173665,59.30378825669825
EC001828,0,39.34241059932112,0.003736952138963072,39.34241059932112
EC007451,4,43.304703847758276,0.022503789683987155,43.304703847758276
EC007203,0,64.14039036289593,-0.007571359725395512,64.14039036289593
EC004902,4,42.71121372038624,0.055294128241950846,42.71121372038624
EC005071,4,52.39164688013309,0.03258673327853564,52.39164688013309
EC003516,1,76.297377536809,-0.07661964423868607,76.297377536809
EC007731,2,72.11030477420697,-0.032447664188084785,72.11030477420697
EC007204,0,56.630375658548516,-0.014742396108191507,56.630375658548516
EC006565,4,41.377096764400086,0.044932319629890166,41.377096764400086
EC003915,1,20.404502405333336,-0.07838227056574817,20.404502405333336
EC005274,1,59.196714986621245,-0.07826742394301159,59.196714986621245
EC002217,1,59.52592417016473,-0.07838227056574817,59.52592417016473
EC004251,2,30.23194343062405,0.007966436567255084,30.23194343062405
EC005328,1,43.17184916946261,-0.004038442474303648,43.17184916946261
EC002407,0,57.45016433874,-0.004856224504691635,57.45016433874
EC002728,1,47.77956422892402,-0.07882743886214713,47.77956422892402
EC004325,3,95.62894224183606,-0.041207189073036485,95.62894224183606
EC002000,1,33.43934965123554,-0.07566397204493257,33.43934965123554
EC003096,2,42.988374238917565,-0.13878276937032602,42.988374238917565
EC002731,1,80.76844828842822,-0.03631306528171124,80.76844828842822
EC005774,1,66.00322671579988,-0.008711788049547663,66.00322671579988
EC004153,3,46.35570411272254,-0.047633997433412706,46.35570411272254
EC002396,3,50.58893799065724,0.0,50.58893799065724
EC003445,2,58.426009033605105,-0.19100576802204328,58.426009033605105
EC006208,0,25.8921875508738,0.0067362705414547456,25.8921875508738
EC004669,1,49.703780370852826,-0.0555702178451611,49.703780370852826
EC000332,1,47.70498449105554,-0.035117306956784645,47.70498449105554
EC001178,4,45.27378101816568,0.006627717390904241,45.27378101816568
EC001735,4,32.00469715082522,0.006546664303758134,32.00469715082522
EC006053,0,78.47686266299189,0.004769803588085276,78.47686266299189
EC002088,2,56.96706261468238,0.0061924270741340465,56.96706261468238
EC004803,3,51.75815919565809,-0.02412079899310452,51.75815919565809
EC004753,3,87.32173937639368,-0.067762289182241,87.32173937639368
EC007783,1,43.405585911256395,-0.07010995395788111,43.405585911256395
EC001241,0,37.00770697667194,0.0,37.00770697667194
EC002779,0,41.64980574555691,-0.0007163416887403872,41.64980574555691
EC007164,3,67.87146831875928,-0.053893238712244766,67.87146831875928
EC007259,1,45.08012573058676,-0.004824407327369738,45.08012573058676
EC007090,0,26.13831591149658,0.006625548134131188,26.13831591149658
EC000802,0,42.73557576592152,0.0037180091622501,42.73557576592152
EC004776,4,55.751498051258565,0.006909850191490801,55.751498051258565
EC003896,1,43.69700586833443,-0.07838227056574817,43.69700586833443
EC003846,1,41.08748692258124,-0.07926234132626744,41.08748692258124
EC004165,3,27.027402493439915,-0.024829295096011207,27.027402493439915
EC007411,1,43.117493313697196,0.0,43.117493313697196
EC001498,2,80.1706215462839,0.012060432708355204,80.1706215462839
EC004752,0,110.68347886494563,-0.011690411705141764,110.68347886494563
EC005885,0,72.3515694153979,0.005017327185795291,72.3515694153979
EC001378,3,47.75537693545529,-0.019400805943455675,47.75537693545529
EC003236,0,42.166728360685376,0.00481183055919106,42.166728360685376
EC000891,3,55.65684134998627,-0.038740934448012763,55.65684134998627
EC003033,0,35.12953623868386,0.006625548134131188,35.12953623868386
EC002520,0,47.79513578992559,-0.029239332397945586,47.79513578992559
EC004687,4,55.38534175372735,0.005990735862178357,55.38534175372735
EC001460,4,44.69009433686315,0.0,44.69009433686315
EC006632,1,34.92761157677339,-0.07847195256127419,34.92761157677339
EC004632,3,44.841453254668224,-0.025260162306777176,44.841453254668224
EC000191,0,64.34510217333316,0.006570263716445478,64.34510217333316
EC004549,0,73.17238691050626,0.006529124152379427,73.17238691050626
EC001200,4,64.6684579114038,0.005950328772718744,64.6684579114038
EC003949,2,67.41352077622814,0.011356051667398032,67.41352077622814
EC001025,0,47.927283772322134,0.007017578647713324,47.927283772322134
EC000562,3,75.4948422296771,-0.04688922407284783,75.4948422296771
EC003740,1,51.58046601157276,-0.07902093496711747,51.58046601157276
EC006095,0,68.65497531705113,0.007345448140798029,68.65497531705113
EC004680,4,64.61340901796855,0.09608108425414366,64.61340901796855
EC002820,1,91.64231085840889,-0.030523157737234092,91.64231085840889
EC005323,3,51.07902339179492,-0.024930758129483692,51.07902339179492
EC005254,3,45.80819118785811,-0.028336902856151515,45.80819118785811
EC005388,3,23.79698457064601,-0.025260162306777176,23.79698457064601
EC005030,1,50.59472837422161,-0.055890388120620145,50.59472837422161
EC002816,3,45.965628166415996,-0.032306666688604845,45.965628166415996
EC001926,1,49.57410169137094,-0.06949822253360594,49.57410169137094
EC000288,4,55.61086118575604,0.004839891190344992,55.61086118575604
EC006322,3,43.29507691666836,-0.027409843982977196,43.29507691666836
EC000871,4,44.0155553992101,0.08501117685095641,44.0155553992101
EC007479,0,74.64184708831692,-0.02152081237410693,74.64184708831692
EC001922,4,45.35026680450412,0.059585854496168454,45.35026680450412
EC001427,4,107.1903858629372,0.10295621963265095,107.1903858629372
EC002829,4,40.94981897859602,0.0046505473379830665,40.94981897859602
EC006098,0,44.26251336073012,0.007305643551644125,44.26251336073012
EC006741,4,31.499283765917085,0.007634231157260436,31.499283765917085
EC004656,3,70.95011935005287,-0.025654266653373482,70.95011935005287
EC007969,2,44.361239376405486,-0.08466245924920279,44.361239376405486
EC003003,1,40.56532230494253,-0.0854406164456424,40.56532230494253
EC006012,4,43.112610554474145,0.012273244197756116,43.112610554474145
EC003160,2,65.44390053722832,0.040212442424165454,65.44390053722832
EC003250,2,81.47559776335486,-0.01959049539654172,81.47559776335486
EC006751,0,66.53443739771596,0.0066846636740222655,66.53443739771596
EC007383,4,64.96343617570568,0.08142104029812725,64.96343617570568
EC004020,0,25.112929436497506,0.007846441864423138,25.112929436497506
EC003013,3,27.470446799549638,-0.025063907322783803,27.470446799549638
EC007308,3,27.6322454481876,-0.025260162306777176,27.6322454481876
EC007978,3,72.23440307748993,-0.04361949880587533,72.23440307748993
EC003751,0,26.682650062224123,0.0,26.682650062224123
EC001321,1,49.34152779311104,-0.04208299236849717,49.34152779311104
EC000311,0,37.31052969021057,0.006625548134131188,37.31052969021057
EC004516,0,43.10167183083201,0.012287851884116177,43.10167183083201
EC004528,3,36.21574178865811,-0.029182720355307414,36.21574178865811
EC002853,1,65.07854919409601,-0.0420799116540619,65.07854919409601
EC004222,2,53.15969028489789,-0.024425374795853782,53.15969028489789
EC001072,0,31.920981540107327,0.007660864787382751,31.920981540107327
EC007664,1,60.876784989529476,-0.07838227056574817,60.876784989529476
EC007238,0,40.05276515273274,0.004991993517973885,40.05276515273274
EC005308,4,55.98024239347402,0.05458439942590253,55.98024239347402
EC005121,4,57.86556076194853,0.05648446656208262,57.86556076194853
EC006877,4,47.51106295808167,0.005468894640549813,47.51106295808167
EC000682,2,71.62906215563841,-0.018120554710368136,71.62906215563841
EC005846,1,26.564086101528062,-0.07838227056574817,26.564086101528062
EC003573,3,45.33892261953088,-0.03729311350895946,45.33892261953088
EC000369,0,35.143182747301516,0.006625548134131188,35.143182747301516
EC002186,0,23.09303685288225,0.006625548134131188,23.09303685288225
EC005102,2,57.1464827020552,-0.03813646006306797,57.1464827020552
EC002551,1,60.54967516288457,-0.02440068602817269,60.54967516288457
EC006802,2,40.35936219385287,-0.002289180721689356,40.35936219385287
EC000977,4,71.21441405469749,0.09004945611687187,71.21441405469749
EC001425,2,53.45144467366972,0.014112330097604708,53.45144467366972
EC007557,4,68.8054875121911,0.0046505473379830665,68.8054875121911
EC007905,1,75.24778553988475,-0.07760895482867347,75.24778553988475
EC001950,4,28.42221043904027,0.0,28.42221043904027
EC005019,1,79.96014324035032,-0.06757195632271977,79.96014324035032
EC007441,3,54.191567561008554,-0.041835704813654305,54.191567561008554
EC006763,1,44.24209100798527,-0.04882598277191904,44.24209100798527
EC002775,2,49.709648065655564,-0.1440966644539995,49.709648065655564
EC007424,0,37.65578985982932,0.004665002213967923,37.65578985982932
EC005933,0,72.98856531247998,-0.03212642410410371,72.98856531247998
EC004425,4,106.58734813948993,0.08670258846688189,106.58734813948993
EC007111,4,37.90882346352977,0.021334833135544393,37.90882346352977
EC001490,0,51.792023941036504,0.0,51.792023941036504
EC005942,0,53.5488595707985,-0.0044592146547922555,53.5488595707985
EC004764,2,88.81635222292125,-0.04557070075950159,88.81635222292125
EC005857,3,68.65736665751677,-0.025279306111929883,68.65736665751677
EC003674,0,63.842546738136676,-0.010215769911562604,63.842546738136676
EC004169,4,42.84493821202463,0.005809135925916604,42.84493821202463
EC001373,2,36.00313922632055,0.013818598904893148,36.00313922632055
EC005042,3,25.856623326616255,-0.025994885848159573,25.856623326616255
EC004893,4,31.14926372579565,0.009718564898807062,31.14926372579565
EC003027,2,50.997163251490036,-0.0017970581375078357,50.997163251490036
EC002374,3,56.208701037655274,-0.030341176086292276,56.208701037655274
EC000423,4,26.47068390016059,0.005422451412140119,26.47068390016059
EC005932,4,69.53324137444756,0.09474229645205245,69.53324137444756
EC001224,0,62.248742156518674,0.006625548134131188,62.248742156518674
EC003482,2,53.73955207935389,-0.09075239512892194,53.73955207935389
EC001367,1,45.90972437274037,-0.07823584315102387,45.90972437274037
EC007068,4,44.79203621804414,0.02553820970768707,44.79203621804414
EC000245,2,50.5255681311382,-0.12425338278234202,50.5255681311382
EC003832,1,27.795372506439456,-0.07838227056574817,27.795372506439456
EC005624,1,40.45492579084036,-0.07838227056574817,40.45492579084036
EC000816,0,49.4508270231235,0.017360592158133556,49.4508270231235
EC004015,1,76.85353654872112,0.048902272239623706,76.85353654872112
EC007540,0,73.70818671923337,-0.014795237799751426,73.70818671923337
EC003323,4,31.085882712419004,0.0046505473379830665,31.085882712419004
EC002116,1,37.68657095913392,-0.07807998465904681,37.68657095913392
EC003451,0,48.29697170145782,0.0,48.29697170145782
EC006665,1,41.5886764237619,-0.07521070669567397,41.5886764237619
EC001811,1,40.907708344799595,0.0,40.907708344799595
EC001337,2,91.39480139109418,0.008831548116363136,91.39480139109418
EC001228,4,44.23689707341086,0.0547625357794731,44.23689707341086
EC001108,0,57.02452399351378,-0.0017000891771996487,57.02452399351378
EC007584,3,28.551033207872962,-0.025309055213404735,28.551033207872962
EC001703,4,69.97788003153335,0.0,69.97788003153335
EC007593,4,37.63174240255379,0.0,37.63174240255379
EC004359,1,27.814448037715948,-0.07855639580429165,27.814448037715948
EC005318,1,47.17189818775629,-0.030510021088538508,47.17189818775629
EC000878,3,70.61820335860416,-0.026477513143851134,70.61820335860416
EC005339,2,68.63849616866004,0.006529922849321808,68.63849616866004
EC000724,2,26.271069600597272,0.014817660513280054,26.271069600597272
EC006726,0,50.079752744029506,0.020076781455630677,50.079752744029506
EC002927,0,22.30323384948452,0.006625548134131188,22.30323384948452
EC007569,4,55.97038344453949,0.07405757271239716,55.97038344453949
EC004854,0,59.017751720534605,0.0003335848559337661,59.017751720534605
EC000238,2,77.35604511965057,0.013572106750620247,77.35604511965057
EC000659,3,41.393257480390076,-0.028150173123258876,41.393257480390076
EC002100,3,28.06193705696216,-0.025260162306777176,28.06193705696216
EC002230,4,59.3197807824682,0.0046505473379830665,59.3197807824682
EC006541,3,54.225672035663315,-0.0320929718475454,54.225672035663315
EC007992,1,46.50580006261396,-0.0888716762502959,46.50580006261396
EC007246,3,45.74493130316335,0.0,45.74493130316335
EC006778,0,50.42702858432867,-0.006465706891238845,50.42702858432867
EC000286,4,40.70508135674614,0.051284407919640264,40.70508135674614
EC007818,4,57.55451544195408,0.054136417311385555,57.55451544195408
EC004093,4,43.12702003018204,0.0046505473379830665,43.12702003018204
EC003030,3,46.83087187776553,-0.04847744715452221,46.83087187776553
EC006981,4,58.26767386797517,0.0977711080225716,58.26767386797517
EC003913,2,72.56575875379238,-0.007050981924856231,72.56575875379238
EC005424,3,26.47999167724183,-0.025004782352606204,26.47999167724183
EC004508,3,40.752960128981336,-0.02448614331295284,40.752960128981336
EC007506,0,52.4140845360023,0.0054003542049094605,52.4140845360023
EC005839,2,84.17158708954449,0.00857938761523272,84.17158708954449
EC006524,0,43.93219729499889,-0.026030449209803786,43.93219729499889
EC006529,0,49.549274168823985,0.01446012434640081,49.549274168823985
EC000316,1,71.21677999227295,-0.08271340007302772,71.21677999227295
EC005970,4,81.05328196868612,0.02490771124610107,81.05328196868612
EC002365,1,47.169195685535236,-0.07125537289025517,47.169195685535236
EC004920,4,41.196471018684626,0.005194909073883775,41.196471018684626
EC007779,3,35.39230365735863,-0.02624254367264208,35.39230365735863
EC006316,3,34.400570262536206,-0.03026139128972212,34.400570262536206
EC005524,3,49.219938565846405,-0.042725057851076456,49.219938565846405
EC003895,1,82.70476721814958,-0.0665422705759937,82.70476721814958
EC001350,0,37.67342385052903,0.009776494817675374,37.67342385052903
EC003112,1,40.46457412740962,-0.0678469433659804,40.46457412740962
EC007414,2,65.18151309314113,-0.012332544738964071,65.18151309314113
EC004546,3,96.43860041092069,-0.032593791386449654,96.43860041092069
EC006677,2,51.58519057998108,0.0,51.58519057998108
EC004711,2,78.81067060686091,-0.10602704613586465,78.81067060686091
EC005935,4,38.517455033012645,0.0046505473379830665,38.517455033012645
EC000915,1,70.30845401669559,-0.07863047084527426,70.30845401669559
EC000721,4,36.096980599281935,0.014092116256686684,36.096980599281935
EC006286,3,75.63135476121843,-0.02351614206541023,75.63135476121843
EC007710,1,26.09352506151205,-0.07838227056574817,26.09352506151205
EC006548,2,26.69906016940155,0.0013758022640696956,26.69906016940155
EC002059,0,65.76629374637234,-0.02739572510949898,65.76629374637234
EC003331,1,28.064298321012522,-0.07844137338300053,28.064298321012522
EC006183,2,67.38252430903673,0.014817660513280054,67.38252430903673
EC002664,4,33.41171626443464,0.007774219024610916,33.41171626443464
EC006523,3,53.430300765377815,-0.02534020436619599,53.430300765377815
EC000677,4,78.40796024064811,0.0,78.40796024064811
EC003463,1,36.949585069057335,-0.07838227056574817,36.949585069057335
EC003269,0,71.44421473621784,0.006250670362847688,71.44421473621784
EC007076,3,23.360831824504427,-0.025260162306777176,23.360831824504427
EC002075,0,57.492624057770215,-0.00047416600952721944,57.492624057770215
EC007210,4,43.52995348662991,0.06652775999534233,43.52995348662991
EC002197,0,48.58107100990447,-0.008550770634767346,48.58107100990447
EC002434,2,54.01301661198029,-0.012237189686758309,54.01301661198029
EC004451,2,92.50740807272649,-0.04331464905874191,92.50740807272649
EC004597,0,26.598058768256465,0.006625548134131188,26.598058768256465
EC004913,2,49.61299295224572,-0.041717536574473926,49.61299295224572
EC003775,3,59.82341023398465,-0.028381737934970886,59.82341023398465
EC002865,3,53.9783266476742,-0.010851923773935124,53.9783266476742
EC003309,3,94.7709247589148,-0.026099359000682883,94.7709247589148
EC000040,2,83.76483767545747,-0.013361051827712647,83.76483767545747
EC006745,3,34.618995506211654,-0.025260162306777176,34.618995506211654
EC003538,0,82.48354193189945,-0.0016253995803182254,82.48354193189945
EC000015,1,32.12033602047981,-0.07882049261740351,32.12033602047981
EC002456,2,30.43766366189861,-0.013341715336860762,30.43766366189861
EC001837,1,64.82237617640675,-0.07800808795000924,64.82237617640675
EC005099,2,25.260964474947464,0.014817660513280054,25.260964474947464
EC005505,1,57.74504432563006,-0.079396032660529,57.74504432563006
EC002265,2,21.92804578361516,0.014817660513280054,21.92804578361516
EC002986,4,39.4002400037693,0.004887808117549405,39.4002400037693
EC004253,2,63.939040918535696,-0.07906880474897654,63.939040918535696
EC007776,1,36.317103057594466,-0.07838227056574817,36.317103057594466
EC005270,2,38.38208939051717,0.005149853376808733,38.38208939051717
EC000378,2,53.02953419154296,-0.19610059529967022,53.02953419154296
EC003021,4,25.45894040041666,0.0046505473379830665,25.45894040041666
EC003150,1,44.64217136315393,-0.07990674649464935,44.64217136315393
EC002782,4,48.321204383799966,0.10185899495306747,48.321204383799966
EC007917,0,29.839791132923526,0.006625548134131188,29.839791132923526
EC002482,0,46.049737110121875,0.0017020941382582134,46.049737110121875
EC002776,3,76.89255948663231,-0.026524025988163898,76.89255948663231
EC000706,3,69.73127129379404,-0.025855840817634257,69.73127129379404
EC005873,2,63.28436008994218,-0.006538903912779219,63.28436008994218
EC005355,2,31.306237074479366,0.01308806349764833,31.306237074479366
EC002600,2,69.00652099402204,-0.05000466256318263,69.00652099402204
EC003458,4,42.24405951318087,0.021848918738110276,42.24405951318087
EC000746,2,64.39638600376318,-0.03440555534947599,64.39638600376318
EC001465,3,42.41232004636788,-0.02571896987970353,42.41232004636788
EC002810,3,35.537901092060316,-0.02533505043631333,35.537901092060316
EC007811,3,59.2101459464977,-0.02632162003239169,59.2101459464977
EC002409,1,37.648602051722065,-0.07791876292780367,37.648602051722065
EC002548,0,52.68433152442715,-0.003060226002916244,52.68433152442715
EC003216,4,42.93558811301746,0.03212893546296108,42.93558811301746
EC004827,1,39.265738988660615,-0.05029882528976265,39.265738988660615
EC002618,1,41.96153763555898,-0.07838227056574817,41.96153763555898
EC002126,4,29.645040210372464,0.0046505473379830665,29.645040210372464
EC001624,3,46.75489168064165,-0.025260162306777176,46.75489168064165
EC004338,1,27.23995933041963,-0.07838227056574817,27.23995933041963
EC005002,0,28.79764911439192,0.006189764385095545,28.79764911439192
EC001488,4,53.59008283997031,0.053852149473854354,53.59008283997031
EC001412,0,54.62601204559262,0.0,54.62601204559262
EC003746,0,34.544025451756305,0.006849273813683319,34.544025451756305
EC002030,1,74.46773646792502,0.003654412412563736,74.46773646792502
EC005425,2,62.84463428313154,0.010347362437000261,62.84463428313154
EC000568,3,54.00580990354447,0.0,54.00580990354447
EC007640,3,55.74130155451647,-0.02673912419271998,55.74130155451647
EC004643,4,68.53981786123546,0.009451943735716124,68.53981786123546
EC000569,2,68.5622511539018,-0.001871806896874259,68.5622511539018
EC003615,0,55.65308602000971,-0.06999131492251212,55.65308602000971
EC007822,0,47.43707525312356,0.0016424269042663556,47.43707525312356
EC005106,3,39.19177623468473,-0.033159721897279136,39.19177623468473
EC005995,3,40.00285121473685,-0.040303352109743465,40.00285121473685
EC003861,0,25.314674344803482,0.006625548134131188,25.314674344803482
EC006891,1,58.421742341946775,-0.0522738665256403,58.421742341946775
EC003422,1,43.86759219742302,-0.08136596811896513,43.86759219742302
EC007373,0,74.81332405681493,0.005194590766171817,74.81332405681493
EC007353,0,52.98655161824175,0.0,52.98655161824175
EC006543,1,52.93053485657381,-0.020072081656455937,52.93053485657381
EC000787,4,30.05163659842953,0.0055963697296279695,30.05163659842953
EC007730,0,59.257772213053684,-0.015552050503835844,59.257772213053684
EC001451,2,32.4263611374071,0.014817660513280054,32.4263611374071
EC004216,2,46.00121932762133,0.0,46.00121932762133
EC005812,4,44.15052683530477,0.0,44.15052683530477
EC002138,1,56.3389054163337,-0.077309382997175,56.3389054163337
EC006729,1,53.91913491133309,-0.05086906301687416,53.91913491133309
EC006818,3,92.61257431571816,-0.03872169713624277,92.61257431571816
EC004965,2,67.91393308504664,-0.06536860770197277,67.91393308504664
EC003103,0,52.584365462137285,0.014414103204072307,52.584365462137285
EC001589,4,87.07197179641399,0.06299496944511804,87.07197179641399
EC006682,4,61.43551742301839,0.0,61.43551742301839
EC003105,0,68.57099877963718,-0.034535150873516836,68.57099877963718
EC001760,2,30.125451497982688,0.014817660513280054,30.125451497982688
EC004345,3,37.961995069037435,-0.025155527936540273,37.961995069037435
EC005820,4,89.30957612301326,0.11329401170217498,89.30957612301326
EC006247,0,83.58868746174397,0.004172231948089261,83.58868746174397
EC006907,3,25.800708894219564,-0.025260162306777176,25.800708894219564
EC004262,1,26.48689757506463,-0.07838227056574817,26.48689757506463
EC001504,3,53.26852046051108,-0.024439594703919654,53.26852046051108
EC003666,1,37.158397063305806,-0.07910865308159212,37.158397063305806
EC007030,3,39.76719991053973,-0.025260162306777176,39.76719991053973
EC005764,0,24.242985337955357,0.006625548134131188,24.242985337955357
EC000684,0,43.88899177138961,0.00764385832815097,43.88899177138961
EC002525,0,38.52684323131602,0.007255095895018307,38.52684323131602
EC001215,3,34.26152313559343,-0.022350812559122614,34.26152313559343
EC000565,3,26.22545822536235,-0.025260162306777176,26.22545822536235
EC007782,2,35.17157573854652,0.005831191553511712,35.17157573854652
EC000806,0,47.393921406261164,0.0009359804757983734,47.393921406261164
EC007461,2,40.07295227514539,-0.03491955530013844,40.07295227514539
EC007239,1,39.30104000620895,-0.07904286966555929,39.30104000620895
EC006490,3,55.18204922605192,-0.015978076875928678,55.18204922605192
EC002316,2,98.83016710259946,-0.0073211290406154095,98.83016710259946
EC000749,3,90.5619205606955,-0.027087740713275972,90.5619205606955
EC006355,4,65.01760400355994,0.00702534091874157,65.01760400355994
EC007182,3,46.71353427973244,-0.05734736089836234,46.71353427973244
EC005797,0,27.573975008987006,0.006158757721353507,27.573975008987006
EC003415,4,53.68086920461099,0.006023155404324854,53.68086920461099
EC003681,1,61.09978516919861,-0.02406856643574315,61.09978516919861
EC004239,1,29.15753609986046,-0.06456981077637089,29.15753609986046
EC002742,0,22.887070872945912,0.006871263141501217,22.887070872945912
EC003342,4,29.005199496042156,0.0046505473379830665,29.005199496042156
EC003493,3,38.2787982264072,-0.025260162306777176,38.2787982264072
EC002791,2,61.73406967640833,0.0102822410986394,61.73406967640833
EC006278,4,35.94972307220251,0.008841359311965134,35.94972307220251
EC002180,0,52.67959064621299,-0.001649970622604239,52.67959064621299
EC002354,1,63.31592048174193,-0.0783704512862175,63.31592048174193
EC007065,0,38.66546383999123,0.006625548134131188,38.66546383999123
EC004219,3,53.67949780332833,-0.03528397414158504,53.67949780332833
EC002836,2,57.06040549788403,-0.03471211132170833,57.06040549788403
EC007458,0,25.12236291687246,0.006625548134131188,25.12236291687246
EC007113,1,66.38905140022477,-0.0790239671450383,66.38905140022477
EC006858,3,48.02911404961769,-0.021685396634716574,48.02911404961769
EC007438,1,61.8209166316453,-0.062091243252964036,61.8209166316453
EC005446,2,123.00134155025876,0.051228022076536164,123.00134155025876
EC002466,0,61.41639774632068,0.007247847468847631,61.41639774632068
EC004444,1,60.04082166260561,-0.0528907824760063,60.04082166260561
EC006007,3,47.97602520863074,-0.05231865717086662,47.97602520863074
EC007564,1,63.21870621842162,0.0,63.21870621842162
EC004709,3,27.12129320267317,-0.025260162306777176,27.12129320267317
EC004956,2,79.69907080379198,0.0012853102301068828,79.69907080379198
EC000299,3,45.91516544135072,-0.053641413964279454,45.91516544135072
EC007327,1,32.98287495939445,-0.06397288645244961,32.98287495939445
EC000656,4,42.07412273750289,0.004777961198429114,42.07412273750289
EC003711,4,23.228589855748172,0.0046505473379830665,23.228589855748172
EC005200,0,46.14639977979847,0.0,46.14639977979847
EC003655,1,49.474990746840696,-0.038008321852426856,49.474990746840696
EC001941,4,73.80542114017852,0.11952932326249319,73.80542114017852
EC006940,2,72.22526816301995,0.002702774531284126,72.22526816301995
EC000110,1,23.565177152727806,-0.07838227056574817,23.565177152727806
EC000551,4,32.969004944718044,0.010870311754048418,32.969004944718044
EC001880,3,32.30308278705079,0.0,32.30308278705079
EC002451,4,65.80127653979832,0.004858654120962997,65.80127653979832
EC007393,0,58.33965190842324,0.00662911263526994,58.33965190842324
EC004041,0,42.17839662421898,0.006625548134131188,42.17839662421898
EC007124,3,28.144309362939495,-0.025465071744302938,28.144309362939495
EC000056,2,43.52146448346338,-0.015340412128097702,43.52146448346338
EC002900,3,26.460086755536025,-0.025008737435402738,26.460086755536025
EC007972,0,45.72969535492219,0.007668450183788197,45.72969535492219
EC002704,1,68.68387657406437,-0.07959150466952437,68.68387657406437
EC002018,4,51.546919748823235,0.08731324398508195,51.546919748823235
EC001616,2,34.80855158374626,0.003832507624963722,34.80855158374626
EC003724,1,32.154996543634766,-0.06404777684319019,32.154996543634766
EC006768,2,33.91159689528204,-0.0014363089602144642,33.91159689528204
EC002764,4,44.117232847669726,0.01560614749924552,44.117232847669726
EC003606,3,38.333290904389216,-0.030957230883312616,38.333290904389216
EC006829,2,55.5719516869024,-0.13977266720019596,55.5719516869024
EC001853,0,65.13478071314411,-0.005084490470563245,65.13478071314411
EC000723,3,45.44984321036901,0.0,45.44984321036901
EC006255,3,54.51408958322094,0.0,54.51408958322094
EC006641,0,59.54876798596116,-0.0012596909224560442,59.54876798596116
EC002350,2,59.37712658748683,0.0,59.37712658748683
EC001417,3,57.12087329813155,-0.03423865408259839,57.12087329813155
EC000617,2,43.725057715313,0.0,43.725057715313
EC000667,4,26.116920108132007,0.008405236086942904,26.116920108132007
EC001268,4,66.27991975761168,0.4604334339361261,66.27991975761168
EC004079,4,38.527403270204545,0.027771355927705833,38.527403270204545
EC006519,0,66.45283004307757,-0.03315696392087317,66.45283004307757
EC001444,2,45.099751128648535,-0.037588189085918614,45.099751128648535
EC002965,2,50.66780310450736,0.013133263049276422,50.66780310450736
EC007618,4,40.88889179605643,0.0,40.88889179605643
EC002278,1,74.83249816410421,0.031824069271399136,74.83249816410421
EC002310,4,57.1220763201922,0.0059798245574861145,57.1220763201922
EC005122,3,42.76630161061653,-0.025260162306777176,42.76630161061653
EC000360,4,35.23500209490924,0.0046505473379830665,35.23500209490924
EC005241,1,74.92098256407282,-0.028146733076377068,74.92098256407282
EC006448,4,20.040999288130873,0.0046505473379830665,20.040999288130873
EC004580,1,27.976303673621633,-0.07838227056574817,27.976303673621633
EC000722,2,52.6190326366973,-0.1050034316301162,52.6190326366973
EC002682,3,26.513990978319562,-0.025601778964860315,26.513990978319562
EC006785,3,74.30476751601041,-0.042844952968816394,74.30476751601041
EC002651,4,61.824225987662466,0.005526650087958326,61.824225987662466
EC003682,3,64.85082241495662,-0.02756878654772831,64.85082241495662
EC007596,2,94.6896163072378,-0.015629712310313307,94.6896163072378
EC000057,0,26.855969103283694,0.005543114345298819,26.855969103283694
EC001372,2,42.870579219366824,-0.02119400877779185,42.870579219366824
EC002752,2,63.550000424998395,0.013917048615121275,63.550000424998395
EC003397,1,48.69040949000457,0.0,48.69040949000457
EC005262,2,68.71154121147303,-0.06949951742963517,68.71154121147303
EC005039,3,33.05680116487363,-0.02725759290810337,33.05680116487363
EC006634,1,53.80208468245941,0.0314871920881622,53.80208468245941
EC001638,1,69.89535075924357,-0.07876631096565004,69.89535075924357
EC007136,3,40.64086602161211,-0.025458332470308653,40.64086602161211
EC005175,0,22.915226275404475,0.006625548134131188,22.915226275404475
EC000523,4,41.28396496561076,0.0046505473379830665,41.28396496561076
EC003179,0,49.976940219757886,0.004009123705091553,49.976940219757886
EC000087,1,67.7637423093345,-0.07838227056574817,67.7637423093345
EC006168,3,94.91221393951126,-0.06545291801551953,94.91221393951126
EC001314,0,77.45905398540653,-0.028807033532935237,77.45905398540653
EC004742,3,32.341571575851,-0.02556311441289276,32.341571575851
EC006204,3,43.44047043543713,-0.028403655311758456,43.44047043543713
EC006515,4,28.319445876609514,0.0046505473379830665,28.319445876609514
EC003520,1,61.57306050289376,0.0,61.57306050289376
EC002684,4,93.9319054515491,0.0323849678437589,93.9319054515491
EC006495,0,92.98077105275544,-0.013773893163168448,92.98077105275544
EC005438,2,40.78977562972058,0.014817660513280054,40.78977562972058
EC000282,2,49.40466713892664,-0.02279861828625017,49.40466713892664
EC000260,2,37.02122610417932,-0.04412385751707879,37.02122610417932
EC000545,2,66.3077015515029,-0.10420070783581512,66.3077015515029
EC005525,0,36.74008532271667,0.006179339475692817,36.74008532271667
EC002501,2,31.855474452315164,0.006224689771789582,31.855474452315164
EC004379,0,60.83230690706895,-0.020449290645101998,60.83230690706895
EC007623,2,75.38043495697337,-0.04062217639065718,75.38043495697337
EC007655,2,19.010822219527377,0.014817660513280054,19.010822219527377
EC007786,2,45.16965013163219,-0.09090174161620776,45.16965013163219
EC001066,2,64.05359644434063,-0.05329020999064241,64.05359644434063
EC000918,0,50.8993196365097,0.004599836657919472,50.8993196365097
EC003621,2,86.29162743563045,-0.06641274184092669,86.29162743563045
EC001846,3,58.709466627576695,-0.03257932965947895,58.709466627576695
EC006730,1,32.10409813881277,-0.07838227056574817,32.10409813881277
EC004443,1,73.60951994467021,-0.003157848432058852,73.60951994467021
EC001645,2,29.797349322716347,0.0014822612537405862,29.797349322716347
EC001798,2,49.35118906399431,0.0,49.35118906399431
EC003519,2,63.27607767835503,-0.08311940900170839,63.27607767835503
EC002273,4,47.70161949937569,0.02587555554251461,47.70161949937569
EC000455,2,42.52668186021242,-0.04737718884167899,42.52668186021242
EC004366,3,51.60558266523965,-0.025260162306777176,51.60558266523965
EC002360,0,53.577842785450045,-0.007146280760979168,53.577842785450045
EC003135,0,56.0629550958561,0.0033251931419570136,56.0629550958561
EC001783,2,71.17889178603417,-0.05333086282805263,71.17889178603417
EC002984,0,52.02503680765033,0.0,52.02503680765033
EC000581,0,49.26958909011701,0.0,49.26958909011701
EC000669,1,18.424445580935515,-0.07874995972862248,18.424445580935515
EC000506,3,32.202424068435384,-0.026392516686113643,32.202424068435384
EC005993,4,63.57587678662524,0.004928491865506621,63.57587678662524
EC007678,2,38.03886850332791,-0.01912052364151946,38.03886850332791
EC002464,0,71.35858089552198,0.0073035509019143425,71.35858089552198
EC002624,1,32.941403513156345,-0.0806172456707886,32.941403513156345
EC001289,2,33.92141580165412,-0.006232224689115912,33.92141580165412
EC002486,4,64.01333276756151,0.08324693006097256,64.01333276756151
EC005020,0,35.54926838740693,0.006566880884913962,35.54926838740693
EC004531,2,75.18583562285401,-0.011259013659199651,75.18583562285401
EC000978,2,36.29891771995652,0.007110406947339096,36.29891771995652
EC001106,1,57.332827259951394,-0.03256604740437545,57.332827259951394
EC006273,1,24.20990737596043,-0.07871418764592268,24.20990737596043
EC005439,2,51.521634788917595,0.0,51.521634788917595
EC007723,0,45.752448092193845,-0.0205062654269387,45.752448092193845
EC005832,4,54.09551899742864,0.02349826838687644,54.09551899742864
EC004452,2,76.50542598696812,-0.010867303821075189,76.50542598696812
EC003418,3,56.12876725296819,-0.03165102305706349,56.12876725296819
EC006427,1,26.92382200250775,-0.07846788996593149,26.92382200250775
EC007263,1,48.97992518456383,-0.07325400510074276,48.97992518456383
EC002033,0,62.630648453656306,0.00826420131356311,62.630648453656306
EC004958,2,80.00636065885787,0.01419957264971719,80.00636065885787
EC005276,3,46.05736406584701,-0.0341129093058813,46.05736406584701
EC002191,4,29.107168855468945,0.0046505473379830665,29.107168855468945
EC004327,2,37.52656769044636,0.014817660513280054,37.52656769044636
EC007650,2,33.01569616728093,0.00739180339737814,33.01569616728093
EC001940,1,36.523272994871924,-0.07941992273110018,36.523272994871924
EC003153,2,37.62726484669838,-0.031441435911694335,37.62726484669838
EC001344,1,24.428055002490414,-0.0787283542907577,24.428055002490414
EC007439,3,41.68698557584283,0.0,41.68698557584283
EC001695,4,37.61507975144913,0.0046505473379830665,37.61507975144913
EC002934,0,47.35811831424604,-0.013090680964145177,47.35811831424604
EC005416,4,60.82954013528467,0.012367173296147383,60.82954013528467
EC006325,0,44.727364647069194,0.01340518006172372,44.727364647069194
EC005798,3,73.12597862949659,-0.04497536823351299,73.12597862949659
EC005695,1,38.439997035272036,-0.0784119069417739,38.439997035272036
EC004068,4,48.36128906892398,0.013283965992521799,48.36128906892398
EC004107,0,92.92047932212256,0.0,92.92047932212256
EC003316,0,56.96491417369197,-0.005003259447894118,56.96491417369197
EC006391,3,50.69850892035812,-0.03412345674126366,50.69850892035812
EC005976,2,44.49060284594398,0.0,44.49060284594398
EC006199,4,23.1554273714318,0.005482776226261827,23.1554273714318
EC001279,2,52.47340453356601,0.007657921543453058,52.47340453356601
EC005204,1,32.171242380861585,-0.059600973547109436,32.171242380861585
EC000866,0,48.581339176822816,-0.0034044943328599515,48.581339176822816
EC004382,0,66.2262343111115,-0.03095866564480896,66.2262343111115
EC001293,1,58.839143946354696,-0.05194954603186448,58.839143946354696
EC005189,4,60.64137582982952,0.09003225612485902,60.64137582982952
EC007933,3,30.09051435853081,-0.026603357475259985,30.09051435853081
EC002002,2,53.85450506779994,-0.03922973028936909,53.85450506779994
EC001120,4,33.69932825558981,0.013405965311947994,33.69932825558981
EC002923,3,30.959005131990125,-0.028891721371345762,30.959005131990125
EC006560,4,60.71899242962721,0.07389808677461177,60.71899242962721
EC002719,2,54.04435067327781,-0.16141480793982516,54.04435067327781
EC001806,4,43.9518227314224,0.017263645829981345,43.9518227314224
EC006585,0,44.30042904323023,-0.011793732449157445,44.30042904323023
EC004703,2,45.097912436123046,-0.020176529762176598,45.097912436123046
EC004842,0,41.148818716993695,-0.006940131982935959,41.148818716993695
EC003560,2,43.34210409598298,-0.02053779261034242,43.34210409598298
EC002570,4,66.47899785395767,0.07425513299052483,66.47899785395767
EC002256,4,35.70041660517846,0.014342475617753501,35.70041660517846
EC000921,4,34.19187033494521,0.0046505473379830665,34.19187033494521
EC003604,1,30.136166858977283,0.0,30.136166858977283
EC005845,1,43.638871708934,-0.0792906952325115,43.638871708934
EC007796,0,35.95536946367579,0.006625548134131188,35.95536946367579
EC005546,3,60.41327991422426,-0.04107514290714267,60.41327991422426
EC000420,1,64.99113174635715,-0.07838227056574817,64.99113174635715
EC000686,3,42.9647522744842,-0.024963344034418855,42.9647522744842
EC001775,4,71.46568242729009,0.3313295026811986,71.46568242729009
EC006133,1,42.00347069326029,-0.08045640835827908,42.00347069326029
EC004834,4,28.20762622985687,0.00818354246175727,28.20762622985687
EC005264,0,58.76420806656688,-0.009797293859838347,58.76420806656688
EC003581,3,35.79167349627061,-0.026780156648730895,35.79167349627061
EC005708,4,49.67272735574957,0.020801359151581798,49.67272735574957
EC002398,3,26.12628695358883,-0.025707502830916343,26.12628695358883
EC000776,2,45.42565736868171,0.0,45.42565736868171
EC001954,1,49.95029506939697,-0.06046249967635507,49.95029506939697
EC006038,0,47.129091118904746,0.006087956631968952,47.129091118904746
EC007915,3,67.42809508207797,0.0,67.42809508207797
EC002017,4,36.17774779044689,0.0,36.17774779044689
EC005194,2,45.611512299154654,-0.04598883191283921,45.611512299154654
EC001984,1,32.19544906834703,-0.07738285802834964,32.19544906834703
EC006514,4,56.538682963901806,0.06515900724825664,56.538682963901806
EC001830,2,52.76329971692712,0.007089983961946288,52.76329971692712
EC001506,3,44.192231783722605,-0.025260162306777176,44.192231783722605
EC004660,1,27.504026299049578,0.0,27.504026299049578
EC007831,2,82.31130703331812,-0.011032930693242363,82.31130703331812
EC002872,4,33.04764826791338,0.011652067805774293,33.04764826791338
EC002549,4,20.886718379651697,0.0074747767305736075,20.886718379651697
EC005514,2,46.674704105596845,-0.007157123291488623,46.674704105596845
EC001704,2,54.86616823930051,-0.04795171493566572,54.86616823930051
EC003133,4,69.31002552622164,0.005631475080281136,69.31002552622164
EC000529,1,33.2232171542881,-0.07838227056574817,33.2232171542881
EC007870,4,49.81803418957226,0.030203049660398284,49.81803418957226
EC001886,1,38.52852764686025,-0.07838227056574817,38.52852764686025
EC003961,2,50.01584351400479,-0.059981971475386045,50.01584351400479
EC005808,1,48.01252721198303,-0.009914984531455208,48.01252721198303
EC004023,0,27.749146193490848,0.0,27.749146193490848
EC000553,4,54.91304510952456,0.02313097190452296,54.91304510952456
EC000442,2,42.70764224082376,0.0033304379172857633,42.70764224082376
EC007607,3,49.22152961008686,-0.04328729438532956,49.22152961008686
EC004064,1,39.006849266197676,0.0,39.006849266197676
EC006265,2,26.757871679746557,0.010055347052286986,26.757871679746557
EC002897,2,69.00806816495279,0.0012125063686931892,69.00806816495279
EC001369,3,43.487200180622466,-0.03974431579972432,43.487200180622466
EC005914,1,31.1526209826584,-0.08136096570690447,31.1526209826584
EC002131,1,53.00273808230639,-0.07392415017330187,53.00273808230639
EC006484,1,51.80732362320279,-0.03723388896322014,51.80732362320279
EC001214,4,76.50514872780046,0.12304699777954403,76.50514872780046
EC004540,1,31.89302897891255,-0.07865675345885367,31.89302897891255
EC007840,4,51.44766113837126,0.009019854205752232,51.44766113837126
EC003893,0,63.36986266177544,-0.018961161265281384,63.36986266177544
EC007961,1,27.132769820228333,-0.07863024961074405,27.132769820228333
EC002470,3,88.30719223938361,-0.027687885435655257,88.30719223938361
EC002562,0,82.95030396033425,0.005531670721457563,82.95030396033425
EC003294,0,36.15968168682406,-0.0026656581563276396,36.15968168682406
EC005347,1,21.23033075947705,-0.07838227056574817,21.23033075947705
EC002954,0,51.09438709335834,0.005362298455173131,51.09438709335834
EC004368,2,87.47825478713655,-0.016974256648834722,87.47825478713655
EC007995,2,31.777843618066058,0.011319998561635798,31.777843618066058
EC004895,2,47.6044890825302,-0.07652402842706224,47.6044890825302
EC000112,0,99.12569222504415,-0.01302351610054864,99.12569222504415
EC002667,2,85.43230332962905,-0.08961087008522062,85.43230332962905
EC001534,3,26.473865678253397,-0.025260162306777176,26.473865678253397
EC005142,2,48.027179535725764,-0.017082398587298223,48.027179535725764
EC001271,2,73.00720517191432,0.014817660513280054,73.00720517191432
EC003897,0,37.89424884649022,0.006008841012109797,37.89424884649022
EC001339,1,33.87383652938687,0.0,33.87383652938687
EC003665,2,30.724273248900055,0.0017279826981918198,30.724273248900055
EC006348,0,40.268579999666464,-0.007077102499338749,40.268579999666464
EC003958,3,75.31007479620239,-0.048283673177928935,75.31007479620239
EC002977,4,66.47297156846935,0.010653910061356926,66.47297156846935
EC003433,4,39.364835225173415,0.0,39.364835225173415
EC007534,1,52.948332803295656,-0.07885847778932256,52.948332803295656
EC003374,4,62.63698838033558,0.12154755580749096,62.63698838033558
EC003530,4,39.362963476252105,0.0046505473379830665,39.362963476252105
EC005403,4,39.79958111887468,0.00667966123911555,39.79958111887468
EC006270,0,70.2855885272609,-0.007929081188449073,70.2855885272609
EC007768,3,43.2719424566814,-0.02451990092621188,43.2719424566814
EC000280,0,31.81008586451094,0.006625548134131188,31.81008586451094
EC004411,3,46.24653265940979,-0.030379626097329,46.24653265940979
EC001308,2,40.05627877304443,-0.032501893032816705,40.05627877304443
EC000424,0,40.8502598195242,0.006669005238096399,40.8502598195242
EC002537,3,51.51818912968907,-0.025498193941587304,51.51818912968907
EC005386,3,54.229619200640556,0.0,54.229619200640556
EC005128,1,81.35868384863976,-0.07050182399352953,81.35868384863976
EC003015,2,86.49632206510131,-0.009004280481697801,86.49632206510131
EC003139,1,65.31568491735061,-0.058803018991260864,65.31568491735061
EC003344,2,66.41731057206052,0.002207939417079592,66.41731057206052
EC007562,4,27.366541457756238,0.0046505473379830665,27.366541457756238
EC004128,4,39.93933486241152,0.005789254612141571,39.93933486241152
EC003137,3,53.53238843444856,-0.016707846955733477,53.53238843444856
EC003882,2,66.33602181891602,0.009672247025463682,66.33602181891602
EC006672,4,48.05491524032494,0.07358924957567695,48.05491524032494
EC002762,1,48.08590676852998,-0.09337998935368981,48.08590676852998
EC003423,2,26.167747796770456,0.00464272702749477,26.167747796770456
EC004636,3,50.22145553074089,-0.026592037842923272,50.22145553074089
EC004266,1,43.20354690609613,-0.07822084895859316,43.20354690609613
EC002745,0,41.42318048692926,0.006625548134131188,41.42318048692926
EC006649,1,51.1654298719184,-0.036636610718041515,51.1654298719184
EC001024,4,43.5026746530169,0.031141369965700195,43.5026746530169
EC000315,4,60.1049126690342,0.0382541684561151,60.1049126690342
EC000351,3,55.446341887168636,-0.04228756598329172,55.446341887168636
EC004941,3,63.04986553373078,-0.0266458844318374,63.04986553373078
EC004840,4,75.11577753778353,0.024566557094638786,75.11577753778353
EC003678,0,51.30451039668385,0.013629766315197538,51.30451039668385
EC005657,4,35.105718692131354,0.0046505473379830665,35.105718692131354
EC003960,1,34.264233059123285,-0.07838227056574817,34.264233059123285
EC007945,1,62.692793203884946,-0.03969440596820808,62.692793203884946
EC000055,4,27.735390989022846,0.005153252125896426,27.735390989022846
EC000041,0,52.720824740236345,0.0059694719849740065,52.720824740236345
EC006874,3,15.643370332109667,-0.025260162306777176,15.643370332109667
EC000967,3,44.865709099406175,0.0,44.865709099406175
EC001999,2,38.72146287688924,0.0,38.72146287688924
EC005056,2,68.3459755260173,-0.03366423263260368,68.3459755260173
EC001910,3,49.24548807031504,-0.03021981250529866,49.24548807031504
EC003536,3,24.95033335823176,-0.02485138364226759,24.95033335823176
EC005210,4,42.57283568425925,0.05626555861361351,42.57283568425925
EC002264,0,58.527986118504266,-0.02026601571399546,58.527986118504266
EC001628,0,58.630002053560034,0.006908894304845968,58.630002053560034
EC004568,2,52.04555508275983,-0.02652329319903833,52.04555508275983
EC003302,3,37.98413854968424,-0.031958580212593124,37.98413854968424
EC004563,3,68.42728842294473,-0.026199050319634674,68.42728842294473
EC006430,3,37.7047290691079,-0.025260162306777176,37.7047290691079
EC002502,0,37.69154768391093,0.0063353382732995464,37.69154768391093
EC000194,1,60.2223170565868,0.011857620597802751,60.2223170565868
EC000994,2,58.3875561996909,0.004753142632422644,58.3875561996909
EC005615,0,50.99676844612085,0.007227579443401711,50.99676844612085
EC003652,0,50.64729337106378,0.00258456970661007,50.64729337106378
EC004439,3,41.61819817221843,-0.032894971034641576,41.61819817221843
EC003668,3,98.06882429063576,-0.040888149547785566,98.06882429063576
EC003673,4,44.885026811937905,0.020702799058388514,44.885026811937905
EC006782,3,48.68517276370997,-0.03245072238494993,48.68517276370997
EC005348,3,44.753346068582545,-0.025157851932454643,44.753346068582545
EC001915,3,60.80922043839735,-0.025260162306777176,60.80922043839735
EC003739,3,70.73663143500988,-0.04480331463394815,70.73663143500988
EC006500,0,57.246255358143095,0.0012937933969035358,57.246255358143095
EC003557,4,71.95745050083407,0.07363811726688381,71.95745050083407
EC007184,1,46.63184507926989,-0.009925377685571835,46.63184507926989
EC000094,2,51.74328865745909,0.01255696141991225,51.74328865745909
EC000102,2,59.798736320112724,-0.11694266977712645,59.798736320112724
EC002895,2,45.43856766480575,-0.006222048492201711,45.43856766480575
EC002771,4,36.866392129579275,0.0057070197295040655,36.866392129579275
EC004749,3,74.8662042719938,-0.026959733132268432,74.8662042719938
EC006075,3,61.1048601212575,-0.03231437882859888,61.1048601212575
EC006084,0,43.94221576344197,0.021322746175879197,43.94221576344197
EC006831,2,24.121143235792417,0.007530461578389436,24.121143235792417
EC007173,1,36.552954151109795,-0.08267893893155451,36.552954151109795
EC002260,1,31.827764195250584,-0.07838227056574817,31.827764195250584
EC001804,4,49.311146014515806,0.011647099168887051,49.311146014515806
EC005221,3,36.285096780125755,-0.024466088844354545,36.285096780125755
EC001081,1,41.202027555651696,-0.07838227056574817,41.202027555651696
EC000798,1,42.63338725858725,0.0,42.63338725858725
EC000266,4,48.61762938935655,0.047103297824555856,48.61762938935655
EC004826,0,26.113568800218072,0.006625548134131188,26.113568800218072
EC005048,1,79.45223363958146,-0.07089666060209442,79.45223363958146
EC005295,4,36.85243458059787,0.025801327866455084,36.85243458059787
EC000622,4,52.54223556069567,0.03752557400686026,52.54223556069567
EC004689,4,78.35726532162195,0.006559661950744786,78.35726532162195
EC006069,3,40.85080170041211,-0.023571658192676412,40.85080170041211
EC001407,3,74.41149568568638,-0.0244402587390655,74.41149568568638
EC004390,2,46.179996352554454,-0.10801728360020628,46.179996352554454
EC005201,0,46.99115243170314,-0.005666075028021595,46.99115243170314
EC000247,3,46.098015483001014,-0.02860688095895854,46.098015483001014
EC001134,4,69.12893763046776,0.013497777565808403,69.12893763046776
EC001753,4,58.41401867294061,0.021059150551527198,58.41401867294061
EC001461,0,51.56695646958124,0.008283232379332173,51.56695646958124
EC000663,3,22.176649605721472,-0.025311812150623232,22.176649605721472
EC004237,2,73.82644568881048,0.009812389547439918,73.82644568881048
EC006684,0,58.915788201203426,-0.011038762804500031,58.915788201203426
EC000026,4,91.15816772832815,0.19242569778661384,91.15816772832815
EC005148,0,70.7750769823726,0.009202571361293497,70.7750769823726
EC004992,1,67.09615729182511,-0.07718135075459011,67.09615729182511
EC007017,2,35.41230539162487,-0.013243161653984332,35.41230539162487
EC001240,2,32.02301544606706,-0.016223498085388803,32.02301544606706
EC003119,4,38.80519441567384,0.00554687176142377,38.80519441567384
EC000607,4,77.68344843697315,0.14440572154489167,77.68344843697315
EC006382,4,48.393837422133295,0.017980449612127816,48.393837422133295
EC002011,4,34.85070065694272,0.0046505473379830665,34.85070065694272
EC003556,0,83.45626622663433,0.004139538146561389,83.45626622663433
EC001604,2,34.15785636310931,0.014817660513280054,34.15785636310931
EC000178,0,33.31008380209573,0.006625548134131188,33.31008380209573
EC007918,0,22.07574057888202,0.006625548134131188,22.07574057888202
EC005613,4,54.467869057797245,0.10885611006123855,54.467869057797245
EC000372,4,56.04873292424643,0.04033987428294825,56.04873292424643
EC001759,4,42.6301176363079,0.006563633988611546,42.6301176363079
EC005862,3,58.806910577740176,-0.025260162306777176,58.806910577740176
EC004105,0,44.33630038284417,0.0,44.33630038284417
EC002238,0,30.223868959856716,0.006625548134131188,30.223868959856716
EC004833,1,52.65540456390277,-0.016817921971654604,52.65540456390277
EC000530,0,41.01428534827427,0.00821235053148183,41.01428534827427
EC006527,4,28.583921597842433,0.005300502628095113,28.583921597842433
EC005553,1,28.53388995569593,-0.08109763260883392,28.53388995569593
EC001343,4,68.54912745850989,0.005761223805154828,68.54912745850989
EC005068,3,41.71931438726452,-0.031555117763294796,41.71931438726452
EC000873,4,70.26852474745235,0.05742329301152002,70.26852474745235
EC005028,1,38.06361642570993,-0.04650625188271889,38.06361642570993
EC006756,2,49.074676461144435,0.013166299279415275,49.074676461144435
EC002946,4,34.59013732418612,0.0046505473379830665,34.59013732418612
EC004456,3,35.62848037728329,-0.025952123153053945,35.62848037728329
EC000206,0,50.32569345805798,-0.029319387362229617,50.32569345805798
EC004100,4,38.1431482288752,0.009700540758299524,38.1431482288752
EC005986,3,73.67775102174004,-0.04199271585924938,73.67775102174004
EC006605,0,62.25275804466551,-0.022949868961068064,62.25275804466551
EC003924,0,26.657144628345712,0.006625548134131188,26.657144628345712
EC001938,1,43.12703321494286,0.0,43.12703321494286
EC004142,2,42.29159777452936,-0.0002048529787568032,42.29159777452936
EC001865,2,42.632373823067475,-0.10891154959543965,42.632373823067475
EC002859,1,37.43147347560127,-0.0438154622313196,37.43147347560127
EC003735,2,52.86740165685118,-0.07935186063264765,52.86740165685118
EC007467,2,90.96319861643752,-0.0221860142987994,90.96319861643752
EC001206,1,72.20516891796905,-0.07594890854829359,72.20516891796905
EC002200,1,31.270388500703064,-0.07951974136383175,31.270388500703064
EC007594,3,51.77195577049211,0.0,51.77195577049211
EC003077,4,48.116342000631576,0.01910056186565828,48.116342000631576
EC002935,4,44.22782014321792,0.05399235773368982,44.22782014321792
EC003588,4,51.23159383541139,0.034081584545993755,51.23159383541139
EC004785,2,42.55648471761718,-0.0009469360321480158,42.55648471761718
EC000913,3,70.28650741271571,-0.05584951216140264,70.28650741271571
EC001678,3,49.50719131996997,-0.03609714355866101,49.50719131996997
EC005228,1,78.58679094281142,0.03777213893325923,78.58679094281142
EC001701,4,26.96907730323672,0.005707680207035829,26.96907730323672
EC003265,4,44.58242471417266,0.004420412112728096,44.58242471417266
EC004317,1,26.652193103201235,-0.07838227056574817,26.652193103201235
EC004154,3,73.44530413421069,-0.0430325002483364,73.44530413421069
EC000103,2,28.087683102275395,0.010438773205105854,28.087683102275395
EC005989,1,55.64677446152672,-0.0793984542402579,55.64677446152672
EC007729,3,73.28040310615498,-0.025260162306777176,73.28040310615498
EC007306,0,42.092564521413195,0.0018586678696006984,42.092564521413195
EC003414,4,45.16590882735181,0.031905921273760074,45.16590882735181
EC003766,0,48.269135395882564,0.005786488246715163,48.269135395882564
EC003503,3,58.037938005289206,-0.03575795210495669,58.037938005289206
EC004389,4,49.21784750740668,0.03276628515761053,49.21784750740668
EC000707,0,43.720421511766205,-0.022095287085823968,43.720421511766205
EC000084,3,48.41189093030856,-0.03245842464217235,48.41189093030856
EC007349,1,117.2349671112251,0.1365523039980111,117.2349671112251
EC004430,0,40.96187058596953,0.006403615636450248,40.96187058596953
EC003275,2,63.081802465770686,0.011363911730276968,63.081802465770686
EC003568,0,58.96227569263917,0.006625548134131188,58.96227569263917
EC000556,0,66.19910745211159,-0.009715254441654043,66.19910745211159
EC003800,0,47.4043395932156,0.006625548134131188,47.4043395932156
EC000389,4,37.766075809432465,0.005835817181315064,37.766075809432465
EC007944,2,56.08533918580693,0.012449902973499197,56.08533918580693
EC007959,1,40.873719467961166,-0.07557498890590561,40.873719467961166
EC004647,0,63.293245510191156,-0.028239832964379062,63.293245510191156
EC002082,3,68.59690255093471,-0.02612590217360632,68.59690255093471
EC007631,4,80.84511517817484,0.020057806383956822,80.84511517817484
EC001814,2,73.55363944199847,0.0,73.55363944199847
EC007665,1,59.36701951007672,-0.045881650376793176,59.36701951007672
EC003951,3,50.047065301527084,-0.02713975257534678,50.047065301527084
EC003306,1,65.89962519485377,-0.07872216324417902,65.89962519485377
EC005947,4,40.97622469359571,0.05944365312659531,40.97622469359571
EC003330,2,46.60116318706641,-0.15445118101111338,46.60116318706641
EC003603,1,57.0906509629417,-0.025944147948252297,57.0906509629417
EC005598,0,36.29593495872379,0.006625548134131188,36.29593495872379
EC002534,2,36.850722136325935,-0.03173959150606891,36.850722136325935
EC002449,3,52.476336953027165,-0.027636613313863148,52.476336953027165
EC007403,4,49.45415320374685,0.0598624479083444,49.45415320374685
EC003062,0,60.738683125029844,-0.04527468659711296,60.738683125029844
EC007849,1,30.743604593518846,-0.07838227056574817,30.743604593518846
EC003855,1,70.97905412349455,-0.011451531036916346,70.97905412349455
EC006231,0,48.48522756130885,0.0017116795578628408,48.48522756130885
EC000825,3,63.0353142903288,-0.025260162306777176,63.0353142903288
EC002556,1,61.069261033200746,-0.05172395237431586,61.069261033200746
EC002306,1,38.53937572429313,-0.07872770806018209,38.53937572429313
EC001300,0,46.43126697969173,0.01988920476598572,46.43126697969173
EC003459,1,53.864193708747266,-0.048392897960926946,53.864193708747266
EC004193,0,56.132633570247535,-0.018364207961949472,56.132633570247535
EC004530,4,27.39977182202032,0.0,27.39977182202032
EC006817,4,27.898698266017853,0.007785120131681599,27.898698266017853
EC004071,2,31.391846036098514,0.014817660513280054,31.391846036098514
EC002432,3,32.96480925679492,0.0,32.96480925679492
EC005855,3,36.20863856305234,-0.03542805794960789,36.20863856305234
EC004372,2,27.121031288376606,0.014817660513280054,27.121031288376606
EC003945,2,38.98600815588319,0.009092460498103624,38.98600815588319
EC002485,2,31.014873013137553,0.0032801521823337954,31.014873013137553
EC002854,1,25.603485414559707,-0.08224208176045066,25.603485414559707
EC004214,2,31.188873300082896,0.008128985426463203,31.188873300082896
EC006056,4,61.113711093872496,0.0046505473379830665,61.113711093872496
EC007962,2,53.07533790566103,0.014817660513280054,53.07533790566103
EC003649,4,37.77042410919274,0.019678441094585573,37.77042410919274
EC005936,4,30.430791890415797,0.005551326492146163,30.430791890415797
EC002073,0,41.47862114554865,0.005784771922437164,41.47862114554865
EC000017,4,21.649783800087373,0.0046505473379830665,21.649783800087373
EC002867,4,53.93923135763851,0.018672598843464783,53.93923135763851
EC004257,3,43.30870216264053,-0.027572573860014424,43.30870216264053
EC000170,3,24.451304058540366,-0.025260162306777176,24.451304058540366
EC004993,0,57.23423912936856,-0.001603813689692661,57.23423912936856
EC002896,0,57.88652761793642,0.007006045813131469,57.88652761793642
EC001311,4,40.062328966423216,0.04479530016759998,40.062328966423216
EC007619,2,45.75868303486424,-0.05401535385895818,45.75868303486424
EC007269,3,58.487462638154966,-0.02697534373616474,58.487462638154966
EC006379,0,45.085521811904286,0.012978404516183229,45.085521811904286
EC006883,1,45.44780444705451,-0.04575338405207528,45.44780444705451
EC004460,3,43.869961104745556,-0.01704216848809753,43.869961104745556
EC006050,0,54.46691038237664,-0.031940001143263216,54.46691038237664
EC007572,1,72.06764873303496,0.03840687045058605,72.06764873303496
EC001188,2,39.497077448215244,-0.15922710674035756,39.497077448215244
EC007624,4,39.35669871963795,0.007068642053373219,39.35669871963795
EC004102,0,33.425071795581886,0.0070232848659061795,33.425071795581886
EC002914,3,49.506940197016064,-0.0381431901246351,49.506940197016064
EC001527,2,53.69810319234598,-0.005068980457479076,53.69810319234598
EC003450,2,26.43585619419893,-0.0022854214870696304,26.43585619419893
EC004943,4,49.274337683740335,0.02534673308421374,49.274337683740335
EC006933,4,76.24326834870448,0.11580330658019233,76.24326834870448
EC006647,0,43.90313831156684,-0.02441732060940353,43.90313831156684
EC007117,4,29.851809221857355,0.0046505473379830665,29.851809221857355
EC001633,3,32.59234442771918,-0.024891538680563756,32.59234442771918
EC001842,3,72.38882741711556,-0.048956032568157476,72.38882741711556
EC003943,0,49.004530551264814,0.005499645623144475,49.004530551264814
EC006339,2,45.60844008476972,-0.060284512617590734,45.60844008476972
EC004117,2,41.93149675633813,-0.1048581581550906,41.93149675633813
EC006791,0,76.63247164902756,0.006625548134131188,76.63247164902756
EC004970,2,74.59258096364483,-0.0926176242316812,74.59258096364483
EC003389,1,60.12651561575664,-0.06019784512158456,60.12651561575664
EC003159,4,42.87206502857957,0.033037042154694246,42.87206502857957
EC000028,1,75.10009637346948,-0.06671885943971381,75.10009637346948
EC006995,1,79.57945099412585,-0.06027197321663569,79.57945099412585
EC004487,0,27.241744850824112,0.006876238156969459,27.241744850824112
EC007186,0,36.35911675680452,0.006625548134131188,36.35911675680452
EC005284,0,50.26240942865035,-0.024924976356926188,50.26240942865035
EC004791,3,56.79642878975797,-0.025260162306777176,56.79642878975797
EC002295,4,45.42277158735152,0.005500235208914739,45.42277158735152
EC000472,2,98.53461064231983,-0.046619983941504566,98.53461064231983
EC000305,0,43.96140339246588,0.0025760939481648494,43.96140339246588
EC004092,1,32.789998677935024,-0.07838227056574817,32.789998677935024
EC001393,4,28.484091653519734,0.006324523247213127,28.484091653519734
EC000745,2,46.07921714275484,-0.11841799350581697,46.07921714275484
EC002392,0,61.73773035916848,-0.0032634638877157593,61.73773035916848
EC001107,4,44.69937648239748,0.03676954604332003,44.69937648239748
EC001975,4,27.68738849085802,0.006526902883664688,27.68738849085802
EC007197,3,25.15315202968219,-0.025595107057091955,25.15315202968219
EC007662,2,37.069585291355594,-0.0049245465679705405,37.069585291355594
EC002259,0,53.10970903862895,0.00406317224909388,53.10970903862895
EC007673,1,42.73025479316951,-0.08651970384797565,42.73025479316951
EC007317,2,46.70007627136537,-0.006077762660770973,46.70007627136537
EC007888,4,50.44765017482883,0.02389404719935949,50.44765017482883
EC001562,2,77.5602139719536,0.002469773158583998,77.5602139719536
EC001500,2,33.47066467100789,-0.01363462059592753,33.47066467100789
EC001648,4,33.89430879981771,0.02282054445931317,33.89430879981771
EC007092,4,42.58837926553744,0.03983426448320598,42.58837926553744
EC004276,1,55.656474763772096,-0.015104215139886565,55.656474763772096
EC002597,0,59.16671266153368,-0.03637474119024343,59.16671266153368
EC006433,4,74.19402624702468,0.12595355914234993,74.19402624702468
EC002506,3,48.61920805408275,-0.042900774455333815,48.61920805408275
EC001698,1,19.750407614957485,-0.07838227056574817,19.750407614957485
EC002140,0,34.086979835545044,0.004690457218930781,34.086979835545044
EC005740,3,31.121709673398477,-0.025260162306777176,31.121709673398477
EC006487,4,42.66249061384742,0.006652084152646464,42.66249061384742
EC002774,1,68.34457488688327,-0.07905183236220284,68.34457488688327
EC007132,4,66.23411129126212,0.0046505473379830665,66.23411129126212
EC003470,4,28.610225618598925,0.006126760017149801,28.610225618598925
EC006669,4,28.50245625719722,0.00621501875195327,28.50245625719722
EC006385,4,42.682836614947576,0.014191662412780949,42.682836614947576
EC007363,3,21.045719557274563,-0.026450866566946764,21.045719557274563
EC003218,3,46.337883351727584,-0.019429995900306835,46.337883351727584
EC001263,0,42.32495245648406,0.0,42.32495245648406
EC002729,0,24.699223143932752,0.008090457170696981,24.699223143932752
EC002026,1,47.236768666079776,-0.04632274102422987,47.236768666079776
EC005261,0,39.34867178230886,0.006618720785089097,39.34867178230886
EC001763,2,74.02582443939353,-0.0866926055656694,74.02582443939353
EC004726,0,49.49737088620767,0.0027499237295098714,49.49737088620767
EC005224,3,69.46213432386322,-0.02459118725041402,69.46213432386322
EC000752,4,27.50249098108448,0.0046505473379830665,27.50249098108448
EC007357,2,93.2861943758259,-0.046979355303735815,93.2861943758259
EC007035,0,80.48187101079877,0.00975033124537643,80.48187101079877
EC007202,0,45.783037752847136,0.00654627237449823,45.783037752847136
EC005643,1,63.182498931922815,-0.04506337007983904,63.182498931922815
EC004145,3,69.11404602326284,-0.025587553023530975,69.11404602326284
EC000438,0,38.208204006640074,0.006625548134131188,38.208204006640074
EC001672,1,55.49664455093849,-0.07997874585119492,55.49664455093849
EC004127,4,39.66588106773328,0.0046505473379830665,39.66588106773328
EC001998,1,85.08811057629501,0.07658674650758365,85.08811057629501
EC006839,0,65.83739237735153,-0.05596158126131864,65.83739237735153
EC004951,3,45.76988518079535,-0.025152321167647596,45.76988518079535
EC005861,1,36.509205375181836,-0.09084026181244736,36.509205375181836
EC002190,2,42.13328013417236,0.007510147760908539,42.13328013417236
EC000141,4,65.86197887354473,0.0046505473379830665,65.86197887354473
EC003824,2,41.554411763665456,-0.1260431873297959,41.554411763665456
EC003008,4,45.87506935224733,0.03039023858122249,45.87506935224733
EC005464,2,34.5563532138592,0.014817660513280054,34.5563532138592
EC006528,2,67.20753499852127,-0.003820792910527341,67.20753499852127
EC001408,1,72.67346415683801,-0.031121865785384353,72.67346415683801
EC005247,1,71.37838638262517,-0.08000846534308369,71.37838638262517
EC000240,2,41.688730626383666,0.014817660513280054,41.688730626383666
EC007654,3,29.409370073904494,-0.025260162306777176,29.409370073904494
EC004459,0,47.59415238263444,0.00292772005673448,47.59415238263444
EC005329,3,74.20744676692085,-0.025260162306777176,74.20744676692085
EC007095,2,38.62671657081153,0.013956199963560359,38.62671657081153
EC006869,3,61.58825596807605,-0.025243531763274166,61.58825596807605
EC002844,4,41.99804956748764,0.02544062135710655,41.99804956748764
EC004434,3,42.49921274679924,-0.02507117116323592,42.49921274679924
EC000687,1,52.59977469765368,-0.05459796941751596,52.59977469765368
EC004543,2,69.77963871301732,-0.0670452257379616,69.77963871301732
EC007952,1,87.86158369601259,-0.013590641451009633,87.86158369601259
EC002484,4,23.66446515173572,0.005048215147837359,23.66446515173572
EC003436,4,33.3410587786208,0.0046505473379830665,33.3410587786208
EC004655,2,55.98624604383083,-0.006788974267274664,55.98624604383083
EC007907,4,80.40287677695883,0.027386255259272765,80.40287677695883
EC006493,1,30.677417719467588,-0.07839629629701475,30.677417719467588
EC006941,1,43.99312109458191,-0.07842687938424829,43.99312109458191
EC007964,4,42.86644249120919,0.016363154374518348,42.86644249120919
EC004084,0,44.73635633006036,0.011016366105767169,44.73635633006036
EC007105,0,63.87657543428619,0.0,63.87657543428619
EC000487,0,32.50018668477616,0.0,32.50018668477616
EC000633,2,60.67460435105016,-0.05724846341266488,60.67460435105016
EC003814,2,29.624529047024353,0.006193957411529637,29.624529047024353
EC002539,0,46.926085840109536,-0.03029786612528095,46.926085840109536
EC000908,1,87.3410196262376,-0.07065140814079796,87.3410196262376
EC002046,0,36.555145471650576,0.007378389522015376,36.555145471650576
EC001978,4,33.972099692863935,0.0046505473379830665,33.972099692863935
EC000813,1,68.76693085698209,0.00021568992289829753,68.76693085698209
EC001573,3,52.12100120284679,-0.03304761746004189,52.12100120284679
EC002192,1,38.05595416794363,-0.07838227056574817,38.05595416794363
EC000954,3,34.33914905368314,-0.026799820970660537,34.33914905368314
EC006852,3,61.61849105865423,-0.1702427461493887,61.61849105865423
EC004263,4,43.0713683999223,0.00997410294248997,43.0713683999223
EC005895,3,25.23834400190541,-0.025424610610806087,25.23834400190541
EC001135,4,65.36651682955814,0.05191927178368268,65.36651682955814
EC001005,2,45.95984179077359,-0.0015588102080929048,45.95984179077359
EC004137,0,28.580878743285133,0.007257499242888212,28.580878743285133
EC000341,2,64.22498836090763,-0.07250366508404833,64.22498836090763
EC007990,1,49.19190023751638,0.009169049471516838,49.19190023751638
EC004969,0,45.003898409059126,0.0035904170955477384,45.003898409059126
EC005139,1,48.89320325771147,-0.06385459972278032,48.89320325771147
EC000002,2,25.48109653576134,0.014817660513280054,25.48109653576134
EC005684,2,45.58615755030514,-0.053969496351790804,45.58615755030514
EC000169,2,44.26876927612468,-0.008848063694741462,44.26876927612468
EC002571,4,42.13993540857441,0.011865124379704294,42.13993540857441
EC000624,0,48.5902026045155,0.0047625677827565745,48.5902026045155
EC000142,0,98.83701238790593,-0.011203504641448606,98.83701238790593
EC002997,3,55.65448892515669,-0.026413012039755396,55.65448892515669
EC003174,4,35.42140244522661,0.006297968022477316,35.42140244522661
EC006925,2,68.80719602575766,0.0,68.80719602575766
EC001071,4,54.41512867578444,0.05691098903369142,54.41512867578444
EC005550,3,61.1288979509735,-0.02517295054760709,61.1288979509735
EC001042,1,36.41766867195939,-0.08089811042107772,36.41766867195939
EC006526,2,44.91654895641173,-0.030894847137734608,44.91654895641173
EC001603,0,23.774459987173703,0.006625548134131188,23.774459987173703
EC001058,0,47.052938134018866,-0.002114272382092495,47.052938134018866
EC001291,2,32.80477107578585,-0.0028120159534712544,32.80477107578585
EC001096,3,22.742175480444367,0.0,22.742175480444367
EC002368,4,74.89718404723234,0.008195791281990817,74.89718404723234
EC007684,1,43.37486982433446,-0.07838227056574817,43.37486982433446
EC002006,0,78.77120102077777,0.004108842046131766,78.77120102077777
EC001988,4,44.621482324895126,0.0046505473379830665,44.621482324895126
EC002616,2,38.023001176201554,-0.05544783975120339,38.023001176201554
EC005917,2,51.584850017468284,-0.013919365205301463,51.584850017468284
EC007757,1,55.73826133534958,0.006722654125720484,55.73826133534958
EC000149,0,33.84965216738577,0.006625548134131188,33.84965216738577
EC001141,0,51.107420139013634,-0.022950101242563588,51.107420139013634
EC002545,1,67.41689761738158,-0.0748484721932117,67.41689761738158
EC005299,2,45.866110468316265,0.0,45.866110468316265
EC006298,0,34.544649430810644,0.008789681449379578,34.544649430810644
EC000602,3,45.48096147579689,-0.024481579399334725,45.48096147579689
EC005237,0,48.94080965350777,0.00017340664490825676,48.94080965350777
EC006205,2,87.13982842644921,0.008219776962647384,87.13982842644921
EC002701,1,44.91408328860029,-0.07712673591693478,44.91408328860029
EC004066,2,30.263721114430723,0.0,30.263721114430723
EC002527,3,69.4617975627299,-0.025260162306777176,69.4617975627299
EC004912,3,72.40744734022728,-0.022918483425324106,72.40744734022728
EC005736,3,34.632901241673686,-0.025260162306777176,34.632901241673686
EC005673,3,51.47577461228034,-0.04190742529829261,51.47577461228034
EC001548,2,16.66662185981072,0.014817660513280054,16.66662185981072
EC000672,2,45.37647195683294,-0.08652010053866539,45.37647195683294
EC002355,2,43.74328059763449,-0.03601061543795297,43.74328059763449
EC001652,1,70.2598660147786,-0.010038940597565327,70.2598660147786
EC005410,2,52.02471442035835,0.000867870567711513,52.02471442035835
EC003064,2,54.24121801648726,-0.2618546715360994,54.24121801648726
EC003474,0,54.09037543676288,0.003874196109125317,54.09037543676288
EC001679,0,66.94870510501396,0.0,66.94870510501396
EC001522,1,87.36027377480315,-0.05704320504204631,87.36027377480315
EC004821,2,73.74749922703458,0.008757749269272655,73.74749922703458
EC002460,3,102.74770462683033,-0.04684447591453356,102.74770462683033
EC000739,3,58.45252980218171,-0.03323895328343496,58.45252980218171
EC007119,4,51.92064982461967,0.0525117570772274,51.92064982461967
EC005547,4,65.32861884431097,0.005431495679094189,65.32861884431097
EC001676,2,37.23482665738836,0.014817660513280054,37.23482665738836
EC001299,4,76.75532873768644,0.07637197058366244,76.75532873768644
EC002314,0,42.222416921225594,0.006174130805463278,42.222416921225594
EC004004,0,30.05097200881592,0.006625548134131188,30.05097200881592
EC004963,4,48.43966534945332,0.06435042090281032,48.43966534945332
EC007646,1,94.3501527111209,0.054863559242769616,94.3501527111209
EC004619,0,47.76944708014305,0.007060934956268699,47.76944708014305
EC000202,4,45.008986085734755,0.013679707182462558,45.008986085734755
EC003671,3,41.29066197831255,-0.039730508853839136,41.29066197831255
EC001169,1,22.259404942056968,-0.07904752992988787,22.259404942056968
EC006666,3,33.57515115889047,-0.025260162306777176,33.57515115889047
EC004281,2,43.5033676633758,0.00866402766849813,43.5033676633758
EC006466,4,44.20092677033605,0.019101152463722855,44.20092677033605
EC001281,0,43.825428223109824,-0.01871279587872571,43.825428223109824
EC002103,2,49.816846054986556,0.0,49.816846054986556
EC006800,4,64.14273656055758,0.05457088269490691,64.14273656055758
EC003020,2,39.879128675844555,-0.0019061027882199578,39.879128675844555
EC003336,1,65.1280911217416,-0.07838227056574817,65.1280911217416
EC003543,3,67.04833177475146,-0.025754271661866467,67.04833177475146
EC003426,4,41.42592205371531,0.011293117560998434,41.42592205371531
EC007715,4,25.414154427229587,0.00635128361478263,25.414154427229587
EC002199,3,51.626854526156784,-0.0252510188877252,51.626854526156784
EC005470,0,87.84103251057304,-0.049592040543467754,87.84103251057304
EC003083,1,61.64003491006796,-0.07882825360801465,61.64003491006796
EC001102,1,37.25042196511681,-0.07004315825203283,37.25042196511681
EC002657,2,46.79110873984559,-0.10025620825441069,46.79110873984559
EC002765,1,89.12652423342466,-0.046671311260849994,89.12652423342466
EC002546,0,24.06831087312705,0.0,24.06831087312705
EC007232,0,67.72755437234242,-0.01991918233488355,67.72755437234242
EC007080,3,59.44658720209609,-0.024739689615874243,59.44658720209609
EC001790,4,57.499850111356466,0.05113179117937123,57.499850111356466
EC003589,4,35.09835461109235,0.005502711789497284,35.09835461109235
EC001364,3,34.90101791055137,-0.02518266433752458,34.90101791055137
EC005907,3,68.04199017920911,-0.04938035750751955,68.04199017920911
EC004087,0,97.92950365761607,-0.06839800235591884,97.92950365761607
EC002418,3,66.77034764841298,-0.02620509184763116,66.77034764841298
EC000440,2,35.41024111033798,-0.0012679638270977726,35.41024111033798
EC003190,1,44.055675381602846,-0.07950284253528143,44.055675381602846
EC007750,3,69.41152468952096,-0.02288674472319481,69.41152468952096
EC004620,0,56.657821592188476,0.006675194975670707,56.657821592188476
EC002675,4,22.80123232048892,0.006160770160977828,22.80123232048892
EC000273,2,37.84295200110438,-0.0004739309932592778,37.84295200110438
EC006859,1,64.13943094805714,-0.07838227056574817,64.13943094805714
EC007102,1,70.9009100049685,-0.024490398555007287,70.9009100049685
EC004982,0,25.438712106392384,0.006625548134131188,25.438712106392384
EC000578,0,102.15941025518143,-0.01478223084241226,102.15941025518143
EC002700,2,51.14540868160391,-0.19651657740403566,51.14540868160391
EC007542,0,52.05291259875395,0.0009641322136250949,52.05291259875395
EC004890,0,35.90648049332049,0.007683450357690934,35.90648049332049
EC000227,0,38.55330732268162,0.00150038381161468,38.55330732268162
EC001722,4,57.83290729095915,0.029150041725077177,57.83290729095915
EC001881,1,43.81554245422482,-0.05860354236066964,43.81554245422482
EC006446,3,42.743309526432554,-0.026766970836720673,42.743309526432554
EC007819,0,74.82975744517422,0.0,74.82975744517422
EC007806,0,35.70475980454126,0.006625548134131188,35.70475980454126
EC006861,1,119.38091719719756,0.11674702870777787,119.38091719719756
EC002056,2,60.06844797708794,-0.00037069563880865256,60.06844797708794
EC001854,2,67.41383167677414,-0.037008695895127744,67.41383167677414
EC006200,0,42.67735022232986,0.01185497491689092,42.67735022232986
EC000984,0,46.33759675386573,0.005148356832878112,46.33759675386573
EC000563,0,111.89446075257851,-0.03618788769155582,111.89446075257851
EC002189,2,51.54966750848509,-0.022526684409571167,51.54966750848509
EC006003,0,51.02771634815918,-0.005695075638152242,51.02771634815918
EC000381,1,31.27950241603797,-0.07644962100105332,31.27950241603797
EC004966,2,36.644643652515455,0.005725383909156109,36.644643652515455
EC003181,0,38.515420036585866,0.006625548134131188,38.515420036585866
EC005863,0,58.76813789171595,-0.013454329552541113,58.76813789171595
EC000608,3,71.08446068397652,-0.02574923931147364,71.08446068397652
EC002098,1,43.941715730145134,-0.07838227056574817,43.941715730145134
EC000285,4,43.67903824706963,0.04567477632183448,43.67903824706963
EC002462,1,38.48754328379736,-0.06201149245311187,38.48754328379736
EC004336,0,54.94501039376004,0.0004143221134830496,54.94501039376004
EC004983,1,48.504760526522475,-0.04133261483715023,48.504760526522475
EC003981,4,24.54743880720723,0.0046505473379830665,24.54743880720723
EC007916,3,52.72794074163545,-0.027731605442991223,52.72794074163545
EC006593,0,40.968555658744584,-0.010850763628754421,40.968555658744584
EC006652,3,69.96441644771834,-0.025379634724374853,69.96441644771834
EC002255,1,91.26804058438017,-0.04509030481048709,91.26804058438017
EC001731,3,69.63462915834754,-0.04148151272631081,69.63462915834754
EC005437,1,32.82407785512585,-0.0737979566647792,32.82407785512585
EC001059,0,98.84602814456923,-0.010081823967391722,98.84602814456923
EC007627,1,42.36359257118823,-0.03432378197726249,42.36359257118823
EC005127,4,96.73199791941404,0.0736967851028621,96.73199791941404
EC006370,2,40.27762379776156,-0.011723930814146931,40.27762379776156
EC000715,4,50.284350378125914,0.018380731416751464,50.284350378125914
EC001398,1,49.50548216998541,-0.07843794567739262,49.50548216998541
EC001233,4,37.54883886017476,0.0046505473379830665,37.54883886017476
EC002912,1,39.06002492551095,-0.07149505219659481,39.06002492551095
EC002292,1,70.14329420120221,-0.031210010604191644,70.14329420120221
EC004055,2,39.94487326903428,-0.004161222846338623,39.94487326903428
EC006130,1,57.56753987460104,-0.02195404378106336,57.56753987460104
EC000018,2,40.05348868323617,0.014817660513280054,40.05348868323617
EC001761,2,60.963217372208945,-0.013179323214899029,60.963217372208945
EC004114,3,53.4177108021309,-0.03565021861216511,53.4177108021309
EC007755,4,64.02175010273595,0.0,64.02175010273595
EC000392,2,26.08592308667203,0.011348031008252178,26.08592308667203
EC002068,0,41.33333715546265,-0.0053719835051748,41.33333715546265
EC007287,0,64.92489967523234,-0.008689531310249275,64.92489967523234
EC002550,2,72.2410444719591,-0.03543386126194805,72.2410444719591
EC005860,0,63.73204745847953,-0.04230437863081589,63.73204745847953
EC000080,3,35.67155599349411,-0.027475019490538356,35.67155599349411
EC004507,2,70.5242626105119,-0.036611947042370606,70.5242626105119
EC003291,2,67.81554909592163,-0.006376875203067817,67.81554909592163
EC006211,4,22.09278944306405,0.0046505473379830665,22.09278944306405
EC005466,0,30.06195996022758,0.006243557396673019,30.06195996022758
EC007183,0,33.318267013376,0.0,33.318267013376
EC003501,0,37.60505543976416,0.00867064967377072,37.60505543976416
EC001849,1,69.22876740926154,-0.07959728646593561,69.22876740926154
EC005344,2,49.6000730642193,-0.17095987331572304,49.6000730642193
EC007101,1,46.973562945848016,-0.07832889279435341,46.973562945848016
EC004482,4,48.34553898584279,0.08975866855559614,48.34553898584279
EC006407,3,36.0400779021236,-0.02988543836524687,36.0400779021236
EC000495,3,19.42465034562032,-0.025260162306777176,19.42465034562032
EC001161,0,48.13452529328621,-0.025996116272190155,48.13452529328621
EC007039,1,64.83436440119112,-0.01805463286674036,64.83436440119112
EC004529,3,47.28393396182146,-0.042549688016878605,47.28393396182146
EC005955,3,46.76113017984018,0.0,46.76113017984018
EC007838,0,33.12534926261742,0.008884575652113673,33.12534926261742
EC005245,1,28.043936391445882,-0.07826549082344757,28.043936391445882
EC003186,1,51.885139811099535,0.043873277363829205,51.885139811099535
EC004331,0,63.57916617630091,0.006625548134131188,63.57916617630091
EC007299,3,71.96589462862916,-0.05698580610500824,71.96589462862916
EC005968,1,64.2802773356278,-0.07838227056574817,64.2802773356278
EC002081,4,67.21952324661315,0.006018407289214687,67.21952324661315
EC005523,4,48.61408694534083,0.009141577218238696,48.61408694534083
EC003387,4,45.94060367187727,0.0640158498057744,45.94060367187727
EC002235,2,49.04201406652212,-0.03151103827447976,49.04201406652212
EC004159,2,23.84253981405924,0.011387411620780302,23.84253981405924
EC003509,3,54.811568534933315,-0.025260162306777176,54.811568534933315
EC006058,3,45.066796018396616,-0.028911678700452918,45.066796018396616
EC003844,3,39.62297301887864,-0.0263492915737255,39.62297301887864
EC000750,0,42.391466869859386,0.00716018162276332,42.391466869859386
EC005174,0,46.64116005882908,-0.02514112197804351,46.64116005882908
EC006821,0,70.5565300121352,0.0,70.5565300121352
EC001765,0,71.63417172930004,-0.009958444261264065,71.63417172930004
EC007456,3,46.63432429430176,-0.040147388839394726,46.63432429430176
EC001032,1,41.53636967872809,-0.046730366599216415,41.53636967872809
EC007701,4,74.6884277554702,0.00724597369164327,74.6884277554702
EC002608,4,38.853555166944496,0.007032693508168073,38.853555166944496
EC007292,0,51.811192326548195,0.012340662366016,51.811192326548195
EC003461,2,61.77651954312164,-0.013692879980302018,61.77651954312164
EC000525,1,44.61394314280947,-0.08655493326786476,44.61394314280947
EC006175,4,51.54159683372858,0.03066310336669394,51.54159683372858
EC004106,2,53.95933025895602,-0.042161145744568945,53.95933025895602
EC006369,0,48.21575482344844,0.009019373514585495,48.21575482344844
EC006600,3,19.64189465678748,-0.02540570351202079,19.64189465678748
EC007682,3,55.21387448336019,-0.052581000807412785,55.21387448336019
EC005830,1,62.82896696357386,-0.09206301686851445,62.82896696357386
EC005535,0,27.59562152237302,0.006534542602891457,27.59562152237302
EC001742,3,46.72727748744304,-0.025260162306777176,46.72727748744304
EC001992,4,92.76463947245406,0.06726390832707452,92.76463947245406
EC004642,0,48.09125455612601,0.0020886651167795053,48.09125455612601
EC006922,1,52.31384877931007,-0.09051797068446428,52.31384877931007
EC004177,4,31.157602628977116,0.0046505473379830665,31.157602628977116
EC002066,2,44.352668960731975,-0.03659285936240142,44.352668960731975
EC005573,4,45.005461122167596,0.03231801886357023,45.005461122167596
EC000583,4,76.537279510333,0.12373672646265521,76.537279510333
EC003345,4,35.55937841432336,0.016751769768297016,35.55937841432336
EC004879,1,102.57837429662878,-0.026667678983362544,102.57837429662878
EC007427,4,30.917000671847852,0.0,30.917000671847852
EC001784,4,25.479377345843986,0.0046505473379830665,25.479377345843986
EC007580,1,77.30523909257244,-0.096135508845177,77.30523909257244
EC005488,1,62.29945010221495,-0.07840510768464659,62.29945010221495
EC007048,2,41.76233829421435,-0.041608553813950316,41.76233829421435
EC006946,1,48.432895949705475,0.0018482101131160333,48.432895949705475
EC001982,2,35.88528291219194,0.014817660513280054,35.88528291219194
EC002497,2,67.72979781520694,0.002335696265972329,67.72979781520694
EC006759,1,58.5307847389557,-0.058993389869632984,58.5307847389557
EC007743,1,74.92001292638271,0.021126308391035728,74.92001292638271
EC003170,1,65.36910087219627,0.02763133677847114,65.36910087219627
EC000086,4,67.0645212019606,0.0046505473379830665,67.0645212019606
EC005373,2,47.52341298537996,-0.014239413910055456,47.52341298537996
EC006342,2,34.572682746675696,0.014817660513280054,34.572682746675696
EC007780,4,41.01037479289758,0.012702463134893476,41.01037479289758
EC006261,0,48.12759279624455,0.01866842809421875,48.12759279624455
EC005578,3,28.66237483901122,-0.025553265209946448,28.66237483901122
EC003351,0,63.9734074774118,0.0,63.9734074774118
EC002985,2,51.149000624998344,-0.03981946940211746,51.149000624998344
EC007265,3,60.975232410512724,-0.02149184902206891,60.975232410512724
EC005055,0,37.31100331421384,0.007588338440733146,37.31100331421384
EC007224,3,57.602032363359605,-0.025260162306777176,57.602032363359605
EC007845,3,41.77012183238976,-0.02795604660432769,41.77012183238976
EC006128,1,58.772072511595745,-0.07661197214484307,58.772072511595745
EC007493,2,31.01161861619112,0.0,31.01161861619112
EC002715,0,81.42808533349275,0.0,81.42808533349275
EC003620,1,46.1506909581042,-0.08279018910548264,46.1506909581042
EC006815,4,27.116042576808468,0.0046505473379830665,27.116042576808468
EC003392,0,34.537368809894275,0.005200980265731731,34.537368809894275
EC003780,1,115.24488010457509,0.09679573816032921,115.24488010457509
EC006218,4,90.34128386211573,0.04389863503130152,90.34128386211573
EC001963,4,65.08024016852634,0.03830590716068915,65.08024016852634
EC003760,1,54.8137610999852,-0.05905624890596989,54.8137610999852
EC002348,0,61.87340041368406,0.007030749064368251,61.87340041368406
EC007407,3,31.54100157727322,-0.028644696988104262,31.54100157727322
EC006125,2,55.15506409240634,-0.012048051255888391,55.15506409240634
EC006154,2,81.726620079336,-0.004256889158700417,81.726620079336
EC005975,0,31.32693205719596,0.006625548134131188,31.32693205719596
EC006798,0,60.47406237975566,0.006799963670933718,60.47406237975566
EC002821,0,29.64104125034887,0.006943541737544788,29.64104125034887
EC004675,0,58.85537598957053,0.006625548134131188,58.85537598957053
EC005567,3,57.42467883301335,-0.03313611756402803,57.42467883301335
EC000502,4,81.6400603766015,0.015205248408939252,81.6400603766015
EC001627,3,25.10347680543869,-0.025260162306777176,25.10347680543869
EC007774,0,31.480207430324185,0.006625548134131188,31.480207430324185
EC004175,4,77.31594415655802,0.01891569746900533,77.31594415655802
EC003667,4,74.20402055483666,0.015109147969230751,74.20402055483666
EC000343,3,48.411741990056896,-0.02896669508946465,48.411741990056896
EC006389,4,42.86208836199401,0.027449700640186682,42.86208836199401
EC001075,4,42.2915097381954,0.011999464346488239,42.2915097381954
EC000445,3,66.35277489332951,-0.05662593149588569,66.35277489332951
EC007085,4,34.053343229020676,0.0,34.053343229020676
EC001221,0,88.82702541436659,0.0,88.82702541436659
EC001618,2,35.3468885615462,0.010308845394726832,35.3468885615462
EC002095,1,42.93006491154457,-0.07844347842405,42.93006491154457
EC005100,4,35.11893863713702,0.010326766296729389,35.11893863713702
EC001061,1,45.50578043637657,-0.064017726483443,45.50578043637657
EC005641,4,54.12460178709792,0.0046505473379830665,54.12460178709792
EC002352,3,70.76687926346148,-0.02899936234329621,70.76687926346148
EC007690,0,28.921082854111134,0.006625548134131188,28.921082854111134
EC006258,4,43.305191441886066,0.04390718841644119,43.305191441886066
EC003898,0,42.0879835052148,0.006625548134131188,42.0879835052148
EC007756,3,48.05100699749374,-0.02516917813278359,48.05100699749374
EC003435,2,60.181182727549306,-0.12128069847935727,60.181182727549306
EC003359,3,74.67878963388816,-0.02600778370019493,74.67878963388816
EC001835,2,42.64878791036575,-0.10215891384155121,42.64878791036575
EC001793,2,61.10462087790855,0.014817660513280054,61.10462087790855
EC002143,4,67.0143263068113,0.062355691827659106,67.0143263068113
EC006701,3,67.55309796969311,-0.025353660529037925,67.55309796969311
EC002909,3,36.138170192466404,-0.027657453919371286,36.138170192466404
EC003372,4,53.85652747517564,0.04195234605871219,53.85652747517564
EC002388,2,74.6029252862087,-0.022138769547170215,74.6029252862087
EC002104,2,50.94316015709968,-0.09650121177055936,50.94316015709968
EC000457,2,50.54078511182236,-0.1660836780759823,50.54078511182236
EC004731,4,86.13719214728802,0.07409589314510359,86.13719214728802
EC004468,1,67.94608907223352,-0.07838227056574817,67.94608907223352
EC003559,3,60.43418716287884,-0.025260162306777176,60.43418716287884
EC006755,1,37.81586113233162,-0.08250537201005968,37.81586113233162
EC002244,2,28.529379519058043,-0.00013782189173941473,28.529379519058043
EC003036,2,25.859109519899302,0.0,25.859109519899302
EC004880,2,80.76631468581746,-0.0034543455939111158,80.76631468581746
EC001246,3,43.6396174897244,-0.02960499512656079,43.6396174897244
EC002115,0,45.555462066449316,0.005683024794023742,45.555462066449316
EC003867,4,28.474269861927812,0.006307653065362146,28.474269861927812
EC004809,4,71.86202674082988,0.007092250926548371,71.86202674082988
EC005623,2,86.69349235589591,-0.0020628125943502468,86.69349235589591
EC000270,2,34.216779057558824,-0.008547854347291703,34.216779057558824
EC006439,1,50.51123500322508,-0.10846833661455983,50.51123500322508
EC000671,3,71.86540924361556,-0.027537197347820376,71.86540924361556
EC003931,2,37.05570140689768,0.0008634204461962502,37.05570140689768
EC007190,4,42.76695516927493,0.008596826836866453,42.76695516927493
EC004058,1,38.12181863242964,-0.07838227056574817,38.12181863242964
EC004909,2,42.386028285816266,-0.032126648776297353,42.386028285816266
EC006945,1,43.15962597957022,-0.07838227056574817,43.15962597957022
EC002845,3,37.89181874362597,-0.025033950285177756,37.89181874362597
EC002327,3,68.59373659237055,-0.0256376241555957,68.59373659237055
EC006520,2,51.76593696578721,0.0019860934744430486,51.76593696578721
EC003346,2,52.3853007787456,-0.02415802273341355,52.3853007787456
EC001647,0,72.94438649945553,0.0021028339269826644,72.94438649945553
EC003268,0,37.738676975431765,0.006677406412024224,37.738676975431765
EC000957,4,45.38990637982723,0.050425059509542666,45.38990637982723
EC007544,1,58.21062248930676,-0.06482428257709257,58.21062248930676
EC004026,3,28.700556477251194,-0.025260162306777176,28.700556477251194
EC003891,4,43.267108618329324,0.006062669963359989,43.267108618329324
EC002905,1,28.717295003826184,-0.08024458762025029,28.717295003826184
EC002544,1,54.48095863447001,-0.09819081368110258,54.48095863447001
EC004147,3,42.93936831417462,-0.025260162306777176,42.93936831417462
EC000616,2,54.215572781413236,-0.10494544693132514,54.215572781413236
EC007941,3,67.65222907475538,-0.05146184289990613,67.65222907475538
EC003982,4,24.201511720732213,0.0046505473379830665,24.201511720732213
EC007589,1,28.10291382704684,-0.07847861873417733,28.10291382704684
EC001256,0,92.67825631299114,-0.012480743187935286,92.67825631299114
EC007147,3,72.00387094176536,0.0,72.00387094176536
EC004267,2,69.39602728262025,-0.06569154318387425,69.39602728262025
EC000518,1,54.61606345347064,-0.055944552719407466,54.61606345347064
EC000162,3,60.895340590181895,-0.025260162306777176,60.895340590181895
EC005107,4,42.29239617108111,0.05689087983598391,42.29239617108111
EC003234,4,20.536298954810764,0.006713318869085331,20.536298954810764
EC002874,3,27.351077909000868,-0.02571438493661876,27.351077909000868
EC007004,2,56.47489785488236,0.009337277708064931,56.47489785488236
EC003768,2,36.44829793385616,0.006125809229692997,36.44829793385616
EC001667,1,57.91227313672038,-0.03959481300779782,57.91227313672038
EC003046,0,31.557603900652197,0.00851444173128591,31.557603900652197
EC007420,0,66.70232392205193,0.006876078250284725,66.70232392205193
EC006302,1,40.304729538978776,-0.07838227056574817,40.304729538978776
EC001227,3,39.65637650457345,-0.02197356830559131,39.65637650457345
EC003006,4,40.05202883782994,0.0667555571157893,40.05202883782994
EC001708,3,57.34741421241132,-0.029536491307219415,57.34741421241132
EC003313,1,66.73799952377799,-0.02825641443219707,66.73799952377799
EC003378,3,59.53427822368098,-0.02568587130303618,59.53427822368098
EC005005,3,46.91848487456288,-0.033218471382431246,46.91848487456288
EC004151,3,34.0651756688944,-0.025260162306777176,34.0651756688944
EC000943,2,77.46155986045639,-0.0568215576229398,77.46155986045639
EC000253,2,51.785302307364496,-0.19151669283046452,51.785302307364496
EC006876,0,38.83788441280499,0.007828678849569016,38.83788441280499
EC007760,4,30.993335667528974,0.0046505473379830665,30.993335667528974
EC003709,3,57.58926594761521,-0.02517805709572165,57.58926594761521
EC004283,2,76.59037005668054,-0.031034345963552826,76.59037005668054
EC007893,3,42.82290034465685,-0.025260162306777176,42.82290034465685
EC006639,0,49.75651874553042,-0.018370514278055652,49.75651874553042
EC000070,0,51.428978808887784,-0.0019822803157920448,51.428978808887784
EC006979,2,85.1487131526843,0.002576557789741786,85.1487131526843
EC003942,4,67.50112878230492,0.0046505473379830665,67.50112878230492
EC004576,1,48.25698770692608,-0.015004773099562038,48.25698770692608
EC001516,0,33.83827233700523,0.006625548134131188,33.83827233700523
EC003158,2,62.58440392229814,-0.11140883857322613,62.58440392229814
EC002038,3,43.54148919026438,-0.026379113107067392,43.54148919026438
EC004773,4,51.51456947645888,0.012628935933236204,51.51456947645888
EC000458,3,40.971757599221036,-0.02431859315747012,40.971757599221036
EC005700,0,48.376236002561726,-0.01574841367079226,48.376236002561726
EC007298,3,59.47977366779925,-0.025354284406580233,59.47977366779925
EC001875,0,33.50490617860716,0.0,33.50490617860716
EC002748,2,68.16589160645088,0.011449783568966497,68.16589160645088
EC001259,1,38.352827005290195,-0.0621350341081241,38.352827005290195
EC005156,3,67.84907248435151,-0.025316500179327538,67.84907248435151
EC007871,2,38.02717929530766,-0.040954289438862354,38.02717929530766
EC003225,2,53.35750308357187,-0.1642432710790856,53.35750308357187
EC005549,1,34.30148107052272,-0.07843759094620267,34.30148107052272
EC001225,0,68.29421482245068,-0.008432150289497037,68.29421482245068
EC006426,2,27.98191182612341,0.0,27.98191182612341
EC005680,3,53.32644239883742,-0.02272064741906172,53.32644239883742
EC007545,4,49.41379620007499,0.033095772013528375,49.41379620007499
EC007435,1,40.48768809161318,0.0,40.48768809161318
EC007744,1,30.856499957130048,0.0,30.856499957130048
EC007334,2,34.092632409412644,-0.002794757305143839,34.092632409412644
EC007766,1,46.41334250040089,0.0004980792576790086,46.41334250040089
EC001103,2,49.675617282956246,0.0009924418554778415,49.675617282956246
EC006083,4,34.94045871249615,0.011873565979512626,34.94045871249615
EC007582,3,139.86267799525785,-0.11984717670660991,139.86267799525785
EC002107,3,59.19076642701548,-0.04606055129269011,59.19076642701548
EC006721,0,52.375133486357626,-0.013394320441840928,52.375133486357626
EC000350,4,34.592422279122715,0.0046505473379830665,34.592422279122715
EC002714,3,72.53271175155864,-0.04136928292216435,72.53271175155864
EC002134,1,47.56318487067422,-0.06625252473169463,47.56318487067422
EC006956,0,43.394716698356696,0.006625548134131188,43.394716698356696
EC000111,1,37.46449919823638,-0.07838227056574817,37.46449919823638
EC003456,0,48.59463447185492,0.003378041377248785,48.59463447185492
EC007405,4,31.433625906187523,0.010937552959584002,31.433625906187523
EC007003,4,40.410509365988645,0.05317604780940205,40.410509365988645
EC003988,2,59.904280305210165,-0.029779284910864786,59.904280305210165
EC002670,0,47.5224110704547,0.003097938582145552,47.5224110704547
EC004157,1,99.88814571325292,-0.03054484760880369,99.88814571325292
EC006587,3,28.0108716114217,-0.025260162306777176,28.0108716114217
EC000145,3,51.73496602382284,-0.03221084972420121,51.73496602382284
EC006210,0,34.54942868424214,0.0015417321834979977,34.54942868424214
EC000783,0,98.0847563004327,-0.01999438647442186,98.0847563004327
EC005734,2,54.14374394048304,-0.21813598223173203,54.14374394048304
EC004198,3,28.373638860958927,-0.02643597135558951,28.373638860958927
EC002119,1,27.295984466329614,-0.07852892403860068,27.295984466329614
EC002298,4,59.111562328822735,0.05880465876555734,59.111562328822735
EC000160,2,47.72106281415046,-0.05623422339829253,47.72106281415046
EC006028,4,34.715766285216304,0.005171105447554423,34.715766285216304
EC003039,1,41.198812727901895,-0.05038739153328497,41.198812727901895
EC003831,1,30.493251091851924,-0.08030243501878868,30.493251091851924
EC001273,4,36.70967855687109,0.006510721751289732,36.70967855687109
EC006772,4,32.401909576206535,0.004936371449691699,32.401909576206535
EC001868,2,54.33590681935655,0.01236851685930325,54.33590681935655
EC000375,3,33.99954733636598,-0.024466874169509684,33.99954733636598
EC001826,2,31.020549119188658,0.014817660513280054,31.020549119188658
EC007228,2,22.507735285847865,0.014817660513280054,22.507735285847865
EC001017,1,27.943584391472257,-0.07838227056574817,27.943584391472257
EC005216,4,49.96251201914832,0.007566234539739834,49.96251201914832
EC002639,1,42.29633681714561,-0.08743752825077317,42.29633681714561
EC003299,1,47.77400647384449,-0.033686541615068274,47.77400647384449
EC007309,2,71.60831958745212,0.006320251753937009,71.60831958745212
EC004765,2,45.75933268449503,0.0002960500817805016,45.75933268449503
EC000123,1,42.279607656620165,-0.06962112126769415,42.279607656620165
EC006992,4,61.53728470603316,0.0046505473379830665,61.53728470603316
EC002929,3,54.67029405450279,-0.02490459980407044,54.67029405450279
EC006477,0,83.9450272667985,-0.022152295073210735,83.9450272667985
EC007911,3,73.18568323329475,-0.02630174400379464,73.18568323329475
EC002020,4,73.28879880300563,0.03284959897515058,73.28879880300563
EC004481,3,54.537654463376604,-0.036126030974903356,54.537654463376604
EC000011,0,71.6348868233696,0.0066988118665811435,71.6348868233696
EC002279,2,50.83451816637276,-0.038704370273270686,50.83451816637276
EC000307,4,70.99563811829127,0.005002901711231893,70.99563811829127
EC007018,3,69.68474780100024,-0.025260162306777176,69.68474780100024
EC002490,4,39.125078520802425,0.0046505473379830665,39.125078520802425
EC002576,4,58.77006784914394,0.18839917670247783,58.77006784914394
EC001004,2,55.17957507340104,-0.0012947698103270393,55.17957507340104
EC002573,4,50.14591618575328,0.020060848208414687,50.14591618575328
EC001792,2,84.68543124351291,-0.006224401612981857,84.68543124351291
EC007639,4,27.102489197296514,0.005936853581750185,27.102489197296514
EC005090,2,26.09385293465747,0.014817660513280054,26.09385293465747
EC004519,1,54.653598610743,-0.07838227056574817,54.653598610743
EC000106,1,38.82673064908084,-0.03721574379965002,38.82673064908084
EC001697,1,35.44779615213368,-0.07891094488706771,35.44779615213368
EC001901,2,86.73328970454754,-0.052284745859846216,86.73328970454754
EC001326,2,62.90907233679192,-0.0708510171881612,62.90907233679192
EC000992,4,67.86352536676563,0.0950783290160396,67.86352536676563
EC003935,2,37.03610754611165,-0.014629951600229755,37.03610754611165
EC006330,3,44.7802949289244,-0.06831137440453602,44.7802949289244
EC001267,3,80.91129242535862,-0.034056646141472614,80.91129242535862
EC001306,4,50.030025439380914,0.020027991509575453,50.030025439380914
EC000805,2,29.79766139780554,-0.0065442539567676095,29.79766139780554
EC000962,1,23.464947929832878,-0.07838227056574817,23.464947929832878
EC004779,1,45.03096244709917,-0.05700050037243544,45.03096244709917
EC002615,4,89.60654459714326,0.030004228346361305,89.60654459714326
EC007032,0,22.13873866628973,0.007074342281108233,22.13873866628973
EC007191,0,66.3716178420948,-0.04169601727879458,66.3716178420948
EC006811,1,26.288460364787806,-0.07849588612026714,26.288460364787806
EC007751,0,43.78117181664215,0.0062655484171250135,43.78117181664215
EC007837,1,63.96678377890593,-0.0791513812516304,63.96678377890593
EC002039,1,42.69673763871411,0.0,42.69673763871411
EC006854,4,47.95167961355261,0.13519694690356743,47.95167961355261
EC001499,1,47.20182635241304,-0.08387062932402373,47.20182635241304
EC006257,4,69.44695524739713,0.05968418383668963,69.44695524739713
EC002504,0,50.88420552109073,0.007725981577675721,50.88420552109073
EC002371,4,28.519476079345875,0.005229066074938029,28.519476079345875
EC004971,2,70.7668000060142,0.0003275767357756171,70.7668000060142
EC006832,1,75.2935723911304,0.12245518830701269,75.2935723911304
EC002468,2,36.66728817156117,0.013310789242232654,36.66728817156117
EC007884,1,47.73431142604241,0.0,47.73431142604241
EC000224,1,64.93096553446549,0.015593278899923749,64.93096553446549
EC004207,3,42.63957300277534,-0.030847937532575642,42.63957300277534
EC000064,4,63.94248612968374,0.09080655428515068,63.94248612968374
EC000462,3,41.838631201742785,-0.024667953202324927,41.838631201742785
EC004309,1,38.838387518281806,-0.07838227056574817,38.838387518281806
EC000004,4,51.014886158295,0.013755584309488013,51.014886158295
EC003059,2,46.97199338289489,-0.1248956253136012,46.97199338289489
EC004027,4,85.80269276685432,0.0,85.80269276685432
EC006988,3,45.91935844746012,-0.01999334187036711,45.91935844746012
EC002583,0,79.71113290620565,0.0035037864440878837,79.71113290620565
EC006797,3,71.82401603859827,-0.03537535109786524,71.82401603859827
EC001351,0,63.85572004620684,0.00691254708632986,63.85572004620684
EC007020,0,72.48819660231807,0.005434677758255053,72.48819660231807
EC003783,2,51.94246221181303,0.009354528113175643,51.94246221181303
EC004101,1,45.25799021922073,-0.0817581717199401,45.25799021922073
EC002499,0,56.34622210509916,-0.0017462882737336607,56.34622210509916
EC007613,3,59.01758992982169,-0.029906470793009426,59.01758992982169
EC007767,1,44.184303389568726,-0.039150291342456525,44.184303389568726
EC001410,3,40.5038582877966,-0.023702466501801796,40.5038582877966
EC006390,3,29.857060291021824,-0.025260162306777176,29.857060291021824
EC007508,1,60.921436836584206,-0.07838227056574817,60.921436836584206
EC001057,3,48.796961878134525,-0.04715716752522759,48.796961878134525
EC003108,0,38.68566694166266,0.0071851767543914796,38.68566694166266
EC005819,2,49.13758782098149,-0.03843144276988579,49.13758782098149
EC000325,3,68.05660373327846,-0.03659709407083418,68.05660373327846
EC000838,0,54.44951882548059,0.006746720080890147,54.44951882548059
EC003019,0,19.183286040444223,0.0067245690045180185,19.183286040444223
EC001824,1,84.00159717590843,-0.0719895766992481,84.00159717590843
EC002521,1,62.73277402984157,0.0,62.73277402984157
EC004763,0,56.09900825252814,0.002320220878783264,56.09900825252814
EC007612,0,32.55777472086082,0.006917419876056428,32.55777472086082
EC005724,2,64.38230780099546,0.0,64.38230780099546
EC004191,2,45.86922143966929,0.004284911381292111,45.86922143966929
EC000763,2,41.83148702889562,-0.0799667114493473,41.83148702889562
EC005788,4,25.309054475405492,0.0046505473379830665,25.309054475405492
EC003554,4,47.97328296489057,0.035212481631845094,47.97328296489057
EC007490,4,78.96015521939849,0.01668827848625201,78.96015521939849
EC005211,1,45.47408361181162,-0.054070282528192654,45.47408361181162
EC004200,3,29.428283828611065,-0.026892723448143488,29.428283828611065
EC006108,4,75.07733527022123,0.014899693693637892,75.07733527022123
EC002522,3,43.53898405928838,-0.02647398487332455,43.53898405928838
EC006783,1,39.7165759246198,-0.07938870784046836,39.7165759246198
EC002819,0,42.76439147636617,-0.008797583519567269,42.76439147636617
EC006283,4,47.96143764813203,0.017551358117191572,47.96143764813203
EC003244,1,45.41168132678384,-0.0838821760062863,45.41168132678384
EC000664,4,26.306884581431245,0.0046505473379830665,26.306884581431245
EC005706,2,106.93217783533976,-0.012744920465017448,106.93217783533976
EC000604,4,52.047470215923255,0.08022474531488055,52.047470215923255
EC001467,1,50.513405550706736,-0.0800505797713271,50.513405550706736
EC001586,2,45.360689259140834,-0.16257413815987304,45.360689259140834
EC005888,3,24.723772052096827,-0.025123299952493072,24.723772052096827
EC007667,2,86.59483219787872,0.01204282356487578,86.59483219787872
EC002706,2,62.62853244323835,-0.0625489729304684,62.62853244323835
EC007495,4,66.39056865905461,0.05778321635389691,66.39056865905461
EC002613,3,73.76359011394484,-0.02600938777565822,73.76359011394484
EC006833,1,111.80162261930768,-0.04324159644103407,111.80162261930768
EC003226,1,37.99953428466138,-0.06367766225688162,37.99953428466138
EC001307,0,41.42016373872803,0.005687790666224481,41.42016373872803
EC002735,2,26.359834630977574,0.0,26.359834630977574
EC003669,0,45.34384118151952,0.02141673627793987,45.34384118151952
EC003714,1,28.203532479026972,-0.07838227056574817,28.203532479026972
EC002198,1,28.827053737018748,-0.07955351494214119,28.827053737018748
EC000217,4,47.32781445865604,0.0,47.32781445865604
EC007628,2,71.72448924907572,0.008487566946686773,71.72448924907572
EC004043,1,84.7290277760562,-0.06392711261123106,84.7290277760562
EC000499,4,61.2377750891427,0.004775067799346607,61.2377750891427
EC005745,1,71.05793993529188,0.011218218839805144,71.05793993529188
EC007748,4,52.6721642964333,0.021756328559953318,52.6721642964333
EC003729,3,37.00860296255527,-0.025985953008904113,37.00860296255527
EC005792,3,68.67271671481377,-0.048976650320516214,68.67271671481377
EC003320,1,70.7691550955215,-0.012188371230543948,70.7691550955215
EC001030,4,37.57451784686624,0.0046505473379830665,37.57451784686624
EC006695,0,40.708740137291535,-0.005618350142831792,40.708740137291535
EC007312,2,71.15710085056082,0.014817660513280054,71.15710085056082
EC003350,4,48.539515701005776,0.01707787053227514,48.539515701005776
EC004984,3,44.100045976953844,-0.03779246487792706,44.100045976953844
EC003229,4,40.05814273852977,0.010993136622922593,40.05814273852977
EC001767,3,49.43002124833442,-0.004925017302481023,49.43002124833442
EC002553,3,54.86159283607082,-0.0316024862737519,54.86159283607082
EC005605,0,64.51516136245667,-0.0010195067402051015,64.51516136245667
EC005327,0,68.43474132443959,-0.031082762099883768,68.43474132443959
EC000444,1,45.3130608129513,-0.07147970474311588,45.3130608129513
EC000510,1,54.91566360850704,-0.002273741033676495,54.91566360850704
EC004621,4,51.144209104093726,0.09083055171010472,51.144209104093726
EC004972,1,38.8143221030316,-0.07956282864274145,38.8143221030316
EC000931,4,54.89545137296653,0.060867157517828854,54.89545137296653
EC004783,3,18.921697108176033,-0.025626907620235097,18.921697108176033
EC007314,3,58.04654879969439,0.0,58.04654879969439
EC003051,0,41.585557396295584,0.006625548134131188,41.585557396295584
EC006291,3,58.17640724865894,-0.025248854022589015,58.17640724865894
EC000284,3,72.79379316768042,-0.0561105996773612,72.79379316768042
EC001355,1,31.076631918375227,-0.07838227056574817,31.076631918375227
EC002732,0,51.71411214661233,0.0052367364405565865,51.71411214661233
EC002560,0,54.91124455716787,0.0,54.91124455716787
EC006152,0,45.69963283221294,-0.010129802762919912,45.69963283221294
EC004381,4,83.04347529207094,0.006026005041708981,83.04347529207094
EC000689,1,26.79131060993877,-0.07838227056574817,26.79131060993877
EC006892,2,50.97165892789436,-0.0701836065859309,50.97165892789436
EC005894,3,41.04813383175795,-0.030053853327306864,41.04813383175795
EC004512,4,67.18496917883904,0.08781659484430365,67.18496917883904
EC007177,3,86.86877012615327,-0.04763234714396874,86.86877012615327
EC003375,2,86.71814361658241,-0.07247611549377256,86.71814361658241
EC007801,1,24.430309133158516,-0.08016378634979376,24.430309133158516
EC000709,3,39.62950384101195,-0.029379295587903927,39.62950384101195
EC002733,4,45.37158345514791,0.019522725574180735,45.37158345514791
EC004491,0,36.91996242025692,0.007471252877672573,36.91996242025692
EC003658,0,36.7163925731952,0.003525134693435613,36.7163925731952
EC007571,2,58.3091060386685,-0.08367614423693281,58.3091060386685
EC006575,3,93.57167798030626,0.0,93.57167798030626
EC005380,2,61.646236499099146,0.007333495310853852,61.646236499099146
EC002996,3,61.88237298048966,-0.02963998029102985,61.88237298048966
EC007313,1,50.665952212099924,0.0,50.665952212099924
EC000864,3,79.82005589559681,-0.026154708074345744,79.82005589559681
EC003325,0,34.956384325460256,0.0034754624839070354,34.956384325460256
EC005802,1,36.79441423366391,-0.08324196718607596,36.79441423366391
EC000426,2,40.321460141302076,0.014817660513280054,40.321460141302076
EC007248,2,81.30254967128091,0.005423372702251756,81.30254967128091
EC006790,1,40.541236228445925,-0.028405164676092356,40.541236228445925
EC002738,4,34.09539011804844,0.007335019551499251,34.09539011804844
EC007621,2,28.838326156163365,0.014817660513280054,28.838326156163365
EC002601,3,26.913724071781576,-0.024846085308105906,26.913724071781576
EC007591,1,43.51229680637264,-0.08377611841247472,43.51229680637264
EC006872,2,61.64934581438607,-0.005152055244519699,61.64934581438607
EC000615,0,41.796861230128954,-0.002524185678507484,41.796861230128954
EC007519,4,65.35255416839442,0.005618416046422731,65.35255416839442
EC004417,0,40.20476730948465,0.011802420182895576,40.20476730948465
EC006508,1,24.60487555259192,-0.07921483439070144,24.60487555259192
EC002863,3,37.557176957401765,-0.026510083746646186,37.557176957401765
EC006112,1,36.78293805905655,-0.07841213297567548,36.78293805905655
EC007331,0,29.256067994029713,0.006503517562517079,29.256067994029713
EC007142,3,53.01493191188298,-0.025136215646218422,53.01493191188298
EC004083,0,49.11519603488325,-0.009570537295659253,49.11519603488325
EC007436,2,43.640503462859,-0.09787958841133,43.640503462859
EC006150,2,46.67606222653818,-0.13812059578189712,46.67606222653818
EC006509,1,73.4967556302073,-0.07847614440273203,73.4967556302073
EC004490,1,34.64933626072875,-0.07946574613787352,34.64933626072875
EC003430,0,35.050231991295945,0.0067043441042598595,35.050231991295945
EC001399,2,72.12791600194356,-0.1101465520755482,72.12791600194356
EC006676,4,39.71820105857413,0.016996343678776397,39.71820105857413
EC005060,3,41.65024572663605,-0.03968809554487963,41.65024572663605
EC005084,3,31.36902996466044,-0.023638470970400872,31.36902996466044
EC006326,2,81.97947210973358,0.0032621437301222564,81.97947210973358
EC001482,2,46.56799217568114,-0.11396588077533872,46.56799217568114
EC001923,4,47.3702417269189,0.03690409033424122,47.3702417269189
EC001251,0,49.13067215918575,0.003463082005755308,49.13067215918575
EC007987,1,36.518267468438445,-0.05704385037471868,36.518267468438445
EC001165,3,79.29357306601707,-0.0303547833005593,79.29357306601707
EC004256,3,64.19143695757691,-0.037375190469973896,64.19143695757691
EC007328,0,27.315913855914772,0.006090696427079727,27.315913855914772
EC006486,2,27.486193450051232,0.008295564260384108,27.486193450051232
EC004056,2,38.124954759471166,-0.0147170194029641,38.124954759471166
EC005231,3,86.99543026650592,-0.02144243368496508,86.99543026650592
EC003529,1,37.91786084208395,-0.07056789045243445,37.91786084208395
EC000179,0,40.30755679373205,0.007997359971271671,40.30755679373205
EC005950,3,37.55654052610894,-0.026260961093741146,37.55654052610894
EC006405,3,60.91846754040412,-0.04481545409837921,60.91846754040412
EC004108,1,44.03354794646817,-0.024030927682570244,44.03354794646817
EC001170,3,48.08553520807136,-0.028355248371398134,48.08553520807136
EC002099,0,24.42506220330453,0.006625548134131188,24.42506220330453
EC007214,4,39.552440260946355,0.047710907282378805,39.552440260946355
EC003525,0,30.940754375594317,0.006577395131891554,30.940754375594317
EC007166,2,49.39923189543778,-0.023043689886798356,49.39923189543778
EC001773,1,71.15230889188112,0.0,71.15230889188112
EC004706,0,42.51891241098292,-0.005480305299894534,42.51891241098292
EC007064,0,79.25716265728474,0.005633298160661335,79.25716265728474
EC004284,2,49.53827971432821,-0.01121999700373482,49.53827971432821
EC002939,1,42.5558618978302,-0.07929900947231375,42.5558618978302
EC003364,4,51.09725512172644,0.03746235369466831,51.09725512172644
EC006461,2,68.32214911676387,-0.001978343962958519,68.32214911676387
EC005925,3,39.2197313214706,-0.028967085410191072,39.2197313214706
EC006762,1,36.75394635622069,-0.06509786095770817,36.75394635622069
EC003080,1,55.01728584562857,-0.07044661848305483,55.01728584562857
EC006041,3,48.97012262177868,-0.020374521238749534,48.97012262177868
EC004688,4,49.20638602820779,0.00602317437557617,49.20638602820779
EC001723,1,72.10201191287503,-0.08302851655969745,72.10201191287503
EC004634,2,32.03783903156599,0.0030295291212483755,32.03783903156599
EC007957,4,35.0716659779372,0.008494983904112557,35.0716659779372
EC002076,1,41.403491828753936,-0.06518269372874094,41.403491828753936
EC004686,4,28.83571539781605,0.0046505473379830665,28.83571539781605
EC006411,0,48.81478779686515,-0.004489834714925095,48.81478779686515
EC000559,0,79.29807603705657,0.002046631225265752,79.29807603705657
EC005290,2,58.47358789980241,-0.003074041383086659,58.47358789980241
EC003633,4,80.01926123328974,0.0046505473379830665,80.01926123328974
EC001743,4,43.06814050179396,0.07829354375033956,43.06814050179396
EC001175,2,46.65614421738349,0.0,46.65614421738349
EC006436,0,41.79999553191719,-0.0019321920152004938,41.79999553191719
EC004991,3,56.00623126660212,-0.03236987914150655,56.00623126660212
EC001621,4,75.37383072580205,0.09374570723973494,75.37383072580205
EC003835,3,43.02203975879292,-0.02961338476437019,43.02203975879292
EC006350,2,53.70216588309224,-0.013754378137010075,53.70216588309224
EC001630,1,62.07466948770487,-0.07838227056574817,62.07466948770487
EC000281,3,50.29117697157086,-0.029421303879685327,50.29117697157086
EC002425,1,51.558890811315734,-0.0698483025193694,51.558890811315734
EC007671,1,39.688334320756944,-0.07801097166501696,39.688334320756944
EC000269,0,58.718359430090096,-0.03883122310460498,58.718359430090096
EC006898,4,88.60681391642689,0.03712809915904804,88.60681391642689
EC001520,0,49.641440739659366,0.007159641421818833,49.641440739659366
EC007346,4,57.85427880152072,0.06555171236262688,57.85427880152072
EC003776,0,60.20474926682587,0.0053696453798772,60.20474926682587
EC007890,2,27.798294159340596,0.014817660513280054,27.798294159340596
EC006144,3,81.01206838115172,-0.02573085607949987,81.01206838115172
EC002975,2,58.17194137365151,0.002446828851242963,58.17194137365151
EC002057,4,49.22624742579217,0.010769725124721272,49.22624742579217
EC005786,4,51.77921537569578,0.02579135222596507,51.77921537569578
EC001558,3,43.51594916041233,-0.026746651501647005,43.51594916041233
EC001131,0,47.463694486142046,0.0036917788275370456,47.463694486142046
EC003974,4,43.226885281988054,0.031615062809657195,43.226885281988054
EC000507,3,32.91258137125754,-0.025260162306777176,32.91258137125754
EC000181,4,57.90668008862026,0.03858682610874141,57.90668008862026
EC002376,0,47.83266676544602,-0.0014041010932494134,47.83266676544602
EC001890,1,35.25993980897317,-0.07809863822713912,35.25993980897317
EC004060,3,58.60778262357715,0.0,58.60778262357715
EC002693,2,75.39125906430942,0.0,75.39125906430942
EC006598,3,28.725997748945062,-0.026484745968964357,28.725997748945062
EC006337,1,47.97005373742343,0.0,47.97005373742343
EC002074,3,69.35964484872588,-0.02573593733239602,69.35964484872588
EC005147,0,61.07492653927417,-0.007418290916784477,61.07492653927417
EC000683,1,39.26906652183064,-0.07864899012225407,39.26906652183064
EC001585,0,31.006872244109186,0.0069375870363565535,31.006872244109186
EC005287,3,31.621569975924377,-0.02493703650995808,31.621569975924377
EC000485,0,60.5369763485054,0.006625548134131188,60.5369763485054
EC006646,1,69.49685715172421,-0.07838227056574817,69.49685715172421
EC001575,4,96.13069723983742,0.07499608322353754,96.13069723983742
EC004800,2,36.46649608963063,0.0,36.46649608963063
EC000128,1,55.84772263327433,-0.03715091292158333,55.84772263327433
EC002887,2,43.389682957866206,-0.0865503059233876,43.389682957866206
EC000229,0,43.8995248556067,-0.0013324594833974703,43.8995248556067
EC004725,1,48.41703285880223,0.0,48.41703285880223
EC001822,4,44.698354599967864,0.0,44.698354599967864
EC004007,2,114.7201740147569,0.04136617031857094,114.7201740147569
EC001198,0,47.810262440088785,-0.004886935475520933,47.810262440088785
EC005658,1,28.28982632985259,-0.0749338134040654,28.28982632985259
EC003280,3,69.0951454691709,-0.025659279077928275,69.0951454691709
EC007233,0,98.86421977870937,-0.020658746809760074,98.86421977870937
EC006190,2,78.37714392351299,-0.01804193885130585,78.37714392351299
EC003272,3,41.691731315496234,-0.025219041024582806,41.691731315496234
EC005325,0,72.90318985570987,0.0056514644643195795,72.90318985570987
EC006156,3,40.49594227098609,-0.023370007018620458,40.49594227098609
EC007866,4,32.23918981695563,0.009873236197625906,32.23918981695563
EC004469,3,60.387977726646554,-0.037970418833996364,60.387977726646554
EC000095,0,69.80097897336327,-0.027852119948950968,69.80097897336327
EC004210,2,61.96063975643757,-0.11643955589868056,61.96063975643757
EC000051,0,45.29127749806171,0.0,45.29127749806171
EC003964,2,56.733671830188634,-0.09192882443635836,56.733671830188634
EC005098,3,73.56819920588194,-0.025260162306777176,73.56819920588194
EC004158,3,43.27107578883852,-0.025260162306777176,43.27107578883852
EC003889,2,47.31103121470262,-0.05726235151171667,47.31103121470262
EC006327,4,49.54077248870748,0.03777270494938982,49.54077248870748
EC001130,1,26.225616699460144,-0.07937304923977256,26.225616699460144
EC007131,3,94.16611429595412,-0.03818408211679325,94.16611429595412
EC006692,0,51.275032630450795,0.030196719641797473,51.275032630450795
EC007910,1,58.626315925856645,-0.07939352574137046,58.626315925856645
EC000796,3,90.37138058516837,-0.03397073102908423,90.37138058516837
EC000436,0,28.78762336584345,0.00631981196982394,28.78762336584345
EC001578,0,63.35277441888928,-0.027921962710224606,63.35277441888928
EC003817,4,34.448068477955246,0.007055308497363796,34.448068477955246
EC004953,4,65.46327148682022,0.0046505473379830665,65.46327148682022
EC006671,1,45.235059071883946,-0.09568664689758663,45.235059071883946
EC002204,4,64.58614275781943,0.0058973348466484325,64.58614275781943
EC007592,4,37.00724710594574,0.0087335112360402,37.00724710594574
EC006246,3,51.546965079857685,-0.025419966108661544,51.546965079857685
EC005767,1,29.45683698824082,-0.07838227056574817,29.45683698824082
EC007486,0,38.55091200129716,0.006625548134131188,38.55091200129716
EC002510,3,47.00371294084511,-0.023973266354457783,47.00371294084511
EC002707,3,41.6371734444369,-0.03430725040209292,41.6371734444369
EC007118,2,43.4239118597544,-0.006174734860549501,43.4239118597544
EC007134,1,53.51183991418884,-0.06133029318047315,53.51183991418884
EC001437,1,76.90525556347235,0.13300266833512336,76.90525556347235
EC006564,4,43.648978584146455,0.06760799977008752,43.648978584146455
EC005620,0,50.54283945098493,0.006625548134131188,50.54283945098493
EC004794,3,112.46026095170572,-0.1578688741737826,112.46026095170572
EC007154,1,41.51840360709146,-0.08137698149965367,41.51840360709146
EC006498,2,45.795489787051196,0.0014505610057591115,45.795489787051196
EC002991,3,88.18625962363676,-0.03963538987921153,88.18625962363676
EC004161,1,51.957810079969406,0.0,51.957810079969406
EC000898,2,53.80241169382418,-0.015025413255824783,53.80241169382418
EC005854,3,49.78635536684738,-0.022908808218263105,49.78635536684738
EC003439,0,67.4574152683113,-0.017671338408303244,67.4574152683113
EC006173,1,87.86917507426745,0.02138551476885983,87.86917507426745
EC006425,3,47.61350170247058,-0.026007170340411237,47.61350170247058
EC004006,0,53.04938507135826,-0.007206471309414427,53.04938507135826
EC001796,2,56.89952717002157,-0.09419188009065722,56.89952717002157
EC006594,1,23.332983730097805,-0.07838227056574817,23.332983730097805
EC005110,2,61.78452645080847,-0.0037211021516381226,61.78452645080847
EC005001,0,31.721195377175103,0.006625548134131188,31.721195377175103
EC001110,4,74.60912536401543,0.09846159681138025,74.60912536401543
EC003348,3,44.88444968892235,-0.03846156596884302,44.88444968892235
EC005972,2,50.18434402733766,0.014817660513280054,50.18434402733766
EC005545,2,20.858160970868436,0.0051770067755418404,20.858160970868436
EC006740,3,22.211735129021026,-0.025260162306777176,22.211735129021026
EC004557,3,23.042936179283167,-0.02558904101094931,23.042936179283167
EC006894,3,68.42570835745887,-0.02609197727636113,68.42570835745887
EC001839,2,48.43639278451522,-0.07109560564694878,48.43639278451522
EC007093,4,65.59490807427377,0.037235303600257126,65.59490807427377
EC000570,1,45.44098388995897,-0.07838227056574817,45.44098388995897
EC004122,1,42.75549068004358,-0.0764437228601691,42.75549068004358
EC007943,3,45.13588977024016,-0.02417159928404268,45.13588977024016
EC000699,2,45.084055935366926,-0.08855214197635335,45.084055935366926
EC002746,1,52.56877662693597,-0.09439428937981967,52.56877662693597
EC007459,0,42.49286750630795,-0.01616631318083639,42.49286750630795
EC000751,1,42.17429736673951,-0.08384050617355517,42.17429736673951
EC006936,4,62.81931836801549,0.05492643273674757,62.81931836801549
EC000925,3,54.329775175909,-0.05027066252740538,54.329775175909
EC001906,2,69.53283825808165,-0.0893600837259447,69.53283825808165
EC004934,0,44.78126877979496,0.02650793393361099,44.78126877979496
EC005577,0,49.00731128934441,0.0027035656905873545,49.00731128934441
EC003420,1,88.33246634787449,-0.05325741353051977,88.33246634787449
EC007708,0,67.86752553177952,-0.018783869726015315,67.86752553177952
EC003803,0,76.61038712969824,0.005352946819076629,76.61038712969824
EC006300,0,55.87701795042269,-0.015544251754208807,55.87701795042269
EC004365,2,62.08680346596296,-0.02289492157571188,62.08680346596296
EC003998,2,91.88549584165067,0.06610791284428587,91.88549584165067
EC006659,0,44.63688142440667,0.0027081614833535344,44.63688142440667
EC006685,4,44.82762158752119,0.040829780517659925,44.82762158752119
EC007279,0,57.74151908621633,0.006625548134131188,57.74151908621633
EC001272,2,54.82618569900559,0.0,54.82618569900559
EC004770,0,53.156987587972,0.001180433372049084,53.156987587972
EC003794,0,68.98228376092904,0.007307784002916177,68.98228376092904
EC003233,2,77.34814584968643,-0.054471732855502844,77.34814584968643
EC004648,0,80.29447451493061,-0.00024884383198531376,80.29447451493061
EC004849,0,47.28965419173043,0.0243895197434165,47.28965419173043
EC007429,2,53.633831208606836,-0.0647652544938792,53.633831208606836
EC007629,4,24.90686832628007,0.0046505473379830665,24.90686832628007
EC006008,3,60.743739636392824,-0.025789730458435925,60.743739636392824
EC005747,0,37.606818803097106,-0.0055181638676016906,37.606818803097106
EC003207,3,29.730397150403682,-0.025260162306777176,29.730397150403682
EC003029,2,28.035983334190796,0.0015639747089114878,28.035983334190796
EC004208,3,57.42518325301159,-0.02806460805926373,57.42518325301159
EC005351,4,88.85085765390065,0.041342638825367276,88.85085765390065
EC007215,4,89.83557349013837,0.0530724329562279,89.83557349013837
EC004950,3,51.99187127895891,-0.021086530948066038,51.99187127895891
EC001238,4,44.11223612621712,0.0046505473379830665,44.11223612621712
EC003197,3,71.76253056239943,-0.03732295726585726,71.76253056239943
EC006580,1,91.02253024638955,-0.06940780600198869,91.02253024638955
EC003300,0,27.498757227809694,0.007140940550721413,27.498757227809694
EC003616,2,44.504637010122934,0.014817660513280054,44.504637010122934
EC007216,1,30.727487702089306,-0.07838227056574817,30.727487702089306
EC005240,1,37.44790898570936,-0.07886133320930161,37.44790898570936
EC003327,4,71.39406195295533,0.10004666641930757,71.39406195295533
EC000541,4,78.11910560652935,0.013085130711841156,78.11910560652935
EC006428,0,39.84467369442084,-0.001968022122341379,39.84467369442084
EC002948,2,81.16834484850884,-0.10645360688321091,81.16834484850884
EC005008,1,34.6185699733511,-0.07946019504976852,34.6185699733511
EC006522,1,43.69295646628212,-0.086126590396526,43.69295646628212
EC002937,2,25.24626987492069,0.0,25.24626987492069
EC007764,2,27.68010913880593,0.014817660513280054,27.68010913880593
EC006232,3,92.1560600910235,-0.040147052354496886,92.1560600910235
EC006394,3,44.711412669232615,-0.018813304577529222,44.711412669232615
EC001813,3,45.32791156487883,-0.025638918123153605,45.32791156487883
EC004682,4,69.05176291569721,0.07724015365467347,69.05176291569721
EC006076,4,31.6471173240229,0.009345318760154365,31.6471173240229
EC003405,0,48.27949206147524,0.012009417590718165,48.27949206147524
EC002949,3,66.29215307151922,-0.0462495728684046,66.29215307151922
EC000235,2,63.97527380429419,-0.10522046804752037,63.97527380429419
EC002308,2,34.35925380766894,-0.021883094089473427,34.35925380766894
EC004629,0,69.98133117153047,0.005428242580802424,69.98133117153047
EC004185,1,45.40353182647139,-0.09736828920212097,45.40353182647139
EC001905,4,126.09528173641678,0.18838056442231885,126.09528173641678
EC003791,1,73.57527574731539,-0.0741587557766824,73.57527574731539
EC005315,3,16.29164897855394,-0.025260162306777176,16.29164897855394
EC001572,0,40.65749814700884,-0.004505128163704715,40.65749814700884
EC002232,2,25.985282501248804,-0.003182101886135262,25.985282501248804
EC007350,3,29.70923299114449,-0.0274028828252112,29.70923299114449
EC000313,2,42.01057378651305,-0.05555961450589657,42.01057378651305
EC000312,3,70.87107614447,-0.04338671110640536,70.87107614447
EC007348,4,68.07902237017758,0.013871811661445237,68.07902237017758
EC000601,4,62.28328578078989,0.0,62.28328578078989
EC005712,3,45.39739534202529,-0.015505811948957709,45.39739534202529
EC006694,2,24.16391411662698,0.00931286556565853,24.16391411662698
EC003748,4,42.3883181656454,0.0049126077313651935,42.3883181656454
EC001596,2,36.34398091801761,0.014817660513280054,36.34398091801761
EC000512,1,44.14847422167209,-0.07465084098680523,44.14847422167209
EC003813,2,57.79053695528097,-0.03358012202753183,57.79053695528097
EC004699,3,48.14691224347991,-0.020541592821224898,48.14691224347991
EC001388,4,35.880843045472645,0.010430522784666905,35.880843045472645
EC003175,1,64.17653603363371,-0.07828427749686162,64.17653603363371
EC006680,3,58.10525889711474,-0.04460462455564734,58.10525889711474
EC004903,1,32.945761107558845,-0.07864188211147026,32.945761107558845
EC003914,2,23.21648840427398,0.014817660513280054,23.21648840427398
EC003500,3,33.46605124478114,-0.030297200357389024,33.46605124478114
EC005990,4,82.58631767083199,0.0916414466024583,82.58631767083199
EC003699,0,47.26766621188937,0.004068854875705735,47.26766621188937
EC005660,2,36.68167715200149,0.01142885908934866,36.68167715200149
EC001671,4,54.19261056311454,0.026530624571052312,54.19261056311454
EC005428,2,49.1653297844712,-0.10351558037055461,49.1653297844712
EC001349,1,71.41348710432078,0.009120830490153886,71.41348710432078
EC002697,1,60.2171306334521,0.03923773754274107,60.2171306334521
EC001185,1,95.9889837225138,-0.03185690522313493,95.9889837225138
EC006107,0,49.34262217985914,-0.007054364168839984,49.34262217985914
EC006965,4,58.725322135082365,0.08666613938311851,58.725322135082365
EC001406,1,79.02987188024484,-0.0702260650374393,79.02987188024484
EC002335,2,36.80964967628135,0.014817660513280054,36.80964967628135
EC001186,2,50.42554784624278,-0.18993090524424577,50.42554784624278
EC005822,1,40.54817136979145,-0.08023714235259155,40.54817136979145
EC004525,2,24.27693088607746,0.009241643210947378,24.27693088607746
EC000727,1,24.67122598776622,-0.07838227056574817,24.67122598776622
EC007431,0,34.50915496770786,0.006625548134131188,34.50915496770786
EC007810,0,68.02317624838041,-0.01602980436972769,68.02317624838041
EC007474,1,26.194067954191446,-0.07838227056574817,26.194067954191446
EC003391,4,26.549142788456447,0.0046505473379830665,26.549142788456447
EC007172,1,64.12712549177714,-0.07836225390147514,64.12712549177714
EC003052,2,61.28510428395557,-0.06453235254203318,61.28510428395557
EC004189,2,39.713407142548824,0.0036690906437221033,39.713407142548824
EC006583,0,57.34671780957743,-0.003948918602459657,57.34671780957743
EC007872,1,28.55599525732443,-0.07838227056574817,28.55599525732443
EC003826,4,29.18911696866842,0.0046505473379830665,29.18911696866842
EC001285,0,66.57213447226192,0.006625548134131188,66.57213447226192
EC003884,0,107.15059810871448,-0.019559570608853147,107.15059810871448
EC005009,0,55.021234270220056,-0.002462199742170016,55.021234270220056
EC000542,2,48.15904967647357,-0.028582767948337515,48.15904967647357
EC005101,3,52.250627809821324,-0.023230221824001095,52.250627809821324
EC003076,2,44.82314199488247,0.0,44.82314199488247
EC005214,3,67.53284264724508,-0.025335040013281563,67.53284264724508
EC002394,4,46.421585236414025,0.01646926352896565,46.421585236414025
EC004282,1,57.63175874860405,-0.07838227056574817,57.63175874860405
EC005928,4,70.94153471847548,0.12263673429663993,70.94153471847548
EC007509,4,80.25833523775503,0.007975316108814228,80.25833523775503
EC006521,4,26.967674064782894,0.009306679444823569,26.967674064782894
EC002841,1,37.247966855880485,-0.08066560692072217,37.247966855880485
EC003026,4,56.66458567591793,0.058867944575160654,56.66458567591793
EC000268,1,46.05347694129458,-0.09014266590281897,46.05347694129458
EC001172,2,28.664034986159,0.0018255115460878955,28.664034986159
EC001870,1,55.50807754207128,-0.07940075326306897,55.50807754207128
EC002580,4,60.114925014932375,0.015412913473435583,60.114925014932375
EC001561,0,40.005131037672754,-0.009629542775946317,40.005131037672754
EC004704,1,94.2833947888196,0.06492875804308859,94.2833947888196
EC006535,0,22.268868686957134,0.006625548134131188,22.268868686957134
EC000201,1,63.47894305046761,-0.05152958360644709,63.47894305046761
EC002680,4,65.2664243554061,0.005270558976214448,65.2664243554061
EC000021,2,52.91149082659243,0.014817660513280054,52.91149082659243
EC006023,2,51.80074630945161,-0.057481479932145044,51.80074630945161
EC002524,3,68.69297047255887,0.0,68.69297047255887
EC007384,3,27.960911759961242,-0.025260162306777176,27.960911759961242
EC001262,3,36.4290624347439,-0.026221490733728856,36.4290624347439
EC003505,3,46.45590114349417,-0.029637476891932066,46.45590114349417
EC003837,1,31.48887817500292,-0.07611399930238039,31.48887817500292
EC007626,3,38.84713402757139,-0.0250870376587864,38.84713402757139
EC006455,2,35.077378716760954,0.014817660513280054,35.077378716760954
EC004299,2,84.90393127221245,-0.07247611549377256,84.90393127221245
EC003145,1,61.63778524103203,-0.07838227056574817,61.63778524103203
EC006691,4,32.495416402225246,0.0046505473379830665,32.495416402225246
EC004877,0,44.326222916947074,0.023568698915612613,44.326222916947074
EC001479,0,58.16156181029018,0.007992873325597378,58.16156181029018
EC004861,2,68.79141624878883,0.002775428055714277,68.79141624878883
EC006534,0,66.79808738581686,-0.044302893513514165,66.79808738581686
EC006616,3,35.25104873944349,-0.025260162306777176,35.25104873944349
EC006105,3,30.604316499179603,-0.024386997824405877,30.604316499179603
EC002332,4,42.93681067228145,0.0046505473379830665,42.93681067228145
EC005666,4,45.32917395997999,0.011620385584431781,45.32917395997999
EC006784,3,40.08716475273959,-0.03329391670594147,40.08716475273959
EC002183,4,49.25937551759143,0.035176739685543704,49.25937551759143
EC003210,3,53.36029056502908,-0.027969695205089604,53.36029056502908
EC007979,1,32.6518559425454,-0.07953424701023977,32.6518559425454
EC007370,2,45.56351677037811,0.0,45.56351677037811
EC005317,0,31.401875609959443,0.007470693657624863,31.401875609959443
EC004462,2,69.54818588292474,-0.017227374651636325,69.54818588292474
EC003767,3,64.94652039311703,-0.025275634272976154,64.94652039311703
EC005283,4,39.788313725671244,0.005883870906043958,39.788313725671244
EC002047,3,46.4536401074872,-0.025260162306777176,46.4536401074872
EC001171,1,27.71531973764272,0.0,27.71531973764272
EC003106,4,27.467777171221044,0.009739614281040324,27.467777171221044
EC002507,1,45.04782317392311,-0.0712568852364541,45.04782317392311
EC000584,3,28.12361454397046,-0.025260162306777176,28.12361454397046
EC001166,4,41.18116154800451,0.0,41.18116154800451
EC001597,3,62.32277445191543,-0.026714800133910185,62.32277445191543
EC003319,4,47.84220924845767,0.07758329769511924,47.84220924845767
EC001898,4,89.66633102022107,0.0,89.66633102022107
EC006793,3,43.77400045047079,-0.026895722936971803,43.77400045047079
EC002344,1,27.66471118733815,-0.07838227056574817,27.66471118733815
EC004400,3,54.08416712394841,-0.020062894338371506,54.08416712394841
EC003808,0,37.34621354136517,0.006625548134131188,37.34621354136517
EC004839,0,77.18026495658025,0.005200530267427469,77.18026495658025
EC001840,0,37.15611363739757,0.011554924820941179,37.15611363739757
EC000991,0,44.57385901929087,0.006219810160028288,44.57385901929087
EC000356,4,44.7539771250485,0.06306075610606202,44.7539771250485
EC002219,1,54.77577264625174,-0.07838227056574817,54.77577264625174
EC007857,0,30.90737635736116,0.006471387073279132,30.90737635736116
EC006054,0,57.95309217550369,-0.0013783550673096441,57.95309217550369
EC002120,0,54.110737154118,0.006344577791301185,54.110737154118
EC007637,3,28.859775082065383,-0.023533076590431024,28.859775082065383
EC004616,4,74.66560677832021,0.041655580974331516,74.66560677832021
EC001316,4,39.8684682635812,0.0046505473379830665,39.8684682635812
EC000385,0,36.067361262251566,0.006554482955276367,36.067361262251566
EC003785,1,45.4125697814761,-0.05378357785568757,45.4125697814761
EC004926,2,49.08906692956698,-0.10347873572671777,49.08906692956698
EC001869,3,46.15975052264645,-0.031055650235182173,46.15975052264645
EC003888,0,45.158050346440625,0.003406078569144936,45.158050346440625
EC003997,3,49.681766159675334,0.0,49.681766159675334
EC007761,0,51.55007779714943,-0.01212326380883301,51.55007779714943
EC003809,0,35.3374173615928,0.00781309276690005,35.3374173615928
EC007505,1,48.894055385067695,0.0,48.894055385067695
EC006338,1,35.96616647626674,-0.057539881204531504,35.96616647626674
EC001662,4,88.0745206765766,0.03232925574091866,88.0745206765766
EC007430,4,44.90438580332559,0.03708300642510632,44.90438580332559
EC004651,0,63.946156027529014,0.006625548134131188,63.946156027529014
EC001139,2,47.13254708536729,-0.1206377426405969,47.13254708536729
EC001781,1,78.96421974262906,0.04095458189682079,78.96421974262906
EC003687,0,65.01920332013098,0.006625548134131188,65.01920332013098
EC002357,1,40.530786961090946,-0.09571906098020797,40.530786961090946
EC002526,4,88.16580907714992,0.05079454456520807,88.16580907714992
EC000718,0,36.47964806801128,0.004363305775151017,36.47964806801128
EC007037,4,39.162554178213604,0.00849955712571454,39.162554178213604
EC006225,0,54.73976035506123,0.004229527039661208,54.73976035506123
EC003728,1,38.73018313935313,0.0,38.73018313935313
EC007079,2,38.875953531060404,0.0013874663743717597,38.875953531060404
EC005453,3,62.056099138691295,-0.026672115475074573,62.056099138691295
EC002646,2,53.736159617276016,-0.023543929247778747,53.736159617276016
EC004277,2,46.428616825677985,0.005295297748565714,46.428616825677985
EC001996,0,43.80691839585414,0.006007252329204285,43.80691839585414
EC000183,2,35.83222786144775,0.014817660513280054,35.83222786144775
EC001581,0,50.65748314038038,-0.032871125863041105,50.65748314038038
EC003664,4,66.34004264555,0.09248304307229352,66.34004264555
EC003930,4,106.12319582242154,0.0949189399279809,106.12319582242154
EC002643,4,33.223129083523304,0.007048450451215285,33.223129083523304
EC003762,0,91.92969634066984,-0.02293974118580647,91.92969634066984
EC005717,2,37.62385418053621,0.00023910272015610634,37.62385418053621
EC002846,1,47.06399357518045,-0.07233156243391697,47.06399357518045
EC005141,0,30.876996950871842,0.006625548134131188,30.876996950871842
EC001333,2,71.78109964683976,-0.08285098409092,71.78109964683976
EC002994,1,58.56617653421352,-0.07838227056574817,58.56617653421352
EC007194,4,31.299429350881102,0.004951396109467977,31.299429350881102
EC002889,4,20.356673325859152,0.004747271006275807,20.356673325859152
EC007862,4,48.643883502365426,0.009727613353976587,48.643883502365426
EC006203,1,46.25173542225033,-0.027567261584107196,46.25173542225033
EC001718,1,40.46729013683821,-0.07314274206431619,40.46729013683821
EC007016,3,58.32691507194946,-0.03790911182232033,58.32691507194946
EC005539,2,42.47205033970717,-0.06801992872879772,42.47205033970717
EC005595,4,44.77161307677561,0.08250844024343876,44.77161307677561
EC003035,0,73.20388995227519,-0.023271965164353203,73.20388995227519
EC006835,3,65.81985701861882,-0.057287575893039164,65.81985701861882
EC005527,1,38.92149152119137,-0.07838227056574817,38.92149152119137
EC006460,4,49.16296702701341,0.009229449554148617,49.16296702701341
EC001931,0,27.76580052630986,0.006625548134131188,27.76580052630986
EC007805,3,76.83255462973464,-0.025391609641118043,76.83255462973464
EC006254,3,63.80768347924325,-0.02759507790848656,63.80768347924325
EC002455,1,60.305488957750946,-0.06969707126340152,60.305488957750946
EC000661,1,40.99786119010764,-0.07838227056574817,40.99786119010764
EC004596,3,27.060121225011535,-0.025260162306777176,27.060121225011535
EC002188,2,69.91738895584172,0.0,69.91738895584172
EC006998,0,29.837443013130784,0.010230472966048202,29.837443013130784
EC001855,3,48.85622385776438,-0.045551984494235434,48.85622385776438
EC001469,4,44.808783038537356,0.06690842853156034,44.808783038537356
EC000828,4,79.87571146161002,0.019828607618367418,79.87571146161002
EC003401,4,32.56560868312794,0.007808372646343962,32.56560868312794
EC004294,2,44.30687932889268,-0.10869312309716836,44.30687932889268
EC003511,1,57.65817584286917,-0.04959510653382125,57.65817584286917
EC002726,3,30.967531322156994,-0.025260162306777176,30.967531322156994
EC007443,2,40.58543806788147,0.014817660513280054,40.58543806788147
EC003292,3,39.96735577962491,-0.025260162306777176,39.96735577962491
EC003596,1,42.16287888021553,-0.08069223803429593,42.16287888021553
EC003301,1,45.78137330549963,-0.07831997103065338,45.78137330549963
EC000826,3,24.30433102988554,-0.025260162306777176,24.30433102988554
EC003384,2,65.37299765236256,-0.00394378945647908,65.37299765236256
EC005104,1,33.67006635990752,-0.07838227056574817,33.67006635990752
EC006167,4,70.2754287655041,0.09171248848363352,70.2754287655041
EC006752,0,25.611164638650244,0.007264908797908925,25.611164638650244
EC000842,4,56.858885772869996,0.08198247960235665,56.858885772869996
EC005140,1,67.035582850199,0.08100538227833154,67.035582850199
EC001000,4,75.31127560430787,0.019957854839200727,75.31127560430787
EC002157,0,43.73259327198966,0.0,43.73259327198966
EC007381,3,41.32941094679797,-0.02572081314426597,41.32941094679797
EC007894,1,41.81363325812267,-0.07838227056574817,41.81363325812267
EC002109,4,58.662459887114196,0.0046505473379830665,58.662459887114196
EC002440,4,33.65951577762631,0.0078717891685855,33.65951577762631
EC001068,1,95.22556689370701,-0.019478846011132908,95.22556689370701
EC006351,2,97.11527786878004,-0.013342436889642137,97.11527786878004
EC006909,3,64.67341678110377,-0.03719154224179567,64.67341678110377
EC007656,3,51.2482929558533,-0.026234715388465824,51.2482929558533
EC004946,3,61.25469944836396,-0.018979340482400454,61.25469944836396
EC002061,3,69.05039414917694,-0.035049395113978615,69.05039414917694
EC004435,0,81.77955063566752,-0.0030546869471712967,81.77955063566752
EC002361,3,48.510497475948846,-0.02584639020483198,48.510497475948846
EC005930,1,52.98049418067917,-0.02574670246695445,52.98049418067917
EC002087,2,48.138733093403005,-0.14892373927295643,48.138733093403005
EC005143,1,39.82095654479675,-0.07838227056574817,39.82095654479675
EC001916,1,21.326047586516374,-0.07896550691878039,21.326047586516374
EC000773,3,70.26350753574914,-0.025149494203901016,70.26350753574914
EC003067,1,51.218536130410044,-0.10169798177550204,51.218536130410044
EC006939,1,53.55855186363027,-0.06318207364213013,53.55855186363027
EC006397,2,30.31429009349963,0.00948763786713025,30.31429009349963
EC006236,3,37.96750419227083,-0.024094670788594792,37.96750419227083
EC002913,0,41.886713820655444,-0.017868531823452223,41.886713820655444
EC004314,2,40.53636441710828,0.0018158061695788402,40.53636441710828
EC000522,0,83.71104040950253,0.0,83.71104040950253
EC002716,4,60.25481537927774,0.09372753628020825,60.25481537927774
EC000702,2,73.20013674705194,-0.08373545141653628,73.20013674705194
EC003514,0,56.61083045239753,0.0,56.61083045239753
EC003146,4,58.505582324084216,0.0,58.505582324084216
EC006902,1,37.08805370598523,0.0,37.08805370598523
EC000822,3,84.38589392748256,-0.06480049930689391,84.38589392748256
EC006503,3,68.1160626066418,-0.02965473896272941,68.1160626066418
EC004865,1,64.09332137515256,0.03708853524984698,64.09332137515256
EC003383,0,29.402093346433873,0.006692313721651085,29.402093346433873
EC002136,0,27.475592430538263,0.004299056945497201,27.475592430538263
EC001788,2,62.83519246343593,-0.008821070418960287,62.83519246343593
EC006536,3,50.67843122063606,-0.024044133382205405,50.67843122063606
EC001614,4,42.128657185424935,0.024039026733184615,42.128657185424935
EC002840,1,27.637166229214223,-0.07838227056574817,27.637166229214223
EC003041,3,46.93056118203371,-0.037504288998978924,46.93056118203371
EC002963,1,38.68115442026854,0.0,38.68115442026854
EC001666,3,54.98813256996699,-0.029835810668775834,54.98813256996699
EC003805,4,55.95575429519665,0.06912476740988824,55.95575429519665
EC005389,2,64.67553022132002,0.0036136055999823266,64.67553022132002
EC004606,3,31.912865297867427,-0.026944337546413885,31.912865297867427
EC000528,1,41.90506522565469,-0.03009257709662825,41.90506522565469
EC000119,0,82.64585057399745,0.0,82.64585057399745
EC001204,0,45.99871536754768,-0.02027608797505527,45.99871536754768
EC004371,4,60.69937182263409,0.0,60.69937182263409
EC006714,2,39.73315903174,-0.0006084101099320775,39.73315903174
EC003492,2,64.04458276430762,0.009609953459416162,64.04458276430762
EC001873,3,42.045041842787484,-0.046475219450476474,42.045041842787484
EC003756,0,90.27149742626547,-0.0064227925712974105,90.27149742626547
EC005996,2,63.51991996292561,-0.14439137443047761,63.51991996292561
EC005203,2,57.40167831362981,-0.07161177887228107,57.40167831362981
EC004517,3,45.36240842384712,-0.03320241087171062,45.36240842384712
EC004123,0,46.90674860157607,-0.015012677635854321,46.90674860157607
EC005784,4,37.44841873761271,0.01244732377195569,37.44841873761271
EC001917,3,46.87887110458176,-0.03200599200456756,46.87887110458176
EC000820,1,60.64313092566334,-0.07838227056574817,60.64313092566334
EC002832,0,32.46185486370767,0.006185712408516971,32.46185486370767
EC005654,2,47.92188502116302,-0.09216451361562511,47.92188502116302
EC001568,1,52.091839322258515,-0.008788014465042099,52.091839322258515
EC001018,1,25.09665911234298,-0.07973067539614775,25.09665911234298
EC001069,0,43.723267266904585,-0.010067672578077816,43.723267266904585
EC006767,3,101.49253313034933,-0.04511745579327972,101.49253313034933
EC006378,1,73.33870034964058,-0.012525008279324443,73.33870034964058
EC002036,0,55.135546495267384,0.043866863711746654,55.135546495267384
EC002930,2,75.63457490089529,0.00741986905886504,75.63457490089529
EC004135,2,66.86916341137217,-0.04288258961888289,66.86916341137217
EC005782,0,50.239350631525475,0.004455587721610113,50.239350631525475
EC002769,2,25.277543355853282,0.014817660513280054,25.277543355853282
EC000200,3,40.201924381751944,-0.028008066719400183,40.201924381751944
EC003394,4,74.80341522744244,0.09993402806193308,74.80341522744244
EC000636,1,63.474782418609905,-0.035693071403063305,63.474782418609905
EC005093,2,36.551097743644206,0.012139585678240805,36.551097743644206
EC004980,2,71.77486366246538,-0.12329651839007262,71.77486366246538
EC004967,3,57.50611098808162,-0.02851421545299953,57.50611098808162
EC003395,1,45.93271561047828,-0.07532068097477085,45.93271561047828
EC007109,1,73.38776194656748,0.0,73.38776194656748
EC006963,2,34.164722487899084,0.000575131535942592,34.164722487899084
EC000241,1,52.35028625048796,-0.07838227056574817,52.35028625048796
EC004874,4,73.77100567483728,0.08668586853296595,73.77100567483728
EC007304,0,45.03402046615473,0.006625548134131188,45.03402046615473
EC003254,3,27.46378719125154,-0.025260162306777176,27.46378719125154
EC001812,4,40.32119665915061,0.0046505473379830665,40.32119665915061
EC007155,2,43.129923165152135,-0.012578645590363348,43.129923165152135
EC003072,4,58.969202329782426,0.09765114662921612,58.969202329782426
EC007128,4,57.48801996996537,0.06025871385602656,57.48801996996537
EC007526,4,53.08328954627635,0.04164459914164887,53.08328954627635
EC004786,3,61.51714577286646,-0.0249890606316183,61.51714577286646
EC006034,2,84.67967798044488,0.005994380372828768,84.67967798044488
EC002692,1,44.2704495274557,-0.08306801771334224,44.2704495274557
EC002755,1,25.897205487928435,-0.07838227056574817,25.897205487928435
EC000163,3,72.80204789210626,-0.06518875552345707,72.80204789210626
EC005636,2,37.576745854583024,-0.002927281682778494,37.576745854583024
EC004811,0,33.64884764448031,0.007234021925244876,33.64884764448031
EC004233,1,66.6819600621979,0.001370912549076661,66.6819600621979
EC002690,1,33.686353479108305,-0.07746233752723677,33.686353479108305
EC007691,1,65.41221175012288,0.008204619636547353,65.41221175012288
EC004213,1,41.89691336069286,-0.07778571860754221,41.89691336069286
EC002663,2,54.3188811634625,-0.03321666301266848,54.3188811634625
EC005238,2,31.493255513461925,-0.00578894554968604,31.493255513461925
EC004319,0,39.89755931042266,0.01036129873315368,39.89755931042266
EC005063,3,30.212507595995874,-0.025260162306777176,30.212507595995874
EC007074,1,59.25163083590167,-0.037424447837585105,59.25163083590167
EC000975,4,43.94913266011111,0.04128419190682177,43.94913266011111
EC003085,2,70.78374099862981,-0.06717383529704238,70.78374099862981
EC000164,1,43.85137751886615,0.007864607640464233,43.85137751886615
EC004172,1,56.952927995601684,-0.026257558720733182,56.952927995601684
EC005672,0,23.697682593199733,0.006625548134131188,23.697682593199733
EC006678,0,38.78843139447818,0.0,38.78843139447818
EC000107,0,46.502511788996955,0.0,46.502511788996955
EC005558,2,42.04921462543639,-0.11344042112654107,42.04921462543639
EC000956,1,56.67450563749703,-0.07838227056574817,56.67450563749703
EC006134,1,48.659826840067744,-0.02605298332085417,48.659826840067744
EC001433,3,27.047578135639387,-0.024908486729611733,27.047578135639387
EC002085,4,92.73997215501748,0.04575395110559981,92.73997215501748
EC006408,1,42.257913004965104,-0.07526676781330528,42.257913004965104
EC005305,3,37.62535768579713,-0.025262179397199214,37.62535768579713
EC003828,1,45.574682394975454,-0.033151306102411036,45.574682394975454
EC003094,3,25.395065015834795,-0.025260162306777176,25.395065015834795
EC003296,0,35.92675055633506,-0.0017244680678814173,35.92675055633506
EC000054,1,45.05890685469753,-0.04344008155091453,45.05890685469753
EC006082,2,27.230530157686506,0.014817660513280054,27.230530157686506
EC002638,1,45.91419185032136,0.023111222809255427,45.91419185032136
EC002274,3,53.2584357771738,0.0,53.2584357771738
EC005838,4,38.3876670032497,0.007790794686027284,38.3876670032497
EC000603,4,63.49277150294094,0.03594375263256274,63.49277150294094
EC005898,1,48.53962180526389,-0.08770357772673695,48.53962180526389
EC004238,3,105.36383305021944,-0.04051924753523411,105.36383305021944
EC001464,2,27.62618969398986,0.014817660513280054,27.62618969398986
EC004853,0,64.49369169882314,0.006952562104810838,64.49369169882314
EC001148,0,72.70426276718283,-0.0650300962506857,72.70426276718283
EC004736,0,55.92341743975047,-0.0043130730531068156,55.92341743975047
EC006462,3,83.4657534026714,0.0,83.4657534026714
EC002857,4,76.17760953915621,0.012136602859010245,76.17760953915621
EC001375,1,60.153045292230914,-0.07972711375061875,60.153045292230914
EC002602,1,25.645227346639494,-0.07838227056574817,25.645227346639494
EC001750,4,29.979609450437028,0.005636564063077436,29.979609450437028
EC007073,4,50.21996110630601,0.059764397176868926,50.21996110630601
EC006421,4,31.48074645916447,0.0046505473379830665,31.48074645916447
EC001907,2,48.290390958607546,0.005927811272208344,48.290390958607546
EC003311,1,42.44278112534855,-0.022709890447098854,42.44278112534855
EC000923,0,63.44269667741514,-0.004192955685343713,63.44269667741514
EC000712,4,37.52563969179871,0.01836558216008479,37.52563969179871
EC006386,4,35.145362523624996,0.0046505473379830665,35.145362523624996
EC002876,4,44.5297181570643,0.0,44.5297181570643
EC003489,2,58.586174077961154,0.014817660513280054,58.586174077961154
EC003282,2,21.767753818296566,0.014817660513280054,21.767753818296566
EC001567,2,67.4990001215176,0.014817660513280054,67.4990001215176
EC002408,3,42.55170513856529,-0.025260162306777176,42.55170513856529
EC003968,0,67.50107412404569,0.006947572045473574,67.50107412404569
EC006870,0,47.07789089689506,0.017481795500820685,47.07789089689506
EC002021,1,54.62386828678165,-0.07354481134667543,54.62386828678165
EC002093,4,80.476088127887,0.020071776727302613,80.476088127887
EC005163,0,41.108678615147426,-0.008280200385851788,41.108678615147426
EC004149,4,66.45344346361072,0.0046505473379830665,66.45344346361072
EC005346,2,51.64928504399005,-0.089058065420164,51.64928504399005
EC007281,3,66.91752652469862,0.0,66.91752652469862
EC005025,4,50.68440009361104,0.058960248507537415,50.68440009361104
EC006336,2,45.78656529884895,-0.024491798460569456,45.78656529884895
EC006491,2,78.00975490510865,-0.03549358797156492,78.00975490510865
EC002666,4,42.39152648558805,0.007089845289064072,42.39152648558805
EC004685,2,29.44884125761369,0.00867708016986847,29.44884125761369
EC005791,3,88.30574228253481,-0.031748454680112,88.30574228253481
EC007457,3,52.629905566510025,-0.026932912350466354,52.629905566510025
EC000069,1,40.67222565132215,-0.036978115123690806,40.67222565132215
EC007027,2,41.31259091229655,-0.1087216190837905,41.31259091229655
EC007472,1,52.95114723863118,0.0,52.95114723863118
EC005135,3,52.00635269124753,-0.025946667198477134,52.00635269124753
EC007366,2,74.24737670652569,-0.052935067548171295,74.24737670652569
EC002703,4,101.06316236592883,0.0,101.06316236592883
EC002869,4,48.772984299524026,0.07830345734719724,48.772984299524026
EC000254,0,51.440891763536534,-0.03911344021282685,51.440891763536534
EC001851,3,53.01239181444923,-0.04259540599836503,53.01239181444923
EC003199,2,31.650554623076072,-0.012112094456255981,31.650554623076072
EC005038,1,82.91052387716621,0.0,82.91052387716621
EC005125,3,54.582205817283,-0.028715157231029548,54.582205817283
EC005768,3,46.70271316620398,-0.02799691362101649,46.70271316620398
EC003696,0,54.116109065106016,-0.0009228461343793334,54.116109065106016
EC000225,2,45.39136188340912,0.0059882658022447355,45.39136188340912
EC001927,4,68.37440166970599,0.07949975969473055,68.37440166970599
EC006252,3,32.96346466411673,-0.02542693110633549,32.96346466411673
EC004258,1,44.291260485479185,-0.0761589688426094,44.291260485479185
EC002257,3,42.98429566137611,-0.025564110657757107,42.98429566137611
EC001404,0,63.197359524995875,0.006625548134131188,63.197359524995875
EC004181,0,75.61040424270462,0.005994989990930882,75.61040424270462
EC005875,3,61.139704938431024,-0.033088005918057446,61.139704938431024
EC005703,1,73.38818277403021,-0.03352454794010337,73.38818277403021
EC007344,2,34.97144185396606,0.014817660513280054,34.97144185396606
EC004523,3,73.50266507877208,0.0,73.50266507877208
EC002164,1,28.484752743058788,0.0,28.484752743058788
EC003104,4,41.90920300423275,0.06328264252072746,41.90920300423275
EC000155,0,25.216523000798887,0.006588579110995204,25.216523000798887
EC002246,4,32.795131813221694,0.008850395695466456,32.795131813221694
EC004465,0,35.10121026712122,0.0032648666745623903,35.10121026712122
EC005587,2,36.56495610658156,-0.016027179727332478,36.56495610658156
EC004017,1,69.5469558219147,-0.04185448322828464,69.5469558219147
EC000503,1,43.91209388639561,-0.07815347956305495,43.91209388639561
EC006848,1,67.88246220405829,-0.07583917729063433,67.88246220405829
EC002008,1,30.965633907756242,-0.07939839057357659,30.965633907756242
EC005649,4,62.78196715510175,0.0,62.78196715510175
EC001642,0,43.89705837457427,0.0,43.89705837457427
EC004922,3,61.42791815118917,-0.03085721955303912,61.42791815118917
EC003377,3,47.51276117451246,-0.026601430896573602,47.51276117451246
EC004614,2,36.87292563287903,0.0009356424981962104,36.87292563287903
EC003789,0,66.6217268289541,0.0,66.6217268289541
EC006388,1,44.975735217358235,-0.07838227056574817,44.975735217358235
EC002459,0,35.00940789175205,0.0031553168931956234,35.00940789175205
EC004201,0,36.95222727807203,0.006653871562593537,36.95222727807203
EC002270,2,55.963098028692635,0.0139444250049751,55.963098028692635
EC003796,4,60.89357144254989,0.14295717194269306,60.89357144254989
EC002492,4,20.76787399570698,0.005383845740691017,20.76787399570698
EC001441,4,21.179267160849086,0.0046505473379830665,21.179267160849086
EC002933,2,64.46455232530982,-0.08953491470308657,64.46455232530982
EC007948,2,47.169211942672334,-0.036058689777811334,47.169211942672334
EC006119,1,25.96394748391807,-0.07838227056574817,25.96394748391807
EC003564,0,86.45888203003662,-0.04449141632071035,86.45888203003662
EC007663,1,30.433344275085297,-0.07571463987422776,30.433344275085297
EC001903,1,64.09687092077978,-0.030618335983240777,64.09687092077978
EC006601,2,26.402593772094335,0.012315132248348022,26.402593772094335
EC000692,3,44.45246628576746,-0.03914731685074243,44.45246628576746
EC007836,1,28.73957386792242,-0.07838227056574817,28.73957386792242
EC000794,4,49.0117606247874,0.02517105937409603,49.0117606247874
EC004326,2,20.925456762478813,0.014817660513280054,20.925456762478813
EC006207,4,52.72151089368751,0.023046274791692797,52.72151089368751
EC004510,4,38.002738424301754,0.006281799535444322,38.002738424301754
EC006292,4,64.60885548236055,0.0,64.60885548236055
EC003038,2,30.33864087728967,0.014198398270569991,30.33864087728967
EC004096,3,37.82386904401931,-0.025432464408830652,37.82386904401931
EC006952,2,50.05552340199486,-0.05450197185727361,50.05552340199486
EC004461,4,42.98297697528584,0.023879969210301253,42.98297697528584
EC003847,3,43.634079396290474,-0.038027002482317634,43.634079396290474
EC000058,0,31.970311295818888,0.0,31.970311295818888
EC007925,1,53.076015947853136,-0.047060518470084724,53.076015947853136
EC005569,2,31.308794258880155,0.004552762359877616,31.308794258880155
EC002759,0,31.23337048230656,0.006011529576984196,31.23337048230656
EC002574,0,49.538016077227944,0.0,49.538016077227944
EC004021,2,55.906511763989656,-0.041746619128795265,55.906511763989656
EC001789,4,53.62680147074755,0.045385005392135476,53.62680147074755
EC000139,1,32.49671188086848,0.0,32.49671188086848
EC007529,0,44.452024646315394,-0.02275965622788747,44.452024646315394
EC003799,2,54.914656635560526,0.004208855848519127,54.914656635560526
EC004070,2,40.84284233703232,0.014817660513280054,40.84284233703232
EC004947,0,57.83740593903767,0.0019525099664663734,57.83740593903767
EC004134,2,68.87718711813166,0.014817660513280054,68.87718711813166
EC007324,3,37.03902722400657,-0.026658439304045843,37.03902722400657
EC005421,3,41.45292246301172,-0.019839102338153575,41.45292246301172
EC006153,2,71.29826187864208,0.004108779472586362,71.29826187864208
EC005207,2,43.025090114783865,-0.08666836926825812,43.025090114783865
EC007679,3,38.805757303152156,-0.028337620977169853,38.805757303152156
EC001438,2,34.2681875601318,0.014817660513280054,34.2681875601318
EC001748,0,74.864459397999,-0.029305151299152656,74.864459397999
EC006293,1,36.576023354176805,-0.08068186692288108,36.576023354176805
EC005493,3,60.879962716501886,-0.02476361012648467,60.879962716501886
EC004297,3,47.67846182579342,-0.035656463963072864,47.67846182579342
EC003892,3,50.15837293805179,-0.03983944771641968,50.15837293805179
EC001074,2,95.87113775485047,0.0,95.87113775485047
EC003614,3,59.00740940530178,-0.028511119190786992,59.00740940530178
EC004896,0,36.74978712556836,0.006625548134131188,36.74978712556836
EC004521,1,27.293743760331175,-0.07898193126096652,27.293743760331175
EC006496,4,35.83193101539484,0.0,35.83193101539484
EC005593,1,70.3103000314819,0.026121764454330898,70.3103000314819
EC001323,1,67.57957439325556,-0.0758394800578399,67.57957439325556
EC001394,3,28.91125580916473,-0.025260162306777176,28.91125580916473
EC006438,3,47.62904726759282,0.0,47.62904726759282
EC006986,4,51.40281636108631,0.021899178516646356,51.40281636108631
EC004034,0,34.564650662864636,0.0037655953174256457,34.564650662864636
EC001632,2,40.04679551124093,0.014817660513280054,40.04679551124093
EC005193,3,38.11216812869717,-0.03870017288532529,38.11216812869717
EC000649,2,25.313709427295077,0.012986618746445605,25.313709427295077
EC004780,3,21.015861302044296,-0.025260162306777176,21.015861302044296
EC001981,2,54.37300836583656,-0.17332823112778145,54.37300836583656
EC001717,1,81.21806804931538,-0.08445085627270993,81.21806804931538
EC000088,0,66.16339598295481,0.007341166796676119,66.16339598295481
EC002305,0,39.07364970534586,0.006897066223732843,39.07364970534586
EC002925,2,52.34889738715388,-0.05895287952429047,52.34889738715388
EC000249,3,38.092725848851124,-0.025190276521999504,38.092725848851124
EC001258,1,37.48327401984911,-0.07864412214388887,37.48327401984911
EC002159,4,35.23361569168351,0.020483292941515983,35.23361569168351
EC006148,2,27.786504446735584,0.01356714318023805,27.786504446735584
EC003852,4,43.17032536003742,0.02267042530190402,43.17032536003742
EC002632,0,58.75195175567566,0.0042706065667655535,58.75195175567566
EC001741,1,68.25342836425327,0.021770745422713914,68.25342836425327
EC001711,1,41.126392315241524,-0.0153796116135645,41.126392315241524
EC000705,0,67.74375572056765,-0.032017989135889706,67.74375572056765
EC006823,4,69.25310571632252,0.07546273515736615,69.25310571632252
EC006178,4,77.00417790957009,0.10899134274961311,77.00417790957009
EC001297,2,71.93968136727779,-0.11397133540927533,71.93968136727779
EC005716,1,46.736916103674176,-0.07838227056574817,46.736916103674176
EC007392,0,46.49839204453336,0.01629035812004355,46.49839204453336
EC006318,0,48.97079285798117,-0.010236805327652403,48.97079285798117
EC007567,3,28.654719607044882,-0.02538340497476896,28.654719607044882
EC003121,0,38.69822972955677,0.006625548134131188,38.69822972955677
EC007809,0,48.282183174215945,0.004710426301424565,48.282183174215945
EC002474,4,47.42009064310962,0.02400082460619117,47.42009064310962
EC000640,2,63.241430355403956,0.014114972266691297,63.241430355403956
EC003086,1,31.663585223742203,-0.07849206375010563,31.663585223742203
EC001902,3,63.10008882596059,-0.025260162306777176,63.10008882596059
EC004155,4,84.5896483549985,0.033240222473581445,84.5896483549985
EC002698,0,38.19872173760646,0.006991391958020279,38.19872173760646
EC007936,0,64.81467336143488,0.00942956767431891,64.81467336143488
EC000934,4,32.43435370717462,0.0,32.43435370717462
EC005879,4,35.112612082343716,0.01848762320633486,35.112612082343716
EC007368,3,69.01301430382452,-0.025588916921495605,69.01301430382452
EC000377,1,26.58908074318782,-0.07838227056574817,26.58908074318782
EC005239,4,46.49452543728642,0.0295329883718168,46.49452543728642
EC007785,2,113.38325392406135,-0.018751427786902114,113.38325392406135
EC007345,2,34.873070797520676,0.005454243873214144,34.873070797520676
EC001400,2,79.54839632573166,-0.00238561517475145,79.54839632573166
EC003438,1,37.22260589907747,-0.08486583908303183,37.22260589907747
EC006467,0,95.90211690669183,-0.01903110788419411,95.90211690669183
EC003691,4,39.75983043635483,0.021809906126020503,39.75983043635483
EC003411,3,82.89815859264183,-0.06299544747327887,82.89815859264183
EC007188,4,50.28451659468658,0.019524619990266976,50.28451659468658
EC003101,3,28.5916807177325,-0.027047777220415875,28.5916807177325
EC007487,2,43.26955845325813,-0.009372189328203783,43.26955845325813
EC004016,0,104.6163468547544,-0.028027689660029397,104.6163468547544
EC002530,4,32.545635545097745,0.0046505473379830665,32.545635545097745
EC002503,4,45.26535397652283,0.06995762567812021,45.26535397652283
EC006533,0,59.476403880570814,0.006699216749885238,59.476403880570814
EC006057,3,98.36497671736223,-0.027134236719827065,98.36497671736223
EC002928,0,55.01649531061007,0.0046565396193775,55.01649531061007
EC003815,2,80.79416141766089,-0.020038215876367487,80.79416141766089
EC003444,3,55.444293149036376,-0.043053026371488216,55.444293149036376
EC000641,2,27.894727342568565,0.0025100409945231425,27.894727342568565
EC005759,0,42.84875423618639,0.006625548134131188,42.84875423618639
EC000784,0,46.50894772471418,-0.011965936883541915,46.50894772471418
EC005685,2,50.7780548621465,0.004333804272956706,50.7780548621465
EC005696,3,64.45048091714489,0.0,64.45048091714489
EC001455,0,45.03978753127297,0.006625548134131188,45.03978753127297
EC005235,0,65.20573552987697,-0.005833207653004515,65.20573552987697
EC001650,4,54.23118024122484,0.021384923902120618,54.23118024122484
EC004718,2,41.433586904772156,-0.008443566575730789,41.433586904772156
EC007159,3,76.0340225661771,-0.028527247827711648,76.0340225661771
EC003427,2,45.9820149104479,0.010854598991281814,45.9820149104479
EC004176,1,49.36896976355993,-0.07567320259047093,49.36896976355993
EC006146,1,70.03016889301436,-0.07728685357726708,70.03016889301436
EC000380,1,47.66995385029614,-0.09319848105906582,47.66995385029614
EC006620,4,41.25196334121107,0.016208138695162317,41.25196334121107
EC003811,1,71.27326578938629,-0.07505228941522399,71.27326578938629
EC003907,4,70.53952776946142,0.06663789858597838,70.53952776946142
EC007326,1,27.77743244468762,-0.0781032420010272,27.77743244468762
EC001946,3,23.029519686338105,-0.025260162306777176,23.029519686338105
EC004533,1,62.50096038931818,-0.057680435520606456,62.50096038931818
EC006062,3,29.297264148456424,-0.025260162306777176,29.297264148456424
EC006880,3,41.66190665750757,-0.03968466374146698,41.66190665750757
EC005799,2,72.4084402739531,-0.0042063256580027394,72.4084402739531
EC001848,0,56.22245112472721,0.0,56.22245112472721
EC003483,1,39.202070705308245,-0.07314028638506621,39.202070705308245
EC007617,3,45.260590397805636,0.0,45.260590397805636
EC000648,2,59.747732757302224,-0.05258875669833367,59.747732757302224
EC006795,2,74.0266936586392,-0.05425768650720683,74.0266936586392
EC000535,1,31.714803894682262,-0.07845805583492584,31.714803894682262
EC004059,2,37.25241481425184,0.001388253684134061,37.25241481425184
EC005006,0,60.75964537613913,-0.025472029855073974,60.75964537613913
EC003047,0,26.488127588600936,0.006178325266883082,26.488127588600936
EC000463,0,42.76455385683056,0.02278571501082699,42.76455385683056
EC005114,0,44.24881908931956,0.007029720001467911,44.24881908931956
EC006456,1,56.57953994248751,-0.05034609271808672,56.57953994248751
EC001462,3,42.38325522678031,-0.026031663175252504,42.38325522678031
EC003876,2,62.89914139060217,0.0062669894095510395,62.89914139060217
EC005311,3,60.32566827450791,-0.02532383441955744,60.32566827450791
EC003338,2,47.27179163889309,-0.1036091737507766,47.27179163889309
EC007302,1,41.52073216602606,-0.07838227056574817,41.52073216602606
EC003356,1,39.736517261947185,-0.08010278644148146,39.736517261947185
EC007339,4,49.87158673330003,0.021782247660762994,49.87158673330003
EC001918,4,57.51530355683093,0.11107469857381555,57.51530355683093
EC006622,1,58.00362823718478,-0.07857610137681892,58.00362823718478
EC002187,3,47.912024928118,-0.02996157445900874,47.912024928118
EC000346,3,48.79858316600822,-0.02568259171642199,48.79858316600822
EC000292,3,26.445227064278804,-0.025282026209468164,26.445227064278804
EC002518,2,27.197176179704837,0.014817660513280054,27.197176179704837
EC005481,0,54.99726844097616,0.0025364076070083182,54.99726844097616
EC007518,2,47.048140662998954,-0.14390607036697123,47.048140662998954
EC004845,4,35.89764961284648,0.007084844241120724,35.89764961284648
EC007051,4,105.04702171298153,0.09625406711174483,105.04702171298153
EC004377,2,117.16582002848143,-0.013766226231320663,117.16582002848143
EC005108,1,70.4870125483821,-0.04916929748036489,70.4870125483821
EC006311,1,34.377977138521885,-0.07846140142514316,34.377977138521885
EC000234,2,45.70000108885395,-0.14177742997233472,45.70000108885395
EC004341,1,24.586080879403923,0.0,24.586080879403923
EC003431,3,40.3652651428017,-0.025260162306777176,40.3652651428017
EC004180,0,78.58166429894165,-0.004642383799374832,78.58166429894165
EC000990,2,47.19909278622306,-0.1536743364591402,47.19909278622306
EC007062,4,37.15670397929322,0.0046505473379830665,37.15670397929322
EC000168,4,46.5693320073375,0.07816619455207086,46.5693320073375
EC004806,1,45.20037283512215,-0.05131656693106282,45.20037283512215
EC002757,3,122.92866146936558,-0.09169068897018044,122.92866146936558
EC006042,4,45.85056279037322,0.026222876326037477,45.85056279037322
EC007167,2,50.91659254016632,-0.061049046436391335,50.91659254016632
EC005415,4,67.70275856557069,0.0046505473379830665,67.70275856557069
EC006026,2,77.03596961328196,-0.014413807272715878,77.03596961328196
EC004720,0,77.3103253106114,0.004332905481194601,77.3103253106114
EC002648,2,40.361879497959926,-0.07816183085589382,40.361879497959926
EC003833,3,39.06768481863669,-0.025260162306777176,39.06768481863669
EC006480,0,24.829305574366277,0.006625548134131188,24.829305574366277
EC000198,4,47.516239070539164,0.018856646496485444,47.516239070539164
EC002176,2,26.397227350105865,0.014066822115886099,26.397227350105865
EC007148,1,77.24085206508862,-0.07339571485530297,77.24085206508862
EC000832,2,42.55333622057165,-0.11305951406824198,42.55333622057165
EC000290,0,82.64781858568782,0.0,82.64781858568782
EC007330,4,46.32056964922396,0.09012400665274199,46.32056964922396
EC001202,2,83.6113874299414,-0.06264389588656116,83.6113874299414
EC003577,4,27.237227568528148,0.0046505473379830665,27.237227568528148
EC001390,4,43.32310317646257,0.008894658790587411,43.32310317646257
EC002390,1,50.891733266027565,0.0,50.891733266027565
EC002610,3,67.29814583845366,-0.02971397119949592,67.29814583845366
EC002084,2,48.065971276166316,-0.12958159315611173,48.065971276166316
EC007635,0,47.545752363242755,0.00418125408667717,47.545752363242755
EC001939,2,59.26177136934824,0.014817660513280054,59.26177136934824
EC006123,1,29.44518038005776,-0.07838227056574817,29.44518038005776
EC007879,0,44.66088712632727,0.00614771059821471,44.66088712632727
EC005000,0,60.223783376977515,0.02091801094894126,60.223783376977515
EC002653,2,41.90643249936207,-0.058486181049477226,41.90643249936207
EC003874,0,27.100677063539848,0.008464520913776622,27.100677063539848
EC003251,3,33.55921956368683,-0.025260162306777176,33.55921956368683
EC001957,4,43.16797748269356,0.01628374275686691,43.16797748269356
EC003969,1,73.48168529982377,-0.07838227056574817,73.48168529982377
EC003842,3,21.518527099247617,-0.025260162306777176,21.518527099247617
EC005474,4,42.21446598209714,0.032551327405627634,42.21446598209714
EC003546,3,28.938901043056486,-0.025260162306777176,28.938901043056486
EC004089,0,34.361098343693605,0.01078004594192041,34.361098343693605
EC003007,2,69.70032460617816,-0.042795298287968686,69.70032460617816
EC000793,3,61.813261706580995,-0.042981061894638566,61.813261706580995
EC003497,3,61.670918429631705,-0.04990302811982265,61.670918429631705
EC002380,2,45.08464252677733,-0.0029581058066455064,45.08464252677733
EC000736,2,29.46889049390333,0.014817660513280054,29.46889049390333
EC004968,0,34.31864287735046,0.0065320812090012064,34.31864287735046
EC003819,2,71.85278674028362,0.008991948802254193,71.85278674028362
EC005105,0,48.81755006611048,0.006946204014807269,48.81755006611048
EC006893,1,79.8034421718186,0.0,79.8034421718186
EC003363,2,85.36187525389612,-0.0696197330388604,85.36187525389612
EC003204,4,48.05906275346659,0.09882752097983388,48.05906275346659
EC006170,4,52.600080064424475,0.03180844694178846,52.600080064424475
EC006024,1,27.534499511676906,-0.07976584322082034,27.534499511676906
EC005963,3,56.16166560882273,-0.025575733415833378,56.16166560882273
EC005253,2,80.91999600008585,-0.011889487665204512,80.91999600008585
EC000415,2,39.614214203978214,0.014095465817316855,39.614214203978214
EC000390,4,56.24563461006211,0.004768537492083554,56.24563461006211
EC006530,3,101.97524209896469,-0.037893951329200745,101.97524209896469
EC000025,0,60.88376317415353,-0.0035436873823101464,60.88376317415353
EC005456,0,51.240927170063614,0.026286558379871663,51.240927170063614
EC003880,1,74.54093902556559,0.006050612883966688,74.54093902556559
EC007728,3,52.65855208430504,-0.025260162306777176,52.65855208430504
EC004442,3,29.48502530368534,-0.0254063544779406,29.48502530368534
EC005013,3,34.54569367836276,-0.024581652977744478,34.54569367836276
EC007891,3,49.23459384017635,-0.033600715614728424,49.23459384017635
EC004212,3,62.6770925741656,-0.03164548197116767,62.6770925741656
EC002215,2,86.71523981757915,0.0,86.71523981757915
EC006603,0,35.545627587861006,0.007201447152556344,35.545627587861006
EC002686,4,23.686855820142693,0.005814488696123967,23.686855820142693
EC003641,0,25.39144820199431,0.006625548134131188,25.39144820199431
EC007125,3,72.93188280046837,-0.06995795386845981,72.93188280046837
EC007369,1,42.48129149403554,-0.07773650879249425,42.48129149403554
EC007465,3,41.500158145199435,-0.025364170568338264,41.500158145199435
EC001714,2,23.156077074112844,0.014817660513280054,23.156077074112844
EC006633,4,80.02624412875237,0.09624484375958955,80.02624412875237
EC001027,1,76.03161536647794,0.03634638676294129,76.03161536647794
EC001973,0,27.03430810887534,0.006604014048028014,27.03430810887534
EC001153,0,38.2435224920948,0.007211616747881426,38.2435224920948
EC007647,4,72.83743487283964,0.007494852172820612,72.83743487283964
EC003183,3,38.14211832905944,-0.024524455702951843,38.14211832905944
EC003865,3,74.0132023819012,0.0,74.0132023819012
EC003801,4,37.165495549749636,0.0,37.165495549749636
EC000593,2,74.59555968139838,-0.0022772837328506705,74.59555968139838
EC000795,0,43.69911187370494,-0.009403722805512459,43.69911187370494
EC005733,0,68.43430483973783,-0.0067549246008497075,68.43430483973783
EC004479,2,61.091077293187396,0.013093401681730732,61.091077293187396
EC002405,2,61.675859157986295,0.002382883751185852,61.675859157986295
EC000716,2,46.06604006380117,-0.06795099372963058,46.06604006380117
EC003754,1,31.399103192174206,-0.07043720485329041,31.399103192174206
EC005964,2,24.24868058708736,0.014817660513280054,24.24868058708736
EC002944,4,82.2186790645568,0.10399705570346066,82.2186790645568
EC000939,1,38.29754959636994,-0.07838227056574817,38.29754959636994
EC006637,2,55.183223346139485,0.0042700324007044,55.183223346139485
EC005735,2,34.303280883156845,-0.00585688212165442,34.303280883156845
EC000901,4,26.10973883455953,0.004679713186317429,26.10973883455953
EC007072,3,107.33893320364204,-0.042148829871000236,107.33893320364204
EC003697,3,29.326846705871443,-0.025462975555833343,29.326846705871443
EC001245,3,45.26803065161331,-0.02741551964588121,45.26803065161331
EC004306,0,46.70034102176278,-0.02556310414187662,46.70034102176278
EC005911,4,20.812766727305018,0.004829625750320813,20.812766727305018
EC001176,1,45.18841567514337,-0.07739789950822266,45.18841567514337
EC004996,1,72.46205368544915,-0.07615209247130564,72.46205368544915
EC005057,1,42.67332838009345,-0.07811329157067445,42.67332838009345
EC002445,4,54.59396190517924,0.0046505473379830665,54.59396190517924
EC005729,1,97.17442650155037,-0.013032708012020854,97.17442650155037
EC005199,2,94.95193064450424,-0.03369810948739474,94.95193064450424
EC003014,1,39.4079016829198,-0.049466050384757494,39.4079016829198
EC001559,2,61.3480088803429,0.0032373448693540363,61.3480088803429
EC003437,4,42.822808000434236,0.013833993188790056,42.822808000434236
EC004226,2,20.531319588676762,0.014817660513280054,20.531319588676762
EC006792,0,109.4727788743902,-0.07420466642699589,109.4727788743902
EC005869,0,123.86909624238262,-0.056438375386266934,123.86909624238262
EC007554,0,45.09869975807717,-0.005023800152623481,45.09869975807717
EC001143,2,32.898732345859365,0.013971979244859871,32.898732345859365
EC007295,1,32.43298603435706,-0.07559320989374915,32.43298603435706
EC006158,3,42.913906761185494,-0.025025032264664654,42.913906761185494
EC003287,2,54.27637585014777,-0.0349809341591765,54.27637585014777
EC002424,1,51.5889050259572,-0.056370130463995555,51.5889050259572
EC000694,3,45.73906285081699,-0.031284660060522995,45.73906285081699
EC005608,3,68.00111875186921,-0.02448605164332939,68.00111875186921
EC005746,2,62.60427924112273,7.729769552563409e-05,62.60427924112273
EC003857,4,31.789911330484742,0.0046505473379830665,31.789911330484742
EC004554,2,21.63911255064221,0.003353364677016399,21.63911255064221
EC000136,3,65.00352721205617,-0.025433060491903567,65.00352721205617
EC001555,4,53.15051901118357,0.04564910130900749,53.15051901118357
EC005419,4,38.55260066796157,0.0046505473379830665,38.55260066796157
EC003797,3,54.75805123012599,-0.030422835229545923,54.75805123012599
EC000012,3,61.24209838124542,-0.03784109691387387,61.24209838124542
EC002763,1,47.56264768723735,-0.08417494497412839,47.56264768723735
EC007220,0,39.00117384878082,0.006686496094647693,39.00117384878082
EC004696,1,28.994122624260857,-0.07838227056574817,28.994122624260857
EC001720,1,51.280632108091396,-0.050557561435039325,51.280632108091396
EC001177,2,52.1872909449592,-0.09948746342838345,52.1872909449592
EC003975,3,22.148551497529695,-0.025260162306777176,22.148551497529695
EC004635,1,60.48809826318724,0.0003941453996483407,60.48809826318724
EC000349,2,71.82865658413623,-0.004948222496197346,71.82865658413623
EC001523,3,41.88483714810382,-0.02493623653243497,41.88483714810382
EC007968,1,58.470481587010816,0.0,58.470481587010816
EC000001,3,55.1186954555182,-0.03556750652466704,55.1186954555182
EC000619,4,57.947089480359665,0.02507238777836527,57.947089480359665
EC004670,1,70.62008872958978,0.08506709594004552,70.62008872958978
EC003246,3,54.72890312006056,-0.029293069817450314,54.72890312006056
EC004436,3,60.27585208018064,-0.03957513054004087,60.27585208018064
EC004408,3,41.864435724640295,-0.026063914914671346,41.864435724640295
EC003195,2,64.97432634903937,-0.04307368298962961,64.97432634903937
EC007199,1,34.25934801125769,-0.07838227056574817,34.25934801125769
EC004199,2,67.77437458667723,-0.0610131007032978,67.77437458667723
EC005828,0,48.085595544646154,-0.024437853534820173,48.085595544646154
EC003428,1,85.71305601590737,-0.06547729322143143,85.71305601590737
EC005969,3,43.497130936908164,-0.025249516275339813,43.497130936908164
EC006786,2,45.36830589748976,-0.14106896944484104,45.36830589748976
EC007379,1,53.96828833488691,-0.06857237378755968,53.96828833488691
EC007129,2,23.730610238466795,0.014817660513280054,23.730610238466795
EC003304,4,42.399739371863,0.0666340472385821,42.399739371863
EC003476,1,44.40903463403489,-0.0759242140726971,44.40903463403489
EC006501,4,61.901357429627495,0.0046505473379830665,61.901357429627495
EC006308,4,32.61819791008867,0.013798242642595746,32.61819791008867
EC005796,3,44.41109679275855,-0.025309017501279306,44.41109679275855
EC000045,2,77.0397841475825,-0.02723836869074389,77.0397841475825
EC005396,3,95.7680809437716,-0.036264904825594545,95.7680809437716
EC005842,4,64.69641740047557,0.05424288718799441,64.69641740047557
EC006272,2,47.30624089982122,-0.12938540802543308,47.30624089982122
EC000333,1,76.26809627575636,-0.07523270271701249,76.26809627575636
EC007958,0,61.958657947297226,-0.006480152110822346,61.958657947297226
EC002276,0,59.56376795964653,-0.019902633899537402,59.56376795964653
EC000279,4,84.42333591513534,0.02536952569719365,84.42333591513534
EC002289,3,53.39508491659938,-0.04545876075769216,53.39508491659938
EC001356,0,56.170589285383635,-0.0023317902605411375,56.170589285383635
EC005583,4,54.164688130883555,0.10730452654853376,54.164688130883555
EC007846,4,43.969687639112536,0.0046505473379830665,43.969687639112536
EC007843,2,83.98853333202028,-0.013041903249524298,83.98853333202028
EC004850,4,45.2532869662521,0.009523111145730474,45.2532869662521
EC000453,1,33.62767124311154,-0.08019863423928686,33.62767124311154
EC001038,4,70.82951105715215,0.0046505473379830665,70.82951105715215
EC000075,1,47.56228811244343,-0.006882156934973009,47.56228811244343
EC003333,3,66.86184910915246,-0.05721636334943215,66.86184910915246
EC006324,3,49.26988208153615,-0.020504102159356906,49.26988208153615
EC006504,2,26.866342047066983,0.014817660513280054,26.866342047066983
EC000839,3,34.74860041102522,-0.025260162306777176,34.74860041102522
EC007988,3,37.237727270203244,-0.02560428777399021,37.237727270203244
EC006287,4,49.084514619886995,0.011952987011101382,49.084514619886995
EC000037,2,59.31646275042041,-0.021104920423925134,59.31646275042041
EC007165,3,39.0356522709162,-0.025260162306777176,39.0356522709162
EC005420,4,55.367682669626475,0.06184309586552836,55.367682669626475
EC006842,4,53.828510658261614,0.06711111060606322,53.828510658261614
EC005510,2,51.78232695573341,-0.04672148371155966,51.78232695573341
EC007737,1,50.303361862291624,0.01834607715056677,50.303361862291624
EC004472,0,53.089431082522864,0.0,53.089431082522864
EC001644,1,48.680843854545174,-0.03497718643787209,48.680843854545174
EC004730,2,26.91046325465674,-0.0005259856054912679,26.91046325465674
EC003312,3,65.42106534742882,-0.025260162306777176,65.42106534742882
EC000258,1,71.13841064093573,-0.07838227056574817,71.13841064093573
EC002034,3,64.04235631127533,0.0,64.04235631127533
EC005627,2,41.567007316250255,-0.01466750812646378,41.567007316250255
EC004355,3,41.71571217054054,-0.036642430356642004,41.71571217054054
EC003537,4,47.48894906363651,0.09071874873970129,47.48894906363651
EC002679,1,35.538594969691914,-0.07838227056574817,35.538594969691914
EC001874,4,41.24282717128112,0.039657624110672196,41.24282717128112
EC006865,3,54.98287680679187,-0.028792703879942573,54.98287680679187
EC007689,3,36.25981837065138,-0.030161680261019497,36.25981837065138
EC001164,2,61.728450752095725,0.0,61.728450752095725
EC005659,3,64.66578910515736,-0.04910260015348998,64.66578910515736
EC002568,4,61.774957110871036,0.026762077541483444,61.774957110871036
EC007904,2,33.177575967497276,-0.0008693251002474256,33.177575967497276
EC001876,2,93.05630296829999,-0.013728550845596738,93.05630296829999
EC005445,0,43.8329780182536,-0.021675996027584753,43.8329780182536
EC000876,1,55.052154773919796,-0.08636175822722636,55.052154773919796
EC007653,2,75.17066002197623,-0.021926224038504027,75.17066002197623
EC004419,2,54.72935669433406,-0.07046790554032087,54.72935669433406
EC003224,4,41.59408427216398,0.0046505473379830665,41.59408427216398
EC001694,3,44.78364369791378,-0.02627353103361354,44.78364369791378
EC001265,0,77.67653198260992,0.0,77.67653198260992
EC000804,3,57.79851286382251,-0.018526436572089876,57.79851286382251
EC000468,1,69.50901896225626,-0.07860654993527957,69.50901896225626
EC007413,2,26.449185274881366,0.0,26.449185274881366
EC005185,4,29.652125437925744,0.0046505473379830665,29.652125437925744
EC000228,3,36.03447221121327,-0.029499951419628034,36.03447221121327
EC000688,2,61.94793691196404,0.014817660513280054,61.94793691196404
EC003248,0,31.648337004274353,0.0071539245952995,31.648337004274353
EC007921,1,32.73576924833538,-0.06919811037748284,32.73576924833538
EC005825,1,80.72151638349095,-0.052824849855290706,80.72151638349095
EC003758,1,54.06946588700224,-0.08678146151299526,54.06946588700224
EC005502,2,29.93743490263495,0.014817660513280054,29.93743490263495
EC005778,0,61.749582435200814,0.006625548134131188,61.749582435200814
EC007462,4,71.57300297690809,0.083745023978095,71.57300297690809
EC006085,0,28.30893290164977,0.006030230625873826,28.30893290164977
EC006479,2,49.52516128117359,0.0027718862211410372,49.52516128117359
EC007229,0,40.48448771306874,0.008415604870319953,40.48448771306874
EC004146,0,49.254902817810816,0.004743618019583921,49.254902817810816
EC001668,1,75.06864507528164,-0.08318860597616468,75.06864507528164
EC005498,1,78.25846349214856,-0.06957594079957015,78.25846349214856
EC000543,0,35.758428675833315,0.00953396894462648,35.758428675833315
EC003355,3,44.42028271352206,-0.04134549244886437,44.42028271352206
EC006572,1,39.91602220381453,-0.07726509194833645,39.91602220381453
EC007029,4,32.50051816595801,0.01165241216792505,32.50051816595801
EC001236,3,67.03124469774832,-0.032659731719328886,67.03124469774832
EC002566,2,58.195018117802654,-0.22995139263565845,58.195018117802654
EC004740,3,65.18830605407285,-0.025436429433793345,65.18830605407285
EC006843,4,35.71680347736556,0.0046505473379830665,35.71680347736556
EC002488,3,87.19577024607918,-0.0316883615103771,87.19577024607918
EC000629,0,48.73768003675844,0.012909594929534878,48.73768003675844
EC004457,4,75.25795938761678,0.06415866314726483,75.25795938761678
EC001016,0,32.92668933595617,0.006625548134131188,32.92668933595617
EC003527,1,29.462707475811154,-0.08029854061036276,29.462707475811154
EC007967,2,106.22939901762088,-0.033255934528602475,106.22939901762088
EC003297,3,25.8512340476398,-0.025260162306777176,25.8512340476398
EC004739,2,35.98065723993037,-0.03194093096995772,35.98065723993037
EC005937,1,81.88780499228213,0.20211350668891243,81.88780499228213
EC002554,3,48.3697373924641,-0.023955178900407027,48.3697373924641
EC006418,2,37.17416904937611,-0.009693776246705199,37.17416904937611
EC005229,0,33.13157774907767,0.006625548134131188,33.13157774907767
EC000078,0,47.933172841866366,-0.03247206299762276,47.933172841866366
EC007841,3,69.55246564943462,-0.025153248098129462,69.55246564943462
EC000039,4,28.977705854717765,0.0055484940197315265,28.977705854717765
EC007736,3,56.6478972233492,-0.028647312795789456,56.6478972233492
EC002299,3,53.05396694161564,-0.024112438941463706,53.05396694161564
EC002890,4,73.5684164500158,0.06609397306045667,73.5684164500158
EC007045,1,39.998743536724575,-0.07617405664351634,39.998743536724575
EC001503,2,44.84765841823663,-0.03741455351976876,44.84765841823663
EC003906,0,44.25767031200052,0.0,44.25767031200052
EC004410,4,28.98631143671297,0.0055748354079610644,28.98631143671297
EC002629,4,52.378630752560746,0.009670341191463268,52.378630752560746
EC004278,4,74.8976569309198,0.006197872830904394,74.8976569309198
EC006686,0,52.54743451352187,0.006951781409202365,52.54743451352187
EC003910,2,47.172163092389766,-0.1469974565597944,47.172163092389766
EC003037,2,34.05756728817783,0.0021769585912811973,34.05756728817783
EC005153,0,53.70392339728089,-0.0002742391668924905,53.70392339728089
EC001847,1,105.83901785491035,-0.014780780156689509,105.83901785491035
EC006724,1,46.68890637138874,-0.09332796240276936,46.68890637138874
EC004555,1,64.11149760979725,-0.07838227056574817,64.11149760979725
EC006879,4,25.504988446802127,0.0046505473379830665,25.504988446802127
EC003370,1,43.93906049673248,-0.037652901305740435,43.93906049673248
EC005508,4,71.77235694438163,0.012263568158635618,71.77235694438163
EC007466,2,28.915976162278003,-0.008006223065028073,28.915976162278003
EC007126,0,24.335970550239256,0.006675411755383069,24.335970550239256
EC002231,3,62.03724049219136,-0.037220224878304745,62.03724049219136
EC005874,1,22.250240977551883,-0.07899488292224634,22.250240977551883
EC004361,2,56.46260469986169,-0.24245100642420137,56.46260469986169
EC001805,1,72.817734715676,-0.07260060455291538,72.817734715676
EC000834,4,33.03014261765523,0.008771751717318865,33.03014261765523
EC008000,2,37.54834304099833,-0.0015508194621549481,37.54834304099833
EC004589,3,90.21824885899326,-0.04330501332521701,90.21824885899326
EC007799,4,32.80993918053949,0.0046505473379830665,32.80993918053949
EC002824,3,54.075996120127996,-0.056484589750738,54.075996120127996
EC001570,3,62.60230692898109,-0.04966078903687462,62.60230692898109
EC004898,3,70.51562057196426,0.0,70.51562057196426
EC007234,0,55.846981620796576,0.006690299319052983,55.846981620796576
EC007218,1,44.112257169196894,-0.09531006868812132,44.112257169196894
EC005230,1,26.00317871849419,-0.07838227056574817,26.00317871849419
EC000473,0,46.89000921633162,0.006336809077977543,46.89000921633162
EC006834,4,40.89702347793709,0.06671078598531671,40.89702347793709
EC001850,3,81.19475728184618,-0.04929475946342212,81.19475728184618
EC000441,3,59.1369678190224,-0.03814311644556101,59.1369678190224
EC007513,4,46.47920414750871,0.02933215112344219,46.47920414750871
EC001383,3,71.57647433981293,-0.025287230254426172,71.57647433981293
EC000761,1,50.413920137991006,-0.08597828155021249,50.413920137991006
EC003252,2,25.337800584309427,0.009793347667377474,25.337800584309427
EC001536,1,56.44400913887965,-0.07637475712268935,56.44400913887965
EC001127,4,68.07215454961889,0.0061642237321721804,68.07215454961889
EC007886,1,44.26968454848711,-0.022520996925588503,44.26968454848711
EC000435,0,53.98118151387901,-0.007884724470008977,53.98118151387901
EC000870,0,70.58210051055885,-0.009712334533896036,70.58210051055885
EC000466,4,40.677103529373085,0.0046505473379830665,40.677103529373085
EC004545,3,72.6952781472903,-0.034543719651102194,72.6952781472903
EC005126,4,37.411408549702486,0.0,37.411408549702486
EC005449,4,52.796455940013885,0.013432844921871332,52.796455940013885
EC003816,0,91.20200952189363,0.006556993680296795,91.20200952189363
EC003455,2,38.28200236132629,-0.018699534457149735,38.28200236132629
EC006004,3,65.9351364828943,-0.029919126103617254,65.9351364828943
EC005677,0,46.696343590995035,0.006403076650906552,46.696343590995035
EC001737,0,49.64191501454199,0.006625548134131188,49.64191501454199
EC007922,1,71.78687557753437,0.013299276197353271,71.78687557753437
EC005727,4,31.662442764242055,0.0046505473379830665,31.662442764242055
EC007006,0,66.46442277071692,-0.0041066020815911045,66.46442277071692
EC000606,3,26.783239306693375,-0.025484070464834835,26.783239306693375
EC000336,3,22.71710033581402,-0.025260162306777176,22.71710033581402
EC001116,2,29.19308702071784,-0.00623173767645771,29.19308702071784
EC005721,3,63.43940402449564,-0.025250875319694686,63.43940402449564
EC002201,4,30.7146129773216,0.0048026831828547716,30.7146129773216
EC007491,1,64.6850691268582,-0.07835929511474882,64.6850691268582
EC002962,2,70.5334298469093,-0.023042807219623276,70.5334298469093
EC000309,4,36.151903083430106,0.022203137622115728,36.151903083430106
EC007997,3,53.561466489234995,-0.016236810262099027,53.561466489234995
EC004362,1,63.92407516602427,-0.02953646652432717,63.92407516602427
EC001104,1,48.59480409744964,-0.06884087752121777,48.59480409744964
EC005352,4,43.1337307059488,0.00926793555209628,43.1337307059488
EC004205,4,37.46167605403162,0.0046505473379830665,37.46167605403162
EC006358,1,26.416686136491585,-0.07838227056574817,26.416686136491585
EC004641,1,44.802753008114955,-0.0707568980054916,44.802753008114955
EC000917,0,33.175062098889086,0.006625548134131188,33.175062098889086
EC007226,4,44.742599094809506,0.005040383651616413,44.742599094809506
EC000772,2,20.338569269957926,0.012127414167788467,20.338569269957926
EC005779,1,57.490522656738506,-0.06283257919034586,57.490522656738506
EC003232,1,52.063202238646376,-0.012962060939933365,52.063202238646376
EC004702,0,30.44863015627991,0.006852141849338795,30.44863015627991
EC006574,0,67.46544026085486,-0.015686640651216218,67.46544026085486
EC003113,0,45.03060102757307,0.005612436723666742,45.03060102757307
EC005109,1,43.775820969163874,-0.07858916951726672,43.775820969163874
EC007981,4,62.32381041056374,0.005887031556292888,62.32381041056374
EC002902,2,35.21714847332411,0.008704403027633326,35.21714847332411
EC002631,1,52.584100591283004,-0.035958181230022555,52.584100591283004
EC001382,3,60.38593736474107,-0.04122153573813381,60.38593736474107
EC007817,3,33.48394712991164,-0.02815412339565479,33.48394712991164
EC003161,4,31.724280190436865,0.007787745214575783,31.724280190436865
EC002799,1,86.3040219221115,-0.06225895888382574,86.3040219221115
EC006976,2,22.6748829198561,0.01398930586550623,22.6748829198561
EC002129,2,44.90165868253028,0.009094419555536817,44.90165868253028
EC003517,4,41.7273522744253,0.0046505473379830665,41.7273522744253
EC005233,2,45.522847209853566,-0.05700507696817661,45.522847209853566
EC000823,2,62.80421545724101,-0.003904385134125613,62.80421545724101
EC002491,2,82.6998877131163,0.013814248067829715,82.6998877131163
EC004777,4,27.329440369883326,0.0046505473379830665,27.329440369883326
EC001651,2,32.141677659685804,-0.005088283302855365,32.141677659685804
EC003126,3,70.75961268757845,-0.03642579051318462,70.75961268757845
EC003636,2,44.150280650463316,0.005564442666117771,44.150280650463316
EC007044,4,64.15937327236347,0.004801393380898706,64.15937327236347
EC006111,0,73.11906430291728,0.005623718395666494,73.11906430291728
EC001778,0,74.7506121598864,-0.03633349821254169,74.7506121598864
EC002662,4,24.203599457331574,0.0046505473379830665,24.203599457331574
EC005040,0,41.745317006138485,0.0008401947449710798,41.745317006138485
EC001740,0,60.23545999681589,-0.010423584252001687,60.23545999681589
EC004755,0,30.370776191408808,0.007162915836491998,30.370776191408808
EC004315,3,63.67871969653673,-0.06897862211976524,63.67871969653673
EC005087,4,130.4001586223736,0.2291646360696636,130.4001586223736
EC004428,4,47.20168112604588,0.017593344645901,47.20168112604588
EC006673,3,82.5257715187822,-0.030142443333454772,82.5257715187822
EC001254,2,40.09512760440984,-0.09398799315075897,40.09512760440984
EC005134,1,35.258870214001526,-0.07899985140590302,35.258870214001526
EC006552,2,71.72328635236151,-0.0220376902137902,71.72328635236151
EC000945,0,38.65047569587864,-0.0041796019806649015,38.65047569587864
EC007578,4,29.669486899366582,0.0055112696453645665,29.669486899366582
EC003109,0,56.0874356244181,-0.01093716580086445,56.0874356244181
EC003602,1,87.4126225034604,0.029378731153742857,87.4126225034604
EC003286,2,38.01122184685109,0.0030305105380560374,38.01122184685109
EC007600,0,33.96350263348186,0.01062715932857036,33.96350263348186
EC004863,0,68.62705317518974,0.006791682262477677,68.62705317518974
EC004038,4,64.38804111473084,0.10595763142485082,64.38804111473084
EC003873,3,97.31128500479184,-0.04608655810774751,97.31128500479184
EC000665,0,38.982765966922976,0.005619828459730105,38.982765966922976
EC006282,1,71.24093121239594,-0.007207144456391444,71.24093121239594
EC007250,0,41.450941355122005,-0.010987127368478128,41.450941355122005
EC004787,2,34.79016293854152,0.010549839689787906,34.79016293854152
EC000301,2,40.785346305627584,-0.09313318455335375,40.785346305627584
EC005920,3,50.093994226343916,-0.027863339472666206,50.093994226343916
EC006478,2,29.25964329863458,0.006579676895229817,29.25964329863458
EC006115,2,48.59703212392032,-0.028474988590561898,48.59703212392032
EC002619,2,44.555931746861376,-0.08289663183376463,44.555931746861376
EC005946,3,55.43472071671881,-0.02982118616977344,55.43472071671881
EC004542,1,88.62995000219402,-0.046462947455713166,88.62995000219402
EC002777,0,39.69519164387285,-0.01054857650743474,39.69519164387285
EC000196,0,29.176271171900837,0.006625548134131188,29.176271171900837
EC002304,0,80.69885735572905,-0.0315110348665642,80.69885735572905
EC007797,3,28.771521744196324,-0.025260162306777176,28.771521744196324
EC002178,1,97.04836059227257,-0.026984888418809458,97.04836059227257
EC004586,0,48.84137549945512,0.003478210188613138,48.84137549945512
EC001958,2,44.597508474887434,-0.06918159849145075,44.597508474887434
EC003769,4,55.33277409219944,0.07576159726994547,55.33277409219944
EC000159,0,73.50815409347035,-0.008571527999790765,73.50815409347035
EC004445,4,41.834477455390974,0.025162976519885385,41.834477455390974
EC005858,4,34.64889988364403,0.0046505473379830665,34.64889988364403
EC001087,4,30.44887072083166,0.00652307188063354,30.44887072083166
EC005576,0,79.98729058467397,0.0017266599397502062,79.98729058467397
EC006709,2,50.428127999615924,-0.13638664595187855,50.428127999615924
EC004714,2,73.29110401860076,-0.05903616262505342,73.29110401860076
EC006938,0,59.801029534640996,0.006625548134131188,59.801029534640996
EC003672,1,40.090231434963385,-0.05278636362705606,40.090231434963385
EC004587,1,28.333799093323933,-0.08035837777554478,28.333799093323933
EC003576,2,50.90281950333694,-0.0915079764316867,50.90281950333694
EC003966,2,72.39756889339534,-0.00993683245037999,72.39756889339534
EC000501,0,68.92210222653395,-0.02256907933956419,68.92210222653395
EC004524,0,45.78767389710323,0.0067211215068465275,45.78767389710323
EC000176,2,36.210215325266006,-0.004093924652452202,36.210215325266006
EC004053,0,31.202800471132377,0.007632415680525221,31.202800471132377
EC004887,3,25.906504222698562,-0.025260162306777176,25.906504222698562
EC007765,3,65.93837403404099,-0.025260162306777176,65.93837403404099
EC002966,0,33.55504325539186,0.008294644651375032,33.55504325539186
EC002003,1,29.798183227436795,-0.07944102628246782,29.798183227436795
EC006887,0,68.51141095821457,-0.010497920097383385,68.51141095821457
EC001376,1,125.1566807239978,0.08646430309340994,125.1566807239978
EC000099,0,31.560497167656,0.006671061855191804,31.560497167656
EC000195,2,54.77177652994801,-0.20565480265097563,54.77177652994801
EC002495,4,55.02708907982685,0.0,55.02708907982685
EC000922,1,46.221463245867184,0.0,46.221463245867184
EC005377,4,79.19833113898906,0.028667346198180045,79.19833113898906
EC006377,3,39.3029199952457,-0.023857449677530077,39.3029199952457
EC005367,2,38.49598564234614,-0.01495199607651178,38.49598564234614
EC007040,1,90.60952978593326,-0.0017877184698091783,90.60952978593326
EC004414,4,87.91761082991925,0.040261835690073536,87.91761082991925
EC000894,3,76.7982394362258,-0.025359868880271225,76.7982394362258
EC003144,2,77.39666775188151,-0.04886462332738968,77.39666775188151
EC002911,1,40.61820250460377,-0.0920510870366851,40.61820250460377
EC000232,2,56.753712170537625,-0.00041972294234222593,56.753712170537625
EC006321,2,35.485093311364004,0.0013313830969660725,35.485093311364004
EC002397,2,47.392369040677266,-0.02934560356033142,47.392369040677266
EC001473,0,43.36508967779007,0.015439914056692787,43.36508967779007
EC005980,4,60.265976556694206,0.3585701504002676,60.265976556694206
EC005053,1,66.01611371708242,-0.02439880882512674,66.01611371708242
EC006013,2,91.8482979971355,-0.0055910008438664754,91.8482979971355
EC007523,4,80.59244504514203,0.08577022397200922,80.59244504514203
EC006271,3,25.69412904658104,-0.02530639989181703,25.69412904658104
EC001517,0,75.27877046838263,-0.00438851036581313,75.27877046838263
EC004548,0,33.667858691220594,0.006625548134131188,33.667858691220594
EC006853,3,30.37899311630743,-0.025260162306777176,30.37899311630743
EC004694,3,46.19297352216499,-0.025260162306777176,46.19297352216499
EC001580,3,57.44564594009492,-0.02552134038202175,57.44564594009492
EC006472,0,65.94148302392269,-0.02112298561054875,65.94148302392269
EC007282,4,41.61279164244135,0.0059700494389900265,41.61279164244135
EC000049,4,69.63447119078165,0.05746138262902657,69.63447119078165
EC000174,1,45.86244592168065,-0.013317823519475823,45.86244592168065
EC004797,0,42.53283253757023,-0.025777109979575906,42.53283253757023
EC005010,0,41.08982189152031,0.00632345068789746,41.08982189152031
EC005988,3,55.67757561144186,-0.05198905957532742,55.67757561144186
EC006789,2,56.55376084267592,-0.030784178493461142,56.55376084267592
EC005739,4,56.29748332483503,0.02202934485057141,56.29748332483503
EC004534,2,58.74005877912229,-0.024226596100239507,58.74005877912229
EC001538,4,65.66910975599502,0.07966723517456191,65.66910975599502
EC002042,4,39.719027960709035,0.0590609682943762,39.719027960709035
EC000836,4,44.18700544347101,0.05522999013005907,44.18700544347101
EC001044,4,26.69646592225,0.0046505473379830665,26.69646592225
EC003011,2,92.3300032505408,-0.035706606807400794,92.3300032505408
EC004813,2,21.740660233866038,0.012994251297946402,21.740660233866038
EC002326,4,29.38970194441252,0.008961675653555268,29.38970194441252
EC003054,0,45.29034858340318,0.00638134809892395,45.29034858340318
EC006512,4,54.30300048096444,0.04673955386085091,54.30300048096444
EC004334,3,30.03745378933975,-0.024009271780511404,30.03745378933975
EC002245,4,32.23946997506794,0.008612614553839,32.23946997506794
EC002155,2,36.949407761418264,-0.0009212049331337596,36.949407761418264
EC002203,2,74.21279601290253,0.0,74.21279601290253
EC002609,1,40.20519641201454,-0.08081973089840452,40.20519641201454
EC007160,0,86.75403646336291,-0.008221468182808384,86.75403646336291
EC001448,0,37.100623881092744,0.006625548134131188,37.100623881092744
EC004378,1,38.76319976426149,-0.08015438064976141,38.76319976426149
EC003125,0,48.7536902509387,-0.003983296744860553,48.7536902509387
EC007056,0,32.121082435879984,0.006625548134131188,32.121082435879984
EC002916,3,38.32084890564205,-0.025260162306777176,38.32084890564205
EC001791,2,97.07905732119603,-0.049044113879330095,97.07905732119603
EC001729,0,41.08962887487241,0.0075099426056825114,41.08962887487241
EC005285,2,41.96726041272258,0.0006670462692239774,41.96726041272258
EC007865,4,47.76634262670647,0.02272728980816171,47.76634262670647
EC007408,1,37.87265903329775,-0.061238663738209666,37.87265903329775
EC005294,1,20.787149141735778,-0.07838227056574817,20.787149141735778
EC004556,0,60.87289932138495,-0.012436243155260233,60.87289932138495
EC003624,4,60.32452409757431,0.0,60.32452409757431
EC005252,0,36.80210680686747,0.005763512733492959,36.80210680686747
EC006194,1,83.61543775139599,0.022652118549942216,83.61543775139599
EC003753,3,31.47477003191184,-0.025260162306777176,31.47477003191184
EC000747,1,45.384575814047444,-0.0799131695092385,45.384575814047444
EC001970,0,52.812691556148316,0.008016113497342195,52.812691556148316
EC003366,1,66.6479131374209,0.04148781353191429,66.6479131374209
EC003111,0,38.335983277925884,0.011843238239585824,38.335983277925884
EC002512,0,28.084584089027587,0.006625548134131188,28.084584089027587
EC007504,4,42.28139309596469,0.007029903229085154,42.28139309596469
EC000374,3,53.831216260787556,-0.03488647009367157,53.831216260787556
EC002575,4,62.48688385625809,0.007253306821773942,62.48688385625809
EC002356,4,63.03877457574417,0.07768665214933143,63.03877457574417
EC004485,4,31.768812437229276,0.0046505473379830665,31.768812437229276
EC003070,1,33.97901972052145,-0.07945170479806793,33.97901972052145
EC004031,4,70.56444373334065,0.09431028226028196,70.56444373334065
EC001023,1,69.34931227583041,-0.0758313893475143,69.34931227583041
EC005866,4,68.73508728654478,0.005231964119353744,68.73508728654478
EC000509,3,36.29845950395397,-0.025260162306777176,36.29845950395397
EC006319,4,50.34913647663689,0.009998078278888711,50.34913647663689
EC005136,0,22.604098603981303,0.00694742678418789,22.604098603981303
EC007352,2,47.97775665765966,-0.12189317558886965,47.97775665765966
EC006704,2,41.21872651637269,-0.10908050372997986,41.21872651637269
EC006476,1,67.82277829837439,-0.07580326438896968,67.82277829837439
EC000837,0,78.46061090590868,-0.0732283031151588,78.46061090590868
EC005383,2,50.720297102458005,0.01395799275270182,50.720297102458005
EC001510,2,26.906860826717917,0.007654560755156539,26.906860826717917
EC004044,2,51.29459404471031,-0.06244785526667604,51.29459404471031
EC001310,3,85.07195794879178,-0.02861241794171499,85.07195794879178
EC007994,0,25.385597684464443,0.006625548134131188,25.385597684464443
EC004453,1,39.08122580806017,-0.07838227056574817,39.08122580806017
EC004974,1,72.99660904401513,0.0,72.99660904401513
EC006589,2,51.69451404090785,-0.05143663869474173,51.69451404090785
EC002423,2,30.2241492402631,0.014817660513280054,30.2241492402631
EC005910,0,83.22153120482618,-0.0005811109837593427,83.22153120482618
EC005766,0,40.975603141212794,0.004275001086804816,40.975603141212794
EC007762,4,56.28952755876807,0.05794432131389224,56.28952755876807
EC000175,0,63.79986571061973,0.006410863767793415,63.79986571061973
EC006033,0,49.13824388251926,-0.028095839652581642,49.13824388251926
EC004605,0,35.11071021884384,0.006625548134131188,35.11071021884384
EC000505,0,56.405774121545214,-0.0061209468142698065,56.405774121545214
EC000419,1,39.00438735493237,0.0,39.00438735493237
EC002342,4,53.20913823200148,0.0046505473379830665,53.20913823200148
EC000428,1,27.156458297025868,-0.07849295408929569,27.156458297025868
EC002433,2,32.065353213382984,0.008832752827603964,32.065353213382984
EC001985,3,45.89143568329866,-0.04055352874372784,45.89143568329866
EC005225,2,25.54941711034931,0.014817660513280054,25.54941711034931
EC005223,0,36.651964293145866,0.002528502714160055,36.651964293145866
EC001336,4,54.29338900688545,0.0046505473379830665,54.29338900688545
EC000151,2,61.03430895242786,-0.063595243530605,61.03430895242786
EC002993,4,56.63929286104236,0.04767714760375586,56.63929286104236
EC005795,2,38.76921254438837,0.0060214675161247115,38.76921254438837
EC004717,1,65.48336568390741,0.001256623735389699,65.48336568390741
EC004916,0,67.36633306403411,-0.010486172235934127,67.36633306403411
EC007551,2,65.57259319614171,-0.08050022470196247,65.57259319614171
EC001211,0,50.96072190819129,-0.0057894639605271195,50.96072190819129
EC000129,4,48.407361817339066,0.03909286639592367,48.407361817339066
EC000397,3,34.499994533323566,-0.02580505114955687,34.499994533323566
EC005280,4,17.362723993738005,0.0046505473379830665,17.362723993738005
EC000703,0,42.526518684400266,0.009884605774357095,42.526518684400266
EC001577,2,44.430896502170334,0.0,44.430896502170334
EC002351,4,41.27216992545733,0.03061963141243101,41.27216992545733
EC006079,4,62.30555659417315,0.005304086761815513,62.30555659417315
EC000879,2,52.04533300815138,-0.09428078949508678,52.04533300815138
EC000792,0,77.87565617942812,0.0,77.87565617942812
EC006914,4,56.37641220926609,0.09575709754700035,56.37641220926609
EC005086,1,54.996959995176894,-0.06667626554673083,54.996959995176894
EC001009,4,41.137108311848074,0.0,41.137108311848074
EC000980,4,53.64126550962581,0.038819351350362664,53.64126550962581
EC005119,0,36.792560335441614,-0.0010681666687232215,36.792560335441614
EC003991,0,72.35169214121711,0.006560579916210186,72.35169214121711
EC005251,4,49.669868626095706,0.04016442620279591,49.669868626095706
EC004156,3,57.53027696101167,-0.038009914035127365,57.53027696101167
EC005765,3,77.87749002669229,-0.027138706369315417,77.87749002669229
EC005161,4,49.50287609873535,0.030393382604554337,49.50287609873535
EC005152,0,55.597411674982524,-0.0015955162420357317,55.597411674982524
EC003782,4,28.903981340253292,0.006721947494705591,28.903981340253292
EC007873,0,30.257489402114924,0.006625548134131188,30.257489402114924
EC003203,3,33.44158838061268,0.0,33.44158838061268
EC000239,0,80.31909161398694,-0.0025995360405828985,80.31909161398694
EC006027,4,33.53527567202214,0.012509491487021185,33.53527567202214
EC001132,1,34.57013916341304,-0.07927854602200272,34.57013916341304
EC001360,1,46.82752235373789,-0.07706677326951468,46.82752235373789
EC006187,4,71.11481380384748,0.10789657092360044,71.11481380384748
EC005457,3,59.74394780018024,-0.03397088667071356,59.74394780018024
EC007156,1,74.19619967353874,-0.07764970330633089,74.19619967353874
EC002516,1,77.18543445746833,-0.07644970990008047,77.18543445746833
EC006226,2,28.614431017140262,0.012808674349374202,28.614431017140262
EC007333,3,44.227022593254105,-0.025459575453765263,44.227022593254105
EC005435,2,48.303722109285744,-0.12060121417905853,48.303722109285744
EC002411,3,15.989993756381848,-0.025260162306777176,15.989993756381848
EC000960,1,38.330792148327674,-0.06443614018193142,38.330792148327674
EC007718,4,58.31349041307483,0.004785987394231601,58.31349041307483
EC001459,2,75.52293557588247,-0.026565682956040355,75.52293557588247
EC006344,2,32.52826671632835,0.0,32.52826671632835
EC005896,3,49.07992728474404,-0.012535322879882564,49.07992728474404
EC005133,0,22.696117795183696,0.006625548134131188,22.696117795183696
EC004837,0,29.83159257376183,0.0065112357203943195,29.83159257376183
EC002866,0,48.73537258111773,0.0030573738375781956,48.73537258111773
EC004473,1,51.11914838148609,0.003700234784623904,51.11914838148609
EC002794,4,28.247082384692877,0.0046505473379830665,28.247082384692877
EC005208,1,78.46776499566683,0.0,78.46776499566683
EC004138,4,37.92852488073404,0.0046505473379830665,37.92852488073404
EC005756,2,37.06675700698959,0.0,37.06675700698959
EC001772,4,52.934159965363776,0.04154934420985635,52.934159965363776
EC002297,4,42.97217035406284,0.028155336573961104,42.97217035406284
EC003115,4,41.1772377706725,0.0046505473379830665,41.1772377706725
EC001912,3,37.60963602165595,-0.02399927380770734,37.60963602165595
EC005987,4,45.52312286394557,0.02630435240452395,45.52312286394557
EC007275,4,42.27872699277335,0.030104710740549046,42.27872699277335
EC005678,4,83.56639809671037,0.040716611970418926,83.56639809671037
EC004691,2,64.16327973095223,-0.054644386930436814,64.16327973095223
EC007889,4,47.54413549325132,0.024461433872495435,47.54413549325132
EC007816,3,75.39377814755842,-0.02612063293315868,75.39377814755842
EC004271,0,68.13542764876851,-0.026602019771492718,68.13542764876851
EC002921,1,45.964592825910465,-0.08306797322712574,45.964592825910465
EC004024,1,46.6581319282986,-0.081854472795951,46.6581319282986
EC006177,1,54.30379511210417,-0.02737604323273409,54.30379511210417
EC007864,0,42.57257423335761,-0.0029625118259134003,42.57257423335761
EC005191,2,54.49988577935562,-0.1628369329055499,54.49988577935562
EC005787,3,48.94545863622743,-0.027981299775107583,48.94545863622743
EC002674,0,27.464616212291023,0.006625548134131188,27.464616212291023
EC003539,3,65.34337982736591,-0.025260162306777176,65.34337982736591
EC007938,3,58.16978452276154,-0.031098918279465197,58.16978452276154
EC006368,2,67.84692995120659,-0.053932320334511695,67.84692995120659
EC002959,2,64.38231026421347,0.010395919051548234,64.38231026421347
EC007480,3,69.28366573910019,-0.02553997797496315,69.28366573910019
EC002888,1,40.378307645399616,-0.08050789949609374,40.378307645399616
EC007920,4,49.50262603872461,0.012490495269489789,49.50262603872461
EC002635,1,21.42519133672402,-0.07838227056574817,21.42519133672402
EC007449,1,32.41260432807063,-0.07795338772353458,32.41260432807063
EC005465,1,79.10626645302929,-0.07371328054706754,79.10626645302929
EC003848,1,63.188333648142944,-0.07863567315964348,63.188333648142944
EC004871,4,60.142621378596985,0.005839278288988867,60.142621378596985
EC004098,1,39.452052252809,-0.08158286081871381,39.452052252809
EC003640,0,27.350661859908758,0.006625548134131188,27.350661859908758
EC002754,3,66.66286575243723,-0.0412419454392546,66.66286575243723
EC001554,4,63.748152048701336,0.14984600211282034,63.748152048701336
EC007853,1,49.266266135764354,-0.09246157006079983,49.266266135764354
EC004232,3,46.02389023937258,-0.0070701405959828975,46.02389023937258
EC006465,2,66.84219256045165,0.014817660513280054,66.84219256045165
EC006037,1,61.581890673157446,-0.06110585337688941,61.581890673157446
EC000059,1,52.9615409542552,-0.09863328067558158,52.9615409542552
EC003929,1,55.663491276727676,0.006510546651839325,55.663491276727676
EC006915,1,34.671042218560785,-0.07838227056574817,34.671042218560785
EC000450,0,65.74390801319524,-0.01687280543786751,65.74390801319524
EC005532,0,45.933290373466306,0.005452653514587812,45.933290373466306
EC002282,4,30.456262936431443,0.0,30.456262936431443
EC007926,3,33.88679626917554,-0.025260162306777176,33.88679626917554
EC001199,2,49.973814711487364,-0.0038018655863796998,49.973814711487364
EC003918,2,61.445639995356935,-0.004873295675636269,61.445639995356935
EC005256,4,66.00254871171576,0.005724966570468681,66.00254871171576
EC007700,3,41.0342274149853,-0.03424690315910145,41.0342274149853
EC004052,3,30.709151858470026,-0.025321479354002835,30.709151858470026
EC005731,1,28.672341583986718,-0.08040134216449044,28.672341583986718
EC001093,2,48.199374181026855,-0.01612556097952849,48.199374181026855
EC005335,1,60.708943349751536,-0.05265868570867998,60.708943349751536
EC003082,1,70.25851820825292,0.3871244226620612,70.25851820825292
EC001163,0,22.031654457477835,0.007198741362377291,22.031654457477835
EC000184,1,33.39327125792226,-0.07838227056574817,33.39327125792226
EC001861,0,32.353889513068026,0.0,32.353889513068026
EC003597,1,61.08256089663991,-0.07073090562419077,61.08256089663991
EC006739,0,58.339509117158094,0.001395754029829842,58.339509117158094
EC004626,0,57.98977128663918,-0.016161200786922406,57.98977128663918
EC001041,4,58.15600685777409,0.07749583585812438,58.15600685777409
EC000808,2,23.234334302579075,-0.010184868759475121,23.234334302579075
EC002329,3,72.72097459619421,-0.025220040571825888,72.72097459619421
EC005023,4,40.81113689432431,0.052463365482039254,40.81113689432431
EC007909,1,53.971161670351485,-0.07902526736073896,53.971161670351485
EC003382,0,75.25263394088157,0.0060114590417123135,75.25263394088157
EC000958,1,54.94363824972833,-0.04802672374104358,54.94363824972833
EC001234,1,37.218616110478074,-0.06786541927247607,37.218616110478074
EC002473,3,40.85382845373232,-0.03578032410621857,40.85382845373232
EC001871,1,48.95998082022402,-0.02457068947444359,48.95998082022402
EC000637,2,53.27488473312123,-0.0014457977065813685,53.27488473312123
EC000914,4,37.34770222215562,0.014503762685735062,37.34770222215562
EC004561,3,51.26431707590825,0.0,51.26431707590825
EC002101,0,61.82335270808262,-0.017995259735129752,61.82335270808262
EC001823,1,52.21207126134274,-0.07800879852814398,52.21207126134274
EC000988,1,44.04377850513016,-0.06737413912949436,44.04377850513016
EC000905,1,27.582485588353713,-0.07924196511339818,27.582485588353713
EC004612,4,24.907592833059244,0.006870137838476974,24.907592833059244
EC001348,2,59.348980774961575,0.011252044888332056,59.348980774961575
EC003772,3,39.29585450924648,-0.04017569931133165,39.29585450924648
EC005912,2,100.92614745617207,0.0,100.92614745617207
EC000140,1,21.316629419773292,-0.07838227056574817,21.316629419773292
EC006760,3,44.47498271872497,-0.020900457774717322,44.47498271872497
EC003050,3,54.48090851970047,-0.026092106981587843,54.48090851970047
EC003324,0,48.651543269161564,-0.021802822813386174,48.651543269161564
EC000469,4,50.36706280521274,0.005192463255077717,50.36706280521274
EC000216,0,24.660804681135232,0.006625548134131188,24.660804681135232
EC004917,4,40.672017660723,0.0524196995425481,40.672017660723
EC001670,2,70.529819963063,-0.04725356088266866,70.529819963063
EC004125,1,34.159397832902826,-0.07838227056574817,34.159397832902826
EC000933,1,40.653973355724276,-0.07588774977712938,40.653973355724276
EC002953,3,64.17682636466014,-0.04325162739332609,64.17682636466014
EC003944,1,42.32776319696718,-0.08703011849723784,42.32776319696718
EC006072,3,45.20929242086058,-0.02731003332290524,45.20929242086058
EC000765,4,25.077775540834786,0.0046505473379830665,25.077775540834786
EC006470,2,54.55409686729403,0.014817660513280054,54.55409686729403
EC006930,0,33.3344431864879,0.006625548134131188,33.3344431864879
EC001691,4,29.93518596525046,0.0046505473379830665,29.93518596525046
EC000276,0,38.43765936199803,0.001207975788543887,38.43765936199803
EC007832,4,46.700535511569896,0.07582379891931597,46.700535511569896
EC000892,3,42.619771371817414,-0.025260162306777176,42.619771371817414
EC007337,2,58.270760063629254,-0.00308289686654363,58.270760063629254
EC003553,1,25.708844050057046,-0.07980272121209155,25.708844050057046
EC000308,2,22.052669995610117,0.0,22.052669995610117
EC006077,4,65.41479587447299,0.005913159643765466,65.41479587447299
EC004269,4,104.31648782975698,0.07112032274393124,104.31648782975698
EC005555,2,50.67022326760459,-0.03207554801063804,50.67022326760459
EC001721,1,37.948634719255594,-0.07913884555109992,37.948634719255594
EC006468,4,66.97556778083845,0.005418054221179493,66.97556778083845
EC007645,3,57.795695881943566,0.0,57.795695881943566
EC005938,3,30.892613227548498,-0.025260162306777176,30.892613227548498
EC006307,3,52.866635984697446,0.0,52.866635984697446
EC006849,1,47.03044269093318,-0.08920598456085939,47.03044269093318
EC000205,3,74.03316656686829,-0.025260162306777176,74.03316656686829
EC007264,4,32.18004101027107,0.0064350231641098175,32.18004101027107
EC005638,3,51.35896718342065,-0.05713506947300327,51.35896718342065
EC004160,1,66.58267676497799,-0.028775541657014413,66.58267676497799
EC007692,1,51.14757836414687,-0.08504933068731049,51.14757836414687
EC007813,3,45.04591856384671,-0.045918196261904944,45.04591856384671
EC002689,4,42.171589677598874,0.0046505473379830665,42.171589677598874
EC007423,4,26.650911023643523,0.008135645256213842,26.650911023643523
EC003923,4,60.0888434281232,0.00606971734883786,60.0888434281232
EC004025,2,61.31927722689358,0.010526596676492875,61.31927722689358
EC002133,0,29.529314821283,0.006765098677489729,29.529314821283
EC004671,4,57.04577394049993,0.1313329868231619,57.04577394049993
EC003950,2,47.44760428620529,-0.10205994166587799,47.44760428620529
EC000653,4,49.03793148121105,0.009978623510599489,49.03793148121105
EC000261,1,74.15084195174992,0.0,74.15084195174992
EC006122,4,31.198194314627813,0.0046505473379830665,31.198194314627813
EC000827,4,55.09425005852382,0.04271547033942712,55.09425005852382
EC006165,3,50.803919669739344,-0.027618913709458293,50.803919669739344
EC003317,3,49.30954759509115,-0.04777890068269558,49.30954759509115
EC002736,1,87.10721676324633,-0.02796480008007277,87.10721676324633
EC007236,3,31.959307808340107,-0.02705636614567978,31.959307808340107
EC005834,2,43.29217595358912,0.0,43.29217595358912
EC002403,0,71.79645398317754,0.006625548134131188,71.79645398317754
EC004690,0,34.32973289850499,0.0022175738269253945,34.32973289850499
EC000950,4,36.97130184180509,0.04181677271670395,36.97130184180509
EC006473,1,69.70869630269205,-0.0791247478369849,69.70869630269205
EC002747,4,35.97546513939473,0.00709205497319066,35.97546513939473
EC006731,2,60.21448189888296,-0.012694110029834237,60.21448189888296
EC006475,4,25.166937006588984,0.004939806706460551,25.166937006588984
EC006163,4,56.406235554584285,0.0,56.406235554584285
EC003347,2,66.80177411356605,-0.09428746657492355,66.80177411356605
EC004370,2,45.76360680299734,0.00982850668873364,45.76360680299734
EC001049,0,51.00887379714252,-0.0007272475637340566,51.00887379714252
EC002290,2,49.33757521805461,-0.032245608221820724,49.33757521805461
EC004010,1,64.35997847604489,-0.07838227056574817,64.35997847604489
EC001879,4,36.33165930474208,0.0049796098177087335,36.33165930474208
EC000013,2,64.55883302795851,-0.05551551123565086,64.55883302795851
EC006969,1,103.67571498862407,-0.022915868702045344,103.67571498862407
EC002343,1,38.40125955112209,-0.07838227056574817,38.40125955112209
EC007497,0,28.682377528330008,0.004811171751983971,28.682377528330008
EC005574,2,32.76525689366008,-0.03830627599790505,32.76525689366008
EC001935,0,36.53231726515143,0.006625548134131188,36.53231726515143
EC003441,2,52.849332545828986,-0.05094097129985496,52.849332545828986
EC002406,3,30.954623035013274,-0.025260162306777176,30.954623035013274
EC007415,3,66.93712693247501,-0.025260162306777176,66.93712693247501
EC004075,4,53.76750380052209,0.015891656939320462,53.76750380052209
EC000153,4,81.02539768646332,0.08998309781170585,81.02539768646332
EC001201,3,59.82813462565572,-0.025260162306777176,59.82813462565572
EC000987,0,45.23585832801797,0.006625548134131188,45.23585832801797
EC006968,0,40.40671993396194,-0.01657422341308439,40.40671993396194
EC007975,4,34.39231722208216,0.009132449574092354,34.39231722208216
EC004774,1,59.90789049649425,-0.05523627392030872,59.90789049649425
EC005604,3,39.64900962670405,-0.0371852877355011,39.64900962670405
EC000920,2,63.11120302473021,-0.07417486230790937,63.11120302473021
EC003544,2,23.700340202855713,0.014817660513280054,23.700340202855713
EC000654,3,28.216602215484475,-0.026028689612342268,28.216602215484475
EC003485,2,39.8142018387535,0.014817660513280054,39.8142018387535
EC007861,4,39.267692216592664,0.0046505473379830665,39.267692216592664
EC001476,3,41.00140745433553,-0.027814249181398035,41.00140745433553
EC007434,4,105.87472732997809,0.3524189447152764,105.87472732997809
EC000698,1,58.196990826119674,0.08398240598033371,58.196990826119674
EC001860,1,45.449345155231676,-0.07640115268455008,45.449345155231676
EC007391,0,52.429998895355624,-0.007986937899231532,52.429998895355624
EC003532,4,102.41049333023953,0.08550134756328834,102.41049333023953
EC001661,4,56.94271424927191,0.0046505473379830665,56.94271424927191
EC003638,0,72.12075786031497,0.007637345963174448,72.12075786031497
EC006000,2,28.201672449365308,0.006795149043659424,28.201672449365308
EC000146,4,38.67895423873986,0.00652899536285317,38.67895423873986
EC001431,2,44.35254480913888,-0.08582554417517314,44.35254480913888
EC006985,4,28.236468760337363,0.006874424457414489,28.236468760337363
EC001002,1,21.32397272807683,-0.07838227056574817,21.32397272807683
EC004754,1,54.118759569403224,-0.05208362143755708,54.118759569403224
EC006862,4,44.818382883070534,0.013559894559564741,44.818382883070534
EC005699,4,39.67866493781633,0.0046505473379830665,39.67866493781633
EC001401,4,61.850269654114555,0.05428504891776148,61.850269654114555
EC005572,1,39.30086932965461,-0.07838227056574817,39.30086932965461
EC006765,1,58.83036838978036,-0.07472403168234346,58.83036838978036
EC004928,1,28.49911746220321,0.0,28.49911746220321
EC006035,2,25.716926611832122,0.014817660513280054,25.716926611832122
EC006655,4,47.641991086025754,0.02862150771090886,47.641991086025754
EC005841,4,88.12145185038756,0.029238658007164707,88.12145185038756
EC003373,4,29.238261477757035,0.0,29.238261477757035
EC000893,2,47.724667672471355,-0.12118345871751142,47.724667672471355
EC003337,0,64.98773969480412,-0.02984370004885771,64.98773969480412
EC001111,4,61.21276082927695,0.008070266903265344,61.21276082927695
EC002659,0,54.74308868999228,0.0019526094571761638,54.74308868999228
EC007463,0,47.893835642637356,0.006154218829070095,47.893835642637356
EC001831,3,48.86938666334602,-0.03715246400705692,48.86938666334602
EC007867,1,102.29957896375657,-0.01736625497732904,102.29957896375657
EC003902,3,68.65902488516528,-0.02571508651754884,68.65902488516528
EC006719,4,65.43064877272931,0.03867666292802497,65.43064877272931
EC003920,1,67.98580193543522,-0.0780221078031007,67.98580193543522
EC005250,0,53.832131301203404,0.00535003831259559,53.832131301203404
EC002359,1,25.23457190266366,-0.07838227056574817,25.23457190266366
EC003959,0,83.49662953161001,0.0,83.49662953161001
EC000477,2,59.85104450547722,0.0,59.85104450547722
EC003722,1,30.7517803358828,-0.07884702286034832,30.7517803358828
EC000127,1,54.99655734057037,0.0,54.99655734057037
EC005145,0,38.76153525866776,0.002556538220605439,38.76153525866776
EC003661,1,72.01025225183656,0.023145979114582646,72.01025225183656
EC006942,4,78.77952100735095,0.37703347184466945,78.77952100735095
EC007793,1,57.49859844574593,-0.07838227056574817,57.49859844574593
EC004360,1,29.699884240341,-0.07934449476838823,29.699884240341
EC005639,3,44.199948809134334,-0.022863027406253816,44.199948809134334
EC006229,3,19.85729566337718,-0.025260162306777176,19.85729566337718
EC000256,0,31.345608516070158,0.0054290437694990475,31.345608516070158
EC006109,3,50.52768779758746,-0.028391948074654234,50.52768779758746
EC000944,3,41.40001159106591,-0.025617586631276897,41.40001159106591
EC002233,2,48.7983054043681,-0.005216444082875575,48.7983054043681
EC001815,4,42.90516873439425,0.049635508534352474,42.90516873439425
EC001891,4,65.82833411298839,0.09767661176996403,65.82833411298839
EC002477,3,41.11782223305668,-0.03398798646862775,41.11782223305668
EC006863,1,45.75164147704871,-0.07680707382160123,45.75164147704871
EC007704,1,30.588026195688855,-0.07838227056574817,30.588026195688855
EC006531,4,69.99933086909944,0.0,69.99933086909944
EC002283,3,71.93494803820138,-0.030998523045100226,71.93494803820138
EC001976,1,34.894204448381394,-0.07838227056574817,34.894204448381394
EC003266,4,29.45268255178299,0.0046505473379830665,29.45268255178299
EC006596,4,45.68791715774233,0.0658173371113879,45.68791715774233
EC007361,1,22.757857831312574,-0.07838227056574817,22.757857831312574
EC004668,3,67.45605207309545,-0.026359407440866834,67.45605207309545
EC001542,1,95.01210083905315,-0.04457576004747475,95.01210083905315
EC001083,3,87.63652776832836,-0.023743209566596882,87.63652776832836
EC005117,1,40.99209658390192,-0.04027171265562575,40.99209658390192
EC001442,1,46.41620393402432,-0.07595099615988958,46.41620393402432
EC000429,3,35.59649911537916,-0.027358666770613906,35.59649911537916
EC000693,0,87.98734953106032,-0.013899169091889232,87.98734953106032
EC002552,0,42.27915016387227,0.0022054638243533074,42.27915016387227
EC000328,3,48.97832944455338,-0.02666135163959593,48.97832944455338
EC000421,1,26.195068029242293,-0.07812512565681087,26.195068029242293
EC004790,1,33.38438252361856,-0.07993980411933661,33.38438252361856
EC006404,3,21.63784615431965,-0.025260162306777176,21.63784615431965
EC006758,3,42.762835266309935,-0.013210298155152143,42.762835266309935
EC002656,3,53.86101827440421,-0.05916525813555548,53.86101827440421
EC001481,3,27.658840998799338,-0.025260162306777176,27.658840998799338
EC002957,4,31.70378445268222,0.010365992049488886,31.70378445268222
EC004252,0,61.828323963068634,0.01134993392091487,61.828323963068634
EC001934,0,41.04812977092787,-0.006603988104227964,41.04812977092787
EC003262,4,44.08837672185625,0.007994788708526893,44.08837672185625
EC000626,3,65.91672365847913,-0.02505468264814452,65.91672365847913
EC002523,0,35.472704901524935,0.0036835611938971936,35.472704901524935
EC007553,3,67.15509325495141,-0.03352934161737944,67.15509325495141
EC006683,1,21.590213173753828,-0.07838227056574817,21.590213173753828
EC004520,1,20.929735075091187,-0.07844501643530169,20.929735075091187
EC004737,1,41.24967131057343,-0.07872975825265657,41.24967131057343
EC005564,0,24.06508014087303,0.006665507841332075,24.06508014087303
EC001296,0,67.52211684997269,-0.014655340949791252,67.52211684997269
EC002391,0,38.341822223373796,0.0058787487499703875,38.341822223373796
EC007658,3,35.87628370541426,0.0,35.87628370541426
EC005633,4,50.52522866720916,0.0512625991718615,50.52522866720916
EC006161,0,53.3610759998334,-0.004208486881332974,53.3610759998334
EC006019,0,57.39032541147281,-0.0017517509005347673,57.39032541147281
EC000695,3,47.278417630422595,-0.026624270293194145,47.278417630422595
EC007318,2,31.365743031057292,-0.024157724673359804,31.365743031057292
EC007225,4,84.93466823531217,0.03889937444088965,84.93466823531217
EC006935,4,46.36385269780979,0.07290236077751451,46.36385269780979
EC001322,4,53.56900730719329,0.08607213638010516,53.56900730719329
EC000800,0,23.463291605447687,0.0,23.463291605447687
EC001452,2,74.69004362184536,-0.017521890468038023,74.69004362184536
EC000580,2,68.78289059663963,0.00924292134279446,68.78289059663963
EC004562,1,36.212585774273954,-0.07709112151089995,36.212585774273954
EC003787,0,56.43852156665786,0.004429722885782974,56.43852156665786
EC007720,1,59.48153307302803,-0.06329694902441062,59.48153307302803
EC004133,0,85.61703420548987,0.006625548134131188,85.61703420548987
EC004388,1,69.00244726500524,-0.07833795705616473,69.00244726500524
EC007047,1,43.247621174964756,-0.03484207329159371,43.247621174964756
EC002538,1,64.87838207364621,-0.012064030912709023,64.87838207364621
EC002106,0,28.953241230568995,0.006516408813271118,28.953241230568995
EC002111,4,44.55185170230831,0.06682543681744477,44.55185170230831
EC006127,4,30.82881168270039,0.0046505473379830665,30.82881168270039
EC000403,4,71.30352439989477,0.09204481557090688,71.30352439989477
EC001569,2,67.64953951847404,0.014817660513280054,67.64953951847404
EC001900,4,35.288378813660124,0.035274338752022356,35.288378813660124
EC007550,4,49.46551789452152,0.11184125659026758,49.46551789452152
EC002604,2,37.65875442692507,0.007995684182473428,37.65875442692507
EC003736,0,74.94511925886287,-0.016470832883513115,74.94511925886287
EC006228,3,77.80652298730385,-0.04154694149865226,77.80652298730385
EC001690,4,44.53527704008751,0.01731424726747157,44.53527704008751
EC006967,1,70.399837261533,0.10135483154665414,70.399837261533
EC003110,4,48.413603384455975,0.07216656741044711,48.413603384455975
EC007010,2,47.96559582040489,-0.0591988452724478,47.96559582040489
EC007758,4,61.80294028897745,0.0046505473379830665,61.80294028897745
EC003393,0,67.12720734596073,0.005948705594248169,67.12720734596073
EC006280,1,53.45381629927993,-0.016726369399152757,53.45381629927993
EC004313,3,42.33849257917505,-0.02412346326698684,42.33849257917505
EC007676,2,104.91211905365628,0.04785915985275847,104.91211905365628
EC006464,2,43.65716194150571,-0.13955413180458587,43.65716194150571
EC002358,2,33.71762271487867,-0.03272281269997071,33.71762271487867
EC005070,0,94.4549155509368,-0.07677449419166661,94.4549155509368
EC007378,1,73.88621741489777,-0.004460600521478751,73.88621741489777
EC003507,0,34.18272233335804,0.0,34.18272233335804
EC003504,4,68.02105769377447,0.08671125519926565,68.02105769377447
EC007606,0,62.3193270128659,0.006830877727993478,62.3193270128659
EC004478,4,39.85533892735803,0.004945401297252572,39.85533892735803
EC001801,4,42.2597588862729,0.013205851009581115,42.2597588862729
EC007615,3,43.69576498978175,0.0,43.69576498978175
EC004923,0,24.315498912098736,0.007380895299872575,24.315498912098736
EC000283,1,71.47206472597139,-0.07037967630452857,71.47206472597139
EC005390,2,25.15854858675143,-0.0014892720374904064,25.15854858675143
EC005626,2,46.00481180068408,-0.03354544123306577,46.00481180068408
EC000970,4,43.05241119831135,0.06397545015773252,43.05241119831135
EC001470,3,39.0892480475199,-0.025260162306777176,39.0892480475199
EC005480,3,71.21979171697278,0.0,71.21979171697278
EC003732,3,65.87283793116617,-0.026452312779316915,65.87283793116617
EC005160,1,25.242255525313603,-0.07838227056574817,25.242255525313603
EC006690,4,69.90415080607826,0.09145484536958005,69.90415080607826
EC000952,2,25.677880618265455,0.014817660513280054,25.677880618265455
EC003486,0,63.75548695667065,0.006625548134131188,63.75548695667065
EC000008,3,35.874882909846434,-0.031182649067522612,35.874882909846434
EC002806,0,62.59759568428441,0.006808606732543785,62.59759568428441
EC002982,0,103.89088665545401,-0.02635142946333505,103.89088665545401
EC003684,3,35.64211898720286,-0.025260162306777176,35.64211898720286
EC006138,0,56.846806568516456,-0.01893753818636513,56.846806568516456
EC001384,2,66.54836992247584,-0.06541245826286882,66.54836992247584
EC000050,2,47.195610615170494,-0.02057489925069361,47.195610615170494
EC004118,2,50.2199811537747,0.0008753681058748033,50.2199811537747
EC001497,2,43.85167161341713,0.014817660513280054,43.85167161341713
EC001471,1,81.80238810865903,0.18019566014062552,81.80238810865903
EC007237,2,33.360815338992424,-0.025164864582623778,33.360815338992424
EC007444,4,61.8688478528382,0.020739944911298464,61.8688478528382
EC004072,2,69.46338063767668,0.0,69.46338063767668
EC007531,3,56.04581235510216,-0.03142767715699553,56.04581235510216
EC006687,0,43.799760625369196,0.006625548134131188,43.799760625369196
EC003971,0,42.205285207692,-0.0038212757349732887,42.205285207692
EC000996,0,37.25970481015027,0.006625548134131188,37.25970481015027
EC006549,3,20.521859546716072,-0.025260162306777176,20.521859546716072
EC001160,0,88.97262325296826,-0.0568625015549074,88.97262325296826
EC007426,0,37.93641845405219,0.006625548134131188,37.93641845405219
EC004255,4,43.06538152862936,0.0059287372181216665,43.06538152862936
EC004881,1,51.89062780475248,-0.07996561416560637,51.89062780475248
EC004061,1,70.47622126784103,0.008316441501071983,70.47622126784103
EC005242,1,67.55736931573354,-0.07838227056574817,67.55736931573354
EC000295,3,47.64242800167779,0.0,47.64242800167779
EC003061,3,41.40386262563318,-0.025260162306777176,41.40386262563318
EC001457,2,60.40302945180723,0.0051693121671243444,60.40302945180723
EC004249,0,48.07501655288821,0.0,48.07501655288821
EC006711,3,52.47236563747012,-0.03257188422023734,52.47236563747012
EC003932,4,40.947120197268156,0.009453499962992256,40.947120197268156
EC007855,3,57.2766706761763,-0.03664484775890739,57.2766706761763
EC006297,1,38.77416333619134,-0.06629903173503066,38.77416333619134
EC005565,0,29.079047075886656,0.006625548134131188,29.079047075886656
EC002586,0,55.48687860145,0.008140541078037225,55.48687860145
EC003237,3,65.4265525021988,-0.025282488768107556,65.4265525021988
EC002379,0,32.91717415774766,0.005944466911800629,32.91717415774766
EC000600,0,28.326533067803986,0.005475792362675795,28.326533067803986
EC002079,2,53.53917526059433,-0.07620024321110465,53.53917526059433
EC000733,0,67.99102115237766,0.004366725863240274,67.99102115237766
EC006841,0,23.34494189707012,0.009381835940766662,23.34494189707012
EC007601,1,60.21680244851647,0.017550459777341196,60.21680244851647
EC005758,3,49.939764527795255,-0.02158481219261111,49.939764527795255
EC005248,4,44.44270862943976,0.0046505473379830665,44.44270862943976
EC006551,1,85.51914369022796,0.04379383913535982,85.51914369022796
EC003499,2,48.65630751846167,-0.17673680521007679,48.65630751846167
EC001312,4,46.50357883202153,0.03223173329016482,46.50357883202153
EC006121,0,26.422524069730972,0.006625548134131188,26.422524069730972
EC005447,0,51.75274271455766,-0.0062466785112272934,51.75274271455766
EC000549,0,27.480731504976116,0.006625548134131188,27.480731504976116
EC006149,3,63.25206030657944,-0.04390626503249144,63.25206030657944
EC002950,0,54.61153524074494,0.0,54.61153524074494
EC001099,4,43.50152835021812,0.023292122857191084,43.50152835021812
EC000031,4,65.14711260497383,0.13558488318386486,65.14711260497383
EC003380,0,64.90844310665172,0.006625548134131188,64.90844310665172
EC006994,4,44.16557721000521,0.02380550116555482,44.16557721000521
EC000632,1,27.907517289706654,-0.07838227056574817,27.907517289706654
EC003643,4,63.56307692768684,0.07654307223191477,63.56307692768684
EC004595,1,21.597247749879767,-0.07838227056574817,21.597247749879767
EC006908,4,29.397008533067083,0.00532563814400128,29.397008533067083
EC002108,3,44.61348939191309,-0.02722685928962911,44.61348939191309
EC001635,3,54.32475953268121,0.0,54.32475953268121
EC005458,2,73.7868605514874,0.004773026021764309,73.7868605514874
EC002154,1,47.826780965363746,-0.07660572055146701,47.826780965363746
EC003056,2,35.35886166067491,0.014817660513280054,35.35886166067491
EC007898,4,32.61730908400315,0.01404592598149524,32.61730908400315
EC006636,2,47.09454750527517,0.008370729136320955,47.09454750527517
EC002147,0,56.59612479187965,0.005824725752279285,56.59612479187965
EC006807,0,37.96111672828049,0.006625548134131188,37.96111672828049
EC007747,3,82.56783503726572,-0.03683594722632346,82.56783503726572
EC007149,2,26.705426978676222,-1.6056364573510673e-05,26.705426978676222
EC007696,4,19.982361281269533,0.0046505473379830665,19.982361281269533
EC007897,2,34.833078828289935,-0.05283574774069011,34.833078828289935
EC004008,0,24.98876893206549,0.006625548134131188,24.98876893206549
EC006890,0,20.858756322063975,0.006625548134131188,20.858756322063975
EC003235,1,59.64331149686468,-0.04526468117933814,59.64331149686468
EC004247,4,44.75971579234298,0.046262426989776374,44.75971579234298
EC005991,4,56.21331532819641,0.025895860849472804,56.21331532819641
EC001090,2,38.22452606316639,-0.025547086554867197,38.22452606316639
EC006260,3,86.23678748022294,-0.025082901816822822,86.23678748022294
EC002967,0,35.930436776709946,0.0,35.930436776709946
EC005059,2,83.85505944547307,-0.05576161308897161,83.85505944547307
EC007912,2,62.04465224763139,0.0,62.04465224763139
EC000775,3,73.80345272614449,-0.025260162306777176,73.80345272614449
EC005629,0,40.93807982274984,0.006625548134131188,40.93807982274984
EC002822,3,48.901842235635655,-0.024588708359627696,48.901842235635655
EC006483,3,65.59864341813457,-0.045818840776682274,65.59864341813457
EC003157,4,77.55968908235187,0.18908114651008698,77.55968908235187
EC005202,2,71.01318781722087,-0.04544744868721102,71.01318781722087
EC005094,0,85.74768736428246,-0.014845537983855015,85.74768736428246
EC006723,0,42.3192386256582,0.022949173705910375,42.3192386256582
EC000043,3,40.120765386576444,-0.025352096430783403,40.120765386576444
EC003531,0,78.03722053431561,0.0054139709840258276,78.03722053431561
EC001639,1,24.2437064511981,-0.07839012228418885,24.2437064511981
EC006264,3,34.88820614020524,-0.02495499081531183,34.88820614020524
EC005939,2,75.57786846535978,-0.021573088240221167,75.57786846535978
EC005075,3,50.59772852859917,-0.020350632369880228,50.59772852859917
EC007297,3,24.471827222775268,-0.025571883405250087,24.471827222775268
EC006059,2,31.160224734661497,0.014817660513280054,31.160224734661497
EC006780,0,57.472923420904245,0.010965307748601492,57.472923420904245
EC000384,1,40.35335077745374,-0.07862520336691425,40.35335077745374
EC003937,3,43.33063190029903,-0.039827839427886855,43.33063190029903
EC006819,3,93.68645925077452,0.0,93.68645925077452
EC004506,4,54.72438237703644,0.004757739524963663,54.72438237703644
EC003572,2,58.099933536973126,0.0,58.099933536973126
EC001434,1,34.805397137391566,-0.07887874528983518,34.805397137391566
EC001677,2,81.18177235250133,-0.08454103729331575,81.18177235250133
EC005463,3,80.40024648898527,-0.025434965279894126,80.40024648898527
EC004173,0,101.30990521348241,-0.009433286244618816,101.30990521348241
EC007146,1,84.49907811907752,-0.051037151728646264,84.49907811907752
EC001716,1,65.36757903672115,-0.07896977722815973,65.36757903672115
EC004633,0,27.09830333050647,0.006675058569324607,27.09830333050647
EC002555,2,33.30577157287773,-0.0070131071341649025,33.30577157287773
EC007812,4,41.92021577820392,0.0046505473379830665,41.92021577820392
EC001683,3,39.64485865995449,-0.0293563599492692,39.64485865995449
EC007935,2,92.61802709653189,-0.024855513853132408,92.61802709653189
EC007643,3,57.84874757574769,-0.036339305188974526,57.84874757574769
EC007329,0,31.6536347670164,0.006625548134131188,31.6536347670164
EC000296,0,22.356047885112005,0.0072281498218552415,22.356047885112005
EC002457,1,41.0491255344631,-0.07351531551218127,41.0491255344631
EC000126,4,52.14045774197483,0.1118291800165489,52.14045774197483
EC002500,0,45.95388108429674,-0.023282812948401163,45.95388108429674
EC001995,4,45.16712363821045,0.010730892227599823,45.16712363821045
EC001518,1,65.50095896418108,-0.07847989539663466,65.50095896418108
EC007541,2,91.94796154257027,-0.027663047817545767,91.94796154257027
EC005632,4,34.35571073306091,0.005582488663713709,34.35571073306091
EC007096,4,89.54300536207663,0.05221898018169116,89.54300536207663
EC007078,0,60.45455986853729,0.0014864753927643468,60.45455986853729
EC005515,0,22.498398182930973,0.006625548134131188,22.498398182930973
EC000912,3,46.25115718371982,-0.03714671283485604,46.25115718371982
EC003631,1,72.1196233818792,-0.06724884931631299,72.1196233818792
EC006681,3,43.83511404758557,-0.03502206969334412,43.83511404758557
EC004054,4,72.91267685905513,0.009885497916612588,72.91267685905513
EC006251,2,86.39090207393595,-0.14821229127767888,86.39090207393595
EC007854,4,72.46350934762052,0.11992990848973376,72.46350934762052
EC005581,2,61.17398589129711,-0.00459624370495261,61.17398589129711
EC000704,3,66.40211699698503,-0.02519720214999748,66.40211699698503
EC002802,1,41.64331661494515,-0.038480767781655184,41.64331661494515
EC007685,2,59.35041079807807,0.007140404121002593,59.35041079807807
EC003726,3,34.34628986735658,-0.023931580964549636,34.34628986735658
EC000895,3,64.27384412222673,-0.034970143286070204,64.27384412222673
EC005922,2,92.47842485007735,0.08309043781781568,92.47842485007735
EC005074,4,32.31506951534921,0.010577604015214615,32.31506951534921
EC001243,0,73.03980488534437,0.006492088811246613,73.03980488534437
EC002158,2,85.16132634988078,-0.006697931106502658,85.16132634988078
EC003656,3,28.590290536506092,-0.025260162306777176,28.590290536506092
EC005744,3,37.08507223083952,-0.03013193419421887,37.08507223083952
EC007305,4,43.031426856845705,0.0046505473379830665,43.031426856845705
EC006097,4,90.15356136230798,0.04154725894949364,90.15356136230798
EC003917,3,30.819629100241244,-0.025260162306777176,30.819629100241244
EC007310,3,30.0774954276569,-0.025260162306777176,30.0774954276569
EC007622,4,42.97075293279334,0.017545169056340012,42.97075293279334
EC003502,0,46.19563631455599,0.025419462460500607,46.19563631455599
EC005531,0,33.92589970707919,0.0065417174461120005,33.92589970707919
EC005227,4,69.50656047907898,0.046956069238784044,69.50656047907898
EC003100,2,44.06063082645174,0.006143636162137155,44.06063082645174
EC007852,3,32.28296230804085,-0.025260162306777176,32.28296230804085
EC001358,3,21.99460355690021,0.0,21.99460355690021
EC006975,4,86.35530824489794,0.17371275466224562,86.35530824489794
EC005751,2,54.97260643259749,-0.010314294368239978,54.97260643259749
EC006259,0,69.05701784958869,-0.024230785974880507,69.05701784958869
EC007570,0,43.863158373816546,0.023096818314327975,43.863158373816546
EC003804,4,72.59054832883521,0.12502587395411877,72.59054832883521
EC002249,4,34.52767259538409,0.0046505473379830665,34.52767259538409
EC006030,4,71.83042208247872,0.08375753652903725,71.83042208247872
EC007272,3,25.349359363155006,-0.025260162306777176,25.349359363155006
EC007394,2,92.63179699478816,-0.03298795616086856,92.63179699478816
EC005312,2,32.109111044089246,0.013991297647270452,32.109111044089246
EC007358,4,42.85512025370175,0.06567005177570967,42.85512025370175
EC003386,4,23.624810439156416,0.00476799879573268,23.624810439156416
EC005490,0,24.213808147337478,0.006625548134131188,24.213808147337478
EC004397,0,39.79670670493508,0.007105160980265762,39.79670670493508
EC007883,3,25.65368352651474,-0.025260162306777176,25.65368352651474
EC006174,4,108.61758464044519,0.06390513408784876,108.61758464044519
EC007417,2,67.51586278032528,-0.004443663818869958,67.51586278032528
EC005683,0,60.9629716201777,-0.024843368062169337,60.9629716201777
EC004905,4,42.50188594152754,0.005839526209803537,42.50188594152754
EC004279,3,27.63087989042408,-0.0264137837946241,27.63087989042408
EC001328,4,38.14581461624917,0.0046505473379830665,38.14581461624917
EC001899,3,36.93315625439843,-0.026446903326126425,36.93315625439843
EC006702,0,27.930483821630336,0.006625548134131188,27.930483821630336
EC002443,4,43.66565674690695,0.015078877258131056,43.66565674690695
EC005359,1,48.75553041491789,-0.0013854344326509477,48.75553041491789
EC001368,4,86.51223206084035,0.03621858598619384,86.51223206084035
EC001440,4,63.096698585037096,0.09771564292124635,63.096698585037096
EC001276,3,53.15857650696219,-0.027272263119505445,53.15857650696219
EC003024,2,31.83848088284143,0.009723118523069209,31.83848088284143
EC005871,0,41.464620160590755,-0.0035330602782907257,41.464620160590755
EC000388,0,36.15524660110681,0.008531800875665295,36.15524660110681
EC007844,4,45.06079217728881,0.020456062330853654,45.06079217728881
EC004340,2,67.14168798799757,0.004265929824901652,67.14168798799757
EC007742,3,37.31339714275678,-0.025123020142436676,37.31339714275678
EC004045,0,42.2841457095369,-0.01437527610642352,42.2841457095369
EC004665,3,35.01291826796885,0.0,35.01291826796885
EC000338,2,72.67828099143365,-0.0301684595874045,72.67828099143365
EC005292,0,43.06578299723931,-0.007457966068118681,43.06578299723931
EC006881,2,21.519041239161886,0.014817660513280054,21.519041239161886
EC002709,0,59.92479976941922,-0.03144924474744833,59.92479976941922
EC003166,2,52.854073266629584,0.0,52.854073266629584
EC003290,4,32.488923814459014,0.0,32.488923814459014
EC000077,2,41.522475007534915,-0.01723536849220524,41.522475007534915
EC001445,3,41.11579028346905,-0.025260162306777176,41.11579028346905
EC002705,3,57.7161015501582,-0.03476491819237601,57.7161015501582
EC004929,4,68.97823146930737,0.053086634250323714,68.97823146930737
EC006746,0,46.561898512941475,0.008009659245231695,46.561898512941475
EC003278,3,63.82667557704858,-0.03753165401464014,63.82667557704858
EC006215,2,55.9898919329345,-0.012701351474644927,55.9898919329345
EC002024,1,51.91895592391788,-0.08762572358641754,51.91895592391788
EC000803,3,31.56886001710979,-0.025008779736715565,31.56886001710979
EC006051,4,84.9979753793988,0.1430749734715795,84.9979753793988
EC001054,1,42.12814332949388,-0.07906757712024791,42.12814332949388
EC000511,4,86.6991652265206,0.269084118879931,86.6991652265206
EC000113,2,51.50615641854953,-0.01863630130131717,51.50615641854953
EC000393,4,71.09780894853333,0.07739687695026477,71.09780894853333
EC000513,4,46.391087932173036,0.015161080063428707,46.391087932173036
EC001836,1,20.57842235491298,-0.07838227056574817,20.57842235491298
EC000612,4,24.65718445892325,0.006523782212400086,24.65718445892325
EC001077,1,46.75521252563954,-0.032192071229418306,46.75521252563954
EC001387,2,57.99492013147214,-0.07709245945077411,57.99492013147214
EC005929,2,39.22668934256795,-0.05455187476475497,39.22668934256795
EC005433,0,48.94925242121597,-0.026626616396114338,48.94925242121597
EC001205,4,66.77741800446348,0.0046505473379830665,66.77741800446348
EC003599,1,47.775763874754674,-0.08068576309676155,47.775763874754674
EC004407,2,40.357821851707655,0.006214968880792052,40.357821851707655
EC004448,2,42.54148616588502,-0.026262533003448774,42.54148616588502
EC007206,2,41.83433654440905,-0.010014494553325953,41.83433654440905
EC000790,0,31.574764284193765,0.001487754866279709,31.574764284193765
EC003075,4,53.577959777892424,0.024530163789430695,53.577959777892424
EC002960,3,49.79555957796807,-0.02495466243117027,49.79555957796807
EC001964,4,67.52300576257372,0.004731454273693921,67.52300576257372
EC007137,2,55.83482424419012,-0.0029582948612141696,55.83482424419012
EC000036,2,28.155785954229806,0.013493000892934356,28.155785954229806
EC000454,1,47.85571116095672,-0.030170442641127393,47.85571116095672
EC003399,2,43.03871412471034,-0.10577307416567862,43.03871412471034
EC001664,3,45.359345748102555,-0.026027415450293113,45.359345748102555
EC003263,2,44.00346687271612,-0.07685522326611945,44.00346687271612
EC006089,4,47.80217576333894,0.02446719710328022,47.80217576333894
EC001486,1,35.376863127031186,-0.07935498603067803,35.376863127031186
EC001974,4,39.63695783123705,0.02170499086279011,39.63695783123705
EC001338,4,36.3050785286967,0.01832638490385461,36.3050785286967
EC004298,1,38.774382597547884,-0.07838227056574817,38.774382597547884
EC003623,3,72.58148123894622,-0.04078459709155451,72.58148123894622
EC002849,0,65.37697332171967,-0.03950526066517345,65.37697332171967
EC001834,1,27.279277354922584,-0.07966579815802388,27.279277354922584
EC004915,0,45.1509636117128,0.0055766296861881216,45.1509636117128
EC007608,0,47.05845952150922,0.0004002576012567038,47.05845952150922
EC000108,0,50.929554929915525,0.010347376424071556,50.929554929915525
EC004617,2,44.336541769940034,0.0040916396096880095,44.336541769940034
EC001565,0,56.37935736032647,0.009879858594589704,56.37935736032647
EC005342,4,52.98155234522625,0.0392933080301749,52.98155234522625
EC001385,4,86.33185524989733,0.055955565992954454,86.33185524989733
EC005891,1,74.50124358338749,-0.028556132641681987,74.50124358338749
EC000052,4,86.63173573064311,0.03376790171542006,86.63173573064311
EC004683,2,78.84777090699353,-0.0685477084344247,78.84777090699353
EC006309,4,60.102150740993366,0.029545136951091684,60.102150740993366
EC005823,0,23.952852727713697,0.0070984897107443014,23.952852727713697
EC000998,3,33.55376946599901,-0.025260162306777176,33.55376946599901
EC004592,3,46.75214499838759,-0.02447966129034801,46.75214499838759
EC007416,2,58.19743081768534,-0.09328723982633397,58.19743081768534
EC005883,2,50.39938532703996,-0.11181776142356849,50.39938532703996
EC007070,1,60.76697133898303,-0.07857775849492282,60.76697133898303
EC002842,4,82.67337701477305,0.0277466610930149,82.67337701477305
EC001524,2,24.872097844012035,0.014817660513280054,24.872097844012035
EC002926,1,44.84942891868086,0.013618510369292916,44.84942891868086
EC005668,3,45.64590443060246,-0.023930769707241846,45.64590443060246
EC003977,4,21.43120784837599,0.0046505473379830665,21.43120784837599
EC007372,4,50.001473675253045,0.06537317046197952,50.001473675253045
EC002852,4,65.2142736829802,0.07096726784138804,65.2142736829802
EC006424,0,44.40017163065633,0.0052671146460301615,44.40017163065633
EC006753,3,65.00839855408398,-0.025260162306777176,65.00839855408398
EC000364,0,38.16293691075211,0.0073958999979438,38.16293691075211
EC003284,1,46.19512369741122,0.0,46.19512369741122
EC006845,1,40.68481591014299,-0.079390477119,40.68481591014299
EC004789,3,24.11584387668407,-0.025260162306777176,24.11584387668407
EC001745,0,51.183362476196216,0.019794088164556883,51.183362476196216
EC004836,4,79.23988424113796,0.15549172594726682,79.23988424113796
EC005443,2,26.604061592068163,0.014817660513280054,26.604061592068163
EC000030,2,68.54814500776982,0.07580445369757206,68.54814500776982
EC004311,1,33.88019083457315,-0.07838227056574817,33.88019083457315
EC002417,4,34.35600652414675,0.0046505473379830665,34.35600652414675
EC002722,3,30.412376473052902,-0.025260162306777176,30.412376473052902
EC006643,1,28.36790277884569,-0.07838227056574817,28.36790277884569
EC004422,2,36.814556908502176,0.0,36.814556908502176
EC001680,3,53.878939363512416,-0.04420719814446494,53.878939363512416
EC002212,0,62.26935936046871,0.004238262055847241,62.26935936046871
EC007503,4,64.89767460065272,0.059326933506778104,64.89767460065272
EC005538,1,51.40323888316683,-0.050955403805152163,51.40323888316683
EC005971,1,32.570672093685666,-0.07857752022752115,32.570672093685666
EC004847,3,64.10522947056042,-0.025664738082757127,64.10522947056042
EC004750,2,59.14754375871554,-0.16740508400940068,59.14754375871554
EC003934,1,25.32273824226413,0.0,25.32273824226413
EC003605,2,49.45129139504577,-0.11548222988034502,49.45129139504577
EC004013,0,20.612850343310416,0.0,20.612850343310416
EC002029,1,54.74290762800409,-0.06618235056426042,54.74290762800409
EC001447,0,42.81904300002053,-0.0002813231710861128,42.81904300002053
EC005407,0,50.952047672061184,0.009910186918203136,50.952047672061184
EC004771,0,23.211996161683743,0.006625548134131188,23.211996161683743
EC000293,1,29.31091975488472,-0.07897405430176303,29.31091975488472
EC002375,1,28.301616176983288,-0.07838227056574817,28.301616176983288
EC003644,0,89.09931082540571,-0.027944063230545605,89.09931082540571
EC005131,2,43.81295421588939,0.014817660513280054,43.81295421588939
EC000475,3,41.63990094396915,-0.0255139494494143,41.63990094396915
EC007014,1,46.79745202719248,-0.09078829730905807,46.79745202719248
EC006073,0,44.20441707755975,-0.002510693314398427,44.20441707755975
EC000539,3,36.876736065723435,-0.026455283151656232,36.876736065723435
EC002891,2,78.9525857820651,-0.07365383785950627,78.9525857820651
EC007546,0,52.85138471216525,0.0,52.85138471216525
EC001897,2,44.60192400529765,0.01192361810996459,44.60192400529765
EC003851,3,72.85886292330952,-0.04800775334740019,72.85886292330952
EC006569,2,47.25226187046598,-0.13848292963611816,47.25226187046598
EC001056,0,57.93947675812734,-0.00467117020001497,57.93947675812734
EC005226,2,31.106113276908907,0.0035078842804279822,31.106113276908907
EC007319,4,52.734092464268535,0.03213655463720871,52.734092464268535
EC000859,2,50.2831221059174,-0.0022416342955524395,50.2831221059174
EC001493,4,38.07810347598041,0.0046505473379830665,38.07810347598041
EC001888,3,45.23850018817213,-0.03288924547725355,45.23850018817213
EC003838,0,22.527764935497032,0.006625548134131188,22.527764935497032
EC007899,0,65.77640458541724,0.006842916464630985,65.77640458541724
EC004244,1,53.53228146365054,-0.05407360430106453,53.53228146365054
EC002258,4,50.34792565154665,0.0046505473379830665,50.34792565154665
EC004719,4,41.78327515982598,0.009764256350790462,41.78327515982598
EC005265,2,72.43384329589195,0.013185855116791975,72.43384329589195
EC004541,1,56.56610992055021,-0.06126596785050862,56.56610992055021
EC003570,4,42.16523939130425,0.011687800330921976,42.16523939130425
EC000135,4,53.74050513605267,0.014404346263691026,53.74050513605267
EC004186,2,52.00151049022254,-0.18603232109608492,52.00151049022254
EC004488,2,53.93943577886082,0.0,53.93943577886082
EC001993,4,66.0941009915383,0.05327265261230578,66.0941009915383
EC005062,0,47.264704387097126,0.004756214390096773,47.264704387097126
EC005196,4,57.91743488889458,0.06115335781003289,57.91743488889458
EC004959,1,54.43987651108873,0.0,54.43987651108873
EC004886,1,53.928550343811835,0.0,53.928550343811835
EC001098,4,40.593868504489556,0.0046505473379830665,40.593868504489556
EC007421,0,70.03689659403526,-0.029662200950529048,70.03689659403526
EC002422,4,61.79834909422464,0.007235713993965512,61.79834909422464
EC002883,4,61.992361958768065,0.0816844687362153,61.992361958768065
EC000731,3,59.238874336229884,-0.05029555735843547,59.238874336229884
EC001754,2,42.68898949135529,0.0001549204356612946,42.68898949135529
EC002318,2,41.497590300165164,-0.03589967182784527,41.497590300165164
EC001657,3,53.94100592835935,-0.025260162306777176,53.94100592835935
EC007914,2,50.483555277948376,-0.04427013711962548,50.483555277948376
EC005046,4,29.674822159624583,0.006831883711382637,29.674822159624583
EC003462,3,59.210908665901215,0.0,59.210908665901215
EC006825,2,62.70372914889514,-0.043641307919784156,62.70372914889514
EC006159,1,73.75345221541362,0.0,73.75345221541362
EC002280,1,49.07915151879634,-0.006788533687831763,49.07915151879634
EC007759,2,27.003641751338357,-0.004121074571080359,27.003641751338357
EC003585,3,83.4503967433014,0.0,83.4503967433014
EC007376,1,28.933997141033426,-0.08026764309506952,28.933997141033426
EC000066,0,44.28320883387324,0.006625548134131188,44.28320883387324
EC007195,4,51.60330776151002,0.019683460196697887,51.60330776151002
EC003583,3,35.11058275619203,-0.025069743489875077,35.11058275619203
EC001867,2,31.55036030481306,0.011295693043163094,31.55036030481306
EC005655,3,40.2575263469217,-0.02501146622783374,40.2575263469217
EC006197,0,24.184361618252257,0.006625548134131188,24.184361618252257
EC004536,3,28.08130976837843,-0.024821092902498947,28.08130976837843
EC007778,2,88.53350649812553,-0.024253685962680994,88.53350649812553
EC004078,2,90.7661039864459,-0.029380035092648735,90.7661039864459
EC004601,2,49.6866314912215,-0.0723325388100824,49.6866314912215
EC006142,2,83.3684342481947,-0.03331958266490616,83.3684342481947
EC000940,4,25.72750774574339,0.0046505473379830665,25.72750774574339
EC006129,0,42.39703168354538,0.00665653831993815,42.39703168354538
EC005518,3,40.625299253575264,-0.027157323130052227,40.625299253575264
EC001361,4,41.63941305239395,0.0436364190901066,41.63941305239395
EC000571,1,82.6029175058001,-0.07006922929673168,82.6029175058001
EC005824,4,39.731002487532265,0.004715484760239443,39.731002487532265
EC003200,0,34.308597838849806,0.006199446463149392,34.308597838849806
EC000845,1,61.350057131498716,-0.07905599902013163,61.350057131498716
EC001484,2,89.36365294436699,-0.03447170070347918,89.36365294436699
EC007825,0,29.446291250729026,0.0,29.446291250729026
EC000720,2,65.17667669814927,0.014817660513280054,65.17667669814927
EC006380,1,32.103279276100764,-0.07787613105869633,32.103279276100764
EC002090,1,58.35393751859121,-0.08403682461226941,58.35393751859121
EC004049,2,34.22174161340993,0.008923641657842062,34.22174161340993
EC003518,3,52.75504163704373,-0.036334928385984414,52.75504163704373
EC002886,0,66.54921023750555,-0.004680194292247533,66.54921023750555
EC007151,1,48.937720110890915,-0.05069994392366092,48.937720110890915
EC006613,0,47.76289188267882,0.015900391852728242,47.76289188267882
EC005801,2,52.028568675095876,0.0,52.028568675095876
EC004639,4,42.828480288822874,0.019096262513033223,42.828480288822874
EC002151,1,39.42022458619735,-0.07590016375903212,39.42022458619735
EC000437,1,24.17311136977194,-0.07999740976102206,24.17311136977194
EC001028,4,51.93866207544466,0.09252218083551941,51.93866207544466
EC003679,3,47.0703102646768,0.0,47.0703102646768
EC006371,4,33.50212670527341,0.02353035530504148,33.50212670527341
EC003475,1,46.65308553210922,-0.011108997310925926,46.65308553210922
EC005507,2,76.71062128267002,0.0,76.71062128267002
EC000121,0,48.83664211087096,-0.004298796215536205,48.83664211087096
EC001013,4,53.36353377502666,0.004699237039893712,53.36353377502666
EC005687,4,46.68726729204903,0.007950354949450043,46.68726729204903
EC004937,1,42.61027646045178,-0.06496263724391792,42.61027646045178
EC000074,0,30.41088976734453,0.0064633748311101235,30.41088976734453
EC002623,4,55.615539516670445,0.08783517011101838,55.615539516670445
EC004744,4,46.31889922684203,0.0,46.31889922684203
EC005921,1,48.074043993841784,-0.09319358559841279,48.074043993841784
EC003079,4,57.702089020110556,0.013626909287011341,57.702089020110556
EC000065,3,56.9359492248902,-0.02281384966411315,56.9359492248902
EC000046,4,48.99077458928491,0.027579834319619363,48.99077458928491
EC007107,0,29.857727735969835,0.006502336454404773,29.857727735969835
EC001972,3,72.96216634653926,-0.025267048561734288,72.96216634653926
EC005037,4,47.11792922200955,0.0156211363010525,47.11792922200955
EC000726,0,69.03542852303381,0.007249640070722424,69.03542852303381
EC007447,4,81.15093479794795,0.019818199945129907,81.15093479794795
EC003946,0,63.595499369322376,-0.014204320816594613,63.595499369322376
EC002901,3,30.561313399899177,-0.025260162306777176,30.561313399899177
EC005184,0,54.59852147312829,0.0008398300620431706,54.59852147312829
EC003689,1,46.194034806656795,-0.0642913128108001,46.194034806656795
EC004825,0,28.032881955914178,0.0,28.032881955914178
EC004035,2,53.62396606741238,-0.08748244226398622,53.62396606741238
EC006720,3,39.79367907918001,0.0,39.79367907918001
EC002630,3,72.65775912943224,-0.04137662769030406,72.65775912943224
EC002439,0,52.32242022199927,0.0,52.32242022199927
EC004935,4,24.539356859098564,0.0046505473379830665,24.539356859098564
EC002941,1,82.8428604227393,0.009547505355503791,82.8428604227393
EC006357,4,61.39173995073018,0.07380229011390418,61.39173995073018
EC001435,1,46.82245242857188,-0.05742015794206267,46.82245242857188
EC004259,3,48.23836030613451,-0.050969434461656894,48.23836030613451
EC003561,2,50.10817314273555,-0.17181988844305018,50.10817314273555
EC007365,0,50.988315300102805,0.006625548134131188,50.988315300102805
EC002285,1,87.08538702183849,0.046719490935409336,87.08538702183849
EC005718,4,43.63841866814523,0.0,43.63841866814523
EC007787,0,49.51199544052659,0.01680415184837182,49.51199544052659
EC002483,4,56.15877297781686,0.08576852480062108,56.15877297781686
EC004819,0,61.942494202641925,-0.01823531434345768,61.942494202641925
EC000105,1,66.46893878263427,0.008977009565124358,66.46893878263427
EC006266,4,26.532991337369253,0.00759447755346945,26.532991337369253
EC005511,1,45.94925405388956,-0.06724530970950914,45.94925405388956
EC005592,1,36.55773645954467,-0.06382245671811627,36.55773645954467
EC003595,4,27.205361768252523,0.0046505473379830665,27.205361768252523
EC006224,4,45.77624804425562,0.023719995925785067,45.77624804425562
EC005676,2,49.88092039902612,-0.18828458363664835,49.88092039902612
EC005478,0,31.50233158907221,0.006625548134131188,31.50233158907221
EC003630,2,60.19013069645206,-0.038642919577545655,60.19013069645206
EC002152,3,59.6591962182684,-0.025260162306777176,59.6591962182684
EC004948,4,42.55081743433281,0.0046505473379830665,42.55081743433281
EC004567,1,97.1453180681414,-0.04616509586333373,97.1453180681414
EC004399,1,40.427355305234954,0.0,40.427355305234954
EC002337,0,28.91207606987279,0.006757715245709958,28.91207606987279
EC004816,1,82.51300432512018,-0.0587863132128347,82.51300432512018
EC007956,0,61.50598014619764,-0.012891333806889204,61.50598014619764
EC005167,3,39.18100494509708,-0.021229636198771995,39.18100494509708
EC005052,1,75.2930896466861,-0.06839956904631658,75.2930896466861
EC006827,1,50.35156913590066,-0.03909116608414646,50.35156913590066
EC000391,1,53.96202979639922,-0.06672522690444593,53.96202979639922
EC006631,1,56.8106575686419,-0.061676073280046595,56.8106575686419
EC001288,2,74.42260161946531,0.0059696027316490825,74.42260161946531
EC005856,3,48.06743141845453,-0.028360970288737318,48.06743141845453
EC000061,2,47.24899101857898,-0.007779658814407689,47.24899101857898
EC006006,0,52.74067085673659,-0.00041270395252833794,52.74067085673659
EC000248,1,64.22464025018895,-0.07845457627538321,64.22464025018895
EC004280,0,25.525373800052595,0.0,25.525373800052595
EC002184,3,83.20612267813469,-0.02865855518348938,83.20612267813469
EC005358,3,51.30386543417143,-0.035425666504647776,51.30386543417143
EC001641,0,53.596651623819426,0.006431771404190467,53.596651623819426
EC002254,3,61.95247175742671,-0.025752953532531077,61.95247175742671
EC004822,3,78.56776731246497,-0.05920897301106146,78.56776731246497
EC002413,2,84.23376117727145,-0.008172438924153758,84.23376117727145
EC006662,4,63.683299710770285,0.029407035522812573,63.683299710770285
EC001724,1,32.897892364638786,-0.07844712638489089,32.897892364638786
EC006162,2,27.733656537811203,-0.007565093851795379,27.733656537811203
EC007934,4,40.865044142778224,0.03208113144715971,40.865044142778224
EC000289,3,19.06712883000521,-0.02603375333356448,19.06712883000521
EC003202,2,22.1426983085921,0.0,22.1426983085921
EC001576,4,27.25913577710658,0.0046505473379830665,27.25913577710658
EC000886,0,47.107825485561925,0.007244360400542308,47.107825485561925
EC006214,0,42.92471146627203,-0.010674791466859635,42.92471146627203
EC002569,0,33.03565032498276,0.006060786303209803,33.03565032498276
EC000791,2,48.108320813413116,0.013358939393037846,48.108320813413116
EC007320,3,64.99740661197424,0.0,64.99740661197424
EC006586,2,42.71162139059939,0.00500263042516743,42.71162139059939
EC005704,2,59.528829726560474,-0.1484324444028789,59.528829726560474
EC003045,4,55.16402319974587,0.08886417822019763,55.16402319974587
EC002402,2,49.06509989386454,-0.09089459024635974,49.06509989386454
EC000668,3,37.27750493258206,-0.02519918072416165,37.27750493258206
EC004695,3,46.341929556096154,-0.0214982841368394,46.341929556096154
EC006066,0,62.024603201839966,-0.01584623092295025,62.024603201839966
EC001611,2,54.51082516164692,-0.008865267047418288,54.51082516164692
EC003155,0,46.82363113518923,0.01647534003401753,46.82363113518923
EC003922,2,38.71691320250308,0.003477019244471354,38.71691320250308
EC002634,2,42.8198202663815,-0.0004901335337353027,42.8198202663815
EC001557,2,26.708382588932047,0.014817660513280054,26.708382588932047
EC000413,0,40.78124683872662,-0.003798907033368988,40.78124683872662
EC001365,0,86.53875030848604,-0.030976793377298036,86.53875030848604
EC000714,1,37.344684624524696,-0.07903892506525792,37.344684624524696
EC003123,0,56.91061231594631,0.004904860607304085,56.91061231594631
EC000259,1,36.20246934845874,-0.07838227056574817,36.20246934845874
EC000679,3,41.717299497411894,-0.03909310504169104,41.717299497411894
EC004843,0,42.95402324125651,0.008700261493075711,42.95402324125651
EC006117,0,47.88027282333214,0.0050828652968480485,47.88027282333214
EC001608,3,38.02928060348907,-0.03530961039342128,38.02928060348907
EC003900,4,67.25302517380528,0.0876371370906365,67.25302517380528
EC001468,2,99.58827400206559,-0.058471984844484695,99.58827400206559
EC004940,2,41.87139307895158,-0.04745390759328231,41.87139307895158
EC001551,1,68.13150631004899,-0.006015943101956668,68.13150631004899
EC005177,3,58.418028360645714,-0.025260162306777176,58.418028360645714
EC001962,1,58.98784562597523,-0.0012302743795710933,58.98784562597523
EC005890,1,34.66085869127957,-0.07821324747344935,34.66085869127957
EC000888,2,74.34455336554683,-0.002776182507351538,74.34455336554683
EC006245,1,45.132376721854406,-0.05094537410594662,45.132376721854406
EC003512,4,37.15383239716076,0.005073226250412687,37.15383239716076
EC006532,3,54.61882995998039,-0.028999446309856798,54.61882995998039
EC004889,2,69.3658286977131,0.009626827253370954,69.3658286977131
EC006615,2,55.56282642104111,-0.005748382825650301,55.56282642104111
EC007931,4,43.96446520724589,0.011118608813140984,43.96446520724589
EC003169,3,56.93300440490993,-0.0313397511315724,56.93300440490993
EC002261,2,96.08522318893046,-0.04658578050564656,96.08522318893046
EC004103,2,43.54437716634773,-0.010636597746054086,43.54437716634773
EC004217,4,58.85347996071259,0.08559215580609421,58.85347996071259
EC005807,3,58.265157486635346,-0.04434455944523737,58.265157486635346
EC005769,3,43.47593632956128,-0.024660719447860822,43.47593632956128
EC000997,0,26.928382200667723,0.006625548134131188,26.928382200667723
EC006698,3,49.069772138146135,-0.03978587714760467,49.069772138146135
EC002019,0,39.55415400418876,0.0019782894669383034,39.55415400418876
EC002778,3,40.80799234844325,-0.03043570886487377,40.80799234844325
EC005334,3,42.54947259847498,0.0,42.54947259847498
EC007091,1,43.567894873731724,-0.09027923406482571,43.567894873731724
EC007058,4,33.7036767004475,0.0046505473379830665,33.7036767004475
EC002561,0,36.22501481158319,0.00640706286315851,36.22501481158319
EC007807,3,30.00157350075127,-0.025460482950358403,30.00157350075127
EC000778,0,45.877641143017705,0.006625548134131188,45.877641143017705
EC005061,3,96.99916779769713,-0.04091293299944136,96.99916779769713
EC006663,1,78.57955345861062,-0.006502897933626149,78.57955345861062
EC004907,1,41.09962534780275,-0.07388069395655418,41.09962534780275
EC006440,4,42.3053081038641,0.0,42.3053081038641
EC002870,3,47.17570049831938,-0.033409233165334534,47.17570049831938
EC000566,0,44.755004406737044,0.006625548134131188,44.755004406737044
EC000427,4,37.392785950195716,0.00592148792536543,37.392785950195716
EC006754,1,47.58686329474864,-0.0761988491115286,47.58686329474864
EC007669,3,47.50579910680039,-0.03882603930806961,47.50579910680039
EC002223,3,51.57292077695993,-0.03397577032412609,51.57292077695993
EC001513,1,69.02291953617606,-0.004744906375535346,69.02291953617606
EC000330,2,74.50355027677716,-0.002790069731259788,74.50355027677716
EC001587,0,45.92747442459514,0.006450120948290368,45.92747442459514
EC002023,4,52.178967336696644,0.03489994444904565,52.178967336696644
EC007179,2,38.204365094328566,0.014817660513280054,38.204365094328566
EC000974,4,40.917949907166935,0.0046505473379830665,40.917949907166935
EC002322,0,66.72158812116905,-0.011875723044255873,66.72158812116905
EC002227,1,43.32525854493639,-0.09152003602551942,43.32525854493639
EC007419,3,93.80416049440035,-0.03286380133111007,93.80416049440035
EC000769,3,90.4785490041892,-0.0379738497697164,90.4785490041892
EC001617,1,44.042036371510754,-0.08006050797828566,44.042036371510754
EC002288,4,44.291184637774066,0.019150195761074174,44.291184637774066
EC007098,1,48.02498614601255,-0.08903826182589648,48.02498614601255
EC006840,0,43.6414792842157,0.01950819748439306,43.6414792842157
EC005492,2,71.39354034557388,-0.05045062714501057,71.39354034557388
EC004924,1,62.54356353350368,0.35630211803656975,62.54356353350368
EC007733,4,41.01120382922426,0.0,41.01120382922426
EC007579,2,31.530767177173953,0.005506182157185045,31.530767177173953
EC005805,3,65.79669334847287,-0.047303401792683455,65.79669334847287
EC000320,3,50.44739789863508,-0.05703770293161771,50.44739789863508
EC000446,1,36.72445186200043,-0.07838227056574817,36.72445186200043
EC000359,0,30.88137025126294,0.006625548134131188,30.88137025126294
EC000938,3,21.099352714915216,-0.025260162306777176,21.099352714915216
EC000233,0,25.996446164582597,0.006625548134131188,25.996446164582597
EC000222,4,72.32627006785948,0.10116881240019523,72.32627006785948
EC005392,2,67.78819893776128,-0.04837074495683797,67.78819893776128
EC005300,3,52.33514044957514,-0.014995416032831575,52.33514044957514
EC004073,4,42.92500032355329,0.016477442887605692,42.92500032355329
EC007103,1,34.51853304228961,-0.07695364632033339,34.51853304228961
EC003545,2,28.63758546447427,0.013079089708615807,28.63758546447427
EC001619,2,41.649115129448525,-0.008617554619531745,41.649115129448525
EC001937,1,72.98961942732981,-0.07530797399693273,72.98961942732981
EC001732,3,44.48376491077669,-0.025260162306777176,44.48376491077669
EC000383,2,117.87185744255454,0.005799508255805462,117.87185744255454
EC004261,3,49.58583466557551,-0.020951846632992134,49.58583466557551
EC006048,1,48.57225739486541,-0.02934997929516578,48.57225739486541
EC000166,3,58.549706887495745,-0.027103310899373637,58.549706887495745
EC000092,3,34.40815136822947,-0.025260162306777176,34.40815136822947
EC004514,4,37.93648214169429,0.010787954170756273,37.93648214169429
EC006725,2,56.193332530101124,0.0012294086033695362,56.193332530101124
EC005195,1,46.3669648981835,-0.03628701141158554,46.3669648981835
EC001574,1,43.71977482601188,-0.06711923415211397,43.71977482601188
EC006423,1,27.006561895178923,-0.07838227056574817,27.006561895178923
EC004228,2,60.20380820126425,0.014817660513280054,60.20380820126425
EC004330,3,39.44713274437139,-0.036418296969265296,39.44713274437139
EC003617,0,39.55824466153075,0.007209899778483896,39.55824466153075
EC006964,0,92.46334747979178,-0.004756912251392033,92.46334747979178
EC002044,4,78.10574359383685,0.11335820040706274,78.10574359383685
EC003550,3,72.90935567507947,0.0,72.90935567507947
EC001755,4,36.72488864346806,0.0046505473379830665,36.72488864346806
EC000395,3,65.18326529464076,-0.0322480015928841,65.18326529464076
EC005302,4,45.005164223477756,0.016586318366620216,45.005164223477756
EC006186,4,53.32944785474254,0.025479608952114072,53.32944785474254
EC004581,0,63.74761737350819,-0.023921126543176147,63.74761737350819
EC002529,4,46.29511048330599,0.026776340723318578,46.29511048330599
EC000899,3,26.21843458133434,-0.02540222184195909,26.21843458133434
EC002650,3,79.58228647574892,-0.04541668556409553,79.58228647574892
EC002067,1,60.32168080423176,-0.07838227056574817,60.32168080423176
EC000642,0,50.67430097507427,0.006997869693159428,50.67430097507427
EC001092,1,32.98377290309194,-0.0799753428933352,32.98377290309194
EC006718,3,42.49680572836443,-0.03804702496219361,42.49680572836443
EC002243,1,55.65720319420407,-0.07838227056574817,55.65720319420407
EC004002,2,31.173724345616353,0.004425173911947366,31.173724345616353
EC004772,0,58.77076642014754,-0.01553925837580003,58.77076642014754
EC003288,2,21.902666644448683,0.014817660513280054,21.902666644448683
EC001048,4,72.54460843095693,0.34612289597852397,72.54460843095693
EC005590,3,26.738024228713847,-0.02554405175209025,26.738024228713847
EC006689,0,83.05807443273731,0.0001745581123162378,83.05807443273731
EC004067,0,25.393076734020166,0.007020436152067851,25.393076734020166
EC006951,3,39.948289045720855,-0.025901721991938242,39.948289045720855
EC003528,2,64.06945169964955,-0.04272322327680197,64.06945169964955
EC006607,1,82.27875447568452,-0.04917909466428535,82.27875447568452
EC005079,0,58.41763763067446,0.003806698332759305,58.41763763067446
EC006820,3,28.446490027338136,-0.025260162306777176,28.446490027338136
EC005743,0,68.62212020819936,0.006084868252311806,68.62212020819936
EC006591,4,32.491671026532956,0.0046505473379830665,32.491671026532956
EC000874,2,78.65487140079298,-0.0478916698148379,78.65487140079298
EC007114,4,47.55303535081286,0.11165900266166717,47.55303535081286
EC006216,2,40.47876488849731,0.014817660513280054,40.47876488849731
EC000007,0,25.2520003068546,0.006625548134131188,25.2520003068546
EC002493,1,33.38273539526355,-0.07838227056574817,33.38273539526355
EC004047,1,46.533367261284916,-0.04163863149839348,46.533367261284916
EC005091,3,73.07637806468509,-0.03867459208741787,73.07637806468509
EC002739,0,45.193225228077694,0.010193135782020921,45.193225228077694
EC000788,1,64.69481347371888,0.01654472024455486,64.69481347371888
EC002834,2,34.48386227863381,0.0014846553596423104,34.48386227863381
EC006116,0,43.590538173983106,-0.004585373250204101,43.590538173983106
EC005656,0,34.895355378236694,0.006625548134131188,34.895355378236694
EC001649,1,29.58276173811144,-0.08045473183228477,29.58276173811144
EC006420,0,30.427725529469722,0.0,30.427725529469722
EC006554,3,53.04234745979645,-0.04735989085747248,53.04234745979645
EC005588,1,31.107357592875598,-0.07548770475809086,31.107357592875598
EC003053,3,40.87594682118618,-0.02625646825057082,40.87594682118618
EC003510,1,28.42606054230817,-0.07868189593790836,28.42606054230817
EC003066,3,32.35576021097634,-0.025260162306777176,32.35576021097634
EC002603,1,29.75606614677224,-0.07827555593697474,29.75606614677224
EC003962,4,56.860476028120836,0.005828459212967273,56.860476028120836
EC003995,4,77.99652960346378,0.0,77.99652960346378
EC004538,1,36.747053379992266,-0.07838227056574817,36.747053379992266
EC004167,0,51.80373163585524,0.00450776682206361,51.80373163585524
EC007084,2,45.38022275867059,-0.09966468236437764,45.38022275867059
EC004030,4,40.974730721211365,0.053505972709450296,40.974730721211365
EC007138,2,43.81736227347236,-0.0628801105995627,43.81736227347236
EC001987,1,31.90809326830944,-0.07838227056574817,31.90809326830944
EC003792,3,65.22240856993724,-0.025163277036373964,65.22240856993724
EC005559,3,48.270254584350106,-0.025906482492724155,48.270254584350106
EC001943,4,71.15064087036156,0.004652268127702978,71.15064087036156
EC002668,4,41.59376558140612,0.02924365524664022,41.59376558140612
EC007789,1,38.80592685431715,-0.07590341322871248,38.80592685431715
EC001101,1,40.30549266368572,-0.0797983955768985,40.30549266368572
EC000014,4,42.80599059652782,0.005552944669818736,42.80599059652782
EC004698,3,43.42608191283499,-0.025257097709895586,43.42608191283499
EC003231,1,71.46125156292524,0.01410439254978832,71.46125156292524
EC006227,4,85.08613342096868,0.025532437105366304,85.08613342096868
EC005952,2,29.674272438935965,0.009508068984474198,29.674272438935965
EC003912,0,51.0565871591891,-0.009772555815983632,51.0565871591891
EC000464,4,48.416492448406224,0.008300260644803156,48.416492448406224
EC004603,3,69.90304924429996,-0.025260162306777176,69.90304924429996
EC006761,3,41.720086852201646,-0.025260162306777176,41.720086852201646
EC003990,3,62.196963371161814,-0.039818544035782416,62.196963371161814
EC004293,2,44.21223839207728,0.008033168967610943,44.21223839207728
EC007746,0,46.695294341774044,0.003399474503806248,46.695294341774044
EC004050,2,73.90119586460301,-0.042975615100460156,73.90119586460301
EC004611,1,57.683154111335384,-0.10495741823411649,57.683154111335384
EC002141,0,36.30644820511903,0.006625548134131188,36.30644820511903
EC001020,0,28.047357963978133,0.006625548134131188,28.047357963978133
EC005913,4,59.31745496554035,0.06261358850229236,59.31745496554035
EC005365,3,43.02779698626862,-0.026348858490545017,43.02779698626862
EC000782,2,85.27461879796972,-0.06622557861081893,85.27461879796972
EC006151,3,60.6026296715432,-0.028711230201042603,60.6026296715432
EC005391,4,92.30685615833147,0.033939524530301995,92.30685615833147
EC006562,4,25.05498656556762,0.006272720507296083,25.05498656556762
EC001352,4,55.48638540989534,0.0046505473379830665,55.48638540989534
EC002647,3,66.68776037989178,-0.025260162306777176,66.68776037989178
EC006928,4,31.57501975864627,0.0058617229931933156,31.57501975864627
EC004615,2,39.23520365737619,-0.03167601231489256,39.23520365737619
EC003480,2,31.83082235623509,0.014817660513280054,31.83082235623509
EC004424,3,63.42108777820391,-0.02725136926673877,63.42108777820391
EC003542,4,53.128443393036335,0.13473458300497457,53.128443393036335
EC005665,0,50.298948301046494,0.00206934300422038,50.298948301046494
EC006923,3,35.804450862994685,-0.026364788450612756,35.804450862994685
EC007133,3,55.64820373234406,-0.026201032980900003,55.64820373234406
EC002541,2,43.61014728371395,-0.06683275814399348,43.61014728371395
EC000708,1,58.84882145532721,0.32198760699053924,58.84882145532721
EC001193,1,82.41143418627678,-0.05271887278579411,82.41143418627678
EC002908,1,87.65727139791458,0.052194445080987556,87.65727139791458
EC004234,0,58.14073032933807,0.006882449463703291,58.14073032933807
EC001325,2,55.75147645619443,-0.06659280379571175,55.75147645619443
EC002998,3,45.16286638153548,-0.0250269637659001,45.16286638153548
EC004349,2,31.802240994528702,0.014817660513280054,31.802240994528702
EC004552,3,40.90821440121939,-0.04205705692339868,40.90821440121939
EC007525,0,39.77706506164887,0.006625548134131188,39.77706506164887
EC001797,0,69.1360210723645,-0.009571986171648032,69.1360210723645
EC002220,4,87.43356231392757,0.13981628272770316,87.43356231392757
EC003177,0,80.43932723166134,0.002417537111684126,80.43932723166134
EC004438,2,72.07420412181494,-0.011975753647165296,72.07420412181494
EC005771,1,57.23847886585791,-0.00759235463659548,57.23847886585791
EC001137,4,47.18046044120718,0.0,47.18046044120718
EC001463,0,43.6222367999787,0.013291243441449567,43.6222367999787
EC001402,3,35.71140085000259,-0.025260162306777176,35.71140085000259
EC006070,3,56.029096390394315,-0.03178606451790823,56.029096390394315
EC004130,3,49.04418443320381,-0.027093720110353714,49.04418443320381
EC004012,1,42.26219020117612,-0.07306470414237734,42.26219020117612
EC002272,1,67.44213765230624,-0.007962828985023068,67.44213765230624
EC002221,4,35.67133362445362,0.005473456430249709,35.67133362445362
EC002415,0,40.43682978411942,0.006625548134131188,40.43682978411942
EC002035,0,56.4877944243572,-0.02958413257394172,56.4877944243572
EC006954,0,58.098958011819846,-0.006127102578725905,58.098958011819846
EC005452,1,62.16454665471477,-0.016547906816108855,62.16454665471477
EC006067,2,64.46481120381867,-0.02659674114466485,64.46481120381867
EC000869,1,65.27134452702406,-0.07996899642678686,65.27134452702406
EC007322,2,32.96652065494471,0.014817660513280054,32.96652065494471
EC004121,2,40.50048833879554,0.011014628320870856,40.50048833879554
EC002710,1,42.94215335525997,-0.08071372967437421,42.94215335525997
EC000255,4,42.25285537940816,0.008644569410680262,42.25285537940816
EC001825,2,40.42961524795241,-0.028150196566549462,40.42961524795241
EC004476,1,91.47020815219027,-0.028936795100927688,91.47020815219027
EC006049,1,47.400836806994235,-0.04462149463626265,47.400836806994235
EC005313,0,58.45931118692629,0.007815341217511871,58.45931118692629
EC000867,2,53.65025309152624,-0.04545370237197664,53.65025309152624
EC002236,3,43.78011518722868,-0.02565860498379064,43.78011518722868
EC006120,2,51.374793548302264,-0.010425972687835502,51.374793548302264
EC000402,1,37.01681948267956,-0.08003796593063231,37.01681948267956
EC003048,0,47.96471625660194,0.007028524453231969,47.96471625660194
EC000116,4,58.20895718230312,0.08430494399318633,58.20895718230312
EC005129,2,63.78864072799541,-0.005782435366636671,63.78864072799541
EC003627,0,70.60175485464615,0.006108550092212535,70.60175485464615
EC001852,3,57.645835095063795,-0.02487063558306787,57.645835095063795
EC005022,2,36.68498541430239,0.000297154354214936,36.68498541430239
EC004817,0,33.48690784717698,0.006125477459958116,33.48690784717698
EC000492,4,34.258511794418425,0.008961877231399601,34.258511794418425
EC007850,2,45.571277502796676,0.0029192324209427606,45.571277502796676
EC000412,0,27.70950406942421,0.006625548134131188,27.70950406942421
EC002237,1,38.43734266742118,-0.07607232719274898,38.43734266742118
EC000213,1,42.79851537500744,-0.07645516819387066,42.79851537500744
EC001006,2,39.542727294685484,-0.1693837674506602,39.542727294685484
EC003206,3,42.04275650012654,-0.017729168171581357,42.04275650012654
EC000942,1,55.7148459899266,-0.02524191625832746,55.7148459899266
EC001829,3,61.29412155056866,-0.025260162306777176,61.29412155056866
EC005471,2,55.65136253899528,-0.02691514583333155,55.65136253899528
EC003886,2,63.085901952170765,-0.20301263387309348,63.085901952170765
EC003298,0,50.37957335590368,0.01062419172919467,50.37957335590368
EC006651,3,28.61409042473418,-0.0252524877919474,28.61409042473418
EC001418,2,88.90368855479322,0.0,88.90368855479322
EC005994,0,30.489638769486646,0.006625548134131188,30.489638769486646
EC000304,4,24.85396432171253,0.0046505473379830665,24.85396432171253
EC002696,2,55.27286799609449,-0.006267242090193945,55.27286799609449
EC006679,1,73.01075402456328,-0.07793033183757983,73.01075402456328
EC003810,1,66.42014730891024,0.031079488840279793,66.42014730891024
EC000516,0,90.011796291517,-0.004782996331885853,90.011796291517
EC005024,0,50.81476468136887,0.006801038213645077,50.81476468136887
EC007390,4,32.29196824256603,0.0,32.29196824256603
EC007500,1,61.564957602303394,-0.015290764115176492,61.564957602303394
EC001217,2,87.6048421967837,-0.10115695621381847,87.6048421967837
EC005379,4,86.85394701810007,0.023040664460097043,86.85394701810007
EC003307,4,26.450874432139443,0.004793107639386281,26.450874432139443
EC007127,4,39.174513280992734,0.0046505473379830665,39.174513280992734
EC003481,1,25.003359747255345,-0.08098631450761057,25.003359747255345
EC000734,0,44.95351342284131,0.003165146874486076,44.95351342284131
EC003368,1,46.4235087013264,-0.07979000257704616,46.4235087013264
EC001521,1,30.597015088080948,-0.0789140795567265,30.597015088080948
EC005494,1,42.4137260858139,-0.07838227056574817,42.4137260858139
EC003321,0,48.24088573743293,0.0,48.24088573743293
EC000215,3,90.43499826469493,-0.12218025903329463,90.43499826469493
EC002437,4,34.38178024227666,0.012154467662840448,34.38178024227666
EC002796,0,75.13838771516521,0.006625548134131188,75.13838771516521
EC002041,0,76.14953120944332,0.005641606460068991,76.14953120944332
EC001997,4,43.66157278712552,0.009110793816848765,43.66157278712552
EC001780,0,46.311801353194724,0.006542396252037885,46.311801353194724
EC006147,4,37.447623422787146,0.005228866157609844,37.447623422787146
EC002171,4,54.60979744884232,0.014362054946573555,54.60979744884232
EC006766,1,33.753299606614725,-0.07838227056574817,33.753299606614725
EC001341,1,51.34693556496614,-0.019979160860092188,51.34693556496614
EC000122,3,29.727205929157872,-0.025421222900437617,29.727205929157872
EC003793,0,35.10419904394186,0.006625548134131188,35.10419904394186
EC003506,3,67.55660124690468,-0.044116459491772265,67.55660124690468
EC001140,2,65.13820635714909,0.013076534052931216,65.13820635714909
EC003788,3,28.665604105821668,-0.025260162306777176,28.665604105821668
EC005095,2,65.76700260607842,-0.01493570738950309,65.76700260607842
EC003118,1,65.48978867690985,-0.07838227056574817,65.48978867690985
EC005651,2,50.85180342239228,0.0,50.85180342239228
EC001535,4,44.91423357799519,0.09083470629488491,44.91423357799519
EC005602,2,39.082918364627155,0.014817660513280054,39.082918364627155
EC001331,0,31.13881588415457,0.006625548134131188,31.13881588415457
EC005520,3,34.270847543326035,-0.023632857032561475,34.270847543326035
EC000597,0,28.6912077127372,0.006625548134131188,28.6912077127372
EC007587,2,56.6428461926419,0.0,56.6428461926419
EC002877,2,63.68421384321133,0.0028201475595402287,63.68421384321133
EC004798,2,32.95585304047368,-0.01967497633171063,32.95585304047368
EC004104,0,32.77730559856935,0.006711894675947205,32.77730559856935
EC005725,3,55.831237641852454,-0.026168743537890997,55.831237641852454
EC001864,4,31.907520819481228,0.004845992090511963,31.907520819481228
EC001182,2,43.51681111639439,0.0,43.51681111639439
EC003646,1,43.435520750450955,-0.011179281093060378,43.435520750450955
EC000081,0,51.90784208233891,0.002062434324597592,51.90784208233891
EC002979,3,40.82171907965893,-0.028432911903547298,40.82171907965893
EC005309,3,62.883144854497786,-0.14839965979775258,62.883144854497786
EC004033,2,32.440245224014845,-0.029035527990180783,32.440245224014845
EC002812,2,58.57033816577588,-0.07780685025225259,58.57033816577588
EC000817,3,59.35939154171376,-0.03940592799568897,59.35939154171376
EC001746,1,43.666476027922776,-0.07688693679115802,43.666476027922776
EC001303,3,59.86497792623438,-0.025260162306777176,59.86497792623438
EC007721,3,65.32577880523517,-0.043185365406980564,65.32577880523517
EC006597,4,44.73019637369245,0.017086310965414363,44.73019637369245
EC000965,2,35.805397214537486,0.008677501735069142,35.805397214537486
EC003904,2,38.712533567817886,0.014817660513280054,38.712533567817886
EC005948,3,60.918239486965966,-0.02524897744979558,60.918239486965966
EC006220,0,61.44328965506479,-0.03693517855091213,61.44328965506479
EC002687,3,43.38470196614319,-0.030631369438859274,43.38470196614319
EC004254,3,27.694577756396708,-0.025596876870906227,27.694577756396708
EC006213,4,28.473296048046684,0.004940009785124221,28.473296048046684
EC004178,4,30.25510943190599,0.004886309067674514,30.25510943190599
EC007291,0,27.343741619317957,0.006625548134131188,27.343741619317957
EC000090,0,55.08828995819633,-0.0026856735630786848,55.08828995819633
EC005306,2,23.317585377016226,0.008613514197395228,23.317585377016226
EC001362,3,38.26920998826192,-0.02540135529008747,38.26920998826192
EC007989,3,54.383217330932816,-0.030483776351475828,54.383217330932816
EC000185,2,46.1218745468938,0.012306293979036848,46.1218745468938
EC000167,0,62.69167845671969,-0.001423248971605626,62.69167845671969
EC003864,0,46.82132878294249,0.002516178587641459,46.82132878294249
EC006776,3,72.14710329651274,-0.025974814192647033,72.14710329651274
EC006609,2,28.92577119497283,0.014817660513280054,28.92577119497283
EC000981,1,50.54623428473765,-0.022428935877966898,50.54623428473765
EC004627,3,51.475011473832986,-0.017824753299612632,51.475011473832986
EC007520,4,90.54902184204319,0.05057193677761772,90.54902184204319
EC001919,2,40.71032020508793,-0.027660004027405,40.71032020508793
EC000829,3,43.20279606314999,-0.033885340039815956,43.20279606314999
EC002767,2,37.57655393848491,-0.00963537900237945,37.57655393848491
EC000496,3,61.252254300103715,-0.025260162306777176,61.252254300103715
EC002349,1,40.52566971879477,-0.07899588984139966,40.52566971879477
EC002118,0,42.911893145598064,0.008569175492797494,42.911893145598064
EC000941,1,85.04694646640517,-0.07395505804620602,85.04694646640517
EC006794,4,22.476139669781485,0.0046505473379830665,22.476139669781485
EC005773,2,31.440454337832783,0.014817660513280054,31.440454337832783
EC000985,1,88.4039500214734,0.01721220963636859,88.4039500214734
EC001700,4,45.627015539857204,0.018825602773156917,45.627015539857204
EC005307,3,37.22267377302302,-0.029249550099442335,37.22267377302302
EC000552,1,65.38006663066386,-0.07850911796078193,65.38006663066386
EC007031,2,37.130585348748426,0.014817660513280054,37.130585348748426
EC001043,0,37.06229320244836,0.006173144516261975,37.06229320244836
EC004486,3,39.64239848189672,-0.026681879996271515,39.64239848189672
EC005462,3,44.70573997865142,-0.026970557308603718,44.70573997865142
EC007878,1,52.81841591868891,0.0,52.81841591868891
EC000387,2,37.53573781537439,-0.04744638668305961,37.53573781537439
EC002785,4,77.87606510936824,0.013816715978082105,77.87606510936824
EC000251,2,46.97772719424333,-0.17050941238701356,46.97772719424333
EC003238,4,36.707902213569554,0.016500355663716954,36.707902213569554
EC007000,2,75.87651487253645,0.00041270047196141635,75.87651487253645
EC001845,2,38.961313107917384,0.006566641247166716,38.961313107917384
EC002724,0,29.994240587133547,0.007199899565270911,29.994240587133547
EC003040,1,42.76956980365852,-0.06009015438392928,42.76956980365852
EC006374,2,90.81683399768409,0.009342267059972861,90.81683399768409
EC000357,0,54.531638585135525,0.015628963806673748,54.531638585135525
EC006775,1,74.80723604126881,-0.06557369754312296,74.80723604126881
EC000262,4,59.60156408799997,0.10177437799352268,59.60156408799997
EC006166,0,63.59105310902562,-0.021961721983367485,63.59105310902562
EC000924,1,38.28743111578613,-0.0823930107981613,38.28743111578613
EC007245,0,40.70616118904545,0.0009657480249408282,40.70616118904545
EC001626,0,50.23545314790729,-0.014303748791736674,50.23545314790729
EC004551,2,70.18053093479332,0.0,70.18053093479332
EC006642,4,40.50964299584333,0.0046505473379830665,40.50964299584333
EC000877,4,64.56078830006199,0.04075058507459217,64.56078830006199
EC003970,3,37.10447592938488,-0.025260162306777176,37.10447592938488
EC006384,0,58.72715370620057,-0.01433578377842874,58.72715370620057
EC007798,0,64.64017124423715,0.006625548134131188,64.64017124423715
EC002780,3,75.25873405960651,-0.02639456658327735,75.25873405960651
EC005693,1,42.54834803238721,-0.041202339476295306,42.54834803238721
EC002291,0,60.944687394768266,-0.024522435902395518,60.944687394768266
EC007223,2,57.10514261446306,-0.04398259381406757,57.10514261446306
EC002426,0,31.777507648388575,0.0015615898372379235,31.777507648388575
EC000590,1,43.46013880750081,-0.07982650168213107,43.46013880750081
EC006747,3,57.43301193756533,-0.0250578437144058,57.43301193756533
EC004518,0,27.689227825033832,0.006625548134131188,27.689227825033832
EC001911,3,78.7797596095877,-0.01341914059496633,78.7797596095877
EC003334,3,70.51140926447634,-0.03456884258307385,70.51140926447634
EC002873,0,23.987361558971294,0.006625548134131188,23.987361558971294
EC005345,2,44.90214106868869,-0.0007042193541815858,44.90214106868869
EC006353,0,72.43370957295622,0.006625548134131188,72.43370957295622
EC003259,3,43.04781080416032,-0.0356121033611609,43.04781080416032
EC007122,1,27.478508368966082,-0.07838227056574817,27.478508368966082
EC000310,0,55.82914945283898,0.004473129201344057,55.82914945283898
EC004723,2,64.85372602730112,0.014817660513280054,64.85372602730112
EC005517,0,71.61341556065578,0.004247086355185771,71.61341556065578
EC001818,0,92.32933961761172,-0.017029707727021098,92.32933961761172
EC001528,3,30.001877743547677,0.0,30.001877743547677
EC002823,4,32.39863875453033,0.005961407285457413,32.39863875453033
EC006777,4,39.490703784662976,0.0046505473379830665,39.490703784662976
EC005162,2,41.916566351882395,-0.0032687324522703634,41.916566351882395
EC000027,1,33.19272609704698,-0.08098146116243113,33.19272609704698
EC006396,4,49.77127809772308,0.016918692602172932,49.77127809772308
EC001436,1,42.60297961729186,-0.05188661011662178,42.60297961729186
EC003152,3,51.591473977047244,-0.031016803446147552,51.591473977047244
EC007998,4,55.275880333568004,0.06466649337343666,55.275880333568004
EC004429,2,45.74068388002843,0.014817660513280054,45.74068388002843
EC000764,0,35.66422982004184,0.007494311636970457,35.66422982004184
EC006143,4,29.206612448135118,0.004721082520104065,29.206612448135118
EC003721,1,39.52066616235231,-0.0850398556719835,39.52066616235231
EC005794,4,36.60297221604524,0.029790651000130768,36.60297221604524
EC006919,1,36.18964222088738,-0.07838227056574817,36.18964222088738
EC005540,1,31.787812297811044,-0.06527203317907158,31.787812297811044
EC007301,4,45.964227285934406,0.028711907241608714,45.964227285934406
EC001089,4,65.42169596433298,0.07681865093672102,65.42169596433298
EC002346,4,45.37974371312994,0.056156144304479086,45.37974371312994
EC002938,1,75.47349441780337,-0.08634725688015721,75.47349441780337
EC006011,1,101.06940428901609,-0.0030347176229506417,101.06940428901609
EC005219,1,42.13455682925073,-0.07998524422976412,42.13455682925073
EC006392,3,35.728204340879145,-0.024837274894078075,35.728204340879145
EC005644,2,34.8028189881341,0.010542492249193583,34.8028189881341
EC001021,3,42.42421832586708,-0.02484073016996776,42.42421832586708
EC006864,1,45.53841547357053,-0.03709169066337448,45.53841547357053
EC005596,3,20.286037980185775,-0.025260162306777176,20.286037980185775
EC005144,3,30.339177937326554,-0.025260162306777176,30.339177937326554
EC005905,0,17.86701733620856,0.006625548134131188,17.86701733620856
EC002448,3,75.849998539235,-0.07204725762961195,75.849998539235
EC000214,0,32.99721924796313,0.006625548134131188,32.99721924796313
EC003293,0,61.13240813854496,-0.008124282917740172,61.13240813854496
EC006333,0,41.604020418719095,0.006625548134131188,41.604020418719095
EC007400,3,26.133017991280596,-0.02457393264808367,26.133017991280596
EC003223,4,58.80552505005576,0.028221945870888304,58.80552505005576
EC002054,3,44.74417795180628,-0.025840723800055705,44.74417795180628
EC004848,3,42.664434174361176,-0.025260162306777176,42.664434174361176
EC007338,2,47.21539359244704,-0.009450593971848109,47.21539359244704
EC007632,3,42.74966662850963,-0.025340393052285654,42.74966662850963
EC001405,3,32.42082455348188,-0.027129418611411583,32.42082455348188
EC007209,3,23.390114769372637,-0.02380100162113448,23.390114769372637
EC007492,0,39.503848583856055,0.007074209601927039,39.503848583856055
EC001827,3,55.43214646394874,-0.03910493763794666,55.43214646394874
EC006222,3,61.36866448443476,-0.03519260423531088,61.36866448443476
EC003952,0,44.440404080291216,0.006625548134131188,44.440404080291216
EC005562,4,49.195718835534365,0.005044349411300407,49.195718835534365
EC000673,2,40.938704208462255,0.010000309631715408,40.938704208462255
EC004069,0,26.48023708414403,0.006625548134131188,26.48023708414403
EC002128,0,45.78003909877714,-0.022773164035596656,45.78003909877714
EC007050,2,65.0841776558813,-0.13826750841342006,65.0841776558813
EC006873,1,103.22494407365384,0.07398888618688651,103.22494407365384
EC007712,3,74.18982026442337,0.0,74.18982026442337
EC004018,2,53.720292424866294,-0.17649668921761014,53.720292424866294
EC001082,2,59.716019983329815,0.013067326380341901,59.716019983329815
EC006947,0,69.34284027215189,0.007424806223579656,69.34284027215189
EC005336,3,44.818909299971885,-0.025986259719893823,44.818909299971885
EC004976,2,29.802920169102098,0.003324997624188579,29.802920169102098
EC001631,3,46.34041716128593,-0.025301254523524414,46.34041716128593
EC002135,3,66.07721370376231,0.0,66.07721370376231
EC005849,3,87.36507676275053,-0.035243286995697495,87.36507676275053
EC000035,0,36.882269764699274,0.0069501539092882095,36.882269764699274
EC005378,3,41.058063910845966,-0.02398867332557581,41.058063910845966
EC000120,4,66.06161703845149,0.0063683690127087425,66.06161703845149
EC004194,1,95.501106369823,-0.025275018344585905,95.501106369823
EC003257,2,72.1186171055285,0.014817660513280054,72.1186171055285
EC003400,1,78.56993071055848,-0.05454140673961512,78.56993071055848
EC001989,1,42.78980495471947,-0.07991615610234157,42.78980495471947
EC005267,2,85.53866457050152,-0.10054415158918488,85.53866457050152
EC006801,1,38.04947718770034,0.0,38.04947718770034
EC005781,2,46.62210275474553,-0.05375991340711233,46.62210275474553
EC007686,4,34.33279480029888,0.0046505473379830665,34.33279480029888
EC001124,2,106.5632163531863,-0.01525634748259666,106.5632163531863
EC007364,3,68.22896011110181,-0.026587890600968604,68.22896011110181
EC002296,4,104.32919648382551,0.31216723008114466,104.32919648382551
EC006705,2,30.32689339231756,0.005669492442322566,30.32689339231756
EC002673,1,27.989023676899674,-0.07735095355121163,27.989023676899674
EC001712,0,25.54084172834867,0.007600990534683787,25.54084172834867
EC003822,0,88.58866406701132,-0.008373751791506841,88.58866406701132
EC002513,3,35.74203096216548,-0.025260162306777176,35.74203096216548
EC006851,3,44.36638361514055,-0.02591594009059202,44.36638361514055
EC006764,1,69.04119138363812,-0.07848281746924371,69.04119138363812
EC000937,2,103.12237309957968,-0.03838796931963644,103.12237309957968
EC004346,2,40.01174795931938,-0.026915998413310983,40.01174795931938
EC000314,3,55.00827707276292,-0.027916956280325353,55.00827707276292
EC002871,0,57.084731573921744,0.007057642330805509,57.084731573921744
EC002633,2,84.76419690045991,-0.013067497202356608,84.76419690045991
EC001294,1,57.54011257347012,-0.07844365828461183,57.54011257347012
EC003042,4,44.9684064995991,0.02732120217386461,44.9684064995991
EC006398,3,51.51599971613635,-0.032223598619178805,51.51599971613635
EC003650,1,51.438159221025884,-0.0759106218459905,51.438159221025884
EC007932,0,61.56608736392771,0.006630438673190257,61.56608736392771
EC002210,1,45.35312564185389,-0.014098464658290774,45.35312564185389
EC004600,4,47.60252626902072,0.007324266451067329,47.60252626902072
EC004957,2,50.54406420911192,-0.12314514252869249,50.54406420911192
EC000482,3,33.3752578435984,-0.0269297929029736,33.3752578435984
EC005371,3,39.066863110254246,-0.026394377872954938,39.066863110254246
EC005281,1,41.04738318954887,-0.03371950911264347,41.04738318954887
EC005750,3,68.8020655194005,-0.03528306515155209,68.8020655194005
EC001046,0,61.77817648561666,0.006625548134131188,61.77817648561666
EC000818,0,59.423857805273904,0.0016269542777560169,59.423857805273904
EC004115,4,41.519296313271084,0.04038372376808758,41.519296313271084
EC007858,1,33.54078326379718,-0.07818892008620962,33.54078326379718
EC005350,2,32.10214935429975,-0.0209680692618094,32.10214935429975
EC007404,0,27.787004708010354,0.005675279880070084,27.787004708010354
EC000067,2,75.70539928796933,-0.09266731488322554,75.70539928796933
EC000508,3,47.740231758981274,-0.030706419177556784,47.740231758981274
EC006771,2,69.17093982663684,0.0,69.17093982663684
EC000577,4,48.13423299603224,0.0323856769726925,48.13423299603224
EC001133,4,30.429384923554846,0.00898338915044268,30.429384923554846
EC003049,2,38.100517738012464,0.008134110759519572,38.100517738012464
EC004048,0,55.63793834205096,-0.022048551183396572,55.63793834205096
EC004978,4,51.21648196118881,0.10280272323852035,51.21648196118881
EC003087,0,105.78288723996182,0.0,105.78288723996182
EC002479,4,44.238082203366844,0.10561172717352288,44.238082203366844
EC002565,1,46.688134462395446,-0.06548438979904118,46.688134462395446
EC001953,2,32.06955189433145,0.01243124016332084,32.06955189433145
EC004463,1,70.5986399720736,-0.07547718711240159,70.5986399720736
EC006346,4,39.01302701206541,0.037993201722511805,39.01302701206541
EC003830,4,38.793101160943564,0.022731585346429453,38.793101160943564
EC003719,3,40.652717126963346,-0.02528608862185678,40.652717126963346
EC004638,1,33.47157672399632,-0.07876961959612411,33.47157672399632
EC005036,0,27.486062489684898,0.007832565967038687,27.486062489684898
EC003909,4,20.275632434471383,0.0046505473379830665,20.275632434471383
EC002225,1,43.99061917442234,-0.020680834989411895,43.99061917442234
EC005711,0,69.62270369681339,0.0,69.62270369681339
EC007481,1,23.065541436093,-0.07848046263374088,23.065541436093
EC001195,0,34.262899858112746,0.006625548134131188,34.262899858112746
EC006136,4,52.19639705862935,0.017872353047147307,52.19639705862935
EC007851,2,55.60279291812391,-0.03240682315886223,55.60279291812391
EC005491,2,105.49152409832584,-0.055344530704707365,105.49152409832584
EC002713,0,38.277680988550486,0.00687322151111948,38.277680988550486
EC001552,0,64.77032798363808,-0.04516352113183562,64.77032798363808
EC007476,1,53.52401400371194,-0.05848513249279904,53.52401400371194
EC000561,2,63.013303897397655,0.014817660513280054,63.013303897397655
EC007726,3,58.37749285796666,-0.046614446067641715,58.37749285796666
EC001421,4,65.23878944441957,0.05653031098034575,65.23878944441957
EC003339,4,39.73468800700695,0.007367177092521788,39.73468800700695
EC004426,4,62.4124620923445,0.10930481544541626,62.4124620923445
EC000926,3,52.679159010273096,-0.025247234813855775,52.679159010273096
EC006910,0,66.34500459150931,0.006625548134131188,66.34500459150931
EC005366,1,21.11509891471071,-0.07838227056574817,21.11509891471071
EC004841,0,45.29304956684791,0.001049331471178572,45.29304956684791
EC004131,3,42.74779788732952,-0.018788744286462468,42.74779788732952
EC004855,3,39.335101194494065,-0.031317130185425576,39.335101194494065
EC000414,1,93.0085521262,-0.017350166859331724,93.0085521262
EC006046,2,92.34353609604688,-0.04017024840525352,92.34353609604688
EC001733,3,52.937949355916516,-0.02567456677243673,52.937949355916516
EC004961,4,46.72277272990669,0.00992669719541205,46.72277272990669
EC006629,0,77.51988796702358,0.004932062107882196,77.51988796702358
EC004321,4,46.92303289423411,0.03950571718730571,46.92303289423411
EC006921,2,22.400388767154247,0.014817660513280054,22.400388767154247
EC003869,4,32.62315614339739,0.0046505473379830665,32.62315614339739
EC000418,4,63.755709504941784,0.038256821585418585,63.755709504941784
EC007532,4,58.927618258634816,0.012469525805235658,58.927618258634816
EC004295,0,68.9107417714266,0.006239792215310063,68.9107417714266
EC005077,3,46.42048724073899,-0.02823315746467474,46.42048724073899
EC002384,1,79.28040743368449,-0.00435623195964685,79.28040743368449
EC005961,0,54.05177777890562,0.008618873661435234,54.05177777890562
EC004126,2,60.50574853341977,-0.18234011942054468,60.50574853341977
EC000697,2,63.984784326557524,0.014817660513280054,63.984784326557524
EC004260,2,30.710120398781434,0.01223797249997885,30.710120398781434
EC007839,3,42.29785517544861,-0.03075557523010652,42.29785517544861
EC004705,1,80.5786866277507,0.0,80.5786866277507
EC006250,1,38.42229906823714,-0.07838227056574817,38.42229906823714
EC001248,3,59.87321879082835,-0.0314016845611064,59.87321879082835
EC006432,1,40.20854050803581,-0.07893449553704242,40.20854050803581
EC002156,3,43.364688781568496,-0.02533994560923613,43.364688781568496
EC005809,1,49.869027808454085,-0.06465120182304358,49.869027808454085
EC000034,1,37.99691529891855,-0.05192989299631981,37.99691529891855
EC000486,1,24.78448616917695,-0.07838227056574817,24.78448616917695
EC002083,1,47.94632808498737,-0.0787539505735883,47.94632808498737
EC003901,2,89.45868344785094,-0.07197342011945684,89.45868344785094
EC005893,1,44.64822656425041,-0.027438137946866302,44.64822656425041
EC006906,2,42.1701953495183,-0.012334385709050835,42.1701953495183
EC000410,2,71.04366179835304,0.008869042782890219,71.04366179835304
EC005246,3,57.0196393135879,-0.024851448850974837,57.0196393135879
EC007558,4,40.07362805857673,0.0046505473379830665,40.07362805857673
EC006081,1,44.94890943146486,-0.07941464437055168,44.94890943146486
EC007243,3,56.34864442540454,-0.04133825998982481,56.34864442540454
EC002053,1,24.865931476851763,-0.07838227056574817,24.865931476851763
EC002931,3,48.78206427115726,-0.04215221135710933,48.78206427115726
EC003131,1,43.0743797657616,0.0,43.0743797657616
EC005049,3,55.7424488320417,-0.03956351577124488,55.7424488320417
EC003840,4,78.84690473069438,0.011488834302198252,78.84690473069438
EC004712,0,34.647783295226,0.006625548134131188,34.647783295226
EC007713,1,37.29175890560083,-0.0655488905964062,37.29175890560083
EC003228,4,83.9646293992923,0.010138864301323412,83.9646293992923
EC005503,4,51.03496658847418,0.019978501623792545,51.03496658847418
EC003466,0,20.8377988375174,0.006827722892942868,20.8377988375174
EC000323,0,27.277524288530692,0.007137184558217416,27.277524288530692
EC007982,3,26.512120926353607,-0.02533567145479565,26.512120926353607
EC000786,3,59.90410594321445,-0.025260162306777176,59.90410594321445
EC002013,2,73.71195323999508,0.002794797436415662,73.71195323999508
EC006830,0,108.33419699331081,-0.021377160011670497,108.33419699331081
EC002377,4,43.32902141188237,0.01107279577659858,43.32902141188237
EC004120,4,74.50907785205143,0.09822085084706889,74.50907785205143
EC006047,4,66.1077710198931,0.1168446127661501,66.1077710198931
EC004810,0,83.59789452380173,0.00034759893278757945,83.59789452380173
EC005772,1,44.71552322602929,-0.10113075841229696,44.71552322602929
EC006670,4,50.01093386990323,0.08971355534562875,50.01093386990323
EC007522,1,58.40373109161119,-0.046180631251729116,58.40373109161119
EC001776,1,30.068094930584614,-0.07838227056574817,30.068094930584614
EC005548,2,50.02829558965457,-0.06817573402520077,50.02829558965457
EC005601,4,56.35220376149742,0.013398763157146953,56.35220376149742
EC006507,0,43.914222220466776,0.006767410954866209,43.914222220466776
EC006312,1,47.701602185986616,-0.07871297417824086,47.701602185986616
EC002882,3,27.406833147260606,-0.025667175141390726,27.406833147260606
EC006303,0,50.054176535082554,-0.0009032031206678296,50.054176535082554
EC004716,4,50.02651996084079,0.008447827970195401,50.02651996084079
EC000655,3,71.53819698906283,-0.025939328600243304,71.53819698906283
EC005475,2,34.50287748362125,-0.0009566059169487488,34.50287748362125
EC001216,3,33.61522716994163,-0.025732844596834926,33.61522716994163
EC006710,0,64.93688376965173,-0.018769509178023672,64.93688376965173
EC007711,2,44.0266304627389,0.014817660513280054,44.0266304627389
EC001079,1,45.43651500776251,-0.0337771123193444,45.43651500776251
EC007856,1,47.19689920631574,-0.07549323265039083,47.19689920631574
EC001882,1,45.96910578898105,-0.0872768529079981,45.96910578898105
EC003594,2,65.03394939387584,0.007577323917306214,65.03394939387584
EC007130,1,22.40162944252622,-0.07838227056574817,22.40162944252622
EC002976,1,51.26636969794867,-0.07332719567951064,51.26636969794867
EC001105,4,57.79079904122033,0.0046505473379830665,57.79079904122033
EC003230,4,46.644110930424986,0.006787351339589135,46.644110930424986
EC005737,3,79.34030508884095,-0.02746920055876666,79.34030508884095
EC007019,4,76.01074592402335,0.006662121200089952,76.01074592402335
EC002983,1,53.40781288700214,-0.03922257754560966,53.40781288700214
EC002936,3,38.657289150913655,-0.025260162306777176,38.657289150913655
EC001699,1,33.04807645529155,-0.06810345100135075,33.04807645529155
EC005337,2,49.32524435174973,-0.005043207951011323,49.32524435174973
EC003738,0,43.31313539759996,-0.012941439629929908,43.31313539759996
EC003812,0,68.80534148989328,0.008488495660399088,68.80534148989328
EC001738,1,55.07285764182057,-0.034541148495993004,55.07285764182057
EC004168,1,35.81082026956677,-0.07921894216552192,35.81082026956677
EC003859,4,37.778225001209876,0.007856534808770962,37.778225001209876
EC002868,2,26.739582011751846,0.014817660513280054,26.739582011751846
EC000115,3,41.96635734127071,-0.030826914033070738,41.96635734127071
EC005263,1,47.04324689228411,-0.06299830613074515,47.04324689228411
EC003452,4,58.38068648746455,0.05572043562834145,58.38068648746455
EC005354,3,54.76492910138593,-0.030444513141883404,54.76492910138593
EC006648,2,38.10155338757409,0.013975691277201649,38.10155338757409
EC007380,3,48.116546861691546,-0.02358730114755967,48.116546861691546
EC004206,3,28.451121785946537,-0.025260162306777176,28.451121785946537
EC002480,0,29.18628362972845,0.006889818411857948,29.18628362972845
EC007552,1,29.632013169874384,-0.08305040934502846,29.632013169874384
EC003491,1,29.71834691862626,-0.07965907806076805,29.71834691862626
EC004747,0,51.95685053791186,0.009725045055135535,51.95685053791186
EC004164,1,38.065936876810575,-0.0791738041304389,38.065936876810575
EC003551,0,51.02214763977703,-0.03504681543313468,51.02214763977703
EC000371,3,58.61049116108872,-0.036731402477075153,58.61049116108872
EC002641,0,65.28894581029502,-0.024283113770854316,65.28894581029502
EC004110,4,30.161573827515635,0.005045056517292024,30.161573827515635
EC000148,2,45.41003515243509,0.014817660513280054,45.41003515243509
EC007752,4,105.9750391972266,0.416524980125338,105.9750391972266
EC005619,3,22.839347132031993,-0.024333518338267135,22.839347132031993
EC004409,4,28.742307983019423,0.007322336727953804,28.742307983019423
EC006932,3,64.68911563775718,-0.040612418237904076,64.68911563775718
EC005584,3,74.70568073337814,-0.06228137155474305,74.70568073337814
EC001802,3,32.65492095455508,-0.023836042071705425,32.65492095455508
EC006716,3,26.661410823751908,-0.02566033556139146,26.661410823751908
EC003448,3,66.81998437602878,-0.034574483429783184,66.81998437602878
EC002160,0,49.37599144369712,0.008543290399516186,49.37599144369712
EC000361,4,41.95600908102186,0.009959442875912012,41.95600908102186
EC001979,3,59.565744286931135,-0.04160974279032662,59.565744286931135
EC004876,3,68.41106619045388,0.0,68.41106619045388
EC005243,4,43.0392073354511,0.02067234659627491,43.0392073354511
EC007418,3,48.009796706337696,-0.029187425287378367,48.009796706337696
EC002533,4,42.157650115379376,0.07731216244876377,42.157650115379376
EC003295,0,51.105066054149006,-0.03826397832411459,51.105066054149006
EC006332,4,32.63947679469952,0.0046505473379830665,32.63947679469952
EC005271,4,82.00712528928547,0.033720051302249324,82.00712528928547
EC000896,4,48.93812904372535,0.1012892260912715,48.93812904372535
EC001366,1,55.981272545651784,-0.001072076108200544,55.981272545651784
EC001181,3,78.22219875614269,-0.027852897221937182,78.22219875614269
EC004678,1,27.360008434036217,-0.07838227056574817,27.360008434036217
EC000596,2,42.021351534688854,-0.030144852577612603,42.021351534688854
EC002875,2,82.13071516522285,-0.0428031933265368,82.13071516522285
EC000853,2,68.16562430068824,-0.11151203922100879,68.16562430068824
EC006578,2,45.87332751818321,-0.013809837409397875,45.87332751818321
EC003654,1,47.57210649545692,-0.09168485538284793,47.57210649545692
EC003660,2,47.68617761277965,-0.09761035622941021,47.68617761277965
EC000365,2,24.616548038572358,0.007098938045554545,24.616548038572358
EC003854,0,100.73585423433207,-0.015798460817336612,100.73585423433207
EC000662,1,62.059897207270765,-0.034257399570832806,62.059897207270765
EC004304,2,51.018539184298625,-0.0491703423721071,51.018539184298625
EC003092,0,35.911698640426685,0.004484429501827166,35.911698640426685
EC000267,2,39.48031012368942,0.014817660513280054,39.48031012368942
EC004921,4,69.36232039565768,0.0046505473379830665,69.36232039565768
EC007499,2,52.991869668856886,-0.053715016781315225,52.991869668856886
EC005064,2,81.90330755190524,-0.04740395700913682,81.90330755190524
EC005304,4,37.75310784351066,0.0046505473379830665,37.75310784351066
EC006285,1,31.217007611167585,-0.07650349308795143,31.217007611167585
EC000053,3,75.74017774470747,-0.0261817428176108,75.74017774470747
EC005701,0,81.60838802927347,-0.005047645191947196,81.60838802927347
EC004364,3,61.33207631567689,-0.04415782809054897,61.33207631567689
EC005499,4,69.94190318803322,0.07296967436109411,69.94190318803322
EC001226,1,67.12049803533323,0.0,67.12049803533323
EC003693,1,61.124725677493444,0.0,61.124725677493444
EC000144,0,57.017264840876926,-0.016461412033975848,57.017264840876926
EC006712,1,79.29655078892627,0.0,79.29655078892627
EC002958,2,35.278009082873204,0.011295907171519001,35.278009082873204
EC002683,4,37.29751201973978,0.04038960619749932,37.29751201973978
EC004867,2,42.96249310099464,0.0,42.96249310099464
EC007075,1,51.34596071444648,-0.07821045451049778,51.34596071444648
EC003044,3,66.638148669013,-0.025260162306777176,66.638148669013
EC005034,2,86.1313656224694,-0.034250710668677214,86.1313656224694
EC005376,0,51.12947829671458,-0.02360971060886844,51.12947829671458
EC000246,1,40.72102765995262,-0.07318097601478132,40.72102765995262
EC001640,4,41.84150107856874,0.07313200303059639,41.84150107856874
EC004091,4,87.44572202458416,0.0443039992249054,87.44572202458416
EC007820,0,28.23217112205119,0.006625548134131188,28.23217112205119
EC006182,3,28.02761796163053,-0.025260162306777176,28.02761796163053
EC005738,0,47.79536573844235,-0.004722750309236263,47.79536573844235
EC002496,1,43.977318243508016,-0.06061594677244181,43.977318243508016
EC002213,1,41.77776620026766,-0.08608035957847937,41.77776620026766
EC000339,1,25.893921059151648,-0.07888395850844947,25.893921059151648
EC007489,2,34.43916846136038,0.014817660513280054,34.43916846136038
EC005777,2,73.849900754603,-0.016491191752477548,73.849900754603
EC002453,1,48.68901030607785,-0.09170523591263958,48.68901030607785
EC007790,1,45.35569482939513,-0.07052971398974195,45.35569482939513
EC002137,3,43.842637943464304,-0.026425616315062385,43.842637943464304
EC000847,2,69.54670284486878,0.014817660513280054,69.54670284486878
EC005686,3,73.1706764653214,-0.049672998131661456,73.1706764653214
EC005003,2,46.17911824838436,0.006899285508861111,46.17911824838436
EC000907,2,48.78758761095182,0.010151382934487738,48.78758761095182
EC006044,1,20.919062973914933,-0.07838227056574817,20.919062973914933
EC007482,2,81.30048415678003,-0.021827070679642777,81.30048415678003
EC000337,2,73.41713018476287,-0.045426761761734574,73.41713018476287
EC004883,2,74.1800481721454,0.0002710901572919415,74.1800481721454
EC001269,4,67.80681195598173,0.15488872929041936,67.80681195598173
EC002447,3,52.732173649925166,-0.026388934812632832,52.732173649925166
EC003004,0,46.55010419338321,0.006740403559492771,46.55010419338321
EC006913,3,36.14873850042222,-0.024012626665745045,36.14873850042222
EC004074,2,56.68084354664829,-0.007437551152267692,56.68084354664829
EC004804,2,27.808249526947804,0.014817660513280054,27.808249526947804
EC004644,4,64.24031987691029,0.05037142551318027,64.24031987691029
EC000757,4,45.64504331572202,0.017517777993970564,45.64504331572202
EC004570,4,62.34839576741545,0.10233569829531339,62.34839576741545
EC007829,4,43.308022440464356,0.05678439579830508,43.308022440464356
EC000986,1,46.2284496386539,-0.06407275010452626,46.2284496386539
EC004273,1,45.51272752352723,-0.08502875398088891,45.51272752352723
EC005899,0,59.384313745848424,-0.0075572869101458535,59.384313745848424
EC004609,2,42.14895475968301,0.005209052901965917,42.14895475968301
EC006657,1,68.23750884650367,0.0,68.23750884650367
EC005554,3,42.97367178327836,-0.025260162306777176,42.97367178327836
EC006977,4,61.323791925094895,0.0046505473379830665,61.323791925094895
EC005399,4,40.19387815584855,0.020350514854792116,40.19387815584855
EC004599,3,33.93637106334597,-0.02671711283689769,33.93637106334597
EC007278,4,42.88369165909061,0.007536935277526951,42.88369165909061
EC003276,2,50.612190612975496,-0.13524513712866765,50.612190612975496
EC005814,3,48.27231604438695,-0.020960158681390822,48.27231604438695
EC006886,0,36.12107214298452,-0.00021989891040110623,36.12107214298452
EC003637,3,71.76363865385876,-0.02527070075105488,71.76363865385876
EC000589,2,58.52574549300178,-0.015006780446183164,58.52574549300178
EC003258,2,42.293743457075806,0.007426374501189999,42.293743457075806
EC002362,0,49.972301601714676,0.0026626716187814004,49.972301601714676
EC003147,2,28.68389646681544,0.014817660513280054,28.68389646681544
EC003095,2,36.38445728220718,-0.0029736600712915243,36.38445728220718
EC004116,4,43.43506365655449,0.008054663422409993,43.43506365655449
EC003219,3,73.05740042115752,-0.025260162306777176,73.05740042115752
EC001354,1,106.19320952518088,-0.00889179043957216,106.19320952518088
EC001450,3,39.79851876514738,-0.029281866971953077,39.79851876514738
EC004495,4,102.21396672896631,0.4128700675073078,102.21396672896631
EC000973,2,31.798448552158103,0.014817660513280054,31.798448552158103
EC000210,1,38.28218879874237,0.0,38.28218879874237
EC006253,2,77.22144479325782,-0.038742552165218436,77.22144479325782
EC004162,0,26.051977954613655,0.006350635697075022,26.051977954613655
EC007636,3,40.35408029775522,-0.025260162306777176,40.35408029775522
EC004987,3,36.359890154581116,-0.02605131878669952,36.359890154581116
EC001584,0,56.01399977173,0.005961333845899855,56.01399977173
EC003745,1,71.81306350365661,0.08282152784061644,71.81306350365661
EC006497,3,45.31959417494975,-0.03433517040769234,45.31959417494975
EC001857,2,39.43438661543661,0.014088955436191666,39.43438661543661
EC004805,4,24.693822042212005,0.0,24.693822042212005
EC004864,3,37.378879744275096,-0.027350869861280165,37.378879744275096
EC006618,4,40.60852503490654,0.012863530932788459,40.60852503490654
EC004990,0,51.745359158602405,-0.013498416061394644,51.745359158602405
EC003494,1,37.80346036956382,-0.05646633532763027,37.80346036956382
EC004458,0,60.6266313030184,0.006806657217865116,60.6266313030184
EC007698,1,47.57678771943051,0.0,47.57678771943051
EC006781,1,42.976444265028185,-0.04080164795384361,42.976444265028185
EC004197,1,88.17418419060014,-0.052345549553536465,88.17418419060014
EC002179,3,36.71017877176833,-0.02437570777081962,36.71017877176833
EC005259,4,54.46795394178758,0.040626690478439774,54.46795394178758
EC003163,0,49.8558122853557,-0.001194380435514021,49.8558122853557
EC001377,3,36.82055823836468,-0.025241396613556025,36.82055823836468
EC002206,4,25.09776152056746,0.0046505473379830665,25.09776152056746
EC002915,3,32.878200989944716,-0.025260162306777176,32.878200989944716
EC002978,1,48.52747161361245,-0.07701372856724657,48.52747161361245
EC007141,2,39.3398988829581,-0.022521512189083413,39.3398988829581
EC004995,2,50.396328595787196,0.014817660513280054,50.396328595787196
EC004598,2,49.988829849107034,-0.21028212472195928,49.988829849107034
EC006101,0,53.52201114326019,-0.0032732678750259426,53.52201114326019
EC000900,1,25.740372625768426,-0.0793777763705836,25.740372625768426
EC000425,1,38.455580027380925,-0.07881563086274215,38.455580027380925
EC005816,2,34.67683866959439,0.014817660513280054,34.67683866959439
EC001893,1,85.91880504091733,-0.05918100367662289,85.91880504091733
EC000275,0,20.90664114835956,0.006625548134131188,20.90664114835956
EC002861,2,32.43501430189993,0.014817660513280054,32.43501430189993
EC004550,3,45.61742830583217,-0.019626883421573836,45.61742830583217
EC001145,3,43.96367108414077,-0.030162699394772306,43.96367108414077
EC006071,1,57.61389019094261,-0.01715810535945879,57.61389019094261
EC002481,1,28.6263317797722,0.0,28.6263317797722
EC006855,2,40.26239853801982,0.011634756715535266,40.26239853801982
EC001653,0,28.282280541659418,0.007509294445284911,28.282280541659418
EC000109,0,36.780932445944565,2.8888300828249923e-05,36.780932445944565
EC003911,2,21.531111016334215,0.014817660513280054,21.531111016334215
EC007445,3,45.70080552674982,-0.025485731786395578,45.70080552674982
EC007086,0,53.44044543623682,-0.003316837308131687,53.44044543623682
EC005205,3,54.76269665836548,-0.025472169408673855,54.76269665836548
EC005761,4,19.986395775200588,0.0046505473379830665,19.986395775200588
EC004182,1,24.90391353459201,-0.07838227056574817,24.90391353459201
EC004231,1,31.34036845470656,0.0,31.34036845470656
EC000376,2,45.258044088649974,0.0045503334281506574,45.258044088649974
EC006103,4,50.65305618592724,0.013726573399671382,50.65305618592724
EC003168,3,49.024891100518495,-0.030698739647119853,49.024891100518495
EC000157,1,45.094621873172365,-0.08117091544570286,45.094621873172365
EC007189,4,21.292514885840717,0.006683036261511326,21.292514885840717
EC001983,4,68.41573259256273,0.4508663445019979,68.41573259256273
EC007382,2,70.22698489452038,-0.028781465743497284,70.22698489452038
EC001114,2,30.412559768711965,0.0048344182851875715,30.412559768711965
EC001123,2,32.39356851231232,0.0035498216969619134,32.39356851231232
EC004989,1,52.62478307536708,0.0,52.62478307536708
EC003185,4,35.78553542892298,0.007624669230724173,35.78553542892298
EC006090,2,20.70274236462116,0.013922950353791597,20.70274236462116
EC003639,3,57.25828171586809,-0.03202018116146366,57.25828171586809
EC005742,2,48.33967568755081,0.0038529740634968036,48.33967568755081
EC005978,4,57.115938790432885,0.06921024450883845,57.115938790432885
EC007950,0,54.748481100863565,0.014681432721615236,54.748481100863565
EC000883,1,40.38336491610431,-0.0933872257619209,40.38336491610431
EC002509,2,87.54841958215695,-0.050109316366938744,87.54841958215695
EC003540,4,39.36554442612542,0.02753766911383948,39.36554442612542
EC000906,0,30.68370277545803,0.0,30.68370277545803
EC004624,4,47.75941967872056,0.04422095409938981,47.75941967872056
EC002584,3,67.48256184503657,-0.03305115207599516,67.48256184503657
EC007502,4,19.555522495338195,0.0046505473379830665,19.555522495338195
EC007745,1,38.458137163069594,-0.07838227056574817,38.458137163069594
EC006364,2,42.901510556493506,-0.028913230529905676,42.901510556493506
EC000620,4,50.25961765474818,0.0,50.25961765474818
EC001386,4,40.956390993410494,0.017929451690092732,40.956390993410494
EC007826,3,44.32232307411156,-0.026110838803995014,44.32232307411156
EC002723,2,52.82387744641509,0.006865609670159478,52.82387744641509
EC006668,2,36.99318434652989,-0.017670772287139314,36.99318434652989
EC001764,3,50.76960290561561,-0.024944789067231278,50.76960290561561
EC001945,1,34.13029828196834,-0.07909303680734647,34.13029828196834
EC005155,0,74.96909516541427,0.00478507778894792,74.96909516541427
EC005092,0,64.72474735914521,-0.10484474220103596,64.72474735914521
EC001615,1,36.770325228943385,-0.07838227056574817,36.770325228943385
EC005469,2,40.87403650428342,-0.0016736660788152086,40.87403650428342
EC002528,0,35.53037712888637,0.0028170795968088034,35.53037712888637
EC005516,1,62.18875195846343,-0.0005305649127439471,62.18875195846343
EC000849,4,61.07498891537902,0.07062388706785636,61.07498891537902
EC002828,3,54.65007681348119,-0.02773824623135964,54.65007681348119
EC005484,0,42.67998673530746,-0.00044333240448513197,42.67998673530746
EC002177,4,29.07534080636911,0.0046505473379830665,29.07534080636911
EC002124,2,45.79742310578042,-0.052167773061296864,45.79742310578042
EC000370,4,76.60435903207298,0.0,76.60435903207298
EC004385,1,32.37443478801618,-0.07564908248685254,32.37443478801618
EC002952,2,37.903968990300775,0.012176088537775923,37.903968990300775
EC001261,1,43.59258050097406,-0.01733549916914301,43.59258050097406
EC006365,2,49.96750704816158,-0.12847526282491029,49.96750704816158
EC000417,3,44.42229927035217,-0.025607908770929985,44.42229927035217
EC003850,3,113.33368185746976,-0.048688803763259264,113.33368185746976
EC006080,4,58.39668529720265,0.12292837821265068,58.39668529720265
EC002932,2,20.747844981950436,0.0,20.747844981950436
EC002943,1,77.18541721917475,-0.06288400024805044,77.18541721917475
EC001184,4,62.76474615533759,0.03140680989262902,62.76474615533759
EC002271,0,36.16372634588319,0.008180542555381734,36.16372634588319
EC000880,2,55.57640375831466,-0.05072020599095817,55.57640375831466
EC000756,0,42.42351807708414,0.009794046545816566,42.42351807708414
EC000651,1,68.31356299420516,-0.025128356735695766,68.31356299420516
EC007294,0,68.38312473996449,0.0007750805909235908,68.38312473996449
EC000230,3,47.26031355192915,-0.012181683151823386,47.26031355192915
EC004637,4,80.00743372566302,0.0,80.00743372566302
EC002649,3,41.807273173895545,-0.026375157149909585,41.807273173895545
EC007947,3,60.58009629184807,-0.029972400035735793,60.58009629184807
EC005473,3,52.47297233229828,-0.06123437462033811,52.47297233229828
EC006401,0,52.22088873807628,0.0007382558431537626,52.22088873807628
EC007052,3,49.498083462874696,-0.050660949176351146,49.498083462874696
EC000544,4,60.30160578132524,0.02124886278095308,60.30160578132524
EC000625,4,39.851770337035774,0.015859384965667477,39.851770337035774
EC000969,3,51.745817871558295,-0.01653793457155067,51.745817871558295
EC003314,0,45.99471376571411,0.014535749495121176,45.99471376571411
EC000955,1,47.001036284557884,-0.09392163013040115,47.001036284557884
EC004505,4,52.85630660062889,0.07346684246444493,52.85630660062889
EC007277,1,50.01740944171937,-0.07717601890009294,50.01740944171937
EC002970,4,68.3175708547923,0.0066360378825918165,68.3175708547923
EC006654,2,25.80515746830976,0.0034740559803381615,25.80515746830976
EC000780,1,27.093822756839227,-0.07838227056574817,27.093822756839227
EC004873,3,35.0722872704736,-0.03162508769046827,35.0722872704736
EC006102,3,45.84436444386325,-0.025392982831274738,45.84436444386325
EC002676,0,43.26994458181197,-0.005845917911789066,43.26994458181197
EC002803,4,25.312862886116292,0.0046505473379830665,25.312862886116292
EC007808,0,64.45403813928158,0.006625548134131188,64.45403813928158
EC003688,2,38.056345552930985,0.014817660513280054,38.056345552930985
EC002617,1,40.9207206524692,-0.07936799502764103,40.9207206524692
EC002163,4,39.531823138141824,0.04526420279289613,39.531823138141824
EC005349,2,67.14380415929124,-0.004371324649403145,67.14380415929124
EC001040,2,62.406594993908094,0.004369659046113181,62.406594993908094
EC005116,1,45.65969812116288,-0.0012265134900809119,45.65969812116288
EC006415,1,36.75186245071673,-0.068554356978096,36.75186245071673
EC006931,4,53.33548352170257,0.02970984128244027,53.33548352170257
EC006267,0,61.8624215256938,-0.006611190262174337,61.8624215256938
EC001595,2,40.93801586448216,-0.04698795811006132,40.93801586448216
EC004862,4,72.91257281083566,0.012662091028938487,72.91257281083566
EC001803,0,22.072286880069665,0.006934055956804736,22.072286880069665
EC005236,3,62.87852513322971,-0.019539326212658706,62.87852513322971
EC006917,3,26.86370686433035,-0.025260162306777176,26.86370686433035
EC002146,2,36.11161800765516,-0.018783565205354156,36.11161800765516
EC002694,2,29.665937973923963,0.014817660513280054,29.665937973923963
EC000680,2,42.27116661125786,0.009254477181000767,42.27116661125786
EC004357,1,39.13100980673183,-0.044829528587486324,39.13100980673183
EC003565,1,41.93777901965388,-0.06471988798693021,41.93777901965388
EC001665,4,26.406262250329622,0.0059508640421305666,26.406262250329622
EC000774,3,58.042012478438444,-0.025260162306777176,58.042012478438444
EC007163,2,38.12479005106675,-0.1147247142468965,38.12479005106675
EC004781,3,67.83526361066136,-0.048131395938594536,67.83526361066136
EC000799,1,51.50043706017705,-0.05322105190390985,51.50043706017705
EC005151,0,83.99528477595686,0.004429939351344553,83.99528477595686
EC006896,0,90.54044417019608,-0.023225986022482315,90.54044417019608
EC005927,1,29.11687808676659,-0.07838227056574817,29.11687808676659
EC007848,1,66.70871699382424,-0.07873552835288113,66.70871699382424
EC004815,2,61.74734315049939,0.014817660513280054,61.74734315049939
EC006360,4,36.26930680086465,0.004851245087745117,36.26930680086465
EC006728,2,47.94799337125293,-0.1472036457482802,47.94799337125293
EC005372,4,27.67924393427247,0.00871449538904084,27.67924393427247
EC006040,0,71.3399637212389,-0.036291128723820565,71.3399637212389
EC000291,3,62.02609683804528,-0.03517128659013645,62.02609683804528
EC003567,4,49.77310984492618,0.005775499383549966,49.77310984492618
EC000433,1,40.98209040069216,-0.08652732195745542,40.98209040069216
EC005450,4,51.84877159989438,0.07212620993793789,51.84877159989438
EC001799,1,45.73011989296526,-0.039811905417330914,45.73011989296526
EC001684,1,56.39403869430385,-0.0730627117767491,56.39403869430385
EC007566,1,61.276471995999216,0.0,61.276471995999216
EC007002,0,38.25225725980162,0.006625548134131188,38.25225725980162
EC001894,0,42.797409919196745,0.0057524110369354675,42.797409919196745
EC007356,4,45.652003459211684,0.005643002959692084,45.652003459211684
EC006301,4,56.80232369462065,0.024693502808414376,56.80232369462065
EC000861,4,62.410520938701055,0.0,62.410520938701055
EC002441,4,48.64482375283805,0.005575575178789777,48.64482375283805
EC007254,2,29.5134592357061,0.010536120637091057,29.5134592357061
EC000519,2,44.561554606919145,-0.01720248686628565,44.561554606919145
EC004250,1,55.476535257938345,-0.06335820953140828,55.476535257938345
EC001896,2,32.45496902626162,0.008498652592128425,32.45496902626162
EC001709,2,20.997595237523118,0.014817660513280054,20.997595237523118
EC005497,3,53.18337706547788,-0.020933247592662484,53.18337706547788
EC003607,4,42.891099797509284,0.0,42.891099797509284
EC004225,3,96.61000033294104,-0.040436512775517124,96.61000033294104
EC002181,4,40.75262221244466,0.05370872305276108,40.75262221244466
EC000701,0,31.081702918998616,0.0071119952842101705,31.081702918998616
EC003093,3,38.173627962681444,-0.025260162306777176,38.173627962681444
EC007336,1,78.89956811678687,-0.0680866680758411,78.89956811678687
EC007280,0,45.5007977065182,-0.004270126086673702,45.5007977065182
EC001150,3,45.20051928465931,-0.01926038470648576,45.20051928465931
EC007083,0,33.9936928211423,0.006625548134131188,33.9936928211423
EC005682,2,61.26416881590767,0.013051740084806474,61.26416881590767
EC000488,3,29.959046924999374,-0.025897262294342152,29.959046924999374
EC000321,3,73.70920029828456,-0.053457062833863006,73.70920029828456
EC003849,3,41.81467278906124,-0.039751892042122525,41.81467278906124
EC003243,3,39.12320322913148,-0.025465547535546508,39.12320322913148
EC001189,0,43.29108878078726,0.015156027754069741,43.29108878078726
EC005579,0,75.5032008883643,0.005436267884560091,75.5032008883643
EC004503,1,54.888512760645035,-0.0062837342836049165,54.888512760645035
EC006700,2,52.73617369428731,0.014817660513280054,52.73617369428731
EC006335,1,49.98449029892914,-0.09219655734506664,49.98449029892914
EC002421,0,55.21690708550031,0.011897446733222074,55.21690708550031
EC004039,0,34.90119462299513,0.006625548134131188,34.90119462299513
EC005170,0,33.480777174333994,0.006470352690320384,33.480777174333994
EC007288,3,47.82089771294265,-0.02676911860786197,47.82089771294265
EC003031,2,48.37161610428295,-0.0056178871478050375,48.37161610428295
EC005118,3,35.07318900753883,-0.025813180771984377,35.07318900753883
EC000964,4,68.67774357248113,0.13562229090606304,68.67774357248113
EC000476,1,39.849513439418615,-0.08094181910046189,39.849513439418615
EC004856,0,23.884862331325238,0.0067955229265735774,23.884862331325238
EC003795,4,48.811313301788594,0.013997710250731314,48.811313301788594
EC005476,4,71.50807879826735,0.0,71.50807879826735
EC003253,3,33.65215626467806,-0.025522199558403763,33.65215626467806
EC006347,2,87.42367398647518,-0.029313217329267158,87.42367398647518
EC004029,4,24.596754413162145,0.004948219047875881,24.596754413162145
EC006989,0,52.47960827217797,-0.0022118527830852844,52.47960827217797
EC001770,0,39.8139313276079,0.008670892237269015,39.8139313276079
EC003938,3,47.70203759883934,-0.03339754015951492,47.70203759883934
EC001509,2,45.66228159279923,0.01251455257479435,45.66228159279923
EC002080,0,54.408218619124284,0.003968732553820101,54.408218619124284
EC007583,1,35.74058022947523,-0.08355092655409711,35.74058022947523
EC005943,0,48.797455558409176,0.007596499277098613,48.797455558409176
EC001154,0,52.57041624266099,0.007004680246937874,52.57041624266099
EC004607,0,28.72443007867086,0.006798084171949146,28.72443007867086
EC007599,0,65.18199046041065,-0.03768644331865583,65.18199046041065
EC007507,3,54.68040318115948,-0.04014457642414497,54.68040318115948
EC004350,3,58.43394675339533,0.0,58.43394675339533
EC007908,4,84.2293093666113,0.03196039313332752,84.2293093666113
EC002851,2,66.94951453981501,0.006393796124322618,66.94951453981501
EC006953,0,88.25452866070019,-0.06061635791749527,88.25452866070019
EC002205,0,56.4197120466793,-0.015393009243935786,56.4197120466793
EC001062,1,36.742038884187785,-0.07670756947169122,36.742038884187785
EC007116,1,54.40497427523838,0.0,54.40497427523838
EC005130,3,77.39993917900253,-0.02751381453241289,77.39993917900253
EC004891,2,66.6088447669283,0.014817660513280054,66.6088447669283
EC004036,1,64.02142865053875,-0.009885956856866537,64.02142865053875
EC006435,2,33.72710926705018,-0.013010922656252588,33.72710926705018
EC002266,2,106.3722993947502,0.03868415989011953,106.3722993947502
EC005360,1,49.832725646846015,0.019072447689983563,49.832725646846015
EC007219,0,61.99181600827539,0.00724245756299303,61.99181600827539
EC001936,0,56.003477337388276,0.005892256810616143,56.003477337388276
EC007168,4,48.69770203743498,0.03495948259134164,48.69770203743498
EC000306,3,45.90047670836892,-0.02845730865030965,45.90047670836892
EC003601,4,74.84714182480519,0.16614427978917776,74.84714182480519
EC003939,1,55.950293359206114,-3.32868757328339e-05,55.950293359206114
EC001229,3,43.74270616989686,-0.026624042123390274,43.74270616989686
EC006627,4,26.367333083965597,0.009141584561465129,26.367333083965597
EC000862,0,48.66621219525477,-0.0014583056411504808,48.66621219525477
EC005182,1,49.05447349014836,-0.08593873517395968,49.05447349014836
EC006962,2,39.25859784464337,0.006494752250877124,39.25859784464337
EC007993,1,66.20799880807792,-0.07773757883775359,66.20799880807792
EC000483,1,67.47877839824024,-0.027895073215629673,67.47877839824024
EC007256,4,65.08680618913647,0.0046505473379830665,65.08680618913647
EC006697,3,62.24750319635119,-0.033834536652010014,62.24750319635119
EC002001,2,88.29851141736113,-0.07481367144101914,88.29851141736113
EC003883,0,75.50862890016828,-0.029370609647849405,75.50862890016828
EC000020,4,43.24674698923831,0.05063117363520825,43.24674698923831
EC006635,0,47.652360430243654,-0.0047633733271019146,47.652360430243654
EC003634,4,50.527635836619595,0.007694802081416246,50.527635836619595
EC005953,1,65.64441549161879,-0.07916702591987096,65.64441549161879
EC001220,3,95.67440999681354,-0.040215762217149016,95.67440999681354
EC000658,3,56.12311843593986,-0.020257375607559296,56.12311843593986
EC000743,0,62.856059317177404,-0.0003336326108154433,62.856059317177404
EC003271,4,73.20697782099614,0.012511148503219466,73.20697782099614
EC003191,1,33.01768031139399,-0.07838227056574817,33.01768031139399
EC004666,2,41.86388593292794,-0.028837571064660342,41.86388593292794
EC004664,2,44.34324524172862,-0.02494392026383627,44.34324524172862
EC007781,3,54.15730439188629,-0.0425699070490843,54.15730439188629
EC006868,1,32.790438210370205,-0.07987674143783607,32.790438210370205
EC006275,2,30.02838864850158,0.002610578635520666,30.02838864850158
EC000740,2,111.37563750406517,-0.022979351598537825,111.37563750406517
EC003362,1,70.62667906439492,-0.07558576699642708,70.62667906439492
EC005650,1,32.754916991025546,-0.07838227056574817,32.754916991025546
EC002605,3,52.48015580528076,-0.029407624521384134,52.48015580528076
EC006494,2,49.8605533279826,0.010610262340675733,49.8605533279826
EC002906,0,45.604390901720215,0.004492253947759265,45.604390901720215
EC007470,4,43.25257302450618,0.011833219890157742,43.25257302450618
EC005058,3,57.54512263435463,-0.025260162306777176,57.54512263435463
EC004792,4,82.01786459134472,0.0321277652736088,82.01786459134472
EC004343,2,73.70410124707958,-0.017636016182767285,73.70410124707958
EC002175,2,26.53522256325271,0.0080445396860684,26.53522256325271
EC006184,2,25.347485654618584,0.014817660513280054,25.347485654618584
EC001197,1,57.5973428128587,-0.03322103792512475,57.5973428128587
EC004141,4,35.92586837365941,0.027512530593317253,35.92586837365941
EC001007,4,28.122192534117342,0.004828125119778145,28.122192534117342
EC001353,1,99.64213840020513,0.0038758713780491783,99.64213840020513
EC006131,2,58.9239833584107,-0.16199987288979406,58.9239833584107
EC006139,0,68.7889228543639,0.007473762679359919,68.7889228543639
EC007722,4,39.0747489403524,0.050302951094442064,39.0747489403524
EC006412,0,85.13684268481933,0.004223755778841495,85.13684268481933
EC001317,2,62.01718094138418,0.014817660513280054,62.01718094138418
EC003088,1,50.96175552431082,-0.04326834331383074,50.96175552431082
EC006375,2,41.54348210942998,0.007526721804612037,41.54348210942998
EC007753,2,26.217808340615925,0.009137249145132725,26.217808340615925
EC003283,2,72.73373260866295,-0.02073257042337975,72.73373260866295
EC000250,3,36.416083367901294,-0.025260162306777176,36.416083367901294
EC005901,2,36.26470611098497,-0.01341320702274184,36.26470611098497
EC004986,0,40.103197935405476,0.006361288219294159,40.103197935405476
EC002139,2,60.39855664375008,-0.0538328134282107,60.39855664375008
EC003129,0,37.79101895200987,0.006625548134131188,37.79101895200987
EC005164,0,45.660765038087845,-0.0060163415997878805,45.660765038087845
EC001051,1,57.33059364307128,-0.049512466647242334,57.33059364307128
EC001249,2,42.312298223476645,-0.10475765285227322,42.312298223476645
EC003845,1,47.145353385310095,0.0,47.145353385310095
EC006927,3,49.46564385830373,-0.029025269621821864,49.46564385830373
EC000190,4,63.24176661992165,0.09191917245028193,63.24176661992165
EC002910,4,66.98980280919359,0.0046505473379830665,66.98980280919359
EC004335,4,41.249577305787575,0.0492020151008455,41.249577305787575
EC007409,2,37.683391205981074,0.013113731905900844,37.683391205981074
EC001947,3,36.480275202453605,-0.02811598344215985,36.480275202453605
EC004851,1,48.32223958600255,-0.030775124905271567,48.32223958600255
EC007473,0,63.60829834176027,0.005023310655142092,63.60829834176027
EC006809,2,39.54456075009574,-0.018999564105919787,39.54456075009574
EC000252,0,40.544374494405965,0.006625548134131188,40.544374494405965
EC003763,2,41.34930760849097,0.0019139900404542692,41.34930760849097
EC006235,4,34.04169813994992,0.0046505473379830665,34.04169813994992
EC005080,2,57.08952805669603,-0.056203568210527764,57.08952805669603
EC003032,4,39.796555265934074,0.010327907487119918,39.796555265934074
EC001070,4,60.47213282828059,0.0,60.47213282828059
EC003703,4,19.925573097378603,0.0046505473379830665,19.925573097378603
EC001477,0,51.11970350380683,0.013274790917632511,51.11970350380683
EC005956,1,64.9823069085335,-0.07583017449116236,64.9823069085335
EC005648,3,44.52945247265395,-0.021295529861403727,44.52945247265395
EC005397,4,28.838754173654003,0.0046505473379830665,28.838754173654003
EC002498,3,67.85401183043518,-0.0309985680844233,67.85401183043518
EC005509,4,24.225840165719823,0.0046505473379830665,24.225840165719823
EC000858,0,37.769109688571454,0.006697137125448346,37.769109688571454
EC007877,1,57.81225307219343,-0.07838227056574817,57.81225307219343
EC004769,2,51.312277096185106,0.004480193182246458,51.312277096185106
EC007652,1,65.80171877285254,-0.04859957304137287,65.80171877285254
EC007008,2,43.55051895841397,-0.09621145092386862,43.55051895841397
EC005432,0,63.63872301525789,0.006454050599625704,63.63872301525789
EC005664,1,43.9201521524486,-0.06971316529688752,43.9201521524486
EC006296,2,69.17107723820082,-0.013266724311896759,69.17107723820082
EC002284,4,47.492525117471644,0.07706635881915486,47.492525117471644
EC007641,1,48.76411534896389,-0.07869662810681474,48.76411534896389
EC001620,3,50.28044995422994,-0.0164781017572491,50.28044995422994
EC004301,2,84.23079665363773,-0.01720058145014542,84.23079665363773
EC005400,0,50.78271508498348,0.0033235672483179777,50.78271508498348
EC005289,4,66.82831647172449,0.0046505473379830665,66.82831647172449
EC007633,3,59.92367118607737,-0.0444847698008482,59.92367118607737
EC001347,1,30.24531814044755,-0.0782116679781796,30.24531814044755
EC007104,0,39.27120122534935,0.0069476010127238075,39.27120122534935
EC003365,2,83.99543874141543,0.008250590020636009,83.99543874141543
EC001302,0,40.58554933823952,0.002096711125319129,40.58554933823952
EC006488,2,58.64166540175803,-0.011448466526512924,58.64166540175803
EC000355,4,80.80337508162637,0.09270439251523746,80.80337508162637
EC007814,2,84.15314709527053,-0.020783073405092476,84.15314709527053
EC002162,4,22.987691908022096,0.0046505473379830665,22.987691908022096
EC000342,3,54.334911128739726,-0.02142008951474001,54.334911128739726
EC003757,2,46.17243049950045,-0.01109999674181414,46.17243049950045
EC000132,3,90.73877366421337,-0.045064450450943,90.73877366421337
EC000465,3,44.215853439256904,-0.025260162306777176,44.215853439256904
EC006240,0,50.750446740425524,0.005946129721345713,50.750446740425524
EC003156,3,37.947214431162266,-0.03088517514318416,37.947214431162266
EC005051,4,66.74035544111936,0.09231055959262338,66.74035544111936
EC000725,1,63.69267965519718,-0.08391569720950101,63.69267965519718
EC003264,3,50.610433716136235,-0.02627733776619684,50.610433716136235
EC003220,3,85.78544067858705,-0.03525247151237144,85.78544067858705
EC001553,2,55.1729661597145,-0.1883519959919966,55.1729661597145
EC001563,3,31.832589602281722,-0.02277212048636309,31.832589602281722
EC005519,0,55.893437137151984,0.0,55.893437137151984
EC003240,1,87.44195854743225,0.015378200416546361,87.44195854743225
EC004631,1,50.476412617923586,0.0,50.476412617923586
EC003626,1,56.222391434952,0.0,56.222391434952
EC003023,0,39.058272939944686,-0.013546980876043651,39.058272939944686
EC007174,2,35.48420719686221,-0.02423353743362828,35.48420719686221
EC001884,4,53.08605193703875,0.016053608568381107,53.08605193703875
EC005286,3,57.213834819177336,0.0,57.213834819177336
EC006769,2,39.913016711649476,0.012596371444258049,39.913016711649476
EC002320,2,58.60737786668616,0.01397820646448706,58.60737786668616
EC007644,1,85.3182612625984,-0.032799581901727826,85.3182612625984
EC007442,1,69.58311015662788,0.005986288243042565,69.58311015662788
EC001862,2,49.14690861951517,-0.20747717087608253,49.14690861951517
EC001545,3,27.426801072369464,-0.025260162306777176,27.426801072369464
EC007315,0,52.07853238360758,0.004223204998592861,52.07853238360758
EC006172,2,42.67675006668614,-0.10004464831972419,42.67675006668614
EC005897,0,89.41671091303067,-0.02565502603301394,89.41671091303067
EC002112,3,45.9306140658947,-0.02480794970068629,45.9306140658947
EC003806,4,27.661519128731484,0.006356152644042795,27.661519128731484
EC006826,0,47.393674034409024,0.005435372481295467,47.393674034409024
EC001334,3,36.59548645023367,-0.025681435852251508,36.59548645023367
EC007453,1,52.22857461233021,-0.06497376676214578,52.22857461233021
EC003694,3,95.89409755637689,-0.04130977327095174,95.89409755637689
EC005713,1,33.88291486312888,-0.0749822236869655,33.88291486312888
EC006878,0,29.43673561261545,0.006625548134131188,29.43673561261545
EC000125,3,83.66602653579376,-0.02247851910241095,83.66602653579376
EC002511,3,29.38843324098321,-0.024488460138517736,29.38843324098321
EC007951,0,40.71607229968391,0.0,40.71607229968391
EC005568,3,35.78185106431461,-0.025542696635887152,35.78185106431461
EC006171,0,32.70549072982342,0.0011959232633206758,32.70549072982342
EC007247,1,55.72732093518097,-0.027309098703866906,55.72732093518097
EC005537,1,40.29605555409439,-0.055859620287575164,40.29605555409439
EC001065,4,20.66151561932164,0.004744685233108507,20.66151561932164
EC004310,2,75.10841337437856,-0.04226952824726751,75.10841337437856
EC001207,2,30.28520988655072,0.009793377300178818,30.28520988655072
EC003862,1,59.81663259994503,-0.056156987705388954,59.81663259994503
EC007537,1,49.65447337467597,-0.049745687850841346,49.65447337467597
EC004796,3,25.80572219729561,-0.025260162306777176,25.80572219729561
EC003432,3,45.26065949168965,-0.025823813114595556,45.26065949168965
EC004475,2,28.3587555008788,0.013943761077720357,28.3587555008788
EC004578,0,25.152846207090494,0.006625548134131188,25.152846207090494
EC002964,3,64.23400981248733,-0.024085008304039743,64.23400981248733
EC007577,0,64.15825381021212,-0.035592548932246997,64.15825381021212
EC004663,4,34.07441288375159,0.0046505473379830665,34.07441288375159
EC000550,2,41.59658193476596,0.0019484787406755903,41.59658193476596
EC000358,3,67.74990984712682,-0.025915719557168024,67.74990984712682
EC000887,2,61.4283662484786,-0.09382992353189443,61.4283662484786
EC005333,2,58.22738062616047,-0.056099921011402085,58.22738062616047
EC002744,4,42.53982157943312,0.018721355363285036,42.53982157943312
EC006140,0,62.37755956414428,0.006625548134131188,62.37755956414428
EC001636,4,36.01987435459776,0.014714548947727037,36.01987435459776
EC007707,3,34.12889018082156,-0.02526923643331023,34.12889018082156
EC002918,4,73.19245909650967,0.10108696437080908,73.19245909650967
EC001100,3,42.24978822556493,-0.029660701978382952,42.24978822556493
EC000755,3,36.95928740860211,-0.026113353560557568,36.95928740860211
EC000474,0,46.758681137119474,0.002501812469498453,46.758681137119474
EC004467,0,33.84638868613381,0.009347225150436797,33.84638868613381
EC001702,0,30.949843387889857,0.0,30.949843387889857
EC000083,3,79.87916876213382,-0.04117003794672918,79.87916876213382
EC001138,0,38.886927095901655,0.01058030209761912,38.886927095901655
EC002209,3,66.71803913418418,-0.03726842131796644,66.71803913418418
EC007100,2,56.49481711858094,-0.002926153517425714,56.49481711858094
EC002611,0,31.158381515655037,0.0,31.158381515655037
EC000781,1,73.74348265964784,-0.07681549922973184,73.74348265964784
EC002400,1,30.224988401543357,-0.07884957460425669,30.224988401543357
EC001730,1,39.23271611146357,-0.03534438926726205,39.23271611146357
EC001832,4,55.907649892266335,0.06328919012983698,55.907649892266335
EC002818,2,73.88730845082209,-0.001094819067515955,73.88730845082209
EC003005,4,33.56837937037935,0.0046505473379830665,33.56837937037935
EC006269,0,64.61017860724174,-0.013415151969558043,64.61017860724174
EC006242,1,44.066156003426954,0.0,44.066156003426954
EC006749,1,63.1106636059073,-0.044644647297765606,63.1106636059073
EC007833,2,58.5955873596307,-0.14904534718326495,58.5955873596307
EC002338,4,33.212751125131774,0.0046505473379830665,33.212751125131774
EC000439,4,73.7814902298093,0.00538437333239996,73.7814902298093
EC003980,3,64.00730873362201,-0.025260162306777176,64.00730873362201
EC001583,1,38.9987461083841,-0.07744777591505482,38.9987461083841
EC001474,4,36.2163791335579,0.02452372848090802,36.2163791335579
EC003102,0,60.916260884538104,-0.03151989827750466,60.916260884538104
EC007533,3,59.13408804583054,-0.02492005046061111,59.13408804583054
EC002428,4,44.40044992726411,0.0414241448413716,44.40044992726411
EC006383,1,42.326954275478776,-0.07838227056574817,42.326954275478776
EC004645,2,53.42076604012564,-0.037038820849430984,53.42076604012564
EC001531,1,22.280070506847796,-0.07838227056574817,22.280070506847796
EC002961,4,92.51065139849666,0.07063149035310096,92.51065139849666
EC006961,1,50.8328931641406,-0.06191474741898258,50.8328931641406
EC003659,1,108.55324781574672,0.09901428532768161,108.55324781574672
EC003566,1,65.71663884857318,-0.07838227056574817,65.71663884857318
EC004640,2,70.28504114174203,-0.033778638404901876,70.28504114174203
EC000189,4,39.92482170999722,0.0,39.92482170999722
EC002567,1,21.85193597692799,-0.07838227056574817,21.85193597692799
EC000574,3,30.450900764560437,0.0,30.450900764560437
EC007485,3,52.18055650637083,-0.03181926461965249,52.18055650637083
EC000860,1,16.47844087552816,-0.07838227056574817,16.47844087552816
EC004888,1,45.549312511691504,-0.041829214926540584,45.549312511691504
EC001607,1,68.89315990015353,-0.07838227056574817,68.89315990015353
EC001085,2,55.72532168673081,0.00823339506550138,55.72532168673081
EC006001,2,35.11530320386253,-0.004006587446028165,35.11530320386253
EC007611,4,91.29177104306937,0.0587433601405686,91.29177104306937
EC007549,4,45.14939922096022,0.019260379796267324,45.14939922096022
EC001218,4,62.496326586590946,0.07648236443542747,62.496326586590946
EC004483,3,20.974802175826056,-0.02499637876807454,20.974802175826056
EC004354,3,32.801030697373854,-0.025187795451260257,32.801030697373854
EC002981,3,62.59908510037374,-0.025011725464009413,62.59908510037374
EC003434,3,53.980370054856145,-0.02688644718575594,53.980370054856145
EC001414,1,85.93245180317885,-0.06700883003040317,85.93245180317885
EC004095,0,38.84666600649966,0.04618043592992152,38.84666600649966
EC001156,1,58.48325312200725,-0.06658859349372741,58.48325312200725
EC007543,0,64.75507120227343,-0.012877019610085786,64.75507120227343
EC005887,2,36.70283796306086,0.002656513819501667,36.70283796306086
EC007300,1,74.64701018424824,-0.07336192800131107,74.64701018424824
EC007354,4,49.49700822121019,0.05380202441854535,49.49700822121019
EC005533,3,52.64462147922038,-0.02759631861858986,52.64462147922038
EC005218,2,63.87407267332264,-0.008883953880723633,63.87407267332264
EC004952,1,36.50651813687156,-0.07957758445070295,36.50651813687156
EC001779,1,66.63384005399391,-0.08137829074982424,66.63384005399391
EC003926,3,66.08763799084673,-0.024652098755767078,66.08763799084673
EC004394,0,55.39161404028286,0.008144761211774718,55.39161404028286
EC002218,0,45.37732010412411,-0.010385925886632346,45.37732010412411
EC005275,0,65.46254668508527,-0.036077201218543305,65.46254668508527
EC007042,4,50.68018814745622,0.014575676820429838,50.68018814745622
EC006516,4,39.335448021914075,0.00472402291120207,39.335448021914075
EC003416,3,53.775070018820045,-0.027195909725878223,53.775070018820045
EC002294,2,45.30799022271485,-0.16231479921904146,45.30799022271485
EC000100,4,55.375567217923624,0.08606450301857586,55.375567217923624
EC006970,2,62.003492769910565,0.00972274858119803,62.003492769910565
EC003069,0,71.8797991494576,0.01846478504940108,71.8797991494576
EC002427,1,38.72996298842453,-0.05714122171391821,38.72996298842453
EC004384,0,49.577002795610234,0.0,49.577002795610234
EC003710,3,29.84042930628195,-0.025260162306777176,29.84042930628195
EC007009,0,75.4470931088951,-0.01370362056427409,75.4470931088951
EC001480,2,36.336595035873394,-0.009331200744175067,36.336595035873394
EC006449,2,36.579440826282195,0.014052515081571418,36.579440826282195
EC004387,1,47.73531587208095,-0.06623281393986867,47.73531587208095
EC003569,2,32.49617300281336,0.0013153474119424746,32.49617300281336
EC002750,1,43.25842782676726,-0.0687406696685746,43.25842782676726
EC005054,4,62.01435026684759,0.05280807519353883,62.01435026684759
EC006773,4,54.746919472752246,0.026756721351009597,54.746919472752246
EC007060,3,48.92934216957829,-0.025624795172505987,48.92934216957829
EC001332,0,35.529889174157375,0.0020333958977652587,35.529889174157375
EC004057,4,37.85095654918163,0.01789364781504155,37.85095654918163
EC004243,4,60.713424820051344,0.09507242702112079,60.713424820051344
EC001255,3,35.71746597994541,-0.027171558879448145,35.71746597994541
EC004944,1,68.58036133859689,-0.07978305476980499,68.58036133859689
EC002988,2,61.84207238107561,0.0062341880674724875,61.84207238107561
EC006192,4,51.94915821391773,0.0,51.94915821391773
EC000079,0,90.83271163157109,-0.0022066059722244996,90.83271163157109
EC007071,0,60.30188119976518,-0.01603598195300789,60.30188119976518
EC000909,2,43.242714616180834,0.01013132907937106,43.242714616180834
EC002465,4,40.94644574187996,0.0,40.94644574187996
EC004286,3,85.82428155944766,0.0,85.82428155944766
EC005780,0,41.268179992205376,0.007547792942859606,41.268179992205376
EC002788,4,39.27949920322469,0.009498378153332893,39.27949920322469
EC005422,1,50.080765290171946,-0.07631872736132655,50.080765290171946
EC006650,0,71.55385223813335,-0.009981499184896343,71.55385223813335
EC001191,2,42.98275041695291,-0.10761464898710275,42.98275041695291
EC000846,1,25.64226430519641,-0.08033425836470254,25.64226430519641
EC000572,2,43.55082671467771,-0.003465530913762553,43.55082671467771
EC003322,1,24.310020196720302,-0.07838227056574817,24.310020196720302
EC002591,3,50.12858901399866,-0.02884726802009795,50.12858901399866
EC003227,3,35.989582505022845,-0.025031817826968575,35.989582505022845
EC002678,2,63.37005260996885,-0.003590317942890192,63.37005260996885
EC000972,1,27.33049115111399,-0.07836518149487617,27.33049115111399
EC003921,1,31.14079635700664,-0.06680413766310046,31.14079635700664
EC004446,3,46.85181779145917,-0.024497849342702813,46.85181779145917
EC005647,3,76.44793179356544,-0.025925370791706377,76.44793179356544
EC002717,1,60.197425732555885,-0.05171415153252485,60.197425732555885
EC002014,2,45.275127864610255,-0.030463603435976587,45.275127864610255
EC004274,1,90.04253964807528,-0.03203857051863586,90.04253964807528
EC004994,0,40.99428827164759,0.009139462120966559,40.99428827164759
EC006722,3,79.81166355460387,-0.02010814419241102,79.81166355460387
EC001859,3,52.37672606483541,-0.026289670691336586,52.37672606483541
EC005949,1,79.05077941100298,-0.003807564183509027,79.05077941100298
EC001235,1,51.38266339276722,-0.06705302241775757,51.38266339276722
EC003986,1,41.452434276228615,-0.07850035621585776,41.452434276228615
EC006032,0,44.08128408642653,0.006038764518917827,44.08128408642653
EC007471,0,66.27701997346394,0.006625548134131188,66.27701997346394
EC004218,1,69.27928900419835,0.0,69.27928900419835
EC005919,4,38.17135037526261,0.04479078291678415,38.17135037526261
EC005597,1,67.3167607566846,0.0,67.3167607566846
EC002172,0,46.66187208708797,-0.02745726521359483,46.66187208708797
EC004140,0,47.40016454812871,0.006940884628138558,47.40016454812871
EC005232,3,39.06202804358612,-0.025260162306777176,39.06202804358612
EC004662,0,58.23117705119239,-0.00837210506171767,58.23117705119239
EC006223,4,74.520616831316,0.12086729245933697,74.520616831316
EC005423,1,49.22918765654395,-0.07570319106121061,49.22918765654395
EC005362,3,53.3008424239968,-0.025640232204805484,53.3008424239968
EC004788,0,33.76749873184451,0.006625548134131188,33.76749873184451
EC005793,2,53.644792617468035,-0.052396691926529515,53.644792617468035
EC001363,2,33.43991308798785,-0.022177944530684078,33.43991308798785
EC005454,4,74.81264646139164,0.005748650181931252,74.81264646139164
EC002049,3,43.138777239280365,-0.03565672268252804,43.138777239280365
EC002797,2,35.180276861975635,-0.0035210082747493404,35.180276861975635
EC000690,3,47.58027288191856,-0.025071323419431978,47.58027288191856
EC006733,4,32.01945875227809,0.007285578062577156,32.01945875227809
EC004229,2,45.32047272556302,-0.0183522777020065,45.32047272556302
EC002169,1,36.88777667411463,-0.07838227056574817,36.88777667411463
EC007772,4,47.93578284112587,0.03258283127066245,47.93578284112587
EC005694,0,85.57208022560457,0.007765588648913611,85.57208022560457
EC001591,2,45.23014695715793,-0.011671145913823566,45.23014695715793
EC004433,1,38.69519589815483,-0.07952900653938592,38.69519589815483
EC003460,3,24.231373652912715,-0.025626219055977055,24.231373652912715
EC005103,4,53.5059794476085,0.0046505473379830665,53.5059794476085
EC000946,1,103.42018299889651,-0.0055186140517580196,103.42018299889651
EC002620,4,43.03630663553797,0.020289007750788214,43.03630663553797
EC003734,2,71.21482830524037,0.0018496716391635942,71.21482830524037
EC003012,4,23.47736039921263,0.0046505473379830665,23.47736039921263
EC006974,2,76.36100455149914,-0.038526137640000055,76.36100455149914
EC000644,2,40.04336264782055,0.014817660513280054,40.04336264782055
EC000935,1,84.92635910922587,-0.05235691777545339,84.92635910922587
EC004124,4,31.630702399259526,0.006775848032835239,31.630702399259526
EC002242,4,66.46513971019483,0.004968285646164142,66.46513971019483
EC005754,1,74.91961959373542,-0.07519033061926234,74.91961959373542
EC005192,3,27.277670401822974,-0.026552065211562177,27.277670401822974
EC007171,0,25.495232346653086,0.006625548134131188,25.495232346653086
EC004799,3,37.84008296714238,-0.03098971245639272,37.84008296714238
EC007902,0,70.15898475958002,0.00641578973720046,70.15898475958002
EC007563,0,52.921364273848155,0.00241679725593497,52.921364273848155
EC006489,0,45.56520030235454,0.0047555500149094355,45.56520030235454
EC007193,1,60.55164049595193,-0.05703386665135036,60.55164049595193
EC002412,1,37.30082482945005,-0.07291796369833277,37.30082482945005
EC002429,2,42.07288849695959,-0.06435711449658958,42.07288849695959
EC001088,0,42.46667726461955,-0.014203240532994191,42.46667726461955
EC002831,3,52.90917621196522,-0.028123755972771884,52.90917621196522
EC002005,1,80.66172261750685,0.04262750284304749,80.66172261750685
EC002614,3,29.893701344470838,-0.023842073306098423,29.893701344470838
EC000329,3,30.8708733201144,-0.025345361416668093,30.8708733201144
EC001320,1,37.77580923934669,-0.07110473516591855,37.77580923934669
EC006074,2,71.7475246967422,-0.0020087133236377924,71.7475246967422
EC005691,0,49.697306166400786,0.016796299862443513,49.697306166400786
EC005303,4,47.21480008219983,0.0,47.21480008219983
EC000447,3,33.44830152296505,-0.027205021731622564,33.44830152296505
EC001643,1,52.395153026305636,-0.07442052574510519,52.395153026305636
EC005402,4,63.9805517909014,0.04130208381826702,63.9805517909014
EC005904,4,70.04255070816141,0.014939828170462084,70.04255070816141
EC007501,4,65.4662752735473,0.030106663121609305,65.4662752735473
EC001594,1,33.39364637897129,-0.07254407236195781,33.39364637897129
EC004572,3,39.060053373114044,-0.031685144852983536,39.060053373114044
EC005429,4,38.44054692712248,0.0046505473379830665,38.44054692712248
EC005585,1,75.38672697761369,-0.024902993383624505,75.38672697761369
EC002253,1,26.495712464599883,-0.07838227056574817,26.495712464599883
EC006087,0,36.85640364789193,0.007535724355816247,36.85640364789193
EC006217,1,47.27072513311928,0.03980283423959877,47.27072513311928
EC000554,3,44.125463392189936,-0.03576496577153599,44.125463392189936
EC002102,3,75.97083735325091,-0.025260162306777176,75.97083735325091
EC004594,3,52.078766586649984,-0.034845781867780465,52.078766586649984
EC006249,2,47.1016338247109,-0.038851258565310416,47.1016338247109
EC001539,3,69.95532809968635,-0.03991740565967495,69.95532809968635
EC000514,1,74.57089575124853,2.373015294682146e-06,74.57089575124853
EC006021,0,68.14817603434271,0.006625548134131188,68.14817603434271
EC007049,4,66.8366766749079,0.006160126917375431,66.8366766749079
EC005840,3,35.8487569310204,-0.025349563452901985,35.8487569310204
EC006707,3,62.60174149570613,0.0,62.60174149570613
EC002372,0,73.79860155781583,-0.004125446484435473,73.79860155781583
EC002324,3,89.2991445067826,-0.035672456050773585,89.2991445067826
EC005066,4,61.7704387369037,0.08726362340172297,61.7704387369037
EC000347,0,38.115140384569514,0.006994506967237633,38.115140384569514
EC006313,1,47.54875179077326,-0.09541312091406982,47.54875179077326
EC003065,1,55.2300209541106,-0.06331216742860613,55.2300209541106
EC000759,2,42.984122976343926,-0.03954253574957869,42.984122976343926
EC002410,4,84.83821022443333,0.010838233317503283,84.83821022443333
EC004386,1,30.758783473363792,-0.07867353335131658,30.758783473363792
EC005047,4,59.361972814818046,0.09110502010448304,59.361972814818046
EC004899,3,25.67287458537728,-0.025260162306777176,25.67287458537728
EC002345,4,68.17794861943491,0.007285696360203736,68.17794861943491
EC006361,2,51.96675980978493,-0.05467751379344883,51.96675980978493
EC005272,0,69.95245423843188,0.006308117952085706,69.95245423843188
EC000856,4,37.49385523262783,0.0046505473379830665,37.49385523262783
EC004707,2,42.56110030574186,-0.006815825696101691,42.56110030574186
EC007657,2,30.146016716192527,0.014817660513280054,30.146016716192527
EC002123,4,38.08459480715227,0.0046505473379830665,38.08459480715227
EC007484,0,72.51552649408947,0.005766942877383541,72.51552649408947
EC007660,4,54.33065255352645,0.019273464250210502,54.33065255352645
EC004625,1,28.142744803495912,-0.07798781623503306,28.142744803495912
EC007784,2,56.77473758677888,-0.044647191085928684,56.77473758677888
EC002331,3,42.09250812167681,-0.03681788007805707,42.09250812167681
EC006020,0,31.110978421410202,0.006167080614550036,31.110978421410202
EC004454,3,48.84559016425986,-0.029995730421988494,48.84559016425986
EC007965,3,46.861471438289364,-0.0349086899337796,46.861471438289364
EC005468,2,80.62988517227626,0.0,80.62988517227626
EC001183,2,27.294510933856994,0.004558139958940624,27.294510933856994
EC004144,0,26.837873402583263,0.006625548134131188,26.837873402583263
EC003695,1,41.73059251629081,-0.07838227056574817,41.73059251629081
EC002864,0,85.86835149507164,-0.0025250161683423094,85.86835149507164
EC003749,1,23.12153176838394,-0.07838227056574817,23.12153176838394
EC007081,1,31.246084310037006,-0.0795245186962465,31.246084310037006
EC006055,3,77.58545932860453,-0.07114577010634851,77.58545932860453
EC002069,2,50.054323183283955,-0.004948222496197346,50.054323183283955
EC007585,3,29.24681153894915,-0.024889702544729657,29.24681153894915
EC007347,2,71.0117021252762,-0.03959606055016764,71.0117021252762
EC002809,2,90.96871849928948,-0.017551361508587913,90.96871849928948
EC002627,1,27.109773500845073,-0.07838227056574817,27.109773500845073
EC005560,4,54.82713426150425,0.017891833221285514,54.82713426150425
EC005076,3,46.487098000491585,-0.018535928163375695,46.487098000491585
EC001052,1,43.19169179834801,-0.07661389994729706,43.19169179834801
EC001930,0,45.5152294302302,0.01527313780242929,45.5152294302302
EC000154,1,32.6632456849507,-0.07838227056574817,32.6632456849507
EC006018,2,103.61908394360373,-0.055091024917370786,103.61908394360373
EC004942,4,41.89034173587867,0.008476467190543461,41.89034173587867
EC007460,4,40.21838323369725,0.04121847774141172,40.21838323369725
EC007158,2,64.8905290097629,-0.03370847836538492,64.8905290097629
EC003457,3,18.180996398712285,0.0,18.180996398712285
EC007011,1,78.76938421292519,-0.0687388629421768,78.76938421292519
EC007512,0,58.450646278851224,-0.031084378122274884,58.450646278851224
EC001084,1,81.68089456539622,-0.05850025470022997,81.68089456539622
EC003081,4,42.845009172667325,0.06110106966578379,42.845009172667325
EC002319,4,27.827445330818435,0.00534676678856124,27.827445330818435
EC007260,4,40.23706971592834,0.054424665639651745,40.23706971592834
EC007022,3,28.445985849179223,-0.025755577370972123,28.445985849179223
EC002027,2,53.27180273096782,0.0,53.27180273096782
EC007788,3,45.593526903135654,-0.028395843659729657,45.593526903135654
EC005029,0,24.39683540164565,0.006625548134131188,24.39683540164565
EC000432,0,21.98457936226805,0.006625548134131188,21.98457936226805
EC003860,4,32.493558242805115,0.0046505473379830665,32.493558242805115
EC007377,2,67.0930156117627,0.007665139331165055,67.0930156117627
EC007930,3,57.270098456851066,-0.02771903146443408,57.270098456851066
EC003750,2,63.58686557154159,-0.06903260747652902,63.58686557154159
EC002587,0,50.61225530612291,0.0031233851257860164,50.61225530612291
EC005886,4,37.00842395791145,0.0046505473379830665,37.00842395791145
EC005906,3,41.25325678968051,-0.027319612359378624,41.25325678968051
EC002593,2,59.93782713061611,-0.07228907678002036,59.93782713061611
EC002096,0,89.79986399760264,-0.009784411225828358,89.79986399760264
EC003731,2,36.704951458571905,0.014817660513280054,36.704951458571905
EC007207,1,42.28733183246355,-0.04252874045509705,42.28733183246355
EC000138,2,89.83153055501815,0.011080044803973663,89.83153055501815
EC001329,0,62.12401184553009,-0.0026101907279013174,62.12401184553009
EC001817,0,58.99338408449753,-0.01642704638213429,58.99338408449753
EC005851,0,43.58981160646971,0.007019569754918164,43.58981160646971
EC001895,1,39.165305464200294,0.0,39.165305464200294
EC007896,1,40.767884014622425,-0.07832462761136542,40.767884014622425
EC007539,2,40.838775561269294,-0.08745813919992763,40.838775561269294
EC002721,4,39.942529695798555,0.011412413558061201,39.942529695798555
EC002795,3,37.27629504016922,-0.032645812007907886,37.27629504016922
EC006191,4,55.17845938897638,0.04306463555874668,55.17845938897638
EC007949,2,85.64628343084188,-0.037098408588857094,85.64628343084188
EC002892,4,32.22088432448771,0.0046505473379830665,32.22088432448771
EC004657,2,39.118702045742005,-0.0040402914695128744,39.118702045742005
EC005382,2,42.09122614403225,-0.04199342243919649,42.09122614403225
EC002825,1,41.73633512443249,-0.07445072026694093,41.73633512443249
EC005818,4,38.01251583424987,0.032083263247680266,38.01251583424987
EC001403,3,24.90818030472564,-0.025260162306777176,24.90818030472564
EC000449,1,52.551535156461036,-0.08047022577604769,52.551535156461036
EC006482,0,49.95258650469156,-0.0022350431102715882,49.95258650469156
EC003723,3,67.18931238962084,-0.024871269446454403,67.18931238962084
EC002378,2,100.14680424311051,-0.032371112913374356,100.14680424311051
EC007028,3,54.5684105626647,-0.04238241493892082,54.5684105626647
EC004065,0,79.21094885283513,0.006878886858485929,79.21094885283513
EC006399,3,79.84762488306582,-0.054507196888043064,79.84762488306582
EC000278,3,33.331725373096795,-0.025260162306777176,33.331725373096795
EC007795,2,35.23650155827665,0.004075929377031998,35.23650155827665
EC006860,3,47.442053716623334,-0.025260162306777176,47.442053716623334
EC007162,4,49.189008802807855,0.02159323198108529,49.189008802807855
EC004235,3,19.96290990527201,-0.025260162306777176,19.96290990527201
EC003335,3,32.27290390569127,-0.025260162306777176,32.27290390569127
EC003043,3,44.83495846821732,-0.029225013854332144,44.83495846821732
EC005610,4,30.31887256281163,0.0,30.31887256281163
EC000236,2,24.827945019475923,0.006137348968830274,24.827945019475923
EC005181,2,48.33863024656078,0.008353037638166097,48.33863024656078
EC002781,1,39.950821547128896,-0.07838227056574817,39.950821547128896
EC004171,4,53.8934797485907,0.0,53.8934797485907
EC003523,3,44.59197811251273,-0.04961626191156958,44.59197811251273
EC003142,4,61.466698225146835,0.06609616892300917,61.466698225146835
EC000594,0,34.5807418406283,0.004337513213499353,34.5807418406283
EC002681,2,45.06861660274204,0.014817660513280054,45.06861660274204
EC005776,3,94.29484924249597,-0.039079194987941955,94.29484924249597
EC007709,2,51.763846205923414,0.011296335428230789,51.763846205923414
EC000854,4,46.092010103147736,0.06486765505385658,46.092010103147736
EC004802,3,104.07750560411637,-0.039117885274083844,104.07750560411637
EC007061,1,44.27496867984236,-0.06956707155009159,44.27496867984236
EC007842,2,60.27444653932928,-0.024966222586217023,60.27444653932928
EC007273,0,32.81900951230563,0.010055818635702039,32.81900951230563
EC002063,2,38.774026367170336,-0.09455848059879385,38.774026367170336
EC000411,1,27.163948156942485,-0.07838227056574817,27.163948156942485
EC000700,1,52.77461227988178,-0.07856280062840043,52.77461227988178
EC007001,3,41.488488205857045,-0.03347839417015584,41.488488205857045
EC001487,0,87.38828767950993,-0.008799719622407968,87.38828767950993
EC004901,0,22.733010446222387,0.006625548134131188,22.733010446222387
EC002766,0,42.37372736755729,-0.020845925608590745,42.37372736755729
EC007740,1,42.282705611485426,-0.06958417866486186,42.282705611485426
EC004939,2,47.4468049595495,-0.03293461788221953,47.4468049595495
EC003440,1,36.65077935138413,0.0,36.65077935138413
EC001734,0,30.8299702914641,0.007101312193746859,30.8299702914641
EC006137,0,27.760240666338774,0.009792173635026187,27.760240666338774
EC003592,4,43.84101884792161,0.0,43.84101884792161
EC000345,0,36.86898645722471,0.006625548134131188,36.86898645722471
EC007283,2,73.69908326805374,-0.05804246264393706,73.69908326805374
EC006126,4,59.67691968866113,0.0046505473379830665,59.67691968866113
EC000897,3,50.5868422695886,0.0,50.5868422695886
EC007672,2,79.79372260039904,0.0009928122654947434,79.79372260039904
EC001064,2,39.67898133878183,0.014817660513280054,39.67898133878183
EC001821,3,42.410318546948076,-0.03708168747221671,42.410318546948076
EC002048,0,30.040014078726752,0.0046129200194723954,30.040014078726752
EC005467,2,72.50495911353664,0.013154902167468618,72.50495911353664
EC001693,0,68.47514280028552,-0.014987932197400626,68.47514280028552
EC001121,1,43.84334007191509,-0.0799907097741273,43.84334007191509
EC006929,2,43.222864148435185,0.0017503216184101243,43.222864148435185
EC005512,1,27.976022294658716,-0.07838227056574817,27.976022294658716
EC001807,0,58.45645010708985,0.0005786954173329178,58.45645010708985
EC002168,2,36.4532142116293,0.014817660513280054,36.4532142116293
EC005594,2,39.2032459434111,-0.02397478413159295,39.2032459434111
EC004866,4,82.08695880909612,0.4673736741870673,82.08695880909612
EC004955,3,28.303742882913163,-0.025260162306777176,28.303742882913163
EC004748,1,32.13129152777042,-0.07838227056574817,32.13129152777042
EC006180,0,50.2769301291426,-0.0012494116026913376,50.2769301291426
EC002312,4,20.669014329422566,0.006172106671032757,20.669014329422566
EC002814,3,67.76739252267915,-0.03542736681418392,67.76739252267915
EC004729,4,21.75198710490685,0.0046505473379830665,21.75198710490685
EC006658,1,77.39194268789737,0.054317137469868215,77.39194268789737
EC003692,0,44.85956060069125,-0.01448128586189707,44.85956060069125
EC000801,0,32.95983180350058,0.006026032291724303,32.95983180350058
EC000807,2,44.463904147429425,-0.10992840147077305,44.463904147429425
EC004420,3,25.614646065414448,0.0,25.614646065414448
EC007469,4,42.42959035420818,0.030586536694650102,42.42959035420818
EC007835,4,47.56080086701984,0.06098778986265686,47.56080086701984
EC004527,2,44.94326036881921,0.00026948196480768363,44.94326036881921
EC006737,3,47.4233080629485,-0.037114293407626384,47.4233080629485
EC001149,2,50.679193185410796,-0.1719701273646878,50.679193185410796
EC002595,4,69.4018433261422,0.03959151747658689,69.4018433261422
EC007699,3,64.30812352535628,-0.039929711295866616,64.30812352535628
EC002640,2,49.54368554008835,-0.1031146347737432,49.54368554008835
EC006188,0,86.72275876603294,-0.0036089487567963372,86.72275876603294
EC005611,1,55.64048786333011,-0.07946072707855031,55.64048786333011
EC007770,0,28.410004413261174,0.0,28.410004413261174
EC004858,4,80.50231498898741,0.09716182841770746,80.50231498898741
EC002016,2,50.916234899364156,-0.041657303583924526,50.916234899364156
EC004412,1,41.14132217798852,-0.05141770954032149,41.14132217798852
EC005770,4,74.90200476219923,0.007515887204642323,74.90200476219923
EC003443,4,68.69833161683287,0.0,68.69833161683287
EC000674,3,47.00776035255154,-0.027652377751450897,47.00776035255154
EC000386,0,41.183180490765814,0.006917882419274679,41.183180490765814
EC004630,0,64.29986655159085,0.007811775380568429,64.29986655159085
EC002621,3,42.16277871549101,-0.025260162306777176,42.16277871549101
EC001590,2,55.248378743551385,-0.06188213366531044,55.248378743551385
EC006442,0,40.62072717348679,0.006625548134131188,40.62072717348679
EC006779,3,42.36960047785179,0.0,42.36960047785179
EC003701,0,29.575666895444215,0.00738420669636969,29.575666895444215
EC007983,0,73.84521410824769,0.0,73.84521410824769
EC000348,1,64.821816251589,-0.044845792408485824,64.821816251589
EC002607,1,24.070775414323535,-0.07903656301572576,24.070775414323535
EC007386,2,38.7847371511214,-0.013328273236767144,38.7847371511214
EC001885,0,26.297100082912806,0.005516221167598611,26.297100082912806
EC000297,4,97.73078369637537,0.08279643961242578,97.73078369637537
EC001892,2,55.39447186881124,-0.08168506569287655,55.39447186881124
EC005521,0,27.136175869048127,0.006466453300208569,27.136175869048127
EC005821,0,49.11196157977813,0.004681656127954045,49.11196157977813
EC007371,0,56.66028578911294,-0.017849559412738327,56.66028578911294
EC002945,3,68.21010094233881,-0.025696661895250036,68.21010094233881
EC003727,1,51.39106559318647,-0.08398973528341525,51.39106559318647
EC003786,3,51.10502344075529,0.0,51.10502344075529
EC007251,3,66.78455621978654,-0.04935636060661757,66.78455621978654
EC005027,3,78.8921908334538,0.0,78.8921908334538
EC003358,4,57.20165487854785,0.045290615477630546,57.20165487854785
EC003653,0,61.71748089281338,-0.01418625524756197,61.71748089281338
EC006065,2,62.42374555107046,0.014817660513280054,62.42374555107046
EC001955,0,61.15366660240751,-0.0002401336280308321,61.15366660240751
EC000848,2,25.23260390041721,0.011993955907877815,25.23260390041721
EC002807,3,31.228358356659434,-0.024650068553912947,31.228358356659434
EC005324,2,30.40544421484297,-0.010789738130167037,30.40544421484297
EC007683,1,26.40104864698383,-0.08075525597816971,26.40104864698383
EC002517,4,43.01443184152608,0.06883225857419528,43.01443184152608
EC004477,4,45.70852576843637,0.0,45.70852576843637
EC007763,1,44.67826960395347,-0.061503833674136886,44.67826960395347
EC002086,4,43.99846029422767,0.05340441479645523,43.99846029422767
EC005983,2,52.90752153509962,-0.10908592691777248,52.90752153509962
EC004734,3,39.16419027806427,0.0,39.16419027806427
EC006573,4,53.71245938956711,0.02396586398261172,53.71245938956711
EC002012,3,105.48404262485282,-0.046316779226809365,105.48404262485282
EC005698,0,33.08711509637549,0.0031180240175890063,33.08711509637549
EC002691,1,65.87150065770406,-0.016821310116617832,65.87150065770406
EC007483,3,107.0527618392731,-0.04541826580922693,107.0527618392731
EC007963,0,58.86705891999718,0.0,58.86705891999718
EC002148,0,61.60089140629846,0.006625548134131188,61.60089140629846
EC005923,4,67.24010485623114,0.0,67.24010485623114
EC001592,0,26.52886362400492,0.0069959506823651565,26.52886362400492
EC002856,1,82.12451140341001,-0.0012279499020343976,82.12451140341001
EC003590,3,28.741842856515376,-0.024701034315018203,28.741842856515376
EC000810,0,42.07806986973091,0.007406645128392198,42.07806986973091
EC006189,2,63.129995309088784,-0.018414435189592078,63.129995309088784
EC004945,3,34.877356965834956,-0.0252568525320601,34.877356965834956
EC002031,1,38.16648483883164,-0.07959095177600894,38.16648483883164
EC001304,0,45.159955548355455,0.00714060501520907,45.159955548355455
EC006599,1,42.09586352404709,-0.056233570011940126,42.09586352404709
EC004504,4,37.509706044696635,0.005002538178491486,37.509706044696635
EC006857,4,63.34917066085463,0.006926516077587774,63.34917066085463
EC005934,0,56.22713355930762,-0.0005675544763245535,56.22713355930762
EC004353,1,38.59458973612655,0.0,38.59458973612655
EC004403,0,69.7015983338807,0.005553431978544889,69.7015983338807
EC007666,0,45.586202507237026,-0.005317690076642695,45.586202507237026
EC004679,3,48.009851166876715,-0.021674873702034393,48.009851166876715
EC001122,1,18.91202852688208,-0.07838227056574817,18.91202852688208
EC007041,1,79.36774076814862,0.029476399670168768,79.36774076814862
EC001492,3,63.325188250472195,-0.025235465201698035,63.325188250472195
EC005606,3,62.09179183635552,-0.03204759000865698,62.09179183635552
EC003124,0,66.43563384827253,0.006625548134131188,66.43563384827253
EC000645,4,55.358480681548436,0.07374850747559336,55.358480681548436
EC001466,3,42.992827549835695,-0.024171199355169915,42.992827549835695
EC007906,4,44.21076341610237,0.009896722850671297,44.21076341610237
EC006068,4,29.086333175839915,0.009818869844838467,29.086333175839915
EC006417,0,47.68918523619464,0.014559049077852585,47.68918523619464
EC002216,0,48.33247168817122,-0.006784470149515342,48.33247168817122
EC006502,4,57.63461902630285,0.0046505473379830665,57.63461902630285
EC007425,2,37.80835230459971,-0.11105280023663243,37.80835230459971
EC001710,0,53.611871965671995,-0.00814674522468762,53.611871965671995
EC005187,2,71.84668204488264,0.014817660513280054,71.84668204488264
EC005800,4,46.32773092922346,0.012550364538599548,46.32773092922346
EC001682,3,50.19691909278398,-0.038034269217550126,50.19691909278398
EC003173,4,72.13189748686383,0.05797537057364453,72.13189748686383
EC003371,2,57.52760211455446,0.009488311763098924,57.52760211455446
EC007448,4,30.170491767204933,0.020229413223379997,30.170491767204933
EC003973,0,39.3926678308991,0.003488667257936619,39.3926678308991
EC007705,4,44.090043004802745,0.019491236316250618,44.090043004802745
EC002430,4,52.58585466799068,0.015005288402478209,52.58585466799068
EC005069,1,47.567686505758914,-0.07436493504298286,47.567686505758914
EC001424,1,47.122501344219486,-0.07793529839735668,47.122501344219486
EC002969,3,39.901260858515634,-0.02297235925899996,39.901260858515634
EC001816,0,51.6304727672849,0.006099628486974681,51.6304727672849
EC005395,2,42.57993860901515,-0.008789577051827861,42.57993860901515
EC005096,1,44.35796208883096,-0.07907383160190645,44.35796208883096
EC001179,0,43.56666235671581,0.003435086355876818,43.56666235671581
EC004904,4,66.9693195155459,0.07845091782749045,66.9693195155459
EC002287,1,55.25779845536097,-0.10032819042583424,55.25779845536097
EC007714,4,46.19504288106643,0.08010689317780706,46.19504288106643
EC004248,1,45.019677562925295,-0.09237622225480215,45.019677562925295
EC003955,4,54.459122708838194,0.02717383846144996,54.459122708838194
EC003089,4,30.448322252729234,0.005155935079942699,30.448322252729234
EC006750,4,65.10307702944323,0.0046505473379830665,65.10307702944323
EC002712,1,93.35072793573167,-0.03521750927443453,93.35072793573167
EC007325,1,30.200809460381883,-0.07865102458768913,30.200809460381883
EC006558,0,57.47482513665867,0.007309816174726496,57.47482513665867
EC000742,3,49.32159462879498,-0.022169741524185535,49.32159462879498
EC004875,2,75.83965850106101,-0.02977224672296512,75.83965850106101
EC000628,0,46.76559043149646,0.005966365515201315,46.76559043149646
EC003488,4,88.11327913858396,0.14016817912162888,88.11327913858396
EC002174,0,75.18502430493781,0.006435512931426075,75.18502430493781
EC006688,4,66.97352853966339,0.04170536222025633,66.97352853966339
EC000983,2,56.91642421872433,0.002576441058265558,56.91642421872433
EC006381,4,47.52970333967696,0.016420756577480277,47.52970333967696
EC005014,0,62.85070896076465,-0.02634137029663161,62.85070896076465
EC000326,2,33.63696384072099,0.0,33.63696384072099
EC007821,3,35.06812242366496,-0.03187994780550632,35.06812242366496
EC005176,3,56.23733456833099,-0.031463222769849225,56.23733456833099
EC000767,2,49.017791134678674,-0.13921709857713122,49.017791134678674
EC001980,0,66.4745342521582,-0.006865562308221929,66.4745342521582
EC005530,3,27.980967982758234,-0.025260162306777176,27.980967982758234
EC003622,3,32.887712614252564,-0.025496055707522745,32.887712614252564
EC003390,2,45.413138785839806,-0.1433462696917401,45.413138785839806
EC000881,1,22.35412431477116,-0.07838227056574817,22.35412431477116
EC003138,4,22.33296258208141,0.0046505473379830665,22.33296258208141
EC003308,0,35.93606897212442,0.007000869724186601,35.93606897212442
EC004759,0,69.85731699755377,0.010563718958805991,69.85731699755377
